id,mandate_psp_id,day,from_time,to_time,whole_day
psp:omluva:174:1954:2026-01-28:09:00:11:00,1954,"""2026-01-28T00:00:00.000Z""",09:00,11:00,false
psp:omluva:174:1954:2026-02-12:09:00:23:59,1954,"""2026-02-12T00:00:00.000Z""",09:00,23:59,false
psp:omluva:174:1954:2026-02-13:00:00:09:00,1954,"""2026-02-13T00:00:00.000Z""",00:00,09:00,false
psp:omluva:174:1954:2026-05-14:09:00:23:59,1954,"""2026-05-14T00:00:00.000Z""",09:00,23:59,false
psp:omluva:174:1954:2026-05-15:00:00:09:00,1954,"""2026-05-15T00:00:00.000Z""",00:00,09:00,false
psp:omluva:174:1954:2026-06-02:09:00:23:59,1954,"""2026-06-02T00:00:00.000Z""",09:00,23:59,false
psp:omluva:174:1954:2026-06-03:00:00:09:00,1954,"""2026-06-03T00:00:00.000Z""",00:00,09:00,false
psp:omluva:174:1954:2026-06-26:09:00:23:59,1954,"""2026-06-26T00:00:00.000Z""",09:00,23:59,false
psp:omluva:174:1954:2026-06-27:00:00:09:00,1954,"""2026-06-27T00:00:00.000Z""",00:00,09:00,false
psp:omluva:174:1954:2026-06-30:09:00:23:59,1954,"""2026-06-30T00:00:00.000Z""",09:00,23:59,false
psp:omluva:174:1954:2026-07-01:00:00:09:00,1954,"""2026-07-01T00:00:00.000Z""",00:00,09:00,false
psp:omluva:174:1954:2026-07-15:09:00:23:59,1954,"""2026-07-15T00:00:00.000Z""",09:00,23:59,false
psp:omluva:174:1954:2026-07-16:00:00:09:00,1954,"""2026-07-16T00:00:00.000Z""",00:00,09:00,false
psp:omluva:174:1955:2025-11-27:09:00:23:59,1955,"""2025-11-27T00:00:00.000Z""",09:00,23:59,false
psp:omluva:174:1955:2025-11-28:00:00:09:00,1955,"""2025-11-28T00:00:00.000Z""",00:00,09:00,false
psp:omluva:174:1955:2026-01-14:09:00:10:00,1955,"""2026-01-14T00:00:00.000Z""",09:00,10:00,false
psp:omluva:174:1955:2026-01-16:09:00:10:00,1955,"""2026-01-16T00:00:00.000Z""",09:00,10:00,false
psp:omluva:174:1955:2026-01-16:09:00:12:15,1955,"""2026-01-16T00:00:00.000Z""",09:00,12:15,false
psp:omluva:174:1955:2026-01-28:09:00:10:00,1955,"""2026-01-28T00:00:00.000Z""",09:00,10:00,false
psp:omluva:174:1955:2026-01-28:14:30:18:00,1955,"""2026-01-28T00:00:00.000Z""",14:30,18:00,false
psp:omluva:174:1955:2026-01-29:15:30:19:00,1955,"""2026-01-29T00:00:00.000Z""",15:30,19:00,false
psp:omluva:174:1955:2026-02-11:09:00:10:00,1955,"""2026-02-11T00:00:00.000Z""",09:00,10:00,false
psp:omluva:174:1955:2026-02-11:17:00:20:00,1955,"""2026-02-11T00:00:00.000Z""",17:00,20:00,false
psp:omluva:174:1955:2026-02-12:14:00:23:59,1955,"""2026-02-12T00:00:00.000Z""",14:00,23:59,false
psp:omluva:174:1955:2026-02-13:00:00:09:00,1955,"""2026-02-13T00:00:00.000Z""",00:00,09:00,false
psp:omluva:174:1955:2026-03-04:09:00:11:00,1955,"""2026-03-04T00:00:00.000Z""",09:00,11:00,false
psp:omluva:174:1955:2026-03-05:14:00:16:00,1955,"""2026-03-05T00:00:00.000Z""",14:00,16:00,false
psp:omluva:174:1955:2026-03-06:09:00:12:00,1955,"""2026-03-06T00:00:00.000Z""",09:00,12:00,false
psp:omluva:174:1955:2026-03-11:12:00:14:00,1955,"""2026-03-11T00:00:00.000Z""",12:00,14:00,false
psp:omluva:174:1955:2026-03-12:09:00:23:59,1955,"""2026-03-12T00:00:00.000Z""",09:00,23:59,false
psp:omluva:174:1955:2026-03-13:00:00:09:00,1955,"""2026-03-13T00:00:00.000Z""",00:00,09:00,false
psp:omluva:174:1955:2026-03-13:09:00:23:59,1955,"""2026-03-13T00:00:00.000Z""",09:00,23:59,false
psp:omluva:174:1955:2026-03-14:00:00:09:00,1955,"""2026-03-14T00:00:00.000Z""",00:00,09:00,false
psp:omluva:174:1955:2026-03-24:09:00:23:59,1955,"""2026-03-24T00:00:00.000Z""",09:00,23:59,false
psp:omluva:174:1955:2026-03-25:00:00:09:00,1955,"""2026-03-25T00:00:00.000Z""",00:00,09:00,false
psp:omluva:174:1955:2026-04-14:14:00:16:00,1955,"""2026-04-14T00:00:00.000Z""",14:00,16:00,false
psp:omluva:174:1955:2026-04-15:17:00:19:00,1955,"""2026-04-15T00:00:00.000Z""",17:00,19:00,false
psp:omluva:174:1955:2026-04-16:17:30:21:00,1955,"""2026-04-16T00:00:00.000Z""",17:30,21:00,false
psp:omluva:174:1955:2026-04-17:09:00:11:00,1955,"""2026-04-17T00:00:00.000Z""",09:00,11:00,false
psp:omluva:174:1955:2026-04-21:14:00:19:00,1955,"""2026-04-21T00:00:00.000Z""",14:00,19:00,false
psp:omluva:174:1955:2026-04-23:11:00:12:00,1955,"""2026-04-23T00:00:00.000Z""",11:00,12:00,false
psp:omluva:174:1955:2026-05-13:09:00:12:00,1955,"""2026-05-13T00:00:00.000Z""",09:00,12:00,false
psp:omluva:174:1955:2026-05-13:12:00:13:00,1955,"""2026-05-13T00:00:00.000Z""",12:00,13:00,false
psp:omluva:174:1955:2026-05-14:09:00:23:59,1955,"""2026-05-14T00:00:00.000Z""",09:00,23:59,false
psp:omluva:174:1955:2026-05-15:00:00:09:00,1955,"""2026-05-15T00:00:00.000Z""",00:00,09:00,false
psp:omluva:174:1955:2026-05-15:09:00:23:59,1955,"""2026-05-15T00:00:00.000Z""",09:00,23:59,false
psp:omluva:174:1955:2026-05-16:00:00:09:00,1955,"""2026-05-16T00:00:00.000Z""",00:00,09:00,false
psp:omluva:174:1955:2026-05-26:09:00:16:30,1955,"""2026-05-26T00:00:00.000Z""",09:00,16:30,false
psp:omluva:174:1955:2026-05-27:13:00:17:00,1955,"""2026-05-27T00:00:00.000Z""",13:00,17:00,false
psp:omluva:174:1955:2026-06-03:20:00:23:59,1955,"""2026-06-03T00:00:00.000Z""",20:00,23:59,false
psp:omluva:174:1955:2026-06-04:00:00:09:00,1955,"""2026-06-04T00:00:00.000Z""",00:00,09:00,false
psp:omluva:174:1955:2026-06-11:09:00:23:59,1955,"""2026-06-11T00:00:00.000Z""",09:00,23:59,false
psp:omluva:174:1955:2026-06-12:00:00:09:00,1955,"""2026-06-12T00:00:00.000Z""",00:00,09:00,false
psp:omluva:174:1955:2026-06-23:15:45:17:00,1955,"""2026-06-23T00:00:00.000Z""",15:45,17:00,false
psp:omluva:174:1955:2026-06-24:15:00:16:30,1955,"""2026-06-24T00:00:00.000Z""",15:00,16:30,false
psp:omluva:174:1955:2026-06-26:09:00:10:00,1955,"""2026-06-26T00:00:00.000Z""",09:00,10:00,false
psp:omluva:174:1955:2026-06-26:12:30:23:59,1955,"""2026-06-26T00:00:00.000Z""",12:30,23:59,false
psp:omluva:174:1955:2026-06-27:00:00:09:00,1955,"""2026-06-27T00:00:00.000Z""",00:00,09:00,false
psp:omluva:174:1955:2026-06-30:19:00:23:59,1955,"""2026-06-30T00:00:00.000Z""",19:00,23:59,false
psp:omluva:174:1955:2026-07-01:00:00:09:00,1955,"""2026-07-01T00:00:00.000Z""",00:00,09:00,false
psp:omluva:174:1955:2026-07-01:09:00:23:59,1955,"""2026-07-01T00:00:00.000Z""",09:00,23:59,false
psp:omluva:174:1955:2026-07-02:00:00:09:00,1955,"""2026-07-02T00:00:00.000Z""",00:00,09:00,false
psp:omluva:174:1955:2026-07-02:09:00:23:59,1955,"""2026-07-02T00:00:00.000Z""",09:00,23:59,false
psp:omluva:174:1955:2026-07-03:00:00:09:00,1955,"""2026-07-03T00:00:00.000Z""",00:00,09:00,false
psp:omluva:174:1955:2026-07-08:09:00:09:45,1955,"""2026-07-08T00:00:00.000Z""",09:00,09:45,false
psp:omluva:174:1955:2026-07-08:11:00:14:00,1955,"""2026-07-08T00:00:00.000Z""",11:00,14:00,false
psp:omluva:174:1955:2026-07-14:12:30:14:30,1955,"""2026-07-14T00:00:00.000Z""",12:30,14:30,false
psp:omluva:174:1956:2025-11-11:16:35:18:30,1956,"""2025-11-11T00:00:00.000Z""",16:35,18:30,false
psp:omluva:174:1956:2025-11-26:18:30:23:00,1956,"""2025-11-26T00:00:00.000Z""",18:30,23:00,false
psp:omluva:174:1956:2026-01-14:09:00:23:59,1956,"""2026-01-14T00:00:00.000Z""",09:00,23:59,false
psp:omluva:174:1956:2026-01-15:00:00:09:00,1956,"""2026-01-15T00:00:00.000Z""",00:00,09:00,false
psp:omluva:174:1956:2026-01-16:09:00:13:30,1956,"""2026-01-16T00:00:00.000Z""",09:00,13:30,false
psp:omluva:174:1956:2026-02-12:09:00:23:59,1956,"""2026-02-12T00:00:00.000Z""",09:00,23:59,false
psp:omluva:174:1956:2026-02-13:00:00:09:00,1956,"""2026-02-13T00:00:00.000Z""",00:00,09:00,false
psp:omluva:174:1956:2026-02-13:09:00:23:59,1956,"""2026-02-13T00:00:00.000Z""",09:00,23:59,false
psp:omluva:174:1956:2026-02-14:00:00:09:00,1956,"""2026-02-14T00:00:00.000Z""",00:00,09:00,false
psp:omluva:174:1956:2026-03-03:09:00:23:59,1956,"""2026-03-03T00:00:00.000Z""",09:00,23:59,false
psp:omluva:174:1956:2026-03-04:00:00:09:00,1956,"""2026-03-04T00:00:00.000Z""",00:00,09:00,false
psp:omluva:174:1956:2026-03-10:09:00:23:59,1956,"""2026-03-10T00:00:00.000Z""",09:00,23:59,false
psp:omluva:174:1956:2026-03-11:00:00:09:00,1956,"""2026-03-11T00:00:00.000Z""",00:00,09:00,false
psp:omluva:174:1956:2026-03-12:09:00:23:59,1956,"""2026-03-12T00:00:00.000Z""",09:00,23:59,false
psp:omluva:174:1956:2026-03-13:00:00:09:00,1956,"""2026-03-13T00:00:00.000Z""",00:00,09:00,false
psp:omluva:174:1956:2026-03-25:16:45:23:59,1956,"""2026-03-25T00:00:00.000Z""",16:45,23:59,false
psp:omluva:174:1956:2026-03-26:00:00:09:00,1956,"""2026-03-26T00:00:00.000Z""",00:00,09:00,false
psp:omluva:174:1956:2026-04-17:09:00:23:59,1956,"""2026-04-17T00:00:00.000Z""",09:00,23:59,false
psp:omluva:174:1956:2026-04-18:00:00:09:00,1956,"""2026-04-18T00:00:00.000Z""",00:00,09:00,false
psp:omluva:174:1956:2026-04-22:09:00:23:59,1956,"""2026-04-22T00:00:00.000Z""",09:00,23:59,false
psp:omluva:174:1956:2026-04-23:00:00:09:00,1956,"""2026-04-23T00:00:00.000Z""",00:00,09:00,false
psp:omluva:174:1956:2026-04-23:09:00:23:59,1956,"""2026-04-23T00:00:00.000Z""",09:00,23:59,false
psp:omluva:174:1956:2026-04-24:00:00:09:00,1956,"""2026-04-24T00:00:00.000Z""",00:00,09:00,false
psp:omluva:174:1956:2026-04-24:09:00:23:59,1956,"""2026-04-24T00:00:00.000Z""",09:00,23:59,false
psp:omluva:174:1956:2026-04-25:00:00:09:00,1956,"""2026-04-25T00:00:00.000Z""",00:00,09:00,false
psp:omluva:174:1956:2026-05-13:10:30:23:59,1956,"""2026-05-13T00:00:00.000Z""",10:30,23:59,false
psp:omluva:174:1956:2026-05-14:00:00:09:00,1956,"""2026-05-14T00:00:00.000Z""",00:00,09:00,false
psp:omluva:174:1956:2026-05-14:09:00:23:59,1956,"""2026-05-14T00:00:00.000Z""",09:00,23:59,false
psp:omluva:174:1956:2026-05-15:00:00:09:00,1956,"""2026-05-15T00:00:00.000Z""",00:00,09:00,false
psp:omluva:174:1956:2026-05-15:11:00:23:59,1956,"""2026-05-15T00:00:00.000Z""",11:00,23:59,false
psp:omluva:174:1956:2026-05-16:00:00:09:00,1956,"""2026-05-16T00:00:00.000Z""",00:00,09:00,false
psp:omluva:174:1956:2026-05-27:09:00:23:59,1956,"""2026-05-27T00:00:00.000Z""",09:00,23:59,false
psp:omluva:174:1956:2026-05-28:00:00:09:00,1956,"""2026-05-28T00:00:00.000Z""",00:00,09:00,false
psp:omluva:174:1956:2026-06-02:09:00:23:59,1956,"""2026-06-02T00:00:00.000Z""",09:00,23:59,false
psp:omluva:174:1956:2026-06-03:00:00:09:00,1956,"""2026-06-03T00:00:00.000Z""",00:00,09:00,false
psp:omluva:174:1956:2026-06-24:09:00:23:59,1956,"""2026-06-24T00:00:00.000Z""",09:00,23:59,false
psp:omluva:174:1956:2026-06-25:00:00:09:00,1956,"""2026-06-25T00:00:00.000Z""",00:00,09:00,false
psp:omluva:174:1956:2026-06-25:09:00:23:59,1956,"""2026-06-25T00:00:00.000Z""",09:00,23:59,false
psp:omluva:174:1956:2026-06-26:00:00:09:00,1956,"""2026-06-26T00:00:00.000Z""",00:00,09:00,false
psp:omluva:174:1956:2026-06-26:09:00:23:59,1956,"""2026-06-26T00:00:00.000Z""",09:00,23:59,false
psp:omluva:174:1956:2026-06-27:00:00:09:00,1956,"""2026-06-27T00:00:00.000Z""",00:00,09:00,false
psp:omluva:174:1956:2026-07-07:09:00:13:00,1956,"""2026-07-07T00:00:00.000Z""",09:00,13:00,false
psp:omluva:174:1956:2026-07-10:11:50:23:59,1956,"""2026-07-10T00:00:00.000Z""",11:50,23:59,false
psp:omluva:174:1956:2026-07-11:00:00:09:00,1956,"""2026-07-11T00:00:00.000Z""",00:00,09:00,false
psp:omluva:174:1956:2026-07-15:09:00:23:59,1956,"""2026-07-15T00:00:00.000Z""",09:00,23:59,false
psp:omluva:174:1956:2026-07-16:00:00:09:00,1956,"""2026-07-16T00:00:00.000Z""",00:00,09:00,false
psp:omluva:174:1957:2025-11-26:20:00:23:59,1957,"""2025-11-26T00:00:00.000Z""",20:00,23:59,false
psp:omluva:174:1957:2025-11-27:00:00:09:00,1957,"""2025-11-27T00:00:00.000Z""",00:00,09:00,false
psp:omluva:174:1957:2026-01-13:11:00:13:00,1957,"""2026-01-13T00:00:00.000Z""",11:00,13:00,false
psp:omluva:174:1957:2026-01-30:10:00:12:00,1957,"""2026-01-30T00:00:00.000Z""",10:00,12:00,false
psp:omluva:174:1957:2026-02-10:09:00:23:59,1957,"""2026-02-10T00:00:00.000Z""",09:00,23:59,false
psp:omluva:174:1957:2026-02-11:00:00:09:00,1957,"""2026-02-11T00:00:00.000Z""",00:00,09:00,false
psp:omluva:174:1957:2026-02-11:09:00:23:59,1957,"""2026-02-11T00:00:00.000Z""",09:00,23:59,false
psp:omluva:174:1957:2026-02-12:00:00:09:00,1957,"""2026-02-12T00:00:00.000Z""",00:00,09:00,false
psp:omluva:174:1957:2026-02-12:09:00:23:59,1957,"""2026-02-12T00:00:00.000Z""",09:00,23:59,false
psp:omluva:174:1957:2026-02-13:00:00:09:00,1957,"""2026-02-13T00:00:00.000Z""",00:00,09:00,false
psp:omluva:174:1957:2026-02-13:09:00:23:59,1957,"""2026-02-13T00:00:00.000Z""",09:00,23:59,false
psp:omluva:174:1957:2026-02-14:00:00:09:00,1957,"""2026-02-14T00:00:00.000Z""",00:00,09:00,false
psp:omluva:174:1957:2026-03-13:09:00:23:59,1957,"""2026-03-13T00:00:00.000Z""",09:00,23:59,false
psp:omluva:174:1957:2026-03-14:00:00:09:00,1957,"""2026-03-14T00:00:00.000Z""",00:00,09:00,false
psp:omluva:174:1957:2026-04-22:09:00:12:00,1957,"""2026-04-22T00:00:00.000Z""",09:00,12:00,false
psp:omluva:174:1957:2026-04-22:16:00:23:59,1957,"""2026-04-22T00:00:00.000Z""",16:00,23:59,false
psp:omluva:174:1957:2026-04-23:00:00:09:00,1957,"""2026-04-23T00:00:00.000Z""",00:00,09:00,false
psp:omluva:174:1957:2026-05-14:09:00:23:59,1957,"""2026-05-14T00:00:00.000Z""",09:00,23:59,false
psp:omluva:174:1957:2026-05-15:00:00:09:00,1957,"""2026-05-15T00:00:00.000Z""",00:00,09:00,false
psp:omluva:174:1957:2026-05-29:09:00:23:59,1957,"""2026-05-29T00:00:00.000Z""",09:00,23:59,false
psp:omluva:174:1957:2026-05-30:00:00:09:00,1957,"""2026-05-30T00:00:00.000Z""",00:00,09:00,false
psp:omluva:174:1957:2026-06-03:10:45:12:30,1957,"""2026-06-03T00:00:00.000Z""",10:45,12:30,false
psp:omluva:174:1957:2026-06-03:20:00:23:59,1957,"""2026-06-03T00:00:00.000Z""",20:00,23:59,false
psp:omluva:174:1957:2026-06-04:00:00:09:00,1957,"""2026-06-04T00:00:00.000Z""",00:00,09:00,false
psp:omluva:174:1957:2026-06-23:16:00:23:59,1957,"""2026-06-23T00:00:00.000Z""",16:00,23:59,false
psp:omluva:174:1957:2026-06-24:00:00:09:00,1957,"""2026-06-24T00:00:00.000Z""",00:00,09:00,false
psp:omluva:174:1957:2026-06-24:15:00:23:59,1957,"""2026-06-24T00:00:00.000Z""",15:00,23:59,false
psp:omluva:174:1957:2026-06-25:00:00:09:00,1957,"""2026-06-25T00:00:00.000Z""",00:00,09:00,false
psp:omluva:174:1957:2026-06-30:19:00:23:59,1957,"""2026-06-30T00:00:00.000Z""",19:00,23:59,false
psp:omluva:174:1957:2026-07-01:00:00:09:00,1957,"""2026-07-01T00:00:00.000Z""",00:00,09:00,false
psp:omluva:174:1957:2026-07-03:09:00:23:59,1957,"""2026-07-03T00:00:00.000Z""",09:00,23:59,false
psp:omluva:174:1957:2026-07-04:00:00:09:00,1957,"""2026-07-04T00:00:00.000Z""",00:00,09:00,false
psp:omluva:174:1957:2026-07-07:09:00:14:00,1957,"""2026-07-07T00:00:00.000Z""",09:00,14:00,false
psp:omluva:174:1958:2026-01-30:09:00:23:59,1958,"""2026-01-30T00:00:00.000Z""",09:00,23:59,false
psp:omluva:174:1958:2026-01-31:00:00:09:00,1958,"""2026-01-31T00:00:00.000Z""",00:00,09:00,false
psp:omluva:174:1958:2026-04-16:16:00:18:00,1958,"""2026-04-16T00:00:00.000Z""",16:00,18:00,false
psp:omluva:174:1958:2026-04-21:14:00:16:00,1958,"""2026-04-21T00:00:00.000Z""",14:00,16:00,false
psp:omluva:174:1958:2026-04-23:16:00:18:00,1958,"""2026-04-23T00:00:00.000Z""",16:00,18:00,false
psp:omluva:174:1958:2026-05-14:13:30:16:00,1958,"""2026-05-14T00:00:00.000Z""",13:30,16:00,false
psp:omluva:174:1958:2026-05-26:09:00:16:00,1958,"""2026-05-26T00:00:00.000Z""",09:00,16:00,false
psp:omluva:174:1958:2026-07-08:11:00:23:59,1958,"""2026-07-08T00:00:00.000Z""",11:00,23:59,false
psp:omluva:174:1958:2026-07-09:00:00:09:00,1958,"""2026-07-09T00:00:00.000Z""",00:00,09:00,false
psp:omluva:174:1958:2026-07-10:09:00:23:59,1958,"""2026-07-10T00:00:00.000Z""",09:00,23:59,false
psp:omluva:174:1958:2026-07-11:00:00:09:00,1958,"""2026-07-11T00:00:00.000Z""",00:00,09:00,false
psp:omluva:174:1959:2026-01-16:09:00:23:59,1959,"""2026-01-16T00:00:00.000Z""",09:00,23:59,false
psp:omluva:174:1959:2026-01-17:00:00:09:00,1959,"""2026-01-17T00:00:00.000Z""",00:00,09:00,false
psp:omluva:174:1959:2026-01-28:17:00:23:59,1959,"""2026-01-28T00:00:00.000Z""",17:00,23:59,false
psp:omluva:174:1959:2026-01-29:00:00:09:00,1959,"""2026-01-29T00:00:00.000Z""",00:00,09:00,false
psp:omluva:174:1959:2026-01-29:09:00:23:59,1959,"""2026-01-29T00:00:00.000Z""",09:00,23:59,false
psp:omluva:174:1959:2026-01-30:00:00:09:00,1959,"""2026-01-30T00:00:00.000Z""",00:00,09:00,false
psp:omluva:174:1959:2026-01-30:09:00:23:59,1959,"""2026-01-30T00:00:00.000Z""",09:00,23:59,false
psp:omluva:174:1959:2026-01-31:00:00:09:00,1959,"""2026-01-31T00:00:00.000Z""",00:00,09:00,false
psp:omluva:174:1959:2026-02-03:09:00:23:59,1959,"""2026-02-03T00:00:00.000Z""",09:00,23:59,false
psp:omluva:174:1959:2026-02-04:00:00:09:00,1959,"""2026-02-04T00:00:00.000Z""",00:00,09:00,false
psp:omluva:174:1959:2026-02-10:09:00:23:59,1959,"""2026-02-10T00:00:00.000Z""",09:00,23:59,false
psp:omluva:174:1959:2026-02-11:00:00:09:00,1959,"""2026-02-11T00:00:00.000Z""",00:00,09:00,false
psp:omluva:174:1959:2026-02-13:09:00:23:59,1959,"""2026-02-13T00:00:00.000Z""",09:00,23:59,false
psp:omluva:174:1959:2026-02-14:00:00:09:00,1959,"""2026-02-14T00:00:00.000Z""",00:00,09:00,false
psp:omluva:174:1959:2026-03-03:09:00:23:59,1959,"""2026-03-03T00:00:00.000Z""",09:00,23:59,false
psp:omluva:174:1959:2026-03-04:00:00:09:00,1959,"""2026-03-04T00:00:00.000Z""",00:00,09:00,false
psp:omluva:174:1959:2026-03-04:09:00:23:59,1959,"""2026-03-04T00:00:00.000Z""",09:00,23:59,false
psp:omluva:174:1959:2026-03-05:00:00:09:00,1959,"""2026-03-05T00:00:00.000Z""",00:00,09:00,false
psp:omluva:174:1959:2026-03-05:09:00:23:59,1959,"""2026-03-05T00:00:00.000Z""",09:00,23:59,false
psp:omluva:174:1959:2026-03-06:00:00:09:00,1959,"""2026-03-06T00:00:00.000Z""",00:00,09:00,false
psp:omluva:174:1959:2026-03-06:09:00:23:59,1959,"""2026-03-06T00:00:00.000Z""",09:00,23:59,false
psp:omluva:174:1959:2026-03-07:00:00:09:00,1959,"""2026-03-07T00:00:00.000Z""",00:00,09:00,false
psp:omluva:174:1959:2026-03-10:09:00:23:59,1959,"""2026-03-10T00:00:00.000Z""",09:00,23:59,false
psp:omluva:174:1959:2026-03-11:00:00:09:00,1959,"""2026-03-11T00:00:00.000Z""",00:00,09:00,false
psp:omluva:174:1959:2026-04-16:09:00:23:59,1959,"""2026-04-16T00:00:00.000Z""",09:00,23:59,false
psp:omluva:174:1959:2026-04-17:00:00:09:00,1959,"""2026-04-17T00:00:00.000Z""",00:00,09:00,false
psp:omluva:174:1959:2026-04-22:09:00:23:59,1959,"""2026-04-22T00:00:00.000Z""",09:00,23:59,false
psp:omluva:174:1959:2026-04-23:00:00:09:00,1959,"""2026-04-23T00:00:00.000Z""",00:00,09:00,false
psp:omluva:174:1959:2026-04-23:09:00:23:59,1959,"""2026-04-23T00:00:00.000Z""",09:00,23:59,false
psp:omluva:174:1959:2026-04-24:00:00:09:00,1959,"""2026-04-24T00:00:00.000Z""",00:00,09:00,false
psp:omluva:174:1959:2026-05-06:09:00:23:59,1959,"""2026-05-06T00:00:00.000Z""",09:00,23:59,false
psp:omluva:174:1959:2026-05-07:00:00:09:00,1959,"""2026-05-07T00:00:00.000Z""",00:00,09:00,false
psp:omluva:174:1959:2026-05-14:09:00:23:59,1959,"""2026-05-14T00:00:00.000Z""",09:00,23:59,false
psp:omluva:174:1959:2026-05-15:00:00:09:00,1959,"""2026-05-15T00:00:00.000Z""",00:00,09:00,false
psp:omluva:174:1959:2026-05-28:09:00:23:59,1959,"""2026-05-28T00:00:00.000Z""",09:00,23:59,false
psp:omluva:174:1959:2026-05-29:00:00:09:00,1959,"""2026-05-29T00:00:00.000Z""",00:00,09:00,false
psp:omluva:174:1959:2026-06-11:09:00:23:59,1959,"""2026-06-11T00:00:00.000Z""",09:00,23:59,false
psp:omluva:174:1959:2026-06-12:00:00:09:00,1959,"""2026-06-12T00:00:00.000Z""",00:00,09:00,false
psp:omluva:174:1959:2026-06-23:09:00:23:59,1959,"""2026-06-23T00:00:00.000Z""",09:00,23:59,false
psp:omluva:174:1959:2026-06-24:00:00:09:00,1959,"""2026-06-24T00:00:00.000Z""",00:00,09:00,false
psp:omluva:174:1959:2026-06-25:09:00:23:59,1959,"""2026-06-25T00:00:00.000Z""",09:00,23:59,false
psp:omluva:174:1959:2026-06-26:00:00:09:00,1959,"""2026-06-26T00:00:00.000Z""",00:00,09:00,false
psp:omluva:174:1959:2026-06-30:09:00:23:59,1959,"""2026-06-30T00:00:00.000Z""",09:00,23:59,false
psp:omluva:174:1959:2026-07-01:00:00:09:00,1959,"""2026-07-01T00:00:00.000Z""",00:00,09:00,false
psp:omluva:174:1959:2026-07-02:09:00:23:59,1959,"""2026-07-02T00:00:00.000Z""",09:00,23:59,false
psp:omluva:174:1959:2026-07-03:00:00:09:00,1959,"""2026-07-03T00:00:00.000Z""",00:00,09:00,false
psp:omluva:174:1959:2026-07-03:09:00:23:59,1959,"""2026-07-03T00:00:00.000Z""",09:00,23:59,false
psp:omluva:174:1959:2026-07-04:00:00:09:00,1959,"""2026-07-04T00:00:00.000Z""",00:00,09:00,false
psp:omluva:174:1959:2026-07-07:09:00:23:59,1959,"""2026-07-07T00:00:00.000Z""",09:00,23:59,false
psp:omluva:174:1959:2026-07-08:00:00:09:00,1959,"""2026-07-08T00:00:00.000Z""",00:00,09:00,false
psp:omluva:174:1959:2026-07-08:09:00:23:59,1959,"""2026-07-08T00:00:00.000Z""",09:00,23:59,false
psp:omluva:174:1959:2026-07-09:00:00:09:00,1959,"""2026-07-09T00:00:00.000Z""",00:00,09:00,false
psp:omluva:174:1959:2026-07-14:09:00:23:59,1959,"""2026-07-14T00:00:00.000Z""",09:00,23:59,false
psp:omluva:174:1959:2026-07-15:00:00:09:00,1959,"""2026-07-15T00:00:00.000Z""",00:00,09:00,false
psp:omluva:174:1960:2025-11-03:15:05:23:59,1960,"""2025-11-03T00:00:00.000Z""",15:05,23:59,false
psp:omluva:174:1960:2025-11-04:00:00:09:00,1960,"""2025-11-04T00:00:00.000Z""",00:00,09:00,false
psp:omluva:174:1960:2025-11-05:09:00:23:59,1960,"""2025-11-05T00:00:00.000Z""",09:00,23:59,false
psp:omluva:174:1960:2025-11-06:00:00:09:00,1960,"""2025-11-06T00:00:00.000Z""",00:00,09:00,false
psp:omluva:174:1960:2025-11-11:09:00:23:59,1960,"""2025-11-11T00:00:00.000Z""",09:00,23:59,false
psp:omluva:174:1960:2025-11-12:00:00:09:00,1960,"""2025-11-12T00:00:00.000Z""",00:00,09:00,false
psp:omluva:174:1960:2025-11-14:12:00:23:59,1960,"""2025-11-14T00:00:00.000Z""",12:00,23:59,false
psp:omluva:174:1960:2025-11-15:00:00:09:00,1960,"""2025-11-15T00:00:00.000Z""",00:00,09:00,false
psp:omluva:174:1960:2025-11-26:19:00:22:00,1960,"""2025-11-26T00:00:00.000Z""",19:00,22:00,false
psp:omluva:174:1960:2025-11-26:22:10:23:59,1960,"""2025-11-26T00:00:00.000Z""",22:10,23:59,false
psp:omluva:174:1960:2025-11-27:00:00:09:00,1960,"""2025-11-27T00:00:00.000Z""",00:00,09:00,false
psp:omluva:174:1960:2025-11-27:09:00:23:59,1960,"""2025-11-27T00:00:00.000Z""",09:00,23:59,false
psp:omluva:174:1960:2025-11-27:18:15:19:30,1960,"""2025-11-27T00:00:00.000Z""",18:15,19:30,false
psp:omluva:174:1960:2025-11-28:00:00:09:00,1960,"""2025-11-28T00:00:00.000Z""",00:00,09:00,false
psp:omluva:174:1960:2026-01-30:13:00:14:00,1960,"""2026-01-30T00:00:00.000Z""",13:00,14:00,false
psp:omluva:174:1960:2026-01-30:14:00:15:15,1960,"""2026-01-30T00:00:00.000Z""",14:00,15:15,false
psp:omluva:174:1960:2026-03-03:09:00:23:59,1960,"""2026-03-03T00:00:00.000Z""",09:00,23:59,false
psp:omluva:174:1960:2026-03-04:00:00:09:00,1960,"""2026-03-04T00:00:00.000Z""",00:00,09:00,false
psp:omluva:174:1960:2026-03-04:09:30:12:00,1960,"""2026-03-04T00:00:00.000Z""",09:30,12:00,false
psp:omluva:174:1960:2026-03-05:12:15:17:00,1960,"""2026-03-05T00:00:00.000Z""",12:15,17:00,false
psp:omluva:174:1960:2026-03-12:09:00:23:59,1960,"""2026-03-12T00:00:00.000Z""",09:00,23:59,false
psp:omluva:174:1960:2026-03-13:00:00:09:00,1960,"""2026-03-13T00:00:00.000Z""",00:00,09:00,false
psp:omluva:174:1960:2026-04-16:19:00:23:59,1960,"""2026-04-16T00:00:00.000Z""",19:00,23:59,false
psp:omluva:174:1960:2026-04-17:00:00:09:00,1960,"""2026-04-17T00:00:00.000Z""",00:00,09:00,false
psp:omluva:174:1960:2026-04-17:09:00:23:59,1960,"""2026-04-17T00:00:00.000Z""",09:00,23:59,false
psp:omluva:174:1960:2026-04-18:00:00:09:00,1960,"""2026-04-18T00:00:00.000Z""",00:00,09:00,false
psp:omluva:174:1960:2026-04-23:09:30:10:00,1960,"""2026-04-23T00:00:00.000Z""",09:30,10:00,false
psp:omluva:174:1960:2026-04-24:09:00:23:59,1960,"""2026-04-24T00:00:00.000Z""",09:00,23:59,false
psp:omluva:174:1960:2026-04-25:00:00:09:00,1960,"""2026-04-25T00:00:00.000Z""",00:00,09:00,false
psp:omluva:174:1960:2026-05-13:18:30:21:00,1960,"""2026-05-13T00:00:00.000Z""",18:30,21:00,false
psp:omluva:174:1960:2026-05-14:13:30:23:59,1960,"""2026-05-14T00:00:00.000Z""",13:30,23:59,false
psp:omluva:174:1960:2026-05-15:00:00:09:00,1960,"""2026-05-15T00:00:00.000Z""",00:00,09:00,false
psp:omluva:174:1960:2026-05-26:19:00:20:50,1960,"""2026-05-26T00:00:00.000Z""",19:00,20:50,false
psp:omluva:174:1960:2026-05-27:16:30:19:30,1960,"""2026-05-27T00:00:00.000Z""",16:30,19:30,false
psp:omluva:174:1960:2026-06-23:14:45:16:45,1960,"""2026-06-23T00:00:00.000Z""",14:45,16:45,false
psp:omluva:174:1960:2026-06-26:09:00:23:59,1960,"""2026-06-26T00:00:00.000Z""",09:00,23:59,false
psp:omluva:174:1960:2026-06-27:00:00:09:00,1960,"""2026-06-27T00:00:00.000Z""",00:00,09:00,false
psp:omluva:174:1960:2026-06-30:09:00:23:59,1960,"""2026-06-30T00:00:00.000Z""",09:00,23:59,false
psp:omluva:174:1960:2026-07-01:00:00:09:00,1960,"""2026-07-01T00:00:00.000Z""",00:00,09:00,false
psp:omluva:174:1960:2026-07-02:09:00:11:00,1960,"""2026-07-02T00:00:00.000Z""",09:00,11:00,false
psp:omluva:174:1960:2026-07-03:09:00:23:59,1960,"""2026-07-03T00:00:00.000Z""",09:00,23:59,false
psp:omluva:174:1960:2026-07-04:00:00:09:00,1960,"""2026-07-04T00:00:00.000Z""",00:00,09:00,false
psp:omluva:174:1960:2026-07-10:09:00:23:59,1960,"""2026-07-10T00:00:00.000Z""",09:00,23:59,false
psp:omluva:174:1960:2026-07-11:00:00:09:00,1960,"""2026-07-11T00:00:00.000Z""",00:00,09:00,false
psp:omluva:174:1961:2025-11-14:13:10:23:59,1961,"""2025-11-14T00:00:00.000Z""",13:10,23:59,false
psp:omluva:174:1961:2025-11-15:00:00:09:00,1961,"""2025-11-15T00:00:00.000Z""",00:00,09:00,false
psp:omluva:174:1961:2025-11-26:09:00:23:59,1961,"""2025-11-26T00:00:00.000Z""",09:00,23:59,false
psp:omluva:174:1961:2025-11-27:00:00:09:00,1961,"""2025-11-27T00:00:00.000Z""",00:00,09:00,false
psp:omluva:174:1961:2025-11-27:09:00:23:59,1961,"""2025-11-27T00:00:00.000Z""",09:00,23:59,false
psp:omluva:174:1961:2025-11-28:00:00:09:00,1961,"""2025-11-28T00:00:00.000Z""",00:00,09:00,false
psp:omluva:174:1961:2026-01-28:18:00:23:59,1961,"""2026-01-28T00:00:00.000Z""",18:00,23:59,false
psp:omluva:174:1961:2026-01-29:00:00:09:00,1961,"""2026-01-29T00:00:00.000Z""",00:00,09:00,false
psp:omluva:174:1961:2026-01-29:16:00:23:59,1961,"""2026-01-29T00:00:00.000Z""",16:00,23:59,false
psp:omluva:174:1961:2026-01-30:00:00:09:00,1961,"""2026-01-30T00:00:00.000Z""",00:00,09:00,false
psp:omluva:174:1961:2026-02-10:18:00:23:59,1961,"""2026-02-10T00:00:00.000Z""",18:00,23:59,false
psp:omluva:174:1961:2026-02-11:00:00:09:00,1961,"""2026-02-11T00:00:00.000Z""",00:00,09:00,false
psp:omluva:174:1961:2026-02-12:13:00:23:59,1961,"""2026-02-12T00:00:00.000Z""",13:00,23:59,false
psp:omluva:174:1961:2026-02-13:00:00:09:00,1961,"""2026-02-13T00:00:00.000Z""",00:00,09:00,false
psp:omluva:174:1961:2026-02-13:09:30:11:30,1961,"""2026-02-13T00:00:00.000Z""",09:30,11:30,false
psp:omluva:174:1961:2026-03-03:21:00:23:59,1961,"""2026-03-03T00:00:00.000Z""",21:00,23:59,false
psp:omluva:174:1961:2026-03-04:00:00:09:00,1961,"""2026-03-04T00:00:00.000Z""",00:00,09:00,false
psp:omluva:174:1961:2026-03-04:09:00:23:59,1961,"""2026-03-04T00:00:00.000Z""",09:00,23:59,false
psp:omluva:174:1961:2026-03-05:00:00:09:00,1961,"""2026-03-05T00:00:00.000Z""",00:00,09:00,false
psp:omluva:174:1961:2026-03-05:13:30:23:59,1961,"""2026-03-05T00:00:00.000Z""",13:30,23:59,false
psp:omluva:174:1961:2026-03-06:00:00:09:00,1961,"""2026-03-06T00:00:00.000Z""",00:00,09:00,false
psp:omluva:174:1961:2026-03-06:09:00:23:59,1961,"""2026-03-06T00:00:00.000Z""",09:00,23:59,false
psp:omluva:174:1961:2026-03-07:00:00:09:00,1961,"""2026-03-07T00:00:00.000Z""",00:00,09:00,false
psp:omluva:174:1961:2026-03-11:12:30:16:00,1961,"""2026-03-11T00:00:00.000Z""",12:30,16:00,false
psp:omluva:174:1961:2026-03-12:10:00:13:00,1961,"""2026-03-12T00:00:00.000Z""",10:00,13:00,false
psp:omluva:174:1961:2026-03-24:16:00:23:59,1961,"""2026-03-24T00:00:00.000Z""",16:00,23:59,false
psp:omluva:174:1961:2026-03-25:00:00:09:00,1961,"""2026-03-25T00:00:00.000Z""",00:00,09:00,false
psp:omluva:174:1961:2026-03-25:09:00:23:59,1961,"""2026-03-25T00:00:00.000Z""",09:00,23:59,false
psp:omluva:174:1961:2026-03-26:00:00:09:00,1961,"""2026-03-26T00:00:00.000Z""",00:00,09:00,false
psp:omluva:174:1961:2026-04-15:15:30:23:59,1961,"""2026-04-15T00:00:00.000Z""",15:30,23:59,false
psp:omluva:174:1961:2026-04-16:00:00:09:00,1961,"""2026-04-16T00:00:00.000Z""",00:00,09:00,false
psp:omluva:174:1961:2026-04-21:17:20:20:00,1961,"""2026-04-21T00:00:00.000Z""",17:20,20:00,false
psp:omluva:174:1961:2026-04-22:17:00:18:00,1961,"""2026-04-22T00:00:00.000Z""",17:00,18:00,false
psp:omluva:174:1961:2026-04-23:09:00:10:30,1961,"""2026-04-23T00:00:00.000Z""",09:00,10:30,false
psp:omluva:174:1961:2026-04-24:09:00:23:59,1961,"""2026-04-24T00:00:00.000Z""",09:00,23:59,false
psp:omluva:174:1961:2026-04-25:00:00:09:00,1961,"""2026-04-25T00:00:00.000Z""",00:00,09:00,false
psp:omluva:174:1961:2026-05-05:09:00:23:59,1961,"""2026-05-05T00:00:00.000Z""",09:00,23:59,false
psp:omluva:174:1961:2026-05-06:00:00:09:00,1961,"""2026-05-06T00:00:00.000Z""",00:00,09:00,false
psp:omluva:174:1961:2026-05-06:20:45:23:59,1961,"""2026-05-06T00:00:00.000Z""",20:45,23:59,false
psp:omluva:174:1961:2026-05-07:00:00:09:00,1961,"""2026-05-07T00:00:00.000Z""",00:00,09:00,false
psp:omluva:174:1961:2026-05-07:09:00:23:59,1961,"""2026-05-07T00:00:00.000Z""",09:00,23:59,false
psp:omluva:174:1961:2026-05-08:00:00:09:00,1961,"""2026-05-08T00:00:00.000Z""",00:00,09:00,false
psp:omluva:174:1961:2026-05-13:10:35:23:59,1961,"""2026-05-13T00:00:00.000Z""",10:35,23:59,false
psp:omluva:174:1961:2026-05-14:00:00:09:00,1961,"""2026-05-14T00:00:00.000Z""",00:00,09:00,false
psp:omluva:174:1961:2026-05-14:09:00:23:59,1961,"""2026-05-14T00:00:00.000Z""",09:00,23:59,false
psp:omluva:174:1961:2026-05-15:00:00:09:00,1961,"""2026-05-15T00:00:00.000Z""",00:00,09:00,false
psp:omluva:174:1961:2026-05-15:09:00:23:59,1961,"""2026-05-15T00:00:00.000Z""",09:00,23:59,false
psp:omluva:174:1961:2026-05-16:00:00:09:00,1961,"""2026-05-16T00:00:00.000Z""",00:00,09:00,false
psp:omluva:174:1961:2026-05-26:17:31:23:59,1961,"""2026-05-26T00:00:00.000Z""",17:31,23:59,false
psp:omluva:174:1961:2026-05-27:00:00:09:00,1961,"""2026-05-27T00:00:00.000Z""",00:00,09:00,false
psp:omluva:174:1961:2026-05-27:11:45:13:30,1961,"""2026-05-27T00:00:00.000Z""",11:45,13:30,false
psp:omluva:174:1961:2026-05-28:11:30:13:30,1961,"""2026-05-28T00:00:00.000Z""",11:30,13:30,false
psp:omluva:174:1961:2026-05-28:18:00:23:59,1961,"""2026-05-28T00:00:00.000Z""",18:00,23:59,false
psp:omluva:174:1961:2026-05-29:00:00:09:00,1961,"""2026-05-29T00:00:00.000Z""",00:00,09:00,false
psp:omluva:174:1961:2026-05-29:09:00:23:59,1961,"""2026-05-29T00:00:00.000Z""",09:00,23:59,false
psp:omluva:174:1961:2026-05-30:00:00:09:00,1961,"""2026-05-30T00:00:00.000Z""",00:00,09:00,false
psp:omluva:174:1961:2026-06-04:14:20:23:59,1961,"""2026-06-04T00:00:00.000Z""",14:20,23:59,false
psp:omluva:174:1961:2026-06-05:00:00:09:00,1961,"""2026-06-05T00:00:00.000Z""",00:00,09:00,false
psp:omluva:174:1961:2026-06-11:16:00:23:59,1961,"""2026-06-11T00:00:00.000Z""",16:00,23:59,false
psp:omluva:174:1961:2026-06-12:00:00:09:00,1961,"""2026-06-12T00:00:00.000Z""",00:00,09:00,false
psp:omluva:174:1961:2026-06-26:09:00:23:59,1961,"""2026-06-26T00:00:00.000Z""",09:00,23:59,false
psp:omluva:174:1961:2026-06-27:00:00:09:00,1961,"""2026-06-27T00:00:00.000Z""",00:00,09:00,false
psp:omluva:174:1961:2026-06-30:09:00:23:59,1961,"""2026-06-30T00:00:00.000Z""",09:00,23:59,false
psp:omluva:174:1961:2026-07-01:00:00:09:00,1961,"""2026-07-01T00:00:00.000Z""",00:00,09:00,false
psp:omluva:174:1961:2026-07-01:15:00:18:00,1961,"""2026-07-01T00:00:00.000Z""",15:00,18:00,false
psp:omluva:174:1961:2026-07-08:09:00:23:59,1961,"""2026-07-08T00:00:00.000Z""",09:00,23:59,false
psp:omluva:174:1961:2026-07-09:00:00:09:00,1961,"""2026-07-09T00:00:00.000Z""",00:00,09:00,false
psp:omluva:174:1961:2026-07-14:09:00:23:59,1961,"""2026-07-14T00:00:00.000Z""",09:00,23:59,false
psp:omluva:174:1961:2026-07-15:00:00:09:00,1961,"""2026-07-15T00:00:00.000Z""",00:00,09:00,false
psp:omluva:174:1961:2026-07-15:09:00:23:59,1961,"""2026-07-15T00:00:00.000Z""",09:00,23:59,false
psp:omluva:174:1961:2026-07-16:00:00:09:00,1961,"""2026-07-16T00:00:00.000Z""",00:00,09:00,false
psp:omluva:174:1962:2026-05-15:09:00:23:59,1962,"""2026-05-15T00:00:00.000Z""",09:00,23:59,false
psp:omluva:174:1962:2026-05-16:00:00:09:00,1962,"""2026-05-16T00:00:00.000Z""",00:00,09:00,false
psp:omluva:174:1963:2026-01-29:15:00:23:59,1963,"""2026-01-29T00:00:00.000Z""",15:00,23:59,false
psp:omluva:174:1963:2026-01-30:00:00:09:00,1963,"""2026-01-30T00:00:00.000Z""",00:00,09:00,false
psp:omluva:174:1963:2026-01-30:09:00:23:59,1963,"""2026-01-30T00:00:00.000Z""",09:00,23:59,false
psp:omluva:174:1963:2026-01-31:00:00:09:00,1963,"""2026-01-31T00:00:00.000Z""",00:00,09:00,false
psp:omluva:174:1963:2026-02-10:09:00:23:59,1963,"""2026-02-10T00:00:00.000Z""",09:00,23:59,false
psp:omluva:174:1963:2026-02-11:00:00:09:00,1963,"""2026-02-11T00:00:00.000Z""",00:00,09:00,false
psp:omluva:174:1963:2026-02-11:09:00:23:59,1963,"""2026-02-11T00:00:00.000Z""",09:00,23:59,false
psp:omluva:174:1963:2026-02-12:00:00:09:00,1963,"""2026-02-12T00:00:00.000Z""",00:00,09:00,false
psp:omluva:174:1963:2026-02-12:09:00:23:59,1963,"""2026-02-12T00:00:00.000Z""",09:00,23:59,false
psp:omluva:174:1963:2026-02-13:00:00:09:00,1963,"""2026-02-13T00:00:00.000Z""",00:00,09:00,false
psp:omluva:174:1963:2026-02-13:09:00:23:59,1963,"""2026-02-13T00:00:00.000Z""",09:00,23:59,false
psp:omluva:174:1963:2026-02-14:00:00:09:00,1963,"""2026-02-14T00:00:00.000Z""",00:00,09:00,false
psp:omluva:174:1963:2026-03-10:18:00:23:59,1963,"""2026-03-10T00:00:00.000Z""",18:00,23:59,false
psp:omluva:174:1963:2026-03-11:00:00:09:00,1963,"""2026-03-11T00:00:00.000Z""",00:00,09:00,false
psp:omluva:174:1963:2026-03-24:09:00:23:59,1963,"""2026-03-24T00:00:00.000Z""",09:00,23:59,false
psp:omluva:174:1963:2026-03-25:00:00:09:00,1963,"""2026-03-25T00:00:00.000Z""",00:00,09:00,false
psp:omluva:174:1963:2026-04-16:16:00:23:59,1963,"""2026-04-16T00:00:00.000Z""",16:00,23:59,false
psp:omluva:174:1963:2026-04-17:00:00:09:00,1963,"""2026-04-17T00:00:00.000Z""",00:00,09:00,false
psp:omluva:174:1963:2026-04-17:09:00:23:59,1963,"""2026-04-17T00:00:00.000Z""",09:00,23:59,false
psp:omluva:174:1963:2026-04-18:00:00:09:00,1963,"""2026-04-18T00:00:00.000Z""",00:00,09:00,false
psp:omluva:174:1963:2026-04-22:09:00:23:59,1963,"""2026-04-22T00:00:00.000Z""",09:00,23:59,false
psp:omluva:174:1963:2026-04-23:00:00:09:00,1963,"""2026-04-23T00:00:00.000Z""",00:00,09:00,false
psp:omluva:174:1963:2026-05-14:09:00:23:59,1963,"""2026-05-14T00:00:00.000Z""",09:00,23:59,false
psp:omluva:174:1963:2026-05-15:00:00:09:00,1963,"""2026-05-15T00:00:00.000Z""",00:00,09:00,false
psp:omluva:174:1963:2026-05-26:09:00:23:59,1963,"""2026-05-26T00:00:00.000Z""",09:00,23:59,false
psp:omluva:174:1963:2026-05-27:00:00:09:00,1963,"""2026-05-27T00:00:00.000Z""",00:00,09:00,false
psp:omluva:174:1963:2026-05-29:09:00:23:59,1963,"""2026-05-29T00:00:00.000Z""",09:00,23:59,false
psp:omluva:174:1963:2026-05-30:00:00:09:00,1963,"""2026-05-30T00:00:00.000Z""",00:00,09:00,false
psp:omluva:174:1963:2026-06-02:09:00:23:59,1963,"""2026-06-02T00:00:00.000Z""",09:00,23:59,false
psp:omluva:174:1963:2026-06-03:00:00:09:00,1963,"""2026-06-03T00:00:00.000Z""",00:00,09:00,false
psp:omluva:174:1963:2026-06-03:09:00:23:59,1963,"""2026-06-03T00:00:00.000Z""",09:00,23:59,false
psp:omluva:174:1963:2026-06-04:00:00:09:00,1963,"""2026-06-04T00:00:00.000Z""",00:00,09:00,false
psp:omluva:174:1963:2026-06-04:09:00:23:59,1963,"""2026-06-04T00:00:00.000Z""",09:00,23:59,false
psp:omluva:174:1963:2026-06-05:00:00:09:00,1963,"""2026-06-05T00:00:00.000Z""",00:00,09:00,false
psp:omluva:174:1963:2026-06-05:09:00:23:59,1963,"""2026-06-05T00:00:00.000Z""",09:00,23:59,false
psp:omluva:174:1963:2026-06-06:00:00:09:00,1963,"""2026-06-06T00:00:00.000Z""",00:00,09:00,false
psp:omluva:174:1963:2026-06-11:09:00:23:59,1963,"""2026-06-11T00:00:00.000Z""",09:00,23:59,false
psp:omluva:174:1963:2026-06-12:00:00:09:00,1963,"""2026-06-12T00:00:00.000Z""",00:00,09:00,false
psp:omluva:174:1963:2026-06-25:09:00:23:59,1963,"""2026-06-25T00:00:00.000Z""",09:00,23:59,false
psp:omluva:174:1963:2026-06-26:00:00:09:00,1963,"""2026-06-26T00:00:00.000Z""",00:00,09:00,false
psp:omluva:174:1963:2026-06-26:09:00:23:59,1963,"""2026-06-26T00:00:00.000Z""",09:00,23:59,false
psp:omluva:174:1963:2026-06-27:00:00:09:00,1963,"""2026-06-27T00:00:00.000Z""",00:00,09:00,false
psp:omluva:174:1963:2026-07-07:09:00:23:59,1963,"""2026-07-07T00:00:00.000Z""",09:00,23:59,false
psp:omluva:174:1963:2026-07-08:00:00:09:00,1963,"""2026-07-08T00:00:00.000Z""",00:00,09:00,false
psp:omluva:174:1964:2026-01-28:20:15:23:59,1964,"""2026-01-28T00:00:00.000Z""",20:15,23:59,false
psp:omluva:174:1964:2026-01-29:00:00:09:00,1964,"""2026-01-29T00:00:00.000Z""",00:00,09:00,false
psp:omluva:174:1964:2026-01-30:09:25:11:00,1964,"""2026-01-30T00:00:00.000Z""",09:25,11:00,false
psp:omluva:174:1964:2026-02-12:11:00:11:15,1964,"""2026-02-12T00:00:00.000Z""",11:00,11:15,false
psp:omluva:174:1964:2026-03-04:19:30:23:59,1964,"""2026-03-04T00:00:00.000Z""",19:30,23:59,false
psp:omluva:174:1964:2026-03-05:00:00:09:00,1964,"""2026-03-05T00:00:00.000Z""",00:00,09:00,false
psp:omluva:174:1964:2026-03-10:18:40:23:59,1964,"""2026-03-10T00:00:00.000Z""",18:40,23:59,false
psp:omluva:174:1964:2026-03-11:00:00:09:00,1964,"""2026-03-11T00:00:00.000Z""",00:00,09:00,false
psp:omluva:174:1964:2026-03-25:11:00:14:00,1964,"""2026-03-25T00:00:00.000Z""",11:00,14:00,false
psp:omluva:174:1964:2026-04-14:09:00:23:59,1964,"""2026-04-14T00:00:00.000Z""",09:00,23:59,false
psp:omluva:174:1964:2026-04-15:00:00:09:00,1964,"""2026-04-15T00:00:00.000Z""",00:00,09:00,false
psp:omluva:174:1964:2026-04-15:09:00:23:59,1964,"""2026-04-15T00:00:00.000Z""",09:00,23:59,false
psp:omluva:174:1964:2026-04-16:00:00:09:00,1964,"""2026-04-16T00:00:00.000Z""",00:00,09:00,false
psp:omluva:174:1964:2026-05-14:09:00:23:59,1964,"""2026-05-14T00:00:00.000Z""",09:00,23:59,false
psp:omluva:174:1964:2026-05-15:00:00:09:00,1964,"""2026-05-15T00:00:00.000Z""",00:00,09:00,false
psp:omluva:174:1964:2026-05-28:21:00:23:59,1964,"""2026-05-28T00:00:00.000Z""",21:00,23:59,false
psp:omluva:174:1964:2026-05-29:00:00:09:00,1964,"""2026-05-29T00:00:00.000Z""",00:00,09:00,false
psp:omluva:174:1964:2026-06-03:14:30:15:15,1964,"""2026-06-03T00:00:00.000Z""",14:30,15:15,false
psp:omluva:174:1964:2026-06-03:15:15:17:00,1964,"""2026-06-03T00:00:00.000Z""",15:15,17:00,false
psp:omluva:174:1964:2026-06-23:18:00:23:59,1964,"""2026-06-23T00:00:00.000Z""",18:00,23:59,false
psp:omluva:174:1964:2026-06-24:00:00:09:00,1964,"""2026-06-24T00:00:00.000Z""",00:00,09:00,false
psp:omluva:174:1964:2026-07-07:12:30:14:30,1964,"""2026-07-07T00:00:00.000Z""",12:30,14:30,false
psp:omluva:174:1965:2025-11-26:17:00:23:59,1965,"""2025-11-26T00:00:00.000Z""",17:00,23:59,false
psp:omluva:174:1965:2025-11-27:00:00:09:00,1965,"""2025-11-27T00:00:00.000Z""",00:00,09:00,false
psp:omluva:174:1965:2025-11-27:09:00:19:00,1965,"""2025-11-27T00:00:00.000Z""",09:00,19:00,false
psp:omluva:174:1965:2026-01-14:09:00:23:59,1965,"""2026-01-14T00:00:00.000Z""",09:00,23:59,false
psp:omluva:174:1965:2026-01-14:15:00:18:00,1965,"""2026-01-14T00:00:00.000Z""",15:00,18:00,false
psp:omluva:174:1965:2026-01-15:00:00:09:00,1965,"""2026-01-15T00:00:00.000Z""",00:00,09:00,false
psp:omluva:174:1965:2026-01-15:09:00:12:00,1965,"""2026-01-15T00:00:00.000Z""",09:00,12:00,false
psp:omluva:174:1965:2026-01-15:16:30:18:30,1965,"""2026-01-15T00:00:00.000Z""",16:30,18:30,false
psp:omluva:174:1965:2026-01-27:09:00:19:00,1965,"""2026-01-27T00:00:00.000Z""",09:00,19:00,false
psp:omluva:174:1965:2026-01-29:09:00:10:00,1965,"""2026-01-29T00:00:00.000Z""",09:00,10:00,false
psp:omluva:174:1965:2026-02-04:18:00:23:59,1965,"""2026-02-04T00:00:00.000Z""",18:00,23:59,false
psp:omluva:174:1965:2026-02-05:00:00:09:00,1965,"""2026-02-05T00:00:00.000Z""",00:00,09:00,false
psp:omluva:174:1965:2026-02-10:21:00:23:00,1965,"""2026-02-10T00:00:00.000Z""",21:00,23:00,false
psp:omluva:174:1965:2026-02-12:11:00:23:59,1965,"""2026-02-12T00:00:00.000Z""",11:00,23:59,false
psp:omluva:174:1965:2026-02-13:00:00:09:00,1965,"""2026-02-13T00:00:00.000Z""",00:00,09:00,false
psp:omluva:174:1965:2026-02-13:09:00:12:00,1965,"""2026-02-13T00:00:00.000Z""",09:00,12:00,false
psp:omluva:174:1965:2026-03-04:13:00:15:00,1965,"""2026-03-04T00:00:00.000Z""",13:00,15:00,false
psp:omluva:174:1965:2026-03-04:19:00:23:59,1965,"""2026-03-04T00:00:00.000Z""",19:00,23:59,false
psp:omluva:174:1965:2026-03-11:14:15:15:45,1965,"""2026-03-11T00:00:00.000Z""",14:15,15:45,false
psp:omluva:174:1965:2026-03-24:16:15:18:00,1965,"""2026-03-24T00:00:00.000Z""",16:15,18:00,false
psp:omluva:174:1965:2026-03-25:14:00:19:00,1965,"""2026-03-25T00:00:00.000Z""",14:00,19:00,false
psp:omluva:174:1965:2026-04-15:15:00:19:00,1965,"""2026-04-15T00:00:00.000Z""",15:00,19:00,false
psp:omluva:174:1965:2026-04-16:19:00:21:00,1965,"""2026-04-16T00:00:00.000Z""",19:00,21:00,false
psp:omluva:174:1965:2026-04-17:10:25:14:00,1965,"""2026-04-17T00:00:00.000Z""",10:25,14:00,false
psp:omluva:174:1965:2026-04-21:16:20:18:00,1965,"""2026-04-21T00:00:00.000Z""",16:20,18:00,false
psp:omluva:174:1965:2026-04-23:09:00:23:59,1965,"""2026-04-23T00:00:00.000Z""",09:00,23:59,false
psp:omluva:174:1965:2026-04-24:00:00:09:00,1965,"""2026-04-24T00:00:00.000Z""",00:00,09:00,false
psp:omluva:174:1965:2026-04-24:11:00:23:59,1965,"""2026-04-24T00:00:00.000Z""",11:00,23:59,false
psp:omluva:174:1965:2026-04-25:00:00:09:00,1965,"""2026-04-25T00:00:00.000Z""",00:00,09:00,false
psp:omluva:174:1965:2026-05-06:09:00:23:59,1965,"""2026-05-06T00:00:00.000Z""",09:00,23:59,false
psp:omluva:174:1965:2026-05-07:00:00:09:00,1965,"""2026-05-07T00:00:00.000Z""",00:00,09:00,false
psp:omluva:174:1965:2026-05-14:09:00:23:59,1965,"""2026-05-14T00:00:00.000Z""",09:00,23:59,false
psp:omluva:174:1965:2026-05-15:00:00:09:00,1965,"""2026-05-15T00:00:00.000Z""",00:00,09:00,false
psp:omluva:174:1965:2026-05-26:16:00:18:00,1965,"""2026-05-26T00:00:00.000Z""",16:00,18:00,false
psp:omluva:174:1965:2026-05-28:09:00:23:59,1965,"""2026-05-28T00:00:00.000Z""",09:00,23:59,false
psp:omluva:174:1965:2026-05-29:00:00:09:00,1965,"""2026-05-29T00:00:00.000Z""",00:00,09:00,false
psp:omluva:174:1965:2026-06-03:09:00:11:00,1965,"""2026-06-03T00:00:00.000Z""",09:00,11:00,false
psp:omluva:174:1965:2026-06-23:09:00:23:59,1965,"""2026-06-23T00:00:00.000Z""",09:00,23:59,false
psp:omluva:174:1965:2026-06-24:00:00:09:00,1965,"""2026-06-24T00:00:00.000Z""",00:00,09:00,false
psp:omluva:174:1965:2026-06-24:09:00:23:59,1965,"""2026-06-24T00:00:00.000Z""",09:00,23:59,false
psp:omluva:174:1965:2026-06-25:00:00:09:00,1965,"""2026-06-25T00:00:00.000Z""",00:00,09:00,false
psp:omluva:174:1965:2026-06-25:09:00:23:59,1965,"""2026-06-25T00:00:00.000Z""",09:00,23:59,false
psp:omluva:174:1965:2026-06-26:00:00:09:00,1965,"""2026-06-26T00:00:00.000Z""",00:00,09:00,false
psp:omluva:174:1965:2026-07-01:09:00:23:59,1965,"""2026-07-01T00:00:00.000Z""",09:00,23:59,false
psp:omluva:174:1965:2026-07-02:00:00:09:00,1965,"""2026-07-02T00:00:00.000Z""",00:00,09:00,false
psp:omluva:174:1965:2026-07-02:09:00:23:59,1965,"""2026-07-02T00:00:00.000Z""",09:00,23:59,false
psp:omluva:174:1965:2026-07-03:00:00:09:00,1965,"""2026-07-03T00:00:00.000Z""",00:00,09:00,false
psp:omluva:174:1965:2026-07-10:09:00:09:10,1965,"""2026-07-10T00:00:00.000Z""",09:00,09:10,false
psp:omluva:174:1965:2026-07-14:11:00:13:00,1965,"""2026-07-14T00:00:00.000Z""",11:00,13:00,false
psp:omluva:174:1965:2026-07-14:13:00:15:30,1965,"""2026-07-14T00:00:00.000Z""",13:00,15:30,false
psp:omluva:174:1966:2025-11-11:09:00:15:55,1966,"""2025-11-11T00:00:00.000Z""",09:00,15:55,false
psp:omluva:174:1966:2025-11-11:09:00:23:59,1966,"""2025-11-11T00:00:00.000Z""",09:00,23:59,false
psp:omluva:174:1966:2025-11-12:00:00:09:00,1966,"""2025-11-12T00:00:00.000Z""",00:00,09:00,false
psp:omluva:174:1966:2025-11-14:09:00:23:59,1966,"""2025-11-14T00:00:00.000Z""",09:00,23:59,false
psp:omluva:174:1966:2025-11-15:00:00:09:00,1966,"""2025-11-15T00:00:00.000Z""",00:00,09:00,false
psp:omluva:174:1966:2025-11-26:11:00:13:00,1966,"""2025-11-26T00:00:00.000Z""",11:00,13:00,false
psp:omluva:174:1966:2025-11-26:13:00:17:00,1966,"""2025-11-26T00:00:00.000Z""",13:00,17:00,false
psp:omluva:174:1966:2026-01-28:09:00:23:59,1966,"""2026-01-28T00:00:00.000Z""",09:00,23:59,false
psp:omluva:174:1966:2026-01-29:00:00:09:00,1966,"""2026-01-29T00:00:00.000Z""",00:00,09:00,false
psp:omluva:174:1966:2026-01-29:09:00:13:00,1966,"""2026-01-29T00:00:00.000Z""",09:00,13:00,false
psp:omluva:174:1966:2026-02-03:09:00:23:59,1966,"""2026-02-03T00:00:00.000Z""",09:00,23:59,false
psp:omluva:174:1966:2026-02-04:00:00:09:00,1966,"""2026-02-04T00:00:00.000Z""",00:00,09:00,false
psp:omluva:174:1966:2026-02-10:09:00:23:59,1966,"""2026-02-10T00:00:00.000Z""",09:00,23:59,false
psp:omluva:174:1966:2026-02-11:00:00:09:00,1966,"""2026-02-11T00:00:00.000Z""",00:00,09:00,false
psp:omluva:174:1966:2026-02-12:09:00:13:00,1966,"""2026-02-12T00:00:00.000Z""",09:00,13:00,false
psp:omluva:174:1966:2026-03-04:20:20:23:59,1966,"""2026-03-04T00:00:00.000Z""",20:20,23:59,false
psp:omluva:174:1966:2026-03-05:00:00:09:00,1966,"""2026-03-05T00:00:00.000Z""",00:00,09:00,false
psp:omluva:174:1966:2026-03-05:09:00:11:00,1966,"""2026-03-05T00:00:00.000Z""",09:00,11:00,false
psp:omluva:174:1966:2026-03-10:17:00:19:00,1966,"""2026-03-10T00:00:00.000Z""",17:00,19:00,false
psp:omluva:174:1966:2026-03-11:09:00:11:00,1966,"""2026-03-11T00:00:00.000Z""",09:00,11:00,false
psp:omluva:174:1966:2026-03-11:18:30:23:59,1966,"""2026-03-11T00:00:00.000Z""",18:30,23:59,false
psp:omluva:174:1966:2026-03-12:00:00:09:00,1966,"""2026-03-12T00:00:00.000Z""",00:00,09:00,false
psp:omluva:174:1966:2026-03-12:09:00:12:00,1966,"""2026-03-12T00:00:00.000Z""",09:00,12:00,false
psp:omluva:174:1966:2026-03-13:13:00:23:59,1966,"""2026-03-13T00:00:00.000Z""",13:00,23:59,false
psp:omluva:174:1966:2026-03-14:00:00:09:00,1966,"""2026-03-14T00:00:00.000Z""",00:00,09:00,false
psp:omluva:174:1966:2026-04-15:09:00:12:00,1966,"""2026-04-15T00:00:00.000Z""",09:00,12:00,false
psp:omluva:174:1966:2026-04-16:18:10:23:59,1966,"""2026-04-16T00:00:00.000Z""",18:10,23:59,false
psp:omluva:174:1966:2026-04-17:00:00:09:00,1966,"""2026-04-17T00:00:00.000Z""",00:00,09:00,false
psp:omluva:174:1966:2026-04-21:18:00:20:30,1966,"""2026-04-21T00:00:00.000Z""",18:00,20:30,false
psp:omluva:174:1966:2026-05-06:09:00:23:59,1966,"""2026-05-06T00:00:00.000Z""",09:00,23:59,false
psp:omluva:174:1966:2026-05-07:00:00:09:00,1966,"""2026-05-07T00:00:00.000Z""",00:00,09:00,false
psp:omluva:174:1966:2026-05-13:09:00:14:00,1966,"""2026-05-13T00:00:00.000Z""",09:00,14:00,false
psp:omluva:174:1966:2026-05-14:09:00:23:59,1966,"""2026-05-14T00:00:00.000Z""",09:00,23:59,false
psp:omluva:174:1966:2026-05-15:00:00:09:00,1966,"""2026-05-15T00:00:00.000Z""",00:00,09:00,false
psp:omluva:174:1966:2026-05-27:17:40:23:59,1966,"""2026-05-27T00:00:00.000Z""",17:40,23:59,false
psp:omluva:174:1966:2026-05-28:00:00:09:00,1966,"""2026-05-28T00:00:00.000Z""",00:00,09:00,false
psp:omluva:174:1966:2026-05-29:09:00:13:00,1966,"""2026-05-29T00:00:00.000Z""",09:00,13:00,false
psp:omluva:174:1966:2026-06-02:09:00:23:59,1966,"""2026-06-02T00:00:00.000Z""",09:00,23:59,false
psp:omluva:174:1966:2026-06-03:00:00:09:00,1966,"""2026-06-03T00:00:00.000Z""",00:00,09:00,false
psp:omluva:174:1966:2026-06-03:09:00:12:30,1966,"""2026-06-03T00:00:00.000Z""",09:00,12:30,false
psp:omluva:174:1966:2026-06-24:15:30:23:59,1966,"""2026-06-24T00:00:00.000Z""",15:30,23:59,false
psp:omluva:174:1966:2026-06-25:00:00:09:00,1966,"""2026-06-25T00:00:00.000Z""",00:00,09:00,false
psp:omluva:174:1966:2026-07-07:19:30:21:30,1966,"""2026-07-07T00:00:00.000Z""",19:30,21:30,false
psp:omluva:174:1966:2026-07-08:09:00:14:00,1966,"""2026-07-08T00:00:00.000Z""",09:00,14:00,false
psp:omluva:174:1966:2026-07-14:15:30:23:59,1966,"""2026-07-14T00:00:00.000Z""",15:30,23:59,false
psp:omluva:174:1966:2026-07-15:00:00:09:00,1966,"""2026-07-15T00:00:00.000Z""",00:00,09:00,false
psp:omluva:174:1967:2026-01-13:20:15:23:59,1967,"""2026-01-13T00:00:00.000Z""",20:15,23:59,false
psp:omluva:174:1967:2026-01-14:00:00:09:00,1967,"""2026-01-14T00:00:00.000Z""",00:00,09:00,false
psp:omluva:174:1967:2026-01-27:09:00:23:59,1967,"""2026-01-27T00:00:00.000Z""",09:00,23:59,false
psp:omluva:174:1967:2026-01-28:00:00:09:00,1967,"""2026-01-28T00:00:00.000Z""",00:00,09:00,false
psp:omluva:174:1967:2026-01-28:09:00:23:59,1967,"""2026-01-28T00:00:00.000Z""",09:00,23:59,false
psp:omluva:174:1967:2026-01-29:00:00:09:00,1967,"""2026-01-29T00:00:00.000Z""",00:00,09:00,false
psp:omluva:174:1967:2026-01-29:09:00:23:59,1967,"""2026-01-29T00:00:00.000Z""",09:00,23:59,false
psp:omluva:174:1967:2026-01-30:00:00:09:00,1967,"""2026-01-30T00:00:00.000Z""",00:00,09:00,false
psp:omluva:174:1967:2026-01-30:09:00:23:59,1967,"""2026-01-30T00:00:00.000Z""",09:00,23:59,false
psp:omluva:174:1967:2026-01-31:00:00:09:00,1967,"""2026-01-31T00:00:00.000Z""",00:00,09:00,false
psp:omluva:174:1967:2026-04-14:20:15:22:30,1967,"""2026-04-14T00:00:00.000Z""",20:15,22:30,false
psp:omluva:174:1967:2026-04-15:19:00:23:59,1967,"""2026-04-15T00:00:00.000Z""",19:00,23:59,false
psp:omluva:174:1967:2026-04-16:00:00:09:00,1967,"""2026-04-16T00:00:00.000Z""",00:00,09:00,false
psp:omluva:174:1967:2026-04-16:13:00:20:00,1967,"""2026-04-16T00:00:00.000Z""",13:00,20:00,false
psp:omluva:174:1967:2026-04-17:09:00:23:59,1967,"""2026-04-17T00:00:00.000Z""",09:00,23:59,false
psp:omluva:174:1967:2026-04-17:12:30:23:59,1967,"""2026-04-17T00:00:00.000Z""",12:30,23:59,false
psp:omluva:174:1967:2026-04-18:00:00:09:00,1967,"""2026-04-18T00:00:00.000Z""",00:00,09:00,false
psp:omluva:174:1967:2026-04-21:09:00:23:00,1967,"""2026-04-21T00:00:00.000Z""",09:00,23:00,false
psp:omluva:174:1967:2026-05-06:09:30:14:00,1967,"""2026-05-06T00:00:00.000Z""",09:30,14:00,false
psp:omluva:174:1967:2026-05-06:14:30:16:00,1967,"""2026-05-06T00:00:00.000Z""",14:30,16:00,false
psp:omluva:174:1967:2026-05-14:09:00:23:59,1967,"""2026-05-14T00:00:00.000Z""",09:00,23:59,false
psp:omluva:174:1967:2026-05-14:13:30:23:59,1967,"""2026-05-14T00:00:00.000Z""",13:30,23:59,false
psp:omluva:174:1967:2026-05-15:00:00:09:00,1967,"""2026-05-15T00:00:00.000Z""",00:00,09:00,false
psp:omluva:174:1967:2026-05-28:18:00:21:00,1967,"""2026-05-28T00:00:00.000Z""",18:00,21:00,false
psp:omluva:174:1967:2026-06-02:14:00:17:00,1967,"""2026-06-02T00:00:00.000Z""",14:00,17:00,false
psp:omluva:174:1967:2026-06-23:09:00:23:59,1967,"""2026-06-23T00:00:00.000Z""",09:00,23:59,false
psp:omluva:174:1967:2026-06-24:00:00:09:00,1967,"""2026-06-24T00:00:00.000Z""",00:00,09:00,false
psp:omluva:174:1967:2026-06-24:17:00:19:00,1967,"""2026-06-24T00:00:00.000Z""",17:00,19:00,false
psp:omluva:174:1967:2026-06-30:14:25:17:30,1967,"""2026-06-30T00:00:00.000Z""",14:25,17:30,false
psp:omluva:174:1967:2026-07-15:09:00:23:59,1967,"""2026-07-15T00:00:00.000Z""",09:00,23:59,false
psp:omluva:174:1967:2026-07-16:00:00:09:00,1967,"""2026-07-16T00:00:00.000Z""",00:00,09:00,false
psp:omluva:174:1968:2026-01-28:18:00:23:59,1968,"""2026-01-28T00:00:00.000Z""",18:00,23:59,false
psp:omluva:174:1968:2026-01-29:00:00:09:00,1968,"""2026-01-29T00:00:00.000Z""",00:00,09:00,false
psp:omluva:174:1968:2026-02-11:11:00:23:59,1968,"""2026-02-11T00:00:00.000Z""",11:00,23:59,false
psp:omluva:174:1968:2026-02-12:00:00:09:00,1968,"""2026-02-12T00:00:00.000Z""",00:00,09:00,false
psp:omluva:174:1968:2026-02-12:09:00:23:59,1968,"""2026-02-12T00:00:00.000Z""",09:00,23:59,false
psp:omluva:174:1968:2026-02-13:00:00:09:00,1968,"""2026-02-13T00:00:00.000Z""",00:00,09:00,false
psp:omluva:174:1968:2026-04-16:09:00:23:59,1968,"""2026-04-16T00:00:00.000Z""",09:00,23:59,false
psp:omluva:174:1968:2026-04-17:00:00:09:00,1968,"""2026-04-17T00:00:00.000Z""",00:00,09:00,false
psp:omluva:174:1968:2026-04-24:09:00:23:59,1968,"""2026-04-24T00:00:00.000Z""",09:00,23:59,false
psp:omluva:174:1968:2026-04-25:00:00:09:00,1968,"""2026-04-25T00:00:00.000Z""",00:00,09:00,false
psp:omluva:174:1968:2026-05-13:09:00:11:30,1968,"""2026-05-13T00:00:00.000Z""",09:00,11:30,false
psp:omluva:174:1968:2026-05-14:13:30:23:59,1968,"""2026-05-14T00:00:00.000Z""",13:30,23:59,false
psp:omluva:174:1968:2026-05-15:00:00:09:00,1968,"""2026-05-15T00:00:00.000Z""",00:00,09:00,false
psp:omluva:174:1968:2026-05-15:09:00:11:30,1968,"""2026-05-15T00:00:00.000Z""",09:00,11:30,false
psp:omluva:174:1968:2026-05-27:09:00:23:59,1968,"""2026-05-27T00:00:00.000Z""",09:00,23:59,false
psp:omluva:174:1968:2026-05-28:00:00:09:00,1968,"""2026-05-28T00:00:00.000Z""",00:00,09:00,false
psp:omluva:174:1968:2026-06-02:09:00:23:59,1968,"""2026-06-02T00:00:00.000Z""",09:00,23:59,false
psp:omluva:174:1968:2026-06-03:00:00:09:00,1968,"""2026-06-03T00:00:00.000Z""",00:00,09:00,false
psp:omluva:174:1968:2026-06-03:09:00:23:59,1968,"""2026-06-03T00:00:00.000Z""",09:00,23:59,false
psp:omluva:174:1968:2026-06-04:00:00:09:00,1968,"""2026-06-04T00:00:00.000Z""",00:00,09:00,false
psp:omluva:174:1968:2026-06-04:09:00:23:59,1968,"""2026-06-04T00:00:00.000Z""",09:00,23:59,false
psp:omluva:174:1968:2026-06-05:00:00:09:00,1968,"""2026-06-05T00:00:00.000Z""",00:00,09:00,false
psp:omluva:174:1968:2026-06-05:09:00:23:59,1968,"""2026-06-05T00:00:00.000Z""",09:00,23:59,false
psp:omluva:174:1968:2026-06-06:00:00:09:00,1968,"""2026-06-06T00:00:00.000Z""",00:00,09:00,false
psp:omluva:174:1968:2026-06-11:18:45:23:59,1968,"""2026-06-11T00:00:00.000Z""",18:45,23:59,false
psp:omluva:174:1968:2026-06-12:00:00:09:00,1968,"""2026-06-12T00:00:00.000Z""",00:00,09:00,false
psp:omluva:174:1969:2025-11-26:13:00:16:00,1969,"""2025-11-26T00:00:00.000Z""",13:00,16:00,false
psp:omluva:174:1969:2026-01-27:09:00:23:59,1969,"""2026-01-27T00:00:00.000Z""",09:00,23:59,false
psp:omluva:174:1969:2026-01-28:00:00:09:00,1969,"""2026-01-28T00:00:00.000Z""",00:00,09:00,false
psp:omluva:174:1969:2026-01-28:09:00:23:59,1969,"""2026-01-28T00:00:00.000Z""",09:00,23:59,false
psp:omluva:174:1969:2026-01-29:00:00:09:00,1969,"""2026-01-29T00:00:00.000Z""",00:00,09:00,false
psp:omluva:174:1969:2026-01-29:09:00:23:59,1969,"""2026-01-29T00:00:00.000Z""",09:00,23:59,false
psp:omluva:174:1969:2026-01-30:00:00:09:00,1969,"""2026-01-30T00:00:00.000Z""",00:00,09:00,false
psp:omluva:174:1969:2026-01-30:09:00:23:59,1969,"""2026-01-30T00:00:00.000Z""",09:00,23:59,false
psp:omluva:174:1969:2026-01-31:00:00:09:00,1969,"""2026-01-31T00:00:00.000Z""",00:00,09:00,false
psp:omluva:174:1969:2026-02-04:09:00:12:00,1969,"""2026-02-04T00:00:00.000Z""",09:00,12:00,false
psp:omluva:174:1969:2026-04-23:09:00:23:59,1969,"""2026-04-23T00:00:00.000Z""",09:00,23:59,false
psp:omluva:174:1969:2026-04-24:00:00:09:00,1969,"""2026-04-24T00:00:00.000Z""",00:00,09:00,false
psp:omluva:174:1969:2026-04-24:09:00:23:59,1969,"""2026-04-24T00:00:00.000Z""",09:00,23:59,false
psp:omluva:174:1969:2026-04-25:00:00:09:00,1969,"""2026-04-25T00:00:00.000Z""",00:00,09:00,false
psp:omluva:174:1969:2026-05-06:10:00:13:00,1969,"""2026-05-06T00:00:00.000Z""",10:00,13:00,false
psp:omluva:174:1969:2026-05-13:15:00:23:59,1969,"""2026-05-13T00:00:00.000Z""",15:00,23:59,false
psp:omluva:174:1969:2026-05-14:00:00:09:00,1969,"""2026-05-14T00:00:00.000Z""",00:00,09:00,false
psp:omluva:174:1969:2026-05-14:09:00:23:59,1969,"""2026-05-14T00:00:00.000Z""",09:00,23:59,false
psp:omluva:174:1969:2026-05-15:00:00:09:00,1969,"""2026-05-15T00:00:00.000Z""",00:00,09:00,false
psp:omluva:174:1969:2026-05-15:09:00:23:59,1969,"""2026-05-15T00:00:00.000Z""",09:00,23:59,false
psp:omluva:174:1969:2026-05-16:00:00:09:00,1969,"""2026-05-16T00:00:00.000Z""",00:00,09:00,false
psp:omluva:174:1969:2026-05-27:17:15:20:30,1969,"""2026-05-27T00:00:00.000Z""",17:15,20:30,false
psp:omluva:174:1969:2026-06-03:09:00:23:59,1969,"""2026-06-03T00:00:00.000Z""",09:00,23:59,false
psp:omluva:174:1969:2026-06-04:00:00:09:00,1969,"""2026-06-04T00:00:00.000Z""",00:00,09:00,false
psp:omluva:174:1969:2026-06-04:09:00:23:59,1969,"""2026-06-04T00:00:00.000Z""",09:00,23:59,false
psp:omluva:174:1969:2026-06-05:00:00:09:00,1969,"""2026-06-05T00:00:00.000Z""",00:00,09:00,false
psp:omluva:174:1969:2026-06-11:09:00:23:59,1969,"""2026-06-11T00:00:00.000Z""",09:00,23:59,false
psp:omluva:174:1969:2026-06-12:00:00:09:00,1969,"""2026-06-12T00:00:00.000Z""",00:00,09:00,false
psp:omluva:174:1969:2026-06-12:09:00:23:59,1969,"""2026-06-12T00:00:00.000Z""",09:00,23:59,false
psp:omluva:174:1969:2026-06-13:00:00:09:00,1969,"""2026-06-13T00:00:00.000Z""",00:00,09:00,false
psp:omluva:174:1970:2025-11-05:09:00:10:30,1970,"""2025-11-05T00:00:00.000Z""",09:00,10:30,false
psp:omluva:174:1970:2025-11-11:16:30:23:59,1970,"""2025-11-11T00:00:00.000Z""",16:30,23:59,false
psp:omluva:174:1970:2025-11-12:00:00:09:00,1970,"""2025-11-12T00:00:00.000Z""",00:00,09:00,false
psp:omluva:174:1970:2026-01-15:09:00:11:00,1970,"""2026-01-15T00:00:00.000Z""",09:00,11:00,false
psp:omluva:174:1970:2026-01-15:15:00:18:00,1970,"""2026-01-15T00:00:00.000Z""",15:00,18:00,false
psp:omluva:174:1970:2026-01-15:18:00:18:30,1970,"""2026-01-15T00:00:00.000Z""",18:00,18:30,false
psp:omluva:174:1970:2026-01-28:09:00:09:30,1970,"""2026-01-28T00:00:00.000Z""",09:00,09:30,false
psp:omluva:174:1970:2026-01-28:14:30:17:00,1970,"""2026-01-28T00:00:00.000Z""",14:30,17:00,false
psp:omluva:174:1970:2026-01-29:09:00:09:30,1970,"""2026-01-29T00:00:00.000Z""",09:00,09:30,false
psp:omluva:174:1970:2026-01-29:15:00:17:00,1970,"""2026-01-29T00:00:00.000Z""",15:00,17:00,false
psp:omluva:174:1970:2026-02-04:12:45:14:00,1970,"""2026-02-04T00:00:00.000Z""",12:45,14:00,false
psp:omluva:174:1970:2026-02-10:17:25:19:00,1970,"""2026-02-10T00:00:00.000Z""",17:25,19:00,false
psp:omluva:174:1970:2026-02-11:12:30:14:00,1970,"""2026-02-11T00:00:00.000Z""",12:30,14:00,false
psp:omluva:174:1970:2026-02-12:14:30:23:59,1970,"""2026-02-12T00:00:00.000Z""",14:30,23:59,false
psp:omluva:174:1970:2026-02-13:00:00:09:00,1970,"""2026-02-13T00:00:00.000Z""",00:00,09:00,false
psp:omluva:174:1970:2026-02-13:13:00:23:59,1970,"""2026-02-13T00:00:00.000Z""",13:00,23:59,false
psp:omluva:174:1970:2026-02-14:00:00:09:00,1970,"""2026-02-14T00:00:00.000Z""",00:00,09:00,false
psp:omluva:174:1970:2026-03-03:17:30:23:59,1970,"""2026-03-03T00:00:00.000Z""",17:30,23:59,false
psp:omluva:174:1970:2026-03-04:00:00:09:00,1970,"""2026-03-04T00:00:00.000Z""",00:00,09:00,false
psp:omluva:174:1970:2026-03-04:12:15:15:00,1970,"""2026-03-04T00:00:00.000Z""",12:15,15:00,false
psp:omluva:174:1970:2026-03-05:11:40:12:50,1970,"""2026-03-05T00:00:00.000Z""",11:40,12:50,false
psp:omluva:174:1970:2026-03-10:09:00:23:59,1970,"""2026-03-10T00:00:00.000Z""",09:00,23:59,false
psp:omluva:174:1970:2026-03-11:00:00:09:00,1970,"""2026-03-11T00:00:00.000Z""",00:00,09:00,false
psp:omluva:174:1970:2026-03-11:09:00:23:59,1970,"""2026-03-11T00:00:00.000Z""",09:00,23:59,false
psp:omluva:174:1970:2026-03-12:00:00:09:00,1970,"""2026-03-12T00:00:00.000Z""",00:00,09:00,false
psp:omluva:174:1970:2026-03-13:11:30:23:59,1970,"""2026-03-13T00:00:00.000Z""",11:30,23:59,false
psp:omluva:174:1970:2026-03-14:00:00:09:00,1970,"""2026-03-14T00:00:00.000Z""",00:00,09:00,false
psp:omluva:174:1970:2026-03-24:19:15:20:30,1970,"""2026-03-24T00:00:00.000Z""",19:15,20:30,false
psp:omluva:174:1970:2026-03-25:16:30:23:59,1970,"""2026-03-25T00:00:00.000Z""",16:30,23:59,false
psp:omluva:174:1970:2026-03-26:00:00:09:00,1970,"""2026-03-26T00:00:00.000Z""",00:00,09:00,false
psp:omluva:174:1970:2026-04-14:09:00:23:59,1970,"""2026-04-14T00:00:00.000Z""",09:00,23:59,false
psp:omluva:174:1970:2026-04-15:00:00:09:00,1970,"""2026-04-15T00:00:00.000Z""",00:00,09:00,false
psp:omluva:174:1970:2026-04-16:16:20:17:20,1970,"""2026-04-16T00:00:00.000Z""",16:20,17:20,false
psp:omluva:174:1970:2026-04-17:11:55:23:59,1970,"""2026-04-17T00:00:00.000Z""",11:55,23:59,false
psp:omluva:174:1970:2026-04-18:00:00:09:00,1970,"""2026-04-18T00:00:00.000Z""",00:00,09:00,false
psp:omluva:174:1970:2026-04-21:21:15:23:59,1970,"""2026-04-21T00:00:00.000Z""",21:15,23:59,false
psp:omluva:174:1970:2026-04-22:00:00:09:00,1970,"""2026-04-22T00:00:00.000Z""",00:00,09:00,false
psp:omluva:174:1970:2026-04-22:13:30:16:00,1970,"""2026-04-22T00:00:00.000Z""",13:30,16:00,false
psp:omluva:174:1970:2026-04-23:09:00:23:59,1970,"""2026-04-23T00:00:00.000Z""",09:00,23:59,false
psp:omluva:174:1970:2026-04-24:00:00:09:00,1970,"""2026-04-24T00:00:00.000Z""",00:00,09:00,false
psp:omluva:174:1970:2026-05-05:17:00:18:00,1970,"""2026-05-05T00:00:00.000Z""",17:00,18:00,false
psp:omluva:174:1970:2026-05-05:20:00:23:59,1970,"""2026-05-05T00:00:00.000Z""",20:00,23:59,false
psp:omluva:174:1970:2026-05-06:00:00:09:00,1970,"""2026-05-06T00:00:00.000Z""",00:00,09:00,false
psp:omluva:174:1970:2026-05-13:09:00:23:59,1970,"""2026-05-13T00:00:00.000Z""",09:00,23:59,false
psp:omluva:174:1970:2026-05-14:00:00:09:00,1970,"""2026-05-14T00:00:00.000Z""",00:00,09:00,false
psp:omluva:174:1970:2026-05-14:09:00:23:59,1970,"""2026-05-14T00:00:00.000Z""",09:00,23:59,false
psp:omluva:174:1970:2026-05-15:00:00:09:00,1970,"""2026-05-15T00:00:00.000Z""",00:00,09:00,false
psp:omluva:174:1970:2026-05-15:09:00:23:59,1970,"""2026-05-15T00:00:00.000Z""",09:00,23:59,false
psp:omluva:174:1970:2026-05-16:00:00:09:00,1970,"""2026-05-16T00:00:00.000Z""",00:00,09:00,false
psp:omluva:174:1970:2026-05-28:09:00:23:59,1970,"""2026-05-28T00:00:00.000Z""",09:00,23:59,false
psp:omluva:174:1970:2026-05-29:00:00:09:00,1970,"""2026-05-29T00:00:00.000Z""",00:00,09:00,false
psp:omluva:174:1970:2026-06-03:21:00:23:59,1970,"""2026-06-03T00:00:00.000Z""",21:00,23:59,false
psp:omluva:174:1970:2026-06-04:00:00:09:00,1970,"""2026-06-04T00:00:00.000Z""",00:00,09:00,false
psp:omluva:174:1970:2026-06-11:18:00:23:59,1970,"""2026-06-11T00:00:00.000Z""",18:00,23:59,false
psp:omluva:174:1970:2026-06-12:00:00:09:00,1970,"""2026-06-12T00:00:00.000Z""",00:00,09:00,false
psp:omluva:174:1970:2026-07-01:14:00:23:59,1970,"""2026-07-01T00:00:00.000Z""",14:00,23:59,false
psp:omluva:174:1970:2026-07-02:00:00:09:00,1970,"""2026-07-02T00:00:00.000Z""",00:00,09:00,false
psp:omluva:174:1970:2026-07-14:17:00:23:59,1970,"""2026-07-14T00:00:00.000Z""",17:00,23:59,false
psp:omluva:174:1970:2026-07-15:00:00:09:00,1970,"""2026-07-15T00:00:00.000Z""",00:00,09:00,false
psp:omluva:174:1971:2025-11-26:20:00:23:59,1971,"""2025-11-26T00:00:00.000Z""",20:00,23:59,false
psp:omluva:174:1971:2025-11-27:00:00:09:00,1971,"""2025-11-27T00:00:00.000Z""",00:00,09:00,false
psp:omluva:174:1971:2025-11-27:09:00:10:00,1971,"""2025-11-27T00:00:00.000Z""",09:00,10:00,false
psp:omluva:174:1971:2026-02-13:13:30:23:59,1971,"""2026-02-13T00:00:00.000Z""",13:30,23:59,false
psp:omluva:174:1971:2026-02-14:00:00:09:00,1971,"""2026-02-14T00:00:00.000Z""",00:00,09:00,false
psp:omluva:174:1971:2026-05-13:09:00:12:00,1971,"""2026-05-13T00:00:00.000Z""",09:00,12:00,false
psp:omluva:174:1971:2026-05-14:09:00:23:59,1971,"""2026-05-14T00:00:00.000Z""",09:00,23:59,false
psp:omluva:174:1971:2026-05-15:00:00:09:00,1971,"""2026-05-15T00:00:00.000Z""",00:00,09:00,false
psp:omluva:174:1971:2026-05-26:20:40:23:59,1971,"""2026-05-26T00:00:00.000Z""",20:40,23:59,false
psp:omluva:174:1971:2026-05-27:00:00:09:00,1971,"""2026-05-27T00:00:00.000Z""",00:00,09:00,false
psp:omluva:174:1971:2026-06-11:15:05:23:59,1971,"""2026-06-11T00:00:00.000Z""",15:05,23:59,false
psp:omluva:174:1971:2026-06-12:00:00:09:00,1971,"""2026-06-12T00:00:00.000Z""",00:00,09:00,false
psp:omluva:174:1971:2026-06-23:18:00:23:59,1971,"""2026-06-23T00:00:00.000Z""",18:00,23:59,false
psp:omluva:174:1971:2026-06-24:00:00:09:00,1971,"""2026-06-24T00:00:00.000Z""",00:00,09:00,false
psp:omluva:174:1971:2026-06-30:14:00:18:00,1971,"""2026-06-30T00:00:00.000Z""",14:00,18:00,false
psp:omluva:174:1971:2026-07-14:09:00:23:59,1971,"""2026-07-14T00:00:00.000Z""",09:00,23:59,false
psp:omluva:174:1971:2026-07-15:00:00:09:00,1971,"""2026-07-15T00:00:00.000Z""",00:00,09:00,false
psp:omluva:174:1971:2026-07-15:09:00:23:59,1971,"""2026-07-15T00:00:00.000Z""",09:00,23:59,false
psp:omluva:174:1971:2026-07-16:00:00:09:00,1971,"""2026-07-16T00:00:00.000Z""",00:00,09:00,false
psp:omluva:174:1971:2026-07-16:09:00:23:59,1971,"""2026-07-16T00:00:00.000Z""",09:00,23:59,false
psp:omluva:174:1971:2026-07-17:00:00:09:00,1971,"""2026-07-17T00:00:00.000Z""",00:00,09:00,false
psp:omluva:174:1971:2026-07-17:09:00:23:59,1971,"""2026-07-17T00:00:00.000Z""",09:00,23:59,false
psp:omluva:174:1971:2026-07-18:00:00:09:00,1971,"""2026-07-18T00:00:00.000Z""",00:00,09:00,false
psp:omluva:174:1972:2026-03-12:14:00:23:59,1972,"""2026-03-12T00:00:00.000Z""",14:00,23:59,false
psp:omluva:174:1972:2026-03-13:00:00:09:00,1972,"""2026-03-13T00:00:00.000Z""",00:00,09:00,false
psp:omluva:174:1972:2026-04-23:13:30:18:00,1972,"""2026-04-23T00:00:00.000Z""",13:30,18:00,false
psp:omluva:174:1972:2026-05-07:13:00:16:00,1972,"""2026-05-07T00:00:00.000Z""",13:00,16:00,false
psp:omluva:174:1972:2026-06-11:09:00:13:00,1972,"""2026-06-11T00:00:00.000Z""",09:00,13:00,false
psp:omluva:174:1972:2026-06-12:09:00:23:59,1972,"""2026-06-12T00:00:00.000Z""",09:00,23:59,false
psp:omluva:174:1972:2026-06-13:00:00:09:00,1972,"""2026-06-13T00:00:00.000Z""",00:00,09:00,false
psp:omluva:174:1972:2026-06-23:14:10:15:00,1972,"""2026-06-23T00:00:00.000Z""",14:10,15:00,false
psp:omluva:174:1972:2026-06-25:13:15:16:15,1972,"""2026-06-25T00:00:00.000Z""",13:15,16:15,false
psp:omluva:174:1972:2026-07-01:19:00:23:59,1972,"""2026-07-01T00:00:00.000Z""",19:00,23:59,false
psp:omluva:174:1972:2026-07-02:00:00:09:00,1972,"""2026-07-02T00:00:00.000Z""",00:00,09:00,false
psp:omluva:174:1972:2026-07-02:13:10:15:10,1972,"""2026-07-02T00:00:00.000Z""",13:10,15:10,false
psp:omluva:174:1972:2026-07-07:09:00:10:00,1972,"""2026-07-07T00:00:00.000Z""",09:00,10:00,false
psp:omluva:174:1972:2026-07-09:13:10:15:10,1972,"""2026-07-09T00:00:00.000Z""",13:10,15:10,false
psp:omluva:174:1972:2026-07-14:09:00:09:45,1972,"""2026-07-14T00:00:00.000Z""",09:00,09:45,false
psp:omluva:174:1972:2026-07-16:10:45:13:00,1972,"""2026-07-16T00:00:00.000Z""",10:45,13:00,false
psp:omluva:174:1973:2026-01-29:09:00:23:59,1973,"""2026-01-29T00:00:00.000Z""",09:00,23:59,false
psp:omluva:174:1973:2026-01-30:00:00:09:00,1973,"""2026-01-30T00:00:00.000Z""",00:00,09:00,false
psp:omluva:174:1973:2026-02-13:09:00:12:00,1973,"""2026-02-13T00:00:00.000Z""",09:00,12:00,false
psp:omluva:174:1973:2026-03-10:09:00:23:59,1973,"""2026-03-10T00:00:00.000Z""",09:00,23:59,false
psp:omluva:174:1973:2026-03-11:00:00:09:00,1973,"""2026-03-11T00:00:00.000Z""",00:00,09:00,false
psp:omluva:174:1973:2026-04-17:09:00:23:59,1973,"""2026-04-17T00:00:00.000Z""",09:00,23:59,false
psp:omluva:174:1973:2026-04-18:00:00:09:00,1973,"""2026-04-18T00:00:00.000Z""",00:00,09:00,false
psp:omluva:174:1973:2026-06-23:09:00:23:59,1973,"""2026-06-23T00:00:00.000Z""",09:00,23:59,false
psp:omluva:174:1973:2026-06-24:00:00:09:00,1973,"""2026-06-24T00:00:00.000Z""",00:00,09:00,false
psp:omluva:174:1974:2026-01-29:15:00:23:59,1974,"""2026-01-29T00:00:00.000Z""",15:00,23:59,false
psp:omluva:174:1974:2026-01-30:00:00:09:00,1974,"""2026-01-30T00:00:00.000Z""",00:00,09:00,false
psp:omluva:174:1974:2026-02-13:09:00:09:30,1974,"""2026-02-13T00:00:00.000Z""",09:00,09:30,false
psp:omluva:174:1974:2026-02-13:11:30:23:59,1974,"""2026-02-13T00:00:00.000Z""",11:30,23:59,false
psp:omluva:174:1974:2026-02-14:00:00:09:00,1974,"""2026-02-14T00:00:00.000Z""",00:00,09:00,false
psp:omluva:174:1974:2026-03-03:09:00:14:20,1974,"""2026-03-03T00:00:00.000Z""",09:00,14:20,false
psp:omluva:174:1974:2026-06-04:14:00:23:59,1974,"""2026-06-04T00:00:00.000Z""",14:00,23:59,false
psp:omluva:174:1974:2026-06-05:00:00:09:00,1974,"""2026-06-05T00:00:00.000Z""",00:00,09:00,false
psp:omluva:174:1974:2026-06-25:12:50:23:59,1974,"""2026-06-25T00:00:00.000Z""",12:50,23:59,false
psp:omluva:174:1974:2026-06-26:00:00:09:00,1974,"""2026-06-26T00:00:00.000Z""",00:00,09:00,false
psp:omluva:174:1974:2026-06-26:09:00:23:59,1974,"""2026-06-26T00:00:00.000Z""",09:00,23:59,false
psp:omluva:174:1974:2026-06-27:00:00:09:00,1974,"""2026-06-27T00:00:00.000Z""",00:00,09:00,false
psp:omluva:174:1975:2026-03-04:21:30:23:59,1975,"""2026-03-04T00:00:00.000Z""",21:30,23:59,false
psp:omluva:174:1975:2026-03-05:00:00:09:00,1975,"""2026-03-05T00:00:00.000Z""",00:00,09:00,false
psp:omluva:174:1975:2026-03-25:16:31:23:59,1975,"""2026-03-25T00:00:00.000Z""",16:31,23:59,false
psp:omluva:174:1975:2026-03-26:00:00:09:00,1975,"""2026-03-26T00:00:00.000Z""",00:00,09:00,false
psp:omluva:174:1975:2026-05-06:21:00:23:59,1975,"""2026-05-06T00:00:00.000Z""",21:00,23:59,false
psp:omluva:174:1975:2026-05-07:00:00:09:00,1975,"""2026-05-07T00:00:00.000Z""",00:00,09:00,false
psp:omluva:174:1975:2026-05-13:23:00:23:59,1975,"""2026-05-13T00:00:00.000Z""",23:00,23:59,false
psp:omluva:174:1975:2026-05-14:00:00:09:00,1975,"""2026-05-14T00:00:00.000Z""",00:00,09:00,false
psp:omluva:174:1975:2026-06-24:18:30:23:59,1975,"""2026-06-24T00:00:00.000Z""",18:30,23:59,false
psp:omluva:174:1975:2026-06-25:00:00:09:00,1975,"""2026-06-25T00:00:00.000Z""",00:00,09:00,false
psp:omluva:174:1975:2026-06-30:09:00:23:59,1975,"""2026-06-30T00:00:00.000Z""",09:00,23:59,false
psp:omluva:174:1975:2026-07-01:00:00:09:00,1975,"""2026-07-01T00:00:00.000Z""",00:00,09:00,false
psp:omluva:174:1975:2026-07-01:09:00:23:59,1975,"""2026-07-01T00:00:00.000Z""",09:00,23:59,false
psp:omluva:174:1975:2026-07-02:00:00:09:00,1975,"""2026-07-02T00:00:00.000Z""",00:00,09:00,false
psp:omluva:174:1975:2026-07-02:09:00:23:59,1975,"""2026-07-02T00:00:00.000Z""",09:00,23:59,false
psp:omluva:174:1975:2026-07-03:00:00:09:00,1975,"""2026-07-03T00:00:00.000Z""",00:00,09:00,false
psp:omluva:174:1975:2026-07-03:09:00:23:59,1975,"""2026-07-03T00:00:00.000Z""",09:00,23:59,false
psp:omluva:174:1975:2026-07-04:00:00:09:00,1975,"""2026-07-04T00:00:00.000Z""",00:00,09:00,false
psp:omluva:174:1975:2026-07-04:09:00:23:59,1975,"""2026-07-04T00:00:00.000Z""",09:00,23:59,false
psp:omluva:174:1975:2026-07-05:00:00:09:00,1975,"""2026-07-05T00:00:00.000Z""",00:00,09:00,false
psp:omluva:174:1975:2026-07-05:09:00:23:59,1975,"""2026-07-05T00:00:00.000Z""",09:00,23:59,false
psp:omluva:174:1975:2026-07-06:00:00:09:00,1975,"""2026-07-06T00:00:00.000Z""",00:00,09:00,false
psp:omluva:174:1975:2026-07-06:09:00:23:59,1975,"""2026-07-06T00:00:00.000Z""",09:00,23:59,false
psp:omluva:174:1975:2026-07-07:00:00:09:00,1975,"""2026-07-07T00:00:00.000Z""",00:00,09:00,false
psp:omluva:174:1975:2026-07-07:09:00:23:59,1975,"""2026-07-07T00:00:00.000Z""",09:00,23:59,false
psp:omluva:174:1975:2026-07-08:00:00:09:00,1975,"""2026-07-08T00:00:00.000Z""",00:00,09:00,false
psp:omluva:174:1975:2026-07-08:09:00:23:59,1975,"""2026-07-08T00:00:00.000Z""",09:00,23:59,false
psp:omluva:174:1975:2026-07-09:00:00:09:00,1975,"""2026-07-09T00:00:00.000Z""",00:00,09:00,false
psp:omluva:174:1975:2026-07-09:09:00:23:59,1975,"""2026-07-09T00:00:00.000Z""",09:00,23:59,false
psp:omluva:174:1975:2026-07-10:00:00:09:00,1975,"""2026-07-10T00:00:00.000Z""",00:00,09:00,false
psp:omluva:174:1975:2026-07-10:09:00:23:59,1975,"""2026-07-10T00:00:00.000Z""",09:00,23:59,false
psp:omluva:174:1975:2026-07-11:00:00:09:00,1975,"""2026-07-11T00:00:00.000Z""",00:00,09:00,false
psp:omluva:174:1975:2026-07-11:09:00:23:59,1975,"""2026-07-11T00:00:00.000Z""",09:00,23:59,false
psp:omluva:174:1975:2026-07-12:00:00:09:00,1975,"""2026-07-12T00:00:00.000Z""",00:00,09:00,false
psp:omluva:174:1975:2026-07-12:09:00:23:59,1975,"""2026-07-12T00:00:00.000Z""",09:00,23:59,false
psp:omluva:174:1975:2026-07-13:00:00:09:00,1975,"""2026-07-13T00:00:00.000Z""",00:00,09:00,false
psp:omluva:174:1975:2026-07-13:09:00:23:59,1975,"""2026-07-13T00:00:00.000Z""",09:00,23:59,false
psp:omluva:174:1975:2026-07-14:00:00:09:00,1975,"""2026-07-14T00:00:00.000Z""",00:00,09:00,false
psp:omluva:174:1975:2026-07-14:09:00:23:59,1975,"""2026-07-14T00:00:00.000Z""",09:00,23:59,false
psp:omluva:174:1975:2026-07-15:00:00:09:00,1975,"""2026-07-15T00:00:00.000Z""",00:00,09:00,false
psp:omluva:174:1975:2026-07-15:09:00:23:59,1975,"""2026-07-15T00:00:00.000Z""",09:00,23:59,false
psp:omluva:174:1975:2026-07-16:00:00:09:00,1975,"""2026-07-16T00:00:00.000Z""",00:00,09:00,false
psp:omluva:174:1975:2026-07-16:09:00:23:59,1975,"""2026-07-16T00:00:00.000Z""",09:00,23:59,false
psp:omluva:174:1975:2026-07-17:00:00:09:00,1975,"""2026-07-17T00:00:00.000Z""",00:00,09:00,false
psp:omluva:174:1975:2026-07-17:09:00:23:59,1975,"""2026-07-17T00:00:00.000Z""",09:00,23:59,false
psp:omluva:174:1975:2026-07-18:00:00:09:00,1975,"""2026-07-18T00:00:00.000Z""",00:00,09:00,false
psp:omluva:174:1976:2026-03-13:09:00:23:59,1976,"""2026-03-13T00:00:00.000Z""",09:00,23:59,false
psp:omluva:174:1976:2026-03-14:00:00:09:00,1976,"""2026-03-14T00:00:00.000Z""",00:00,09:00,false
psp:omluva:174:1976:2026-07-08:15:00:23:59,1976,"""2026-07-08T00:00:00.000Z""",15:00,23:59,false
psp:omluva:174:1976:2026-07-09:00:00:09:00,1976,"""2026-07-09T00:00:00.000Z""",00:00,09:00,false
psp:omluva:174:1977:2026-05-06:10:00:23:59,1977,"""2026-05-06T00:00:00.000Z""",10:00,23:59,false
psp:omluva:174:1977:2026-05-07:00:00:09:00,1977,"""2026-05-07T00:00:00.000Z""",00:00,09:00,false
psp:omluva:174:1977:2026-05-15:09:00:23:59,1977,"""2026-05-15T00:00:00.000Z""",09:00,23:59,false
psp:omluva:174:1977:2026-05-16:00:00:09:00,1977,"""2026-05-16T00:00:00.000Z""",00:00,09:00,false
psp:omluva:174:1977:2026-05-29:09:00:23:59,1977,"""2026-05-29T00:00:00.000Z""",09:00,23:59,false
psp:omluva:174:1977:2026-05-30:00:00:09:00,1977,"""2026-05-30T00:00:00.000Z""",00:00,09:00,false
psp:omluva:174:1977:2026-06-02:09:00:23:59,1977,"""2026-06-02T00:00:00.000Z""",09:00,23:59,false
psp:omluva:174:1977:2026-06-03:00:00:09:00,1977,"""2026-06-03T00:00:00.000Z""",00:00,09:00,false
psp:omluva:174:1977:2026-06-11:09:00:23:59,1977,"""2026-06-11T00:00:00.000Z""",09:00,23:59,false
psp:omluva:174:1977:2026-06-12:00:00:09:00,1977,"""2026-06-12T00:00:00.000Z""",00:00,09:00,false
psp:omluva:174:1977:2026-06-12:09:00:23:59,1977,"""2026-06-12T00:00:00.000Z""",09:00,23:59,false
psp:omluva:174:1977:2026-06-13:00:00:09:00,1977,"""2026-06-13T00:00:00.000Z""",00:00,09:00,false
psp:omluva:174:1977:2026-06-25:13:00:23:59,1977,"""2026-06-25T00:00:00.000Z""",13:00,23:59,false
psp:omluva:174:1977:2026-06-26:00:00:09:00,1977,"""2026-06-26T00:00:00.000Z""",00:00,09:00,false
psp:omluva:174:1977:2026-07-02:09:00:23:59,1977,"""2026-07-02T00:00:00.000Z""",09:00,23:59,false
psp:omluva:174:1977:2026-07-03:00:00:09:00,1977,"""2026-07-03T00:00:00.000Z""",00:00,09:00,false
psp:omluva:174:1977:2026-07-03:09:00:23:59,1977,"""2026-07-03T00:00:00.000Z""",09:00,23:59,false
psp:omluva:174:1977:2026-07-04:00:00:09:00,1977,"""2026-07-04T00:00:00.000Z""",00:00,09:00,false
psp:omluva:174:1978:2025-11-26:09:00:16:00,1978,"""2025-11-26T00:00:00.000Z""",09:00,16:00,false
psp:omluva:174:1978:2025-11-26:16:00:21:00,1978,"""2025-11-26T00:00:00.000Z""",16:00,21:00,false
psp:omluva:174:1978:2025-11-26:21:00:23:59,1978,"""2025-11-26T00:00:00.000Z""",21:00,23:59,false
psp:omluva:174:1978:2025-11-27:00:00:09:00,1978,"""2025-11-27T00:00:00.000Z""",00:00,09:00,false
psp:omluva:174:1978:2026-01-28:18:30:23:59,1978,"""2026-01-28T00:00:00.000Z""",18:30,23:59,false
psp:omluva:174:1978:2026-01-29:00:00:09:00,1978,"""2026-01-29T00:00:00.000Z""",00:00,09:00,false
psp:omluva:174:1978:2026-02-03:09:00:23:59,1978,"""2026-02-03T00:00:00.000Z""",09:00,23:59,false
psp:omluva:174:1978:2026-02-04:00:00:09:00,1978,"""2026-02-04T00:00:00.000Z""",00:00,09:00,false
psp:omluva:174:1978:2026-02-04:09:00:23:59,1978,"""2026-02-04T00:00:00.000Z""",09:00,23:59,false
psp:omluva:174:1978:2026-02-05:00:00:09:00,1978,"""2026-02-05T00:00:00.000Z""",00:00,09:00,false
psp:omluva:174:1978:2026-03-04:18:30:23:59,1978,"""2026-03-04T00:00:00.000Z""",18:30,23:59,false
psp:omluva:174:1978:2026-03-05:00:00:09:00,1978,"""2026-03-05T00:00:00.000Z""",00:00,09:00,false
psp:omluva:174:1978:2026-03-13:12:00:23:59,1978,"""2026-03-13T00:00:00.000Z""",12:00,23:59,false
psp:omluva:174:1978:2026-03-14:00:00:09:00,1978,"""2026-03-14T00:00:00.000Z""",00:00,09:00,false
psp:omluva:174:1978:2026-04-15:20:00:23:59,1978,"""2026-04-15T00:00:00.000Z""",20:00,23:59,false
psp:omluva:174:1978:2026-04-16:00:00:09:00,1978,"""2026-04-16T00:00:00.000Z""",00:00,09:00,false
psp:omluva:174:1978:2026-04-23:09:00:11:00,1978,"""2026-04-23T00:00:00.000Z""",09:00,11:00,false
psp:omluva:174:1978:2026-05-27:09:00:11:00,1978,"""2026-05-27T00:00:00.000Z""",09:00,11:00,false
psp:omluva:174:1978:2026-05-28:11:00:13:00,1978,"""2026-05-28T00:00:00.000Z""",11:00,13:00,false
psp:omluva:174:1978:2026-06-02:14:30:17:00,1978,"""2026-06-02T00:00:00.000Z""",14:30,17:00,false
psp:omluva:174:1978:2026-06-04:14:30:23:59,1978,"""2026-06-04T00:00:00.000Z""",14:30,23:59,false
psp:omluva:174:1978:2026-06-05:00:00:09:00,1978,"""2026-06-05T00:00:00.000Z""",00:00,09:00,false
psp:omluva:174:1978:2026-06-24:17:45:23:59,1978,"""2026-06-24T00:00:00.000Z""",17:45,23:59,false
psp:omluva:174:1978:2026-06-25:00:00:09:00,1978,"""2026-06-25T00:00:00.000Z""",00:00,09:00,false
psp:omluva:174:1978:2026-06-26:13:40:23:59,1978,"""2026-06-26T00:00:00.000Z""",13:40,23:59,false
psp:omluva:174:1978:2026-06-27:00:00:09:00,1978,"""2026-06-27T00:00:00.000Z""",00:00,09:00,false
psp:omluva:174:1979:2026-01-28:18:00:23:59,1979,"""2026-01-28T00:00:00.000Z""",18:00,23:59,false
psp:omluva:174:1979:2026-01-29:00:00:09:00,1979,"""2026-01-29T00:00:00.000Z""",00:00,09:00,false
psp:omluva:174:1979:2026-01-29:09:00:16:00,1979,"""2026-01-29T00:00:00.000Z""",09:00,16:00,false
psp:omluva:174:1979:2026-02-10:09:00:23:59,1979,"""2026-02-10T00:00:00.000Z""",09:00,23:59,false
psp:omluva:174:1979:2026-02-11:00:00:09:00,1979,"""2026-02-11T00:00:00.000Z""",00:00,09:00,false
psp:omluva:174:1979:2026-02-11:09:00:23:59,1979,"""2026-02-11T00:00:00.000Z""",09:00,23:59,false
psp:omluva:174:1979:2026-02-12:00:00:09:00,1979,"""2026-02-12T00:00:00.000Z""",00:00,09:00,false
psp:omluva:174:1979:2026-02-12:09:00:23:59,1979,"""2026-02-12T00:00:00.000Z""",09:00,23:59,false
psp:omluva:174:1979:2026-02-13:00:00:09:00,1979,"""2026-02-13T00:00:00.000Z""",00:00,09:00,false
psp:omluva:174:1979:2026-02-13:09:00:23:59,1979,"""2026-02-13T00:00:00.000Z""",09:00,23:59,false
psp:omluva:174:1979:2026-02-14:00:00:09:00,1979,"""2026-02-14T00:00:00.000Z""",00:00,09:00,false
psp:omluva:174:1979:2026-03-04:09:00:10:00,1979,"""2026-03-04T00:00:00.000Z""",09:00,10:00,false
psp:omluva:174:1979:2026-03-05:09:00:10:00,1979,"""2026-03-05T00:00:00.000Z""",09:00,10:00,false
psp:omluva:174:1979:2026-03-10:17:30:23:59,1979,"""2026-03-10T00:00:00.000Z""",17:30,23:59,false
psp:omluva:174:1979:2026-03-11:00:00:09:00,1979,"""2026-03-11T00:00:00.000Z""",00:00,09:00,false
psp:omluva:174:1979:2026-03-12:09:00:23:59,1979,"""2026-03-12T00:00:00.000Z""",09:00,23:59,false
psp:omluva:174:1979:2026-03-13:00:00:09:00,1979,"""2026-03-13T00:00:00.000Z""",00:00,09:00,false
psp:omluva:174:1979:2026-03-24:15:30:19:00,1979,"""2026-03-24T00:00:00.000Z""",15:30,19:00,false
psp:omluva:174:1979:2026-04-15:17:00:23:59,1979,"""2026-04-15T00:00:00.000Z""",17:00,23:59,false
psp:omluva:174:1979:2026-04-16:00:00:09:00,1979,"""2026-04-16T00:00:00.000Z""",00:00,09:00,false
psp:omluva:174:1979:2026-04-16:09:00:11:00,1979,"""2026-04-16T00:00:00.000Z""",09:00,11:00,false
psp:omluva:174:1979:2026-04-22:16:30:23:59,1979,"""2026-04-22T00:00:00.000Z""",16:30,23:59,false
psp:omluva:174:1979:2026-04-23:00:00:09:00,1979,"""2026-04-23T00:00:00.000Z""",00:00,09:00,false
psp:omluva:174:1979:2026-04-23:16:00:23:59,1979,"""2026-04-23T00:00:00.000Z""",16:00,23:59,false
psp:omluva:174:1979:2026-04-24:00:00:09:00,1979,"""2026-04-24T00:00:00.000Z""",00:00,09:00,false
psp:omluva:174:1979:2026-05-06:19:00:20:30,1979,"""2026-05-06T00:00:00.000Z""",19:00,20:30,false
psp:omluva:174:1979:2026-05-13:16:00:18:00,1979,"""2026-05-13T00:00:00.000Z""",16:00,18:00,false
psp:omluva:174:1979:2026-05-15:09:00:23:59,1979,"""2026-05-15T00:00:00.000Z""",09:00,23:59,false
psp:omluva:174:1979:2026-05-16:00:00:09:00,1979,"""2026-05-16T00:00:00.000Z""",00:00,09:00,false
psp:omluva:174:1979:2026-05-26:14:00:15:00,1979,"""2026-05-26T00:00:00.000Z""",14:00,15:00,false
psp:omluva:174:1979:2026-05-27:16:00:23:59,1979,"""2026-05-27T00:00:00.000Z""",16:00,23:59,false
psp:omluva:174:1979:2026-05-28:00:00:09:00,1979,"""2026-05-28T00:00:00.000Z""",00:00,09:00,false
psp:omluva:174:1979:2026-05-28:09:00:23:59,1979,"""2026-05-28T00:00:00.000Z""",09:00,23:59,false
psp:omluva:174:1979:2026-05-29:00:00:09:00,1979,"""2026-05-29T00:00:00.000Z""",00:00,09:00,false
psp:omluva:174:1979:2026-06-02:15:00:23:59,1979,"""2026-06-02T00:00:00.000Z""",15:00,23:59,false
psp:omluva:174:1979:2026-06-03:00:00:09:00,1979,"""2026-06-03T00:00:00.000Z""",00:00,09:00,false
psp:omluva:174:1979:2026-06-25:09:00:23:59,1979,"""2026-06-25T00:00:00.000Z""",09:00,23:59,false
psp:omluva:174:1979:2026-06-26:00:00:09:00,1979,"""2026-06-26T00:00:00.000Z""",00:00,09:00,false
psp:omluva:174:1979:2026-06-26:09:00:23:59,1979,"""2026-06-26T00:00:00.000Z""",09:00,23:59,false
psp:omluva:174:1979:2026-06-27:00:00:09:00,1979,"""2026-06-27T00:00:00.000Z""",00:00,09:00,false
psp:omluva:174:1979:2026-06-30:09:00:23:59,1979,"""2026-06-30T00:00:00.000Z""",09:00,23:59,false
psp:omluva:174:1979:2026-07-01:00:00:09:00,1979,"""2026-07-01T00:00:00.000Z""",00:00,09:00,false
psp:omluva:174:1979:2026-07-02:10:00:13:00,1979,"""2026-07-02T00:00:00.000Z""",10:00,13:00,false
psp:omluva:174:1979:2026-07-14:09:00:23:59,1979,"""2026-07-14T00:00:00.000Z""",09:00,23:59,false
psp:omluva:174:1979:2026-07-15:00:00:09:00,1979,"""2026-07-15T00:00:00.000Z""",00:00,09:00,false
psp:omluva:174:1979:2026-07-15:09:00:23:59,1979,"""2026-07-15T00:00:00.000Z""",09:00,23:59,false
psp:omluva:174:1979:2026-07-16:00:00:09:00,1979,"""2026-07-16T00:00:00.000Z""",00:00,09:00,false
psp:omluva:174:1980:2026-01-28:09:00:14:00,1980,"""2026-01-28T00:00:00.000Z""",09:00,14:00,false
psp:omluva:174:1980:2026-01-28:17:30:23:59,1980,"""2026-01-28T00:00:00.000Z""",17:30,23:59,false
psp:omluva:174:1980:2026-01-29:00:00:09:00,1980,"""2026-01-29T00:00:00.000Z""",00:00,09:00,false
psp:omluva:174:1980:2026-01-29:09:00:12:00,1980,"""2026-01-29T00:00:00.000Z""",09:00,12:00,false
psp:omluva:174:1980:2026-01-29:16:00:23:59,1980,"""2026-01-29T00:00:00.000Z""",16:00,23:59,false
psp:omluva:174:1980:2026-01-30:00:00:09:00,1980,"""2026-01-30T00:00:00.000Z""",00:00,09:00,false
psp:omluva:174:1980:2026-01-30:09:00:23:59,1980,"""2026-01-30T00:00:00.000Z""",09:00,23:59,false
psp:omluva:174:1980:2026-01-31:00:00:09:00,1980,"""2026-01-31T00:00:00.000Z""",00:00,09:00,false
psp:omluva:174:1980:2026-02-12:09:00:14:30,1980,"""2026-02-12T00:00:00.000Z""",09:00,14:30,false
psp:omluva:174:1980:2026-02-12:17:00:23:59,1980,"""2026-02-12T00:00:00.000Z""",17:00,23:59,false
psp:omluva:174:1980:2026-02-13:00:00:09:00,1980,"""2026-02-13T00:00:00.000Z""",00:00,09:00,false
psp:omluva:174:1980:2026-02-13:09:00:23:59,1980,"""2026-02-13T00:00:00.000Z""",09:00,23:59,false
psp:omluva:174:1980:2026-02-14:00:00:09:00,1980,"""2026-02-14T00:00:00.000Z""",00:00,09:00,false
psp:omluva:174:1980:2026-03-10:09:00:23:59,1980,"""2026-03-10T00:00:00.000Z""",09:00,23:59,false
psp:omluva:174:1980:2026-03-11:00:00:09:00,1980,"""2026-03-11T00:00:00.000Z""",00:00,09:00,false
psp:omluva:174:1980:2026-03-13:09:00:23:59,1980,"""2026-03-13T00:00:00.000Z""",09:00,23:59,false
psp:omluva:174:1980:2026-03-14:00:00:09:00,1980,"""2026-03-14T00:00:00.000Z""",00:00,09:00,false
psp:omluva:174:1980:2026-03-25:09:00:23:59,1980,"""2026-03-25T00:00:00.000Z""",09:00,23:59,false
psp:omluva:174:1980:2026-03-26:00:00:09:00,1980,"""2026-03-26T00:00:00.000Z""",00:00,09:00,false
psp:omluva:174:1980:2026-04-15:16:00:23:59,1980,"""2026-04-15T00:00:00.000Z""",16:00,23:59,false
psp:omluva:174:1980:2026-04-16:00:00:09:00,1980,"""2026-04-16T00:00:00.000Z""",00:00,09:00,false
psp:omluva:174:1980:2026-04-17:09:00:23:59,1980,"""2026-04-17T00:00:00.000Z""",09:00,23:59,false
psp:omluva:174:1980:2026-04-18:00:00:09:00,1980,"""2026-04-18T00:00:00.000Z""",00:00,09:00,false
psp:omluva:174:1980:2026-04-22:09:00:18:00,1980,"""2026-04-22T00:00:00.000Z""",09:00,18:00,false
psp:omluva:174:1980:2026-05-05:09:00:23:59,1980,"""2026-05-05T00:00:00.000Z""",09:00,23:59,false
psp:omluva:174:1980:2026-05-06:00:00:09:00,1980,"""2026-05-06T00:00:00.000Z""",00:00,09:00,false
psp:omluva:174:1980:2026-05-06:15:00:23:59,1980,"""2026-05-06T00:00:00.000Z""",15:00,23:59,false
psp:omluva:174:1980:2026-05-07:00:00:09:00,1980,"""2026-05-07T00:00:00.000Z""",00:00,09:00,false
psp:omluva:174:1980:2026-05-13:14:00:23:59,1980,"""2026-05-13T00:00:00.000Z""",14:00,23:59,false
psp:omluva:174:1980:2026-05-14:00:00:09:00,1980,"""2026-05-14T00:00:00.000Z""",00:00,09:00,false
psp:omluva:174:1980:2026-05-14:13:30:23:59,1980,"""2026-05-14T00:00:00.000Z""",13:30,23:59,false
psp:omluva:174:1980:2026-05-15:00:00:09:00,1980,"""2026-05-15T00:00:00.000Z""",00:00,09:00,false
psp:omluva:174:1980:2026-05-26:09:00:15:00,1980,"""2026-05-26T00:00:00.000Z""",09:00,15:00,false
psp:omluva:174:1980:2026-05-26:15:00:17:00,1980,"""2026-05-26T00:00:00.000Z""",15:00,17:00,false
psp:omluva:174:1980:2026-05-26:17:00:19:00,1980,"""2026-05-26T00:00:00.000Z""",17:00,19:00,false
psp:omluva:174:1980:2026-05-26:22:00:23:59,1980,"""2026-05-26T00:00:00.000Z""",22:00,23:59,false
psp:omluva:174:1980:2026-05-27:00:00:09:00,1980,"""2026-05-27T00:00:00.000Z""",00:00,09:00,false
psp:omluva:174:1980:2026-05-27:11:00:14:00,1980,"""2026-05-27T00:00:00.000Z""",11:00,14:00,false
psp:omluva:174:1980:2026-05-27:14:00:14:40,1980,"""2026-05-27T00:00:00.000Z""",14:00,14:40,false
psp:omluva:174:1980:2026-05-27:16:00:23:59,1980,"""2026-05-27T00:00:00.000Z""",16:00,23:59,false
psp:omluva:174:1980:2026-05-28:00:00:09:00,1980,"""2026-05-28T00:00:00.000Z""",00:00,09:00,false
psp:omluva:174:1980:2026-05-28:09:00:23:59,1980,"""2026-05-28T00:00:00.000Z""",09:00,23:59,false
psp:omluva:174:1980:2026-05-29:00:00:09:00,1980,"""2026-05-29T00:00:00.000Z""",00:00,09:00,false
psp:omluva:174:1980:2026-05-29:09:00:09:30,1980,"""2026-05-29T00:00:00.000Z""",09:00,09:30,false
psp:omluva:174:1980:2026-06-02:14:45:23:59,1980,"""2026-06-02T00:00:00.000Z""",14:45,23:59,false
psp:omluva:174:1980:2026-06-03:00:00:09:00,1980,"""2026-06-03T00:00:00.000Z""",00:00,09:00,false
psp:omluva:174:1980:2026-06-03:09:00:14:30,1980,"""2026-06-03T00:00:00.000Z""",09:00,14:30,false
psp:omluva:174:1980:2026-06-04:09:00:11:00,1980,"""2026-06-04T00:00:00.000Z""",09:00,11:00,false
psp:omluva:174:1980:2026-06-04:15:00:23:59,1980,"""2026-06-04T00:00:00.000Z""",15:00,23:59,false
psp:omluva:174:1980:2026-06-05:00:00:09:00,1980,"""2026-06-05T00:00:00.000Z""",00:00,09:00,false
psp:omluva:174:1980:2026-06-05:09:00:10:00,1980,"""2026-06-05T00:00:00.000Z""",09:00,10:00,false
psp:omluva:174:1980:2026-06-11:09:00:23:59,1980,"""2026-06-11T00:00:00.000Z""",09:00,23:59,false
psp:omluva:174:1980:2026-06-12:00:00:09:00,1980,"""2026-06-12T00:00:00.000Z""",00:00,09:00,false
psp:omluva:174:1980:2026-06-23:21:30:23:59,1980,"""2026-06-23T00:00:00.000Z""",21:30,23:59,false
psp:omluva:174:1980:2026-06-24:00:00:09:00,1980,"""2026-06-24T00:00:00.000Z""",00:00,09:00,false
psp:omluva:174:1980:2026-06-24:15:00:23:59,1980,"""2026-06-24T00:00:00.000Z""",15:00,23:59,false
psp:omluva:174:1980:2026-06-25:00:00:09:00,1980,"""2026-06-25T00:00:00.000Z""",00:00,09:00,false
psp:omluva:174:1980:2026-06-26:09:00:23:59,1980,"""2026-06-26T00:00:00.000Z""",09:00,23:59,false
psp:omluva:174:1980:2026-06-27:00:00:09:00,1980,"""2026-06-27T00:00:00.000Z""",00:00,09:00,false
psp:omluva:174:1980:2026-06-30:09:00:23:59,1980,"""2026-06-30T00:00:00.000Z""",09:00,23:59,false
psp:omluva:174:1980:2026-07-01:00:00:09:00,1980,"""2026-07-01T00:00:00.000Z""",00:00,09:00,false
psp:omluva:174:1980:2026-07-01:09:00:14:00,1980,"""2026-07-01T00:00:00.000Z""",09:00,14:00,false
psp:omluva:174:1980:2026-07-01:15:00:17:45,1980,"""2026-07-01T00:00:00.000Z""",15:00,17:45,false
psp:omluva:174:1980:2026-07-02:09:00:11:00,1980,"""2026-07-02T00:00:00.000Z""",09:00,11:00,false
psp:omluva:174:1980:2026-07-03:09:00:11:00,1980,"""2026-07-03T00:00:00.000Z""",09:00,11:00,false
psp:omluva:174:1980:2026-07-08:14:00:23:59,1980,"""2026-07-08T00:00:00.000Z""",14:00,23:59,false
psp:omluva:174:1980:2026-07-09:00:00:09:00,1980,"""2026-07-09T00:00:00.000Z""",00:00,09:00,false
psp:omluva:174:1980:2026-07-10:09:00:23:59,1980,"""2026-07-10T00:00:00.000Z""",09:00,23:59,false
psp:omluva:174:1980:2026-07-11:00:00:09:00,1980,"""2026-07-11T00:00:00.000Z""",00:00,09:00,false
psp:omluva:174:1981:2025-10-24:01:01:02:01,1981,"""2025-10-24T00:00:00.000Z""",01:01,02:01,false
psp:omluva:174:1981:2025-10-30:14:01:15:00,1981,"""2025-10-30T00:00:00.000Z""",14:01,15:00,false
psp:omluva:174:1981:2025-10-31:15:00:16:00,1981,"""2025-10-31T00:00:00.000Z""",15:00,16:00,false
psp:omluva:174:1981:2026-02-12:09:00:23:59,1981,"""2026-02-12T00:00:00.000Z""",09:00,23:59,false
psp:omluva:174:1981:2026-02-13:00:00:09:00,1981,"""2026-02-13T00:00:00.000Z""",00:00,09:00,false
psp:omluva:174:1981:2026-02-13:09:00:23:59,1981,"""2026-02-13T00:00:00.000Z""",09:00,23:59,false
psp:omluva:174:1981:2026-02-14:00:00:09:00,1981,"""2026-02-14T00:00:00.000Z""",00:00,09:00,false
psp:omluva:174:1981:2026-03-10:09:00:23:59,1981,"""2026-03-10T00:00:00.000Z""",09:00,23:59,false
psp:omluva:174:1981:2026-03-11:00:00:09:00,1981,"""2026-03-11T00:00:00.000Z""",00:00,09:00,false
psp:omluva:174:1981:2026-04-23:11:00:23:59,1981,"""2026-04-23T00:00:00.000Z""",11:00,23:59,false
psp:omluva:174:1981:2026-04-24:00:00:09:00,1981,"""2026-04-24T00:00:00.000Z""",00:00,09:00,false
psp:omluva:174:1981:2026-04-24:09:00:23:59,1981,"""2026-04-24T00:00:00.000Z""",09:00,23:59,false
psp:omluva:174:1981:2026-04-25:00:00:09:00,1981,"""2026-04-25T00:00:00.000Z""",00:00,09:00,false
psp:omluva:174:1981:2026-05-14:09:00:23:59,1981,"""2026-05-14T00:00:00.000Z""",09:00,23:59,false
psp:omluva:174:1981:2026-05-15:00:00:09:00,1981,"""2026-05-15T00:00:00.000Z""",00:00,09:00,false
psp:omluva:174:1981:2026-05-26:09:00:23:59,1981,"""2026-05-26T00:00:00.000Z""",09:00,23:59,false
psp:omluva:174:1981:2026-05-27:00:00:09:00,1981,"""2026-05-27T00:00:00.000Z""",00:00,09:00,false
psp:omluva:174:1981:2026-05-27:09:00:23:59,1981,"""2026-05-27T00:00:00.000Z""",09:00,23:59,false
psp:omluva:174:1981:2026-05-28:00:00:09:00,1981,"""2026-05-28T00:00:00.000Z""",00:00,09:00,false
psp:omluva:174:1981:2026-05-29:14:00:23:59,1981,"""2026-05-29T00:00:00.000Z""",14:00,23:59,false
psp:omluva:174:1981:2026-05-30:00:00:09:00,1981,"""2026-05-30T00:00:00.000Z""",00:00,09:00,false
psp:omluva:174:1981:2026-06-02:09:00:23:59,1981,"""2026-06-02T00:00:00.000Z""",09:00,23:59,false
psp:omluva:174:1981:2026-06-03:00:00:09:00,1981,"""2026-06-03T00:00:00.000Z""",00:00,09:00,false
psp:omluva:174:1981:2026-06-03:09:00:23:59,1981,"""2026-06-03T00:00:00.000Z""",09:00,23:59,false
psp:omluva:174:1981:2026-06-04:00:00:09:00,1981,"""2026-06-04T00:00:00.000Z""",00:00,09:00,false
psp:omluva:174:1981:2026-06-04:09:00:23:59,1981,"""2026-06-04T00:00:00.000Z""",09:00,23:59,false
psp:omluva:174:1981:2026-06-05:00:00:09:00,1981,"""2026-06-05T00:00:00.000Z""",00:00,09:00,false
psp:omluva:174:1981:2026-06-26:09:00:23:59,1981,"""2026-06-26T00:00:00.000Z""",09:00,23:59,false
psp:omluva:174:1981:2026-06-27:00:00:09:00,1981,"""2026-06-27T00:00:00.000Z""",00:00,09:00,false
psp:omluva:174:1981:2026-07-02:14:30:23:59,1981,"""2026-07-02T00:00:00.000Z""",14:30,23:59,false
psp:omluva:174:1981:2026-07-03:00:00:09:00,1981,"""2026-07-03T00:00:00.000Z""",00:00,09:00,false
psp:omluva:174:1981:2026-07-03:09:00:23:59,1981,"""2026-07-03T00:00:00.000Z""",09:00,23:59,false
psp:omluva:174:1981:2026-07-04:00:00:09:00,1981,"""2026-07-04T00:00:00.000Z""",00:00,09:00,false
psp:omluva:174:1982:2026-01-15:09:00:09:30,1982,"""2026-01-15T00:00:00.000Z""",09:00,09:30,false
psp:omluva:174:1982:2026-04-23:09:00:11:15,1982,"""2026-04-23T00:00:00.000Z""",09:00,11:15,false
psp:omluva:174:1982:2026-05-27:20:45:23:45,1982,"""2026-05-27T00:00:00.000Z""",20:45,23:45,false
psp:omluva:174:1982:2026-06-02:14:00:16:00,1982,"""2026-06-02T00:00:00.000Z""",14:00,16:00,false
psp:omluva:174:1982:2026-06-23:09:00:23:59,1982,"""2026-06-23T00:00:00.000Z""",09:00,23:59,false
psp:omluva:174:1982:2026-06-24:00:00:09:00,1982,"""2026-06-24T00:00:00.000Z""",00:00,09:00,false
psp:omluva:174:1982:2026-06-24:09:00:23:59,1982,"""2026-06-24T00:00:00.000Z""",09:00,23:59,false
psp:omluva:174:1982:2026-06-25:00:00:09:00,1982,"""2026-06-25T00:00:00.000Z""",00:00,09:00,false
psp:omluva:174:1982:2026-06-25:09:00:23:59,1982,"""2026-06-25T00:00:00.000Z""",09:00,23:59,false
psp:omluva:174:1982:2026-06-26:00:00:09:00,1982,"""2026-06-26T00:00:00.000Z""",00:00,09:00,false
psp:omluva:174:1983:2025-11-14:09:00:23:59,1983,"""2025-11-14T00:00:00.000Z""",09:00,23:59,false
psp:omluva:174:1983:2025-11-15:00:00:09:00,1983,"""2025-11-15T00:00:00.000Z""",00:00,09:00,false
psp:omluva:174:1983:2026-01-27:09:00:23:59,1983,"""2026-01-27T00:00:00.000Z""",09:00,23:59,false
psp:omluva:174:1983:2026-01-28:00:00:09:00,1983,"""2026-01-28T00:00:00.000Z""",00:00,09:00,false
psp:omluva:174:1983:2026-01-28:09:00:23:59,1983,"""2026-01-28T00:00:00.000Z""",09:00,23:59,false
psp:omluva:174:1983:2026-01-29:00:00:09:00,1983,"""2026-01-29T00:00:00.000Z""",00:00,09:00,false
psp:omluva:174:1983:2026-02-13:13:00:23:59,1983,"""2026-02-13T00:00:00.000Z""",13:00,23:59,false
psp:omluva:174:1983:2026-02-14:00:00:09:00,1983,"""2026-02-14T00:00:00.000Z""",00:00,09:00,false
psp:omluva:174:1983:2026-03-03:09:00:16:30,1983,"""2026-03-03T00:00:00.000Z""",09:00,16:30,false
psp:omluva:174:1983:2026-03-06:09:00:23:59,1983,"""2026-03-06T00:00:00.000Z""",09:00,23:59,false
psp:omluva:174:1983:2026-03-07:00:00:09:00,1983,"""2026-03-07T00:00:00.000Z""",00:00,09:00,false
psp:omluva:174:1983:2026-03-12:10:00:13:00,1983,"""2026-03-12T00:00:00.000Z""",10:00,13:00,false
psp:omluva:174:1983:2026-04-14:09:00:23:59,1983,"""2026-04-14T00:00:00.000Z""",09:00,23:59,false
psp:omluva:174:1983:2026-04-15:00:00:09:00,1983,"""2026-04-15T00:00:00.000Z""",00:00,09:00,false
psp:omluva:174:1983:2026-04-17:09:00:23:59,1983,"""2026-04-17T00:00:00.000Z""",09:00,23:59,false
psp:omluva:174:1983:2026-04-18:00:00:09:00,1983,"""2026-04-18T00:00:00.000Z""",00:00,09:00,false
psp:omluva:174:1983:2026-04-24:09:00:11:00,1983,"""2026-04-24T00:00:00.000Z""",09:00,11:00,false
psp:omluva:174:1983:2026-05-05:20:00:20:30,1983,"""2026-05-05T00:00:00.000Z""",20:00,20:30,false
psp:omluva:174:1983:2026-05-14:09:00:23:59,1983,"""2026-05-14T00:00:00.000Z""",09:00,23:59,false
psp:omluva:174:1983:2026-05-15:00:00:09:00,1983,"""2026-05-15T00:00:00.000Z""",00:00,09:00,false
psp:omluva:174:1983:2026-05-15:09:00:23:59,1983,"""2026-05-15T00:00:00.000Z""",09:00,23:59,false
psp:omluva:174:1983:2026-05-16:00:00:09:00,1983,"""2026-05-16T00:00:00.000Z""",00:00,09:00,false
psp:omluva:174:1983:2026-05-27:09:00:11:00,1983,"""2026-05-27T00:00:00.000Z""",09:00,11:00,false
psp:omluva:174:1983:2026-05-28:18:00:23:59,1983,"""2026-05-28T00:00:00.000Z""",18:00,23:59,false
psp:omluva:174:1983:2026-05-29:00:00:09:00,1983,"""2026-05-29T00:00:00.000Z""",00:00,09:00,false
psp:omluva:174:1983:2026-06-05:12:00:23:59,1983,"""2026-06-05T00:00:00.000Z""",12:00,23:59,false
psp:omluva:174:1983:2026-06-06:00:00:09:00,1983,"""2026-06-06T00:00:00.000Z""",00:00,09:00,false
psp:omluva:174:1983:2026-06-23:09:00:23:59,1983,"""2026-06-23T00:00:00.000Z""",09:00,23:59,false
psp:omluva:174:1983:2026-06-24:00:00:09:00,1983,"""2026-06-24T00:00:00.000Z""",00:00,09:00,false
psp:omluva:174:1983:2026-07-07:09:00:11:30,1983,"""2026-07-07T00:00:00.000Z""",09:00,11:30,false
psp:omluva:174:1983:2026-07-14:09:00:11:30,1983,"""2026-07-14T00:00:00.000Z""",09:00,11:30,false
psp:omluva:174:1984:2025-11-14:09:00:23:59,1984,"""2025-11-14T00:00:00.000Z""",09:00,23:59,false
psp:omluva:174:1984:2025-11-15:00:00:09:00,1984,"""2025-11-15T00:00:00.000Z""",00:00,09:00,false
psp:omluva:174:1984:2026-01-28:19:30:23:59,1984,"""2026-01-28T00:00:00.000Z""",19:30,23:59,false
psp:omluva:174:1984:2026-01-29:00:00:09:00,1984,"""2026-01-29T00:00:00.000Z""",00:00,09:00,false
psp:omluva:174:1984:2026-01-29:09:00:10:00,1984,"""2026-01-29T00:00:00.000Z""",09:00,10:00,false
psp:omluva:174:1984:2026-01-30:09:00:23:59,1984,"""2026-01-30T00:00:00.000Z""",09:00,23:59,false
psp:omluva:174:1984:2026-01-31:00:00:09:00,1984,"""2026-01-31T00:00:00.000Z""",00:00,09:00,false
psp:omluva:174:1984:2026-02-11:22:15:23:59,1984,"""2026-02-11T00:00:00.000Z""",22:15,23:59,false
psp:omluva:174:1984:2026-02-12:00:00:09:00,1984,"""2026-02-12T00:00:00.000Z""",00:00,09:00,false
psp:omluva:174:1984:2026-03-04:09:00:10:00,1984,"""2026-03-04T00:00:00.000Z""",09:00,10:00,false
psp:omluva:174:1984:2026-03-04:19:00:23:59,1984,"""2026-03-04T00:00:00.000Z""",19:00,23:59,false
psp:omluva:174:1984:2026-03-05:00:00:09:00,1984,"""2026-03-05T00:00:00.000Z""",00:00,09:00,false
psp:omluva:174:1984:2026-03-06:09:00:10:00,1984,"""2026-03-06T00:00:00.000Z""",09:00,10:00,false
psp:omluva:174:1984:2026-03-06:10:30:11:00,1984,"""2026-03-06T00:00:00.000Z""",10:30,11:00,false
psp:omluva:174:1984:2026-03-12:10:00:10:30,1984,"""2026-03-12T00:00:00.000Z""",10:00,10:30,false
psp:omluva:174:1984:2026-03-12:15:00:23:59,1984,"""2026-03-12T00:00:00.000Z""",15:00,23:59,false
psp:omluva:174:1984:2026-03-13:00:00:09:00,1984,"""2026-03-13T00:00:00.000Z""",00:00,09:00,false
psp:omluva:174:1984:2026-03-24:09:00:23:59,1984,"""2026-03-24T00:00:00.000Z""",09:00,23:59,false
psp:omluva:174:1984:2026-03-25:00:00:09:00,1984,"""2026-03-25T00:00:00.000Z""",00:00,09:00,false
psp:omluva:174:1984:2026-03-25:09:00:23:59,1984,"""2026-03-25T00:00:00.000Z""",09:00,23:59,false
psp:omluva:174:1984:2026-03-26:00:00:09:00,1984,"""2026-03-26T00:00:00.000Z""",00:00,09:00,false
psp:omluva:174:1984:2026-03-26:09:00:23:59,1984,"""2026-03-26T00:00:00.000Z""",09:00,23:59,false
psp:omluva:174:1984:2026-03-27:00:00:09:00,1984,"""2026-03-27T00:00:00.000Z""",00:00,09:00,false
psp:omluva:174:1984:2026-03-27:09:00:23:59,1984,"""2026-03-27T00:00:00.000Z""",09:00,23:59,false
psp:omluva:174:1984:2026-03-28:00:00:09:00,1984,"""2026-03-28T00:00:00.000Z""",00:00,09:00,false
psp:omluva:174:1984:2026-04-16:09:00:10:30,1984,"""2026-04-16T00:00:00.000Z""",09:00,10:30,false
psp:omluva:174:1984:2026-04-16:15:30:18:30,1984,"""2026-04-16T00:00:00.000Z""",15:30,18:30,false
psp:omluva:174:1984:2026-04-16:18:30:23:59,1984,"""2026-04-16T00:00:00.000Z""",18:30,23:59,false
psp:omluva:174:1984:2026-04-17:00:00:09:00,1984,"""2026-04-17T00:00:00.000Z""",00:00,09:00,false
psp:omluva:174:1984:2026-04-23:09:00:23:59,1984,"""2026-04-23T00:00:00.000Z""",09:00,23:59,false
psp:omluva:174:1984:2026-04-24:00:00:09:00,1984,"""2026-04-24T00:00:00.000Z""",00:00,09:00,false
psp:omluva:174:1984:2026-05-05:20:15:23:59,1984,"""2026-05-05T00:00:00.000Z""",20:15,23:59,false
psp:omluva:174:1984:2026-05-06:00:00:09:00,1984,"""2026-05-06T00:00:00.000Z""",00:00,09:00,false
psp:omluva:174:1984:2026-05-06:21:00:23:59,1984,"""2026-05-06T00:00:00.000Z""",21:00,23:59,false
psp:omluva:174:1984:2026-05-07:00:00:09:00,1984,"""2026-05-07T00:00:00.000Z""",00:00,09:00,false
psp:omluva:174:1984:2026-05-13:09:00:10:00,1984,"""2026-05-13T00:00:00.000Z""",09:00,10:00,false
psp:omluva:174:1984:2026-05-13:22:00:23:59,1984,"""2026-05-13T00:00:00.000Z""",22:00,23:59,false
psp:omluva:174:1984:2026-05-14:00:00:09:00,1984,"""2026-05-14T00:00:00.000Z""",00:00,09:00,false
psp:omluva:174:1984:2026-05-14:09:00:23:59,1984,"""2026-05-14T00:00:00.000Z""",09:00,23:59,false
psp:omluva:174:1984:2026-05-15:00:00:09:00,1984,"""2026-05-15T00:00:00.000Z""",00:00,09:00,false
psp:omluva:174:1984:2026-05-27:09:00:09:30,1984,"""2026-05-27T00:00:00.000Z""",09:00,09:30,false
psp:omluva:174:1984:2026-05-27:19:00:23:59,1984,"""2026-05-27T00:00:00.000Z""",19:00,23:59,false
psp:omluva:174:1984:2026-05-28:00:00:09:00,1984,"""2026-05-28T00:00:00.000Z""",00:00,09:00,false
psp:omluva:174:1984:2026-05-28:09:00:12:00,1984,"""2026-05-28T00:00:00.000Z""",09:00,12:00,false
psp:omluva:174:1984:2026-05-28:22:00:23:59,1984,"""2026-05-28T00:00:00.000Z""",22:00,23:59,false
psp:omluva:174:1984:2026-05-29:00:00:09:00,1984,"""2026-05-29T00:00:00.000Z""",00:00,09:00,false
psp:omluva:174:1984:2026-05-29:09:00:09:30,1984,"""2026-05-29T00:00:00.000Z""",09:00,09:30,false
psp:omluva:174:1984:2026-06-03:09:00:09:30,1984,"""2026-06-03T00:00:00.000Z""",09:00,09:30,false
psp:omluva:174:1984:2026-06-03:22:00:23:59,1984,"""2026-06-03T00:00:00.000Z""",22:00,23:59,false
psp:omluva:174:1984:2026-06-04:00:00:09:00,1984,"""2026-06-04T00:00:00.000Z""",00:00,09:00,false
psp:omluva:174:1984:2026-06-24:09:00:09:30,1984,"""2026-06-24T00:00:00.000Z""",09:00,09:30,false
psp:omluva:174:1984:2026-06-25:11:45:12:30,1984,"""2026-06-25T00:00:00.000Z""",11:45,12:30,false
psp:omluva:174:1984:2026-06-30:14:00:15:00,1984,"""2026-06-30T00:00:00.000Z""",14:00,15:00,false
psp:omluva:174:1984:2026-07-01:09:00:10:00,1984,"""2026-07-01T00:00:00.000Z""",09:00,10:00,false
psp:omluva:174:1984:2026-07-01:15:00:16:30,1984,"""2026-07-01T00:00:00.000Z""",15:00,16:30,false
psp:omluva:174:1984:2026-07-07:09:00:19:00,1984,"""2026-07-07T00:00:00.000Z""",09:00,19:00,false
psp:omluva:174:1984:2026-07-08:09:00:11:00,1984,"""2026-07-08T00:00:00.000Z""",09:00,11:00,false
psp:omluva:174:1984:2026-07-10:09:00:23:59,1984,"""2026-07-10T00:00:00.000Z""",09:00,23:59,false
psp:omluva:174:1984:2026-07-11:00:00:09:00,1984,"""2026-07-11T00:00:00.000Z""",00:00,09:00,false
psp:omluva:174:1984:2026-07-14:09:00:23:59,1984,"""2026-07-14T00:00:00.000Z""",09:00,23:59,false
psp:omluva:174:1984:2026-07-15:00:00:09:00,1984,"""2026-07-15T00:00:00.000Z""",00:00,09:00,false
psp:omluva:174:1984:2026-07-15:09:00:23:59,1984,"""2026-07-15T00:00:00.000Z""",09:00,23:59,false
psp:omluva:174:1984:2026-07-16:00:00:09:00,1984,"""2026-07-16T00:00:00.000Z""",00:00,09:00,false
psp:omluva:174:1985:2025-11-14:09:00:23:59,1985,"""2025-11-14T00:00:00.000Z""",09:00,23:59,false
psp:omluva:174:1985:2025-11-15:00:00:09:00,1985,"""2025-11-15T00:00:00.000Z""",00:00,09:00,false
psp:omluva:174:1985:2026-01-14:09:00:23:59,1985,"""2026-01-14T00:00:00.000Z""",09:00,23:59,false
psp:omluva:174:1985:2026-01-15:00:00:09:00,1985,"""2026-01-15T00:00:00.000Z""",00:00,09:00,false
psp:omluva:174:1985:2026-01-27:09:00:23:59,1985,"""2026-01-27T00:00:00.000Z""",09:00,23:59,false
psp:omluva:174:1985:2026-01-28:00:00:09:00,1985,"""2026-01-28T00:00:00.000Z""",00:00,09:00,false
psp:omluva:174:1985:2026-01-29:18:00:23:59,1985,"""2026-01-29T00:00:00.000Z""",18:00,23:59,false
psp:omluva:174:1985:2026-01-30:00:00:09:00,1985,"""2026-01-30T00:00:00.000Z""",00:00,09:00,false
psp:omluva:174:1985:2026-01-30:11:00:23:59,1985,"""2026-01-30T00:00:00.000Z""",11:00,23:59,false
psp:omluva:174:1985:2026-01-31:00:00:09:00,1985,"""2026-01-31T00:00:00.000Z""",00:00,09:00,false
psp:omluva:174:1985:2026-02-10:09:00:23:59,1985,"""2026-02-10T00:00:00.000Z""",09:00,23:59,false
psp:omluva:174:1985:2026-02-11:00:00:09:00,1985,"""2026-02-11T00:00:00.000Z""",00:00,09:00,false
psp:omluva:174:1985:2026-03-06:09:00:23:59,1985,"""2026-03-06T00:00:00.000Z""",09:00,23:59,false
psp:omluva:174:1985:2026-03-07:00:00:09:00,1985,"""2026-03-07T00:00:00.000Z""",00:00,09:00,false
psp:omluva:174:1985:2026-03-13:09:00:23:59,1985,"""2026-03-13T00:00:00.000Z""",09:00,23:59,false
psp:omluva:174:1985:2026-03-14:00:00:09:00,1985,"""2026-03-14T00:00:00.000Z""",00:00,09:00,false
psp:omluva:174:1985:2026-04-15:09:00:23:59,1985,"""2026-04-15T00:00:00.000Z""",09:00,23:59,false
psp:omluva:174:1985:2026-04-16:00:00:09:00,1985,"""2026-04-16T00:00:00.000Z""",00:00,09:00,false
psp:omluva:174:1985:2026-04-16:09:00:23:59,1985,"""2026-04-16T00:00:00.000Z""",09:00,23:59,false
psp:omluva:174:1985:2026-04-17:00:00:09:00,1985,"""2026-04-17T00:00:00.000Z""",00:00,09:00,false
psp:omluva:174:1985:2026-04-17:09:00:23:59,1985,"""2026-04-17T00:00:00.000Z""",09:00,23:59,false
psp:omluva:174:1985:2026-04-18:00:00:09:00,1985,"""2026-04-18T00:00:00.000Z""",00:00,09:00,false
psp:omluva:174:1985:2026-04-23:09:00:23:59,1985,"""2026-04-23T00:00:00.000Z""",09:00,23:59,false
psp:omluva:174:1985:2026-04-24:00:00:09:00,1985,"""2026-04-24T00:00:00.000Z""",00:00,09:00,false
psp:omluva:174:1985:2026-04-24:09:00:23:59,1985,"""2026-04-24T00:00:00.000Z""",09:00,23:59,false
psp:omluva:174:1985:2026-04-25:00:00:09:00,1985,"""2026-04-25T00:00:00.000Z""",00:00,09:00,false
psp:omluva:174:1985:2026-05-13:09:00:23:59,1985,"""2026-05-13T00:00:00.000Z""",09:00,23:59,false
psp:omluva:174:1985:2026-05-14:00:00:09:00,1985,"""2026-05-14T00:00:00.000Z""",00:00,09:00,false
psp:omluva:174:1985:2026-05-14:09:00:23:59,1985,"""2026-05-14T00:00:00.000Z""",09:00,23:59,false
psp:omluva:174:1985:2026-05-15:00:00:09:00,1985,"""2026-05-15T00:00:00.000Z""",00:00,09:00,false
psp:omluva:174:1985:2026-05-15:09:00:23:59,1985,"""2026-05-15T00:00:00.000Z""",09:00,23:59,false
psp:omluva:174:1985:2026-05-16:00:00:09:00,1985,"""2026-05-16T00:00:00.000Z""",00:00,09:00,false
psp:omluva:174:1985:2026-06-05:09:00:23:59,1985,"""2026-06-05T00:00:00.000Z""",09:00,23:59,false
psp:omluva:174:1985:2026-06-06:00:00:09:00,1985,"""2026-06-06T00:00:00.000Z""",00:00,09:00,false
psp:omluva:174:1985:2026-06-26:09:00:23:59,1985,"""2026-06-26T00:00:00.000Z""",09:00,23:59,false
psp:omluva:174:1985:2026-06-27:00:00:09:00,1985,"""2026-06-27T00:00:00.000Z""",00:00,09:00,false
psp:omluva:174:1985:2026-07-03:09:00:23:59,1985,"""2026-07-03T00:00:00.000Z""",09:00,23:59,false
psp:omluva:174:1985:2026-07-04:00:00:09:00,1985,"""2026-07-04T00:00:00.000Z""",00:00,09:00,false
psp:omluva:174:1985:2026-07-07:09:00:23:59,1985,"""2026-07-07T00:00:00.000Z""",09:00,23:59,false
psp:omluva:174:1985:2026-07-08:00:00:09:00,1985,"""2026-07-08T00:00:00.000Z""",00:00,09:00,false
psp:omluva:174:1985:2026-07-08:09:00:23:59,1985,"""2026-07-08T00:00:00.000Z""",09:00,23:59,false
psp:omluva:174:1985:2026-07-09:00:00:09:00,1985,"""2026-07-09T00:00:00.000Z""",00:00,09:00,false
psp:omluva:174:1985:2026-07-09:09:00:23:59,1985,"""2026-07-09T00:00:00.000Z""",09:00,23:59,false
psp:omluva:174:1985:2026-07-10:00:00:09:00,1985,"""2026-07-10T00:00:00.000Z""",00:00,09:00,false
psp:omluva:174:1986:2025-11-27:09:00:18:00,1986,"""2025-11-27T00:00:00.000Z""",09:00,18:00,false
psp:omluva:174:1986:2026-01-29:19:00:23:59,1986,"""2026-01-29T00:00:00.000Z""",19:00,23:59,false
psp:omluva:174:1986:2026-01-30:00:00:09:00,1986,"""2026-01-30T00:00:00.000Z""",00:00,09:00,false
psp:omluva:174:1986:2026-02-04:09:00:10:00,1986,"""2026-02-04T00:00:00.000Z""",09:00,10:00,false
psp:omluva:174:1986:2026-02-04:12:00:15:00,1986,"""2026-02-04T00:00:00.000Z""",12:00,15:00,false
psp:omluva:174:1986:2026-02-11:10:40:11:00,1986,"""2026-02-11T00:00:00.000Z""",10:40,11:00,false
psp:omluva:174:1986:2026-02-11:21:45:23:15,1986,"""2026-02-11T00:00:00.000Z""",21:45,23:15,false
psp:omluva:174:1986:2026-02-12:09:00:12:00,1986,"""2026-02-12T00:00:00.000Z""",09:00,12:00,false
psp:omluva:174:1986:2026-02-12:14:30:23:59,1986,"""2026-02-12T00:00:00.000Z""",14:30,23:59,false
psp:omluva:174:1986:2026-02-13:00:00:09:00,1986,"""2026-02-13T00:00:00.000Z""",00:00,09:00,false
psp:omluva:174:1986:2026-03-10:09:00:23:59,1986,"""2026-03-10T00:00:00.000Z""",09:00,23:59,false
psp:omluva:174:1986:2026-03-11:00:00:09:00,1986,"""2026-03-11T00:00:00.000Z""",00:00,09:00,false
psp:omluva:174:1986:2026-03-11:19:16:23:59,1986,"""2026-03-11T00:00:00.000Z""",19:16,23:59,false
psp:omluva:174:1986:2026-03-12:00:00:09:00,1986,"""2026-03-12T00:00:00.000Z""",00:00,09:00,false
psp:omluva:174:1986:2026-03-12:09:00:10:30,1986,"""2026-03-12T00:00:00.000Z""",09:00,10:30,false
psp:omluva:174:1986:2026-03-12:17:00:23:59,1986,"""2026-03-12T00:00:00.000Z""",17:00,23:59,false
psp:omluva:174:1986:2026-03-13:00:00:09:00,1986,"""2026-03-13T00:00:00.000Z""",00:00,09:00,false
psp:omluva:174:1986:2026-03-25:15:00:23:59,1986,"""2026-03-25T00:00:00.000Z""",15:00,23:59,false
psp:omluva:174:1986:2026-03-26:00:00:09:00,1986,"""2026-03-26T00:00:00.000Z""",00:00,09:00,false
psp:omluva:174:1986:2026-04-15:09:00:10:30,1986,"""2026-04-15T00:00:00.000Z""",09:00,10:30,false
psp:omluva:174:1986:2026-04-15:20:00:21:30,1986,"""2026-04-15T00:00:00.000Z""",20:00,21:30,false
psp:omluva:174:1986:2026-04-16:15:15:18:45,1986,"""2026-04-16T00:00:00.000Z""",15:15,18:45,false
psp:omluva:174:1986:2026-04-21:22:00:23:59,1986,"""2026-04-21T00:00:00.000Z""",22:00,23:59,false
psp:omluva:174:1986:2026-04-22:00:00:09:00,1986,"""2026-04-22T00:00:00.000Z""",00:00,09:00,false
psp:omluva:174:1986:2026-04-23:09:00:11:00,1986,"""2026-04-23T00:00:00.000Z""",09:00,11:00,false
psp:omluva:174:1986:2026-04-24:13:45:23:59,1986,"""2026-04-24T00:00:00.000Z""",13:45,23:59,false
psp:omluva:174:1986:2026-04-25:00:00:09:00,1986,"""2026-04-25T00:00:00.000Z""",00:00,09:00,false
psp:omluva:174:1986:2026-05-05:09:00:23:59,1986,"""2026-05-05T00:00:00.000Z""",09:00,23:59,false
psp:omluva:174:1986:2026-05-06:00:00:09:00,1986,"""2026-05-06T00:00:00.000Z""",00:00,09:00,false
psp:omluva:174:1986:2026-05-06:09:00:23:59,1986,"""2026-05-06T00:00:00.000Z""",09:00,23:59,false
psp:omluva:174:1986:2026-05-07:00:00:09:00,1986,"""2026-05-07T00:00:00.000Z""",00:00,09:00,false
psp:omluva:174:1986:2026-05-13:20:15:23:59,1986,"""2026-05-13T00:00:00.000Z""",20:15,23:59,false
psp:omluva:174:1986:2026-05-14:00:00:09:00,1986,"""2026-05-14T00:00:00.000Z""",00:00,09:00,false
psp:omluva:174:1986:2026-05-14:13:30:23:59,1986,"""2026-05-14T00:00:00.000Z""",13:30,23:59,false
psp:omluva:174:1986:2026-05-15:00:00:09:00,1986,"""2026-05-15T00:00:00.000Z""",00:00,09:00,false
psp:omluva:174:1986:2026-05-27:19:30:23:59,1986,"""2026-05-27T00:00:00.000Z""",19:30,23:59,false
psp:omluva:174:1986:2026-05-28:00:00:09:00,1986,"""2026-05-28T00:00:00.000Z""",00:00,09:00,false
psp:omluva:174:1986:2026-05-28:09:00:11:00,1986,"""2026-05-28T00:00:00.000Z""",09:00,11:00,false
psp:omluva:174:1986:2026-05-28:13:45:23:00,1986,"""2026-05-28T00:00:00.000Z""",13:45,23:00,false
psp:omluva:174:1986:2026-06-02:18:15:21:30,1986,"""2026-06-02T00:00:00.000Z""",18:15,21:30,false
psp:omluva:174:1986:2026-06-03:09:00:12:00,1986,"""2026-06-03T00:00:00.000Z""",09:00,12:00,false
psp:omluva:174:1986:2026-06-03:21:15:23:59,1986,"""2026-06-03T00:00:00.000Z""",21:15,23:59,false
psp:omluva:174:1986:2026-06-04:00:00:09:00,1986,"""2026-06-04T00:00:00.000Z""",00:00,09:00,false
psp:omluva:174:1986:2026-06-11:09:00:12:30,1986,"""2026-06-11T00:00:00.000Z""",09:00,12:30,false
psp:omluva:174:1986:2026-06-11:16:00:23:59,1986,"""2026-06-11T00:00:00.000Z""",16:00,23:59,false
psp:omluva:174:1986:2026-06-12:00:00:09:00,1986,"""2026-06-12T00:00:00.000Z""",00:00,09:00,false
psp:omluva:174:1986:2026-06-24:15:00:17:00,1986,"""2026-06-24T00:00:00.000Z""",15:00,17:00,false
psp:omluva:174:1986:2026-06-26:09:00:10:00,1986,"""2026-06-26T00:00:00.000Z""",09:00,10:00,false
psp:omluva:174:1986:2026-06-30:22:30:23:59,1986,"""2026-06-30T00:00:00.000Z""",22:30,23:59,false
psp:omluva:174:1986:2026-07-01:00:00:09:00,1986,"""2026-07-01T00:00:00.000Z""",00:00,09:00,false
psp:omluva:174:1986:2026-07-01:15:00:16:00,1986,"""2026-07-01T00:00:00.000Z""",15:00,16:00,false
psp:omluva:174:1986:2026-07-01:16:00:17:00,1986,"""2026-07-01T00:00:00.000Z""",16:00,17:00,false
psp:omluva:174:1986:2026-07-01:18:00:19:00,1986,"""2026-07-01T00:00:00.000Z""",18:00,19:00,false
psp:omluva:174:1986:2026-07-02:09:00:11:00,1986,"""2026-07-02T00:00:00.000Z""",09:00,11:00,false
psp:omluva:174:1986:2026-07-02:11:15:23:59,1986,"""2026-07-02T00:00:00.000Z""",11:15,23:59,false
psp:omluva:174:1986:2026-07-03:00:00:09:00,1986,"""2026-07-03T00:00:00.000Z""",00:00,09:00,false
psp:omluva:174:1986:2026-07-03:09:00:09:59,1986,"""2026-07-03T00:00:00.000Z""",09:00,09:59,false
psp:omluva:174:1986:2026-07-07:09:00:23:59,1986,"""2026-07-07T00:00:00.000Z""",09:00,23:59,false
psp:omluva:174:1986:2026-07-08:00:00:09:00,1986,"""2026-07-08T00:00:00.000Z""",00:00,09:00,false
psp:omluva:174:1986:2026-07-08:09:00:23:59,1986,"""2026-07-08T00:00:00.000Z""",09:00,23:59,false
psp:omluva:174:1986:2026-07-09:00:00:09:00,1986,"""2026-07-09T00:00:00.000Z""",00:00,09:00,false
psp:omluva:174:1986:2026-07-14:09:00:11:00,1986,"""2026-07-14T00:00:00.000Z""",09:00,11:00,false
psp:omluva:174:1986:2026-07-15:09:00:09:15,1986,"""2026-07-15T00:00:00.000Z""",09:00,09:15,false
psp:omluva:174:1987:2026-02-13:09:00:23:59,1987,"""2026-02-13T00:00:00.000Z""",09:00,23:59,false
psp:omluva:174:1987:2026-02-14:00:00:09:00,1987,"""2026-02-14T00:00:00.000Z""",00:00,09:00,false
psp:omluva:174:1987:2026-04-16:09:00:23:59,1987,"""2026-04-16T00:00:00.000Z""",09:00,23:59,false
psp:omluva:174:1987:2026-04-17:00:00:09:00,1987,"""2026-04-17T00:00:00.000Z""",00:00,09:00,false
psp:omluva:174:1987:2026-05-06:09:00:23:59,1987,"""2026-05-06T00:00:00.000Z""",09:00,23:59,false
psp:omluva:174:1987:2026-05-07:00:00:09:00,1987,"""2026-05-07T00:00:00.000Z""",00:00,09:00,false
psp:omluva:174:1987:2026-05-14:09:00:23:59,1987,"""2026-05-14T00:00:00.000Z""",09:00,23:59,false
psp:omluva:174:1987:2026-05-15:00:00:09:00,1987,"""2026-05-15T00:00:00.000Z""",00:00,09:00,false
psp:omluva:174:1987:2026-05-15:09:00:23:59,1987,"""2026-05-15T00:00:00.000Z""",09:00,23:59,false
psp:omluva:174:1987:2026-05-16:00:00:09:00,1987,"""2026-05-16T00:00:00.000Z""",00:00,09:00,false
psp:omluva:174:1987:2026-06-26:09:00:23:59,1987,"""2026-06-26T00:00:00.000Z""",09:00,23:59,false
psp:omluva:174:1987:2026-06-27:00:00:09:00,1987,"""2026-06-27T00:00:00.000Z""",00:00,09:00,false
psp:omluva:174:1987:2026-07-02:09:00:23:59,1987,"""2026-07-02T00:00:00.000Z""",09:00,23:59,false
psp:omluva:174:1987:2026-07-03:00:00:09:00,1987,"""2026-07-03T00:00:00.000Z""",00:00,09:00,false
psp:omluva:174:1988:2025-11-26:18:30:23:59,1988,"""2025-11-26T00:00:00.000Z""",18:30,23:59,false
psp:omluva:174:1988:2025-11-27:00:00:09:00,1988,"""2025-11-27T00:00:00.000Z""",00:00,09:00,false
psp:omluva:174:1988:2026-01-14:09:00:23:59,1988,"""2026-01-14T00:00:00.000Z""",09:00,23:59,false
psp:omluva:174:1988:2026-01-15:00:00:09:00,1988,"""2026-01-15T00:00:00.000Z""",00:00,09:00,false
psp:omluva:174:1988:2026-01-16:09:00:13:00,1988,"""2026-01-16T00:00:00.000Z""",09:00,13:00,false
psp:omluva:174:1988:2026-01-28:16:30:23:59,1988,"""2026-01-28T00:00:00.000Z""",16:30,23:59,false
psp:omluva:174:1988:2026-01-29:00:00:09:00,1988,"""2026-01-29T00:00:00.000Z""",00:00,09:00,false
psp:omluva:174:1988:2026-02-10:16:00:23:59,1988,"""2026-02-10T00:00:00.000Z""",16:00,23:59,false
psp:omluva:174:1988:2026-02-11:00:00:09:00,1988,"""2026-02-11T00:00:00.000Z""",00:00,09:00,false
psp:omluva:174:1988:2026-02-12:09:00:23:59,1988,"""2026-02-12T00:00:00.000Z""",09:00,23:59,false
psp:omluva:174:1988:2026-02-13:00:00:09:00,1988,"""2026-02-13T00:00:00.000Z""",00:00,09:00,false
psp:omluva:174:1988:2026-02-13:09:00:23:59,1988,"""2026-02-13T00:00:00.000Z""",09:00,23:59,false
psp:omluva:174:1988:2026-02-14:00:00:09:00,1988,"""2026-02-14T00:00:00.000Z""",00:00,09:00,false
psp:omluva:174:1988:2026-03-03:19:30:23:59,1988,"""2026-03-03T00:00:00.000Z""",19:30,23:59,false
psp:omluva:174:1988:2026-03-04:00:00:09:00,1988,"""2026-03-04T00:00:00.000Z""",00:00,09:00,false
psp:omluva:174:1988:2026-03-04:09:00:23:59,1988,"""2026-03-04T00:00:00.000Z""",09:00,23:59,false
psp:omluva:174:1988:2026-03-05:00:00:09:00,1988,"""2026-03-05T00:00:00.000Z""",00:00,09:00,false
psp:omluva:174:1988:2026-03-05:12:30:14:00,1988,"""2026-03-05T00:00:00.000Z""",12:30,14:00,false
psp:omluva:174:1988:2026-03-12:09:00:23:59,1988,"""2026-03-12T00:00:00.000Z""",09:00,23:59,false
psp:omluva:174:1988:2026-03-13:00:00:09:00,1988,"""2026-03-13T00:00:00.000Z""",00:00,09:00,false
psp:omluva:174:1988:2026-03-13:09:00:23:59,1988,"""2026-03-13T00:00:00.000Z""",09:00,23:59,false
psp:omluva:174:1988:2026-03-14:00:00:09:00,1988,"""2026-03-14T00:00:00.000Z""",00:00,09:00,false
psp:omluva:174:1988:2026-03-25:09:00:23:59,1988,"""2026-03-25T00:00:00.000Z""",09:00,23:59,false
psp:omluva:174:1988:2026-03-26:00:00:09:00,1988,"""2026-03-26T00:00:00.000Z""",00:00,09:00,false
psp:omluva:174:1988:2026-04-15:17:30:23:59,1988,"""2026-04-15T00:00:00.000Z""",17:30,23:59,false
psp:omluva:174:1988:2026-04-16:00:00:09:00,1988,"""2026-04-16T00:00:00.000Z""",00:00,09:00,false
psp:omluva:174:1988:2026-04-17:09:00:23:59,1988,"""2026-04-17T00:00:00.000Z""",09:00,23:59,false
psp:omluva:174:1988:2026-04-18:00:00:09:00,1988,"""2026-04-18T00:00:00.000Z""",00:00,09:00,false
psp:omluva:174:1988:2026-04-22:17:00:23:59,1988,"""2026-04-22T00:00:00.000Z""",17:00,23:59,false
psp:omluva:174:1988:2026-04-23:00:00:09:00,1988,"""2026-04-23T00:00:00.000Z""",00:00,09:00,false
psp:omluva:174:1988:2026-04-23:09:00:23:59,1988,"""2026-04-23T00:00:00.000Z""",09:00,23:59,false
psp:omluva:174:1988:2026-04-24:00:00:09:00,1988,"""2026-04-24T00:00:00.000Z""",00:00,09:00,false
psp:omluva:174:1988:2026-05-06:09:00:23:59,1988,"""2026-05-06T00:00:00.000Z""",09:00,23:59,false
psp:omluva:174:1988:2026-05-07:00:00:09:00,1988,"""2026-05-07T00:00:00.000Z""",00:00,09:00,false
psp:omluva:174:1988:2026-05-13:18:00:23:59,1988,"""2026-05-13T00:00:00.000Z""",18:00,23:59,false
psp:omluva:174:1988:2026-05-14:00:00:09:00,1988,"""2026-05-14T00:00:00.000Z""",00:00,09:00,false
psp:omluva:174:1988:2026-05-14:09:00:23:59,1988,"""2026-05-14T00:00:00.000Z""",09:00,23:59,false
psp:omluva:174:1988:2026-05-15:00:00:09:00,1988,"""2026-05-15T00:00:00.000Z""",00:00,09:00,false
psp:omluva:174:1988:2026-05-26:19:45:20:30,1988,"""2026-05-26T00:00:00.000Z""",19:45,20:30,false
psp:omluva:174:1988:2026-05-28:16:00:23:59,1988,"""2026-05-28T00:00:00.000Z""",16:00,23:59,false
psp:omluva:174:1988:2026-05-29:00:00:09:00,1988,"""2026-05-29T00:00:00.000Z""",00:00,09:00,false
psp:omluva:174:1988:2026-05-29:09:00:23:59,1988,"""2026-05-29T00:00:00.000Z""",09:00,23:59,false
psp:omluva:174:1988:2026-05-30:00:00:09:00,1988,"""2026-05-30T00:00:00.000Z""",00:00,09:00,false
psp:omluva:174:1988:2026-06-02:15:01:16:00,1988,"""2026-06-02T00:00:00.000Z""",15:01,16:00,false
psp:omluva:174:1988:2026-06-03:09:00:23:59,1988,"""2026-06-03T00:00:00.000Z""",09:00,23:59,false
psp:omluva:174:1988:2026-06-04:00:00:09:00,1988,"""2026-06-04T00:00:00.000Z""",00:00,09:00,false
psp:omluva:174:1988:2026-06-24:09:00:23:59,1988,"""2026-06-24T00:00:00.000Z""",09:00,23:59,false
psp:omluva:174:1988:2026-06-25:00:00:09:00,1988,"""2026-06-25T00:00:00.000Z""",00:00,09:00,false
psp:omluva:174:1988:2026-06-25:09:00:23:59,1988,"""2026-06-25T00:00:00.000Z""",09:00,23:59,false
psp:omluva:174:1988:2026-06-26:00:00:09:00,1988,"""2026-06-26T00:00:00.000Z""",00:00,09:00,false
psp:omluva:174:1988:2026-06-26:09:00:23:59,1988,"""2026-06-26T00:00:00.000Z""",09:00,23:59,false
psp:omluva:174:1988:2026-06-27:00:00:09:00,1988,"""2026-06-27T00:00:00.000Z""",00:00,09:00,false
psp:omluva:174:1988:2026-07-02:09:00:23:59,1988,"""2026-07-02T00:00:00.000Z""",09:00,23:59,false
psp:omluva:174:1988:2026-07-03:00:00:09:00,1988,"""2026-07-03T00:00:00.000Z""",00:00,09:00,false
psp:omluva:174:1988:2026-07-03:09:00:23:59,1988,"""2026-07-03T00:00:00.000Z""",09:00,23:59,false
psp:omluva:174:1988:2026-07-04:00:00:09:00,1988,"""2026-07-04T00:00:00.000Z""",00:00,09:00,false
psp:omluva:174:1988:2026-07-10:09:00:23:59,1988,"""2026-07-10T00:00:00.000Z""",09:00,23:59,false
psp:omluva:174:1988:2026-07-11:00:00:09:00,1988,"""2026-07-11T00:00:00.000Z""",00:00,09:00,false
psp:omluva:174:1988:2026-07-14:11:00:16:00,1988,"""2026-07-14T00:00:00.000Z""",11:00,16:00,false
psp:omluva:174:1989:2025-11-26:18:00:20:00,1989,"""2025-11-26T00:00:00.000Z""",18:00,20:00,false
psp:omluva:174:1989:2026-01-27:09:00:23:59,1989,"""2026-01-27T00:00:00.000Z""",09:00,23:59,false
psp:omluva:174:1989:2026-01-28:00:00:09:00,1989,"""2026-01-28T00:00:00.000Z""",00:00,09:00,false
psp:omluva:174:1989:2026-01-28:09:00:23:59,1989,"""2026-01-28T00:00:00.000Z""",09:00,23:59,false
psp:omluva:174:1989:2026-01-29:00:00:09:00,1989,"""2026-01-29T00:00:00.000Z""",00:00,09:00,false
psp:omluva:174:1989:2026-01-29:09:00:23:59,1989,"""2026-01-29T00:00:00.000Z""",09:00,23:59,false
psp:omluva:174:1989:2026-01-30:00:00:09:00,1989,"""2026-01-30T00:00:00.000Z""",00:00,09:00,false
psp:omluva:174:1989:2026-01-30:09:00:23:59,1989,"""2026-01-30T00:00:00.000Z""",09:00,23:59,false
psp:omluva:174:1989:2026-01-31:00:00:09:00,1989,"""2026-01-31T00:00:00.000Z""",00:00,09:00,false
psp:omluva:174:1989:2026-02-04:16:30:23:59,1989,"""2026-02-04T00:00:00.000Z""",16:30,23:59,false
psp:omluva:174:1989:2026-02-05:00:00:09:00,1989,"""2026-02-05T00:00:00.000Z""",00:00,09:00,false
psp:omluva:174:1989:2026-02-11:14:30:16:00,1989,"""2026-02-11T00:00:00.000Z""",14:30,16:00,false
psp:omluva:174:1989:2026-02-11:18:00:20:00,1989,"""2026-02-11T00:00:00.000Z""",18:00,20:00,false
psp:omluva:174:1989:2026-02-13:09:00:23:59,1989,"""2026-02-13T00:00:00.000Z""",09:00,23:59,false
psp:omluva:174:1989:2026-02-14:00:00:09:00,1989,"""2026-02-14T00:00:00.000Z""",00:00,09:00,false
psp:omluva:174:1989:2026-03-05:11:30:17:30,1989,"""2026-03-05T00:00:00.000Z""",11:30,17:30,false
psp:omluva:174:1989:2026-03-12:12:00:23:59,1989,"""2026-03-12T00:00:00.000Z""",12:00,23:59,false
psp:omluva:174:1989:2026-03-13:00:00:09:00,1989,"""2026-03-13T00:00:00.000Z""",00:00,09:00,false
psp:omluva:174:1989:2026-03-13:09:00:23:59,1989,"""2026-03-13T00:00:00.000Z""",09:00,23:59,false
psp:omluva:174:1989:2026-03-14:00:00:09:00,1989,"""2026-03-14T00:00:00.000Z""",00:00,09:00,false
psp:omluva:174:1989:2026-04-15:19:00:23:59,1989,"""2026-04-15T00:00:00.000Z""",19:00,23:59,false
psp:omluva:174:1989:2026-04-16:00:00:09:00,1989,"""2026-04-16T00:00:00.000Z""",00:00,09:00,false
psp:omluva:174:1989:2026-04-16:12:00:23:59,1989,"""2026-04-16T00:00:00.000Z""",12:00,23:59,false
psp:omluva:174:1989:2026-04-17:00:00:09:00,1989,"""2026-04-17T00:00:00.000Z""",00:00,09:00,false
psp:omluva:174:1989:2026-04-17:09:00:23:59,1989,"""2026-04-17T00:00:00.000Z""",09:00,23:59,false
psp:omluva:174:1989:2026-04-18:00:00:09:00,1989,"""2026-04-18T00:00:00.000Z""",00:00,09:00,false
psp:omluva:174:1989:2026-04-21:19:00:20:30,1989,"""2026-04-21T00:00:00.000Z""",19:00,20:30,false
psp:omluva:174:1989:2026-04-23:11:00:15:30,1989,"""2026-04-23T00:00:00.000Z""",11:00,15:30,false
psp:omluva:174:1989:2026-05-13:18:00:23:59,1989,"""2026-05-13T00:00:00.000Z""",18:00,23:59,false
psp:omluva:174:1989:2026-05-14:00:00:09:00,1989,"""2026-05-14T00:00:00.000Z""",00:00,09:00,false
psp:omluva:174:1989:2026-05-14:09:00:23:59,1989,"""2026-05-14T00:00:00.000Z""",09:00,23:59,false
psp:omluva:174:1989:2026-05-15:00:00:09:00,1989,"""2026-05-15T00:00:00.000Z""",00:00,09:00,false
psp:omluva:174:1989:2026-05-27:09:00:14:30,1989,"""2026-05-27T00:00:00.000Z""",09:00,14:30,false
psp:omluva:174:1989:2026-05-28:10:30:16:30,1989,"""2026-05-28T00:00:00.000Z""",10:30,16:30,false
psp:omluva:174:1989:2026-05-28:18:00:23:59,1989,"""2026-05-28T00:00:00.000Z""",18:00,23:59,false
psp:omluva:174:1989:2026-05-29:00:00:09:00,1989,"""2026-05-29T00:00:00.000Z""",00:00,09:00,false
psp:omluva:174:1989:2026-05-29:09:00:23:59,1989,"""2026-05-29T00:00:00.000Z""",09:00,23:59,false
psp:omluva:174:1989:2026-05-30:00:00:09:00,1989,"""2026-05-30T00:00:00.000Z""",00:00,09:00,false
psp:omluva:174:1989:2026-06-11:09:00:23:59,1989,"""2026-06-11T00:00:00.000Z""",09:00,23:59,false
psp:omluva:174:1989:2026-06-12:00:00:09:00,1989,"""2026-06-12T00:00:00.000Z""",00:00,09:00,false
psp:omluva:174:1989:2026-06-23:21:00:23:59,1989,"""2026-06-23T00:00:00.000Z""",21:00,23:59,false
psp:omluva:174:1989:2026-06-24:00:00:09:00,1989,"""2026-06-24T00:00:00.000Z""",00:00,09:00,false
psp:omluva:174:1989:2026-06-25:11:00:17:00,1989,"""2026-06-25T00:00:00.000Z""",11:00,17:00,false
psp:omluva:174:1989:2026-06-26:09:00:23:59,1989,"""2026-06-26T00:00:00.000Z""",09:00,23:59,false
psp:omluva:174:1989:2026-06-27:00:00:09:00,1989,"""2026-06-27T00:00:00.000Z""",00:00,09:00,false
psp:omluva:174:1989:2026-07-02:09:00:23:59,1989,"""2026-07-02T00:00:00.000Z""",09:00,23:59,false
psp:omluva:174:1989:2026-07-03:00:00:09:00,1989,"""2026-07-03T00:00:00.000Z""",00:00,09:00,false
psp:omluva:174:1989:2026-07-03:09:00:23:59,1989,"""2026-07-03T00:00:00.000Z""",09:00,23:59,false
psp:omluva:174:1989:2026-07-04:00:00:09:00,1989,"""2026-07-04T00:00:00.000Z""",00:00,09:00,false
psp:omluva:174:1989:2026-07-08:12:00:23:59,1989,"""2026-07-08T00:00:00.000Z""",12:00,23:59,false
psp:omluva:174:1989:2026-07-09:00:00:09:00,1989,"""2026-07-09T00:00:00.000Z""",00:00,09:00,false
psp:omluva:174:1990:2026-01-27:09:00:23:59,1990,"""2026-01-27T00:00:00.000Z""",09:00,23:59,false
psp:omluva:174:1990:2026-01-28:00:00:09:00,1990,"""2026-01-28T00:00:00.000Z""",00:00,09:00,false
psp:omluva:174:1990:2026-01-28:09:00:23:59,1990,"""2026-01-28T00:00:00.000Z""",09:00,23:59,false
psp:omluva:174:1990:2026-01-29:00:00:09:00,1990,"""2026-01-29T00:00:00.000Z""",00:00,09:00,false
psp:omluva:174:1991:2026-01-28:18:45:23:59,1991,"""2026-01-28T00:00:00.000Z""",18:45,23:59,false
psp:omluva:174:1991:2026-01-29:00:00:09:00,1991,"""2026-01-29T00:00:00.000Z""",00:00,09:00,false
psp:omluva:174:1991:2026-01-29:09:00:23:59,1991,"""2026-01-29T00:00:00.000Z""",09:00,23:59,false
psp:omluva:174:1991:2026-01-30:00:00:09:00,1991,"""2026-01-30T00:00:00.000Z""",00:00,09:00,false
psp:omluva:174:1991:2026-01-30:09:00:23:59,1991,"""2026-01-30T00:00:00.000Z""",09:00,23:59,false
psp:omluva:174:1991:2026-01-31:00:00:09:00,1991,"""2026-01-31T00:00:00.000Z""",00:00,09:00,false
psp:omluva:174:1991:2026-02-03:09:00:23:59,1991,"""2026-02-03T00:00:00.000Z""",09:00,23:59,false
psp:omluva:174:1991:2026-02-04:00:00:09:00,1991,"""2026-02-04T00:00:00.000Z""",00:00,09:00,false
psp:omluva:174:1991:2026-02-04:09:00:23:59,1991,"""2026-02-04T00:00:00.000Z""",09:00,23:59,false
psp:omluva:174:1991:2026-02-05:00:00:09:00,1991,"""2026-02-05T00:00:00.000Z""",00:00,09:00,false
psp:omluva:174:1991:2026-02-10:19:00:23:59,1991,"""2026-02-10T00:00:00.000Z""",19:00,23:59,false
psp:omluva:174:1991:2026-02-11:00:00:09:00,1991,"""2026-02-11T00:00:00.000Z""",00:00,09:00,false
psp:omluva:174:1991:2026-02-12:09:00:12:00,1991,"""2026-02-12T00:00:00.000Z""",09:00,12:00,false
psp:omluva:174:1991:2026-02-12:12:00:12:45,1991,"""2026-02-12T00:00:00.000Z""",12:00,12:45,false
psp:omluva:174:1991:2026-03-05:13:00:14:00,1991,"""2026-03-05T00:00:00.000Z""",13:00,14:00,false
psp:omluva:174:1991:2026-03-06:14:00:23:59,1991,"""2026-03-06T00:00:00.000Z""",14:00,23:59,false
psp:omluva:174:1991:2026-03-07:00:00:09:00,1991,"""2026-03-07T00:00:00.000Z""",00:00,09:00,false
psp:omluva:174:1991:2026-03-13:09:00:23:59,1991,"""2026-03-13T00:00:00.000Z""",09:00,23:59,false
psp:omluva:174:1991:2026-03-14:00:00:09:00,1991,"""2026-03-14T00:00:00.000Z""",00:00,09:00,false
psp:omluva:174:1991:2026-03-25:19:00:23:59,1991,"""2026-03-25T00:00:00.000Z""",19:00,23:59,false
psp:omluva:174:1991:2026-03-26:00:00:09:00,1991,"""2026-03-26T00:00:00.000Z""",00:00,09:00,false
psp:omluva:174:1991:2026-04-15:10:00:12:00,1991,"""2026-04-15T00:00:00.000Z""",10:00,12:00,false
psp:omluva:174:1991:2026-04-15:13:15:14:00,1991,"""2026-04-15T00:00:00.000Z""",13:15,14:00,false
psp:omluva:174:1991:2026-04-16:17:30:23:59,1991,"""2026-04-16T00:00:00.000Z""",17:30,23:59,false
psp:omluva:174:1991:2026-04-17:00:00:09:00,1991,"""2026-04-17T00:00:00.000Z""",00:00,09:00,false
psp:omluva:174:1991:2026-04-17:09:45:23:59,1991,"""2026-04-17T00:00:00.000Z""",09:45,23:59,false
psp:omluva:174:1991:2026-04-18:00:00:09:00,1991,"""2026-04-18T00:00:00.000Z""",00:00,09:00,false
psp:omluva:174:1991:2026-04-23:09:00:23:59,1991,"""2026-04-23T00:00:00.000Z""",09:00,23:59,false
psp:omluva:174:1991:2026-04-24:00:00:09:00,1991,"""2026-04-24T00:00:00.000Z""",00:00,09:00,false
psp:omluva:174:1991:2026-04-24:09:00:23:59,1991,"""2026-04-24T00:00:00.000Z""",09:00,23:59,false
psp:omluva:174:1991:2026-04-25:00:00:09:00,1991,"""2026-04-25T00:00:00.000Z""",00:00,09:00,false
psp:omluva:174:1991:2026-05-05:09:00:23:59,1991,"""2026-05-05T00:00:00.000Z""",09:00,23:59,false
psp:omluva:174:1991:2026-05-06:00:00:09:00,1991,"""2026-05-06T00:00:00.000Z""",00:00,09:00,false
psp:omluva:174:1991:2026-05-06:09:00:23:59,1991,"""2026-05-06T00:00:00.000Z""",09:00,23:59,false
psp:omluva:174:1991:2026-05-07:00:00:09:00,1991,"""2026-05-07T00:00:00.000Z""",00:00,09:00,false
psp:omluva:174:1991:2026-05-07:09:00:23:59,1991,"""2026-05-07T00:00:00.000Z""",09:00,23:59,false
psp:omluva:174:1991:2026-05-08:00:00:09:00,1991,"""2026-05-08T00:00:00.000Z""",00:00,09:00,false
psp:omluva:174:1991:2026-05-13:12:00:14:00,1991,"""2026-05-13T00:00:00.000Z""",12:00,14:00,false
psp:omluva:174:1991:2026-05-13:18:30:22:00,1991,"""2026-05-13T00:00:00.000Z""",18:30,22:00,false
psp:omluva:174:1991:2026-05-14:13:30:15:30,1991,"""2026-05-14T00:00:00.000Z""",13:30,15:30,false
psp:omluva:174:1991:2026-05-27:17:00:19:30,1991,"""2026-05-27T00:00:00.000Z""",17:00,19:30,false
psp:omluva:174:1991:2026-05-28:17:30:22:00,1991,"""2026-05-28T00:00:00.000Z""",17:30,22:00,false
psp:omluva:174:1991:2026-05-29:09:00:23:59,1991,"""2026-05-29T00:00:00.000Z""",09:00,23:59,false
psp:omluva:174:1991:2026-05-30:00:00:09:00,1991,"""2026-05-30T00:00:00.000Z""",00:00,09:00,false
psp:omluva:174:1991:2026-06-02:09:00:19:00,1991,"""2026-06-02T00:00:00.000Z""",09:00,19:00,false
psp:omluva:174:1991:2026-06-03:19:00:21:30,1991,"""2026-06-03T00:00:00.000Z""",19:00,21:30,false
psp:omluva:174:1991:2026-06-04:09:00:10:30,1991,"""2026-06-04T00:00:00.000Z""",09:00,10:30,false
psp:omluva:174:1991:2026-06-04:14:45:18:30,1991,"""2026-06-04T00:00:00.000Z""",14:45,18:30,false
psp:omluva:174:1991:2026-06-11:16:00:23:59,1991,"""2026-06-11T00:00:00.000Z""",16:00,23:59,false
psp:omluva:174:1991:2026-06-12:00:00:09:00,1991,"""2026-06-12T00:00:00.000Z""",00:00,09:00,false
psp:omluva:174:1991:2026-06-24:15:00:16:00,1991,"""2026-06-24T00:00:00.000Z""",15:00,16:00,false
psp:omluva:174:1991:2026-06-30:09:00:23:59,1991,"""2026-06-30T00:00:00.000Z""",09:00,23:59,false
psp:omluva:174:1991:2026-07-01:00:00:09:00,1991,"""2026-07-01T00:00:00.000Z""",00:00,09:00,false
psp:omluva:174:1991:2026-07-02:12:30:23:59,1991,"""2026-07-02T00:00:00.000Z""",12:30,23:59,false
psp:omluva:174:1991:2026-07-03:00:00:09:00,1991,"""2026-07-03T00:00:00.000Z""",00:00,09:00,false
psp:omluva:174:1991:2026-07-03:09:00:23:59,1991,"""2026-07-03T00:00:00.000Z""",09:00,23:59,false
psp:omluva:174:1991:2026-07-04:00:00:09:00,1991,"""2026-07-04T00:00:00.000Z""",00:00,09:00,false
psp:omluva:174:1991:2026-07-07:09:00:09:30,1991,"""2026-07-07T00:00:00.000Z""",09:00,09:30,false
psp:omluva:174:1991:2026-07-14:09:00:10:15,1991,"""2026-07-14T00:00:00.000Z""",09:00,10:15,false
psp:omluva:174:1992:2026-01-29:14:00:15:00,1992,"""2026-01-29T00:00:00.000Z""",14:00,15:00,false
psp:omluva:174:1992:2026-02-11:18:00:23:59,1992,"""2026-02-11T00:00:00.000Z""",18:00,23:59,false
psp:omluva:174:1992:2026-02-12:00:00:09:00,1992,"""2026-02-12T00:00:00.000Z""",00:00,09:00,false
psp:omluva:174:1992:2026-03-04:20:30:23:59,1992,"""2026-03-04T00:00:00.000Z""",20:30,23:59,false
psp:omluva:174:1992:2026-03-05:00:00:09:00,1992,"""2026-03-05T00:00:00.000Z""",00:00,09:00,false
psp:omluva:174:1992:2026-03-05:11:15:14:00,1992,"""2026-03-05T00:00:00.000Z""",11:15,14:00,false
psp:omluva:174:1992:2026-03-12:17:30:18:00,1992,"""2026-03-12T00:00:00.000Z""",17:30,18:00,false
psp:omluva:174:1992:2026-03-25:09:00:23:59,1992,"""2026-03-25T00:00:00.000Z""",09:00,23:59,false
psp:omluva:174:1992:2026-03-26:00:00:09:00,1992,"""2026-03-26T00:00:00.000Z""",00:00,09:00,false
psp:omluva:174:1992:2026-03-26:09:00:23:59,1992,"""2026-03-26T00:00:00.000Z""",09:00,23:59,false
psp:omluva:174:1992:2026-03-27:00:00:09:00,1992,"""2026-03-27T00:00:00.000Z""",00:00,09:00,false
psp:omluva:174:1992:2026-04-14:20:30:23:59,1992,"""2026-04-14T00:00:00.000Z""",20:30,23:59,false
psp:omluva:174:1992:2026-04-15:00:00:09:00,1992,"""2026-04-15T00:00:00.000Z""",00:00,09:00,false
psp:omluva:174:1992:2026-04-15:10:00:13:00,1992,"""2026-04-15T00:00:00.000Z""",10:00,13:00,false
psp:omluva:174:1992:2026-04-16:09:00:11:30,1992,"""2026-04-16T00:00:00.000Z""",09:00,11:30,false
psp:omluva:174:1992:2026-04-21:09:00:18:00,1992,"""2026-04-21T00:00:00.000Z""",09:00,18:00,false
psp:omluva:174:1992:2026-04-22:11:45:13:30,1992,"""2026-04-22T00:00:00.000Z""",11:45,13:30,false
psp:omluva:174:1992:2026-04-23:09:00:11:00,1992,"""2026-04-23T00:00:00.000Z""",09:00,11:00,false
psp:omluva:174:1992:2026-04-23:14:00:15:30,1992,"""2026-04-23T00:00:00.000Z""",14:00,15:30,false
psp:omluva:174:1992:2026-05-05:09:00:16:00,1992,"""2026-05-05T00:00:00.000Z""",09:00,16:00,false
psp:omluva:174:1992:2026-05-13:17:00:22:00,1992,"""2026-05-13T00:00:00.000Z""",17:00,22:00,false
psp:omluva:174:1992:2026-05-14:14:00:16:00,1992,"""2026-05-14T00:00:00.000Z""",14:00,16:00,false
psp:omluva:174:1992:2026-05-14:20:30:23:30,1992,"""2026-05-14T00:00:00.000Z""",20:30,23:30,false
psp:omluva:174:1992:2026-05-15:12:00:23:59,1992,"""2026-05-15T00:00:00.000Z""",12:00,23:59,false
psp:omluva:174:1992:2026-05-16:00:00:09:00,1992,"""2026-05-16T00:00:00.000Z""",00:00,09:00,false
psp:omluva:174:1992:2026-05-26:22:00:23:59,1992,"""2026-05-26T00:00:00.000Z""",22:00,23:59,false
psp:omluva:174:1992:2026-05-27:00:00:09:00,1992,"""2026-05-27T00:00:00.000Z""",00:00,09:00,false
psp:omluva:174:1992:2026-05-27:09:00:23:59,1992,"""2026-05-27T00:00:00.000Z""",09:00,23:59,false
psp:omluva:174:1992:2026-05-28:00:00:09:00,1992,"""2026-05-28T00:00:00.000Z""",00:00,09:00,false
psp:omluva:174:1992:2026-05-28:09:00:23:59,1992,"""2026-05-28T00:00:00.000Z""",09:00,23:59,false
psp:omluva:174:1992:2026-05-29:00:00:09:00,1992,"""2026-05-29T00:00:00.000Z""",00:00,09:00,false
psp:omluva:174:1992:2026-05-29:11:00:23:59,1992,"""2026-05-29T00:00:00.000Z""",11:00,23:59,false
psp:omluva:174:1992:2026-05-30:00:00:09:00,1992,"""2026-05-30T00:00:00.000Z""",00:00,09:00,false
psp:omluva:174:1992:2026-06-02:18:00:23:59,1992,"""2026-06-02T00:00:00.000Z""",18:00,23:59,false
psp:omluva:174:1992:2026-06-03:00:00:09:00,1992,"""2026-06-03T00:00:00.000Z""",00:00,09:00,false
psp:omluva:174:1992:2026-06-03:17:00:23:59,1992,"""2026-06-03T00:00:00.000Z""",17:00,23:59,false
psp:omluva:174:1992:2026-06-04:00:00:09:00,1992,"""2026-06-04T00:00:00.000Z""",00:00,09:00,false
psp:omluva:174:1992:2026-06-04:09:00:23:59,1992,"""2026-06-04T00:00:00.000Z""",09:00,23:59,false
psp:omluva:174:1992:2026-06-05:00:00:09:00,1992,"""2026-06-05T00:00:00.000Z""",00:00,09:00,false
psp:omluva:174:1992:2026-06-05:09:00:23:59,1992,"""2026-06-05T00:00:00.000Z""",09:00,23:59,false
psp:omluva:174:1992:2026-06-06:00:00:09:00,1992,"""2026-06-06T00:00:00.000Z""",00:00,09:00,false
psp:omluva:174:1992:2026-06-11:09:00:23:59,1992,"""2026-06-11T00:00:00.000Z""",09:00,23:59,false
psp:omluva:174:1992:2026-06-12:00:00:09:00,1992,"""2026-06-12T00:00:00.000Z""",00:00,09:00,false
psp:omluva:174:1992:2026-06-23:20:30:23:59,1992,"""2026-06-23T00:00:00.000Z""",20:30,23:59,false
psp:omluva:174:1992:2026-06-24:00:00:09:00,1992,"""2026-06-24T00:00:00.000Z""",00:00,09:00,false
psp:omluva:174:1992:2026-06-24:17:30:23:59,1992,"""2026-06-24T00:00:00.000Z""",17:30,23:59,false
psp:omluva:174:1992:2026-06-25:00:00:09:00,1992,"""2026-06-25T00:00:00.000Z""",00:00,09:00,false
psp:omluva:174:1992:2026-06-25:17:50:23:59,1992,"""2026-06-25T00:00:00.000Z""",17:50,23:59,false
psp:omluva:174:1992:2026-06-26:00:00:09:00,1992,"""2026-06-26T00:00:00.000Z""",00:00,09:00,false
psp:omluva:174:1992:2026-06-30:09:00:15:30,1992,"""2026-06-30T00:00:00.000Z""",09:00,15:30,false
psp:omluva:174:1992:2026-06-30:17:00:23:59,1992,"""2026-06-30T00:00:00.000Z""",17:00,23:59,false
psp:omluva:174:1992:2026-07-01:00:00:09:00,1992,"""2026-07-01T00:00:00.000Z""",00:00,09:00,false
psp:omluva:174:1992:2026-07-01:09:00:17:00,1992,"""2026-07-01T00:00:00.000Z""",09:00,17:00,false
psp:omluva:174:1992:2026-07-01:10:30:14:30,1992,"""2026-07-01T00:00:00.000Z""",10:30,14:30,false
psp:omluva:174:1992:2026-07-02:09:00:23:59,1992,"""2026-07-02T00:00:00.000Z""",09:00,23:59,false
psp:omluva:174:1992:2026-07-03:00:00:09:00,1992,"""2026-07-03T00:00:00.000Z""",00:00,09:00,false
psp:omluva:174:1992:2026-07-03:09:00:10:30,1992,"""2026-07-03T00:00:00.000Z""",09:00,10:30,false
psp:omluva:174:1992:2026-07-08:09:50:10:50,1992,"""2026-07-08T00:00:00.000Z""",09:50,10:50,false
psp:omluva:174:1992:2026-07-14:09:00:23:59,1992,"""2026-07-14T00:00:00.000Z""",09:00,23:59,false
psp:omluva:174:1992:2026-07-15:00:00:09:00,1992,"""2026-07-15T00:00:00.000Z""",00:00,09:00,false
psp:omluva:174:1992:2026-07-15:09:00:23:59,1992,"""2026-07-15T00:00:00.000Z""",09:00,23:59,false
psp:omluva:174:1992:2026-07-16:00:00:09:00,1992,"""2026-07-16T00:00:00.000Z""",00:00,09:00,false
psp:omluva:174:1993:2025-11-11:09:00:23:59,1993,"""2025-11-11T00:00:00.000Z""",09:00,23:59,false
psp:omluva:174:1993:2025-11-12:00:00:09:00,1993,"""2025-11-12T00:00:00.000Z""",00:00,09:00,false
psp:omluva:174:1993:2025-11-26:10:00:12:00,1993,"""2025-11-26T00:00:00.000Z""",10:00,12:00,false
psp:omluva:174:1993:2025-11-26:12:00:14:00,1993,"""2025-11-26T00:00:00.000Z""",12:00,14:00,false
psp:omluva:174:1993:2025-11-26:19:00:21:00,1993,"""2025-11-26T00:00:00.000Z""",19:00,21:00,false
psp:omluva:174:1993:2026-01-15:16:30:18:30,1993,"""2026-01-15T00:00:00.000Z""",16:30,18:30,false
psp:omluva:174:1993:2026-01-29:17:00:19:00,1993,"""2026-01-29T00:00:00.000Z""",17:00,19:00,false
psp:omluva:174:1993:2026-02-12:16:45:23:59,1993,"""2026-02-12T00:00:00.000Z""",16:45,23:59,false
psp:omluva:174:1993:2026-02-13:00:00:09:00,1993,"""2026-02-13T00:00:00.000Z""",00:00,09:00,false
psp:omluva:174:1993:2026-02-13:14:00:23:59,1993,"""2026-02-13T00:00:00.000Z""",14:00,23:59,false
psp:omluva:174:1993:2026-02-14:00:00:09:00,1993,"""2026-02-14T00:00:00.000Z""",00:00,09:00,false
psp:omluva:174:1993:2026-03-05:13:20:16:00,1993,"""2026-03-05T00:00:00.000Z""",13:20,16:00,false
psp:omluva:174:1993:2026-03-11:09:00:12:00,1993,"""2026-03-11T00:00:00.000Z""",09:00,12:00,false
psp:omluva:174:1993:2026-04-14:17:00:23:59,1993,"""2026-04-14T00:00:00.000Z""",17:00,23:59,false
psp:omluva:174:1993:2026-04-15:00:00:09:00,1993,"""2026-04-15T00:00:00.000Z""",00:00,09:00,false
psp:omluva:174:1993:2026-04-15:09:00:14:30,1993,"""2026-04-15T00:00:00.000Z""",09:00,14:30,false
psp:omluva:174:1993:2026-04-17:09:00:23:59,1993,"""2026-04-17T00:00:00.000Z""",09:00,23:59,false
psp:omluva:174:1993:2026-04-18:00:00:09:00,1993,"""2026-04-18T00:00:00.000Z""",00:00,09:00,false
psp:omluva:174:1993:2026-04-24:09:00:23:59,1993,"""2026-04-24T00:00:00.000Z""",09:00,23:59,false
psp:omluva:174:1993:2026-04-25:00:00:09:00,1993,"""2026-04-25T00:00:00.000Z""",00:00,09:00,false
psp:omluva:174:1993:2026-05-05:09:00:23:59,1993,"""2026-05-05T00:00:00.000Z""",09:00,23:59,false
psp:omluva:174:1993:2026-05-06:00:00:09:00,1993,"""2026-05-06T00:00:00.000Z""",00:00,09:00,false
psp:omluva:174:1993:2026-05-06:18:00:23:59,1993,"""2026-05-06T00:00:00.000Z""",18:00,23:59,false
psp:omluva:174:1993:2026-05-07:00:00:09:00,1993,"""2026-05-07T00:00:00.000Z""",00:00,09:00,false
psp:omluva:174:1993:2026-05-14:09:00:23:59,1993,"""2026-05-14T00:00:00.000Z""",09:00,23:59,false
psp:omluva:174:1993:2026-05-15:00:00:09:00,1993,"""2026-05-15T00:00:00.000Z""",00:00,09:00,false
psp:omluva:174:1993:2026-05-28:14:30:23:59,1993,"""2026-05-28T00:00:00.000Z""",14:30,23:59,false
psp:omluva:174:1993:2026-05-29:00:00:09:00,1993,"""2026-05-29T00:00:00.000Z""",00:00,09:00,false
psp:omluva:174:1993:2026-06-05:09:00:23:59,1993,"""2026-06-05T00:00:00.000Z""",09:00,23:59,false
psp:omluva:174:1993:2026-06-06:00:00:09:00,1993,"""2026-06-06T00:00:00.000Z""",00:00,09:00,false
psp:omluva:174:1993:2026-06-23:09:00:23:59,1993,"""2026-06-23T00:00:00.000Z""",09:00,23:59,false
psp:omluva:174:1993:2026-06-24:00:00:09:00,1993,"""2026-06-24T00:00:00.000Z""",00:00,09:00,false
psp:omluva:174:1993:2026-06-24:09:00:23:59,1993,"""2026-06-24T00:00:00.000Z""",09:00,23:59,false
psp:omluva:174:1993:2026-06-25:00:00:09:00,1993,"""2026-06-25T00:00:00.000Z""",00:00,09:00,false
psp:omluva:174:1993:2026-06-25:09:00:23:59,1993,"""2026-06-25T00:00:00.000Z""",09:00,23:59,false
psp:omluva:174:1993:2026-06-26:00:00:09:00,1993,"""2026-06-26T00:00:00.000Z""",00:00,09:00,false
psp:omluva:174:1993:2026-06-26:09:00:10:00,1993,"""2026-06-26T00:00:00.000Z""",09:00,10:00,false
psp:omluva:174:1993:2026-07-07:09:00:23:59,1993,"""2026-07-07T00:00:00.000Z""",09:00,23:59,false
psp:omluva:174:1993:2026-07-08:00:00:09:00,1993,"""2026-07-08T00:00:00.000Z""",00:00,09:00,false
psp:omluva:174:1993:2026-07-08:09:00:23:59,1993,"""2026-07-08T00:00:00.000Z""",09:00,23:59,false
psp:omluva:174:1993:2026-07-09:00:00:09:00,1993,"""2026-07-09T00:00:00.000Z""",00:00,09:00,false
psp:omluva:174:1993:2026-07-09:09:00:23:59,1993,"""2026-07-09T00:00:00.000Z""",09:00,23:59,false
psp:omluva:174:1993:2026-07-10:00:00:09:00,1993,"""2026-07-10T00:00:00.000Z""",00:00,09:00,false
psp:omluva:174:1993:2026-07-10:09:00:11:00,1993,"""2026-07-10T00:00:00.000Z""",09:00,11:00,false
psp:omluva:174:1993:2026-07-14:09:00:23:59,1993,"""2026-07-14T00:00:00.000Z""",09:00,23:59,false
psp:omluva:174:1993:2026-07-15:00:00:09:00,1993,"""2026-07-15T00:00:00.000Z""",00:00,09:00,false
psp:omluva:174:1994:2026-02-12:14:00:16:00,1994,"""2026-02-12T00:00:00.000Z""",14:00,16:00,false
psp:omluva:174:1994:2026-02-12:16:00:23:59,1994,"""2026-02-12T00:00:00.000Z""",16:00,23:59,false
psp:omluva:174:1994:2026-02-13:00:00:09:00,1994,"""2026-02-13T00:00:00.000Z""",00:00,09:00,false
psp:omluva:174:1994:2026-03-12:13:00:23:59,1994,"""2026-03-12T00:00:00.000Z""",13:00,23:59,false
psp:omluva:174:1994:2026-03-13:00:00:09:00,1994,"""2026-03-13T00:00:00.000Z""",00:00,09:00,false
psp:omluva:174:1994:2026-04-16:13:00:15:00,1994,"""2026-04-16T00:00:00.000Z""",13:00,15:00,false
psp:omluva:174:1994:2026-04-23:14:30:23:59,1994,"""2026-04-23T00:00:00.000Z""",14:30,23:59,false
psp:omluva:174:1994:2026-04-24:00:00:09:00,1994,"""2026-04-24T00:00:00.000Z""",00:00,09:00,false
psp:omluva:174:1994:2026-05-13:10:00:11:00,1994,"""2026-05-13T00:00:00.000Z""",10:00,11:00,false
psp:omluva:174:1994:2026-06-04:13:00:23:59,1994,"""2026-06-04T00:00:00.000Z""",13:00,23:59,false
psp:omluva:174:1994:2026-06-05:00:00:09:00,1994,"""2026-06-05T00:00:00.000Z""",00:00,09:00,false
psp:omluva:174:1994:2026-06-11:09:00:23:59,1994,"""2026-06-11T00:00:00.000Z""",09:00,23:59,false
psp:omluva:174:1994:2026-06-12:00:00:09:00,1994,"""2026-06-12T00:00:00.000Z""",00:00,09:00,false
psp:omluva:174:1994:2026-06-25:13:00:23:59,1994,"""2026-06-25T00:00:00.000Z""",13:00,23:59,false
psp:omluva:174:1994:2026-06-26:00:00:09:00,1994,"""2026-06-26T00:00:00.000Z""",00:00,09:00,false
psp:omluva:174:1994:2026-07-02:13:00:23:59,1994,"""2026-07-02T00:00:00.000Z""",13:00,23:59,false
psp:omluva:174:1994:2026-07-03:00:00:09:00,1994,"""2026-07-03T00:00:00.000Z""",00:00,09:00,false
psp:omluva:174:1995:2025-11-14:09:00:23:59,1995,"""2025-11-14T00:00:00.000Z""",09:00,23:59,false
psp:omluva:174:1995:2025-11-15:00:00:09:00,1995,"""2025-11-15T00:00:00.000Z""",00:00,09:00,false
psp:omluva:174:1995:2026-01-28:09:00:12:30,1995,"""2026-01-28T00:00:00.000Z""",09:00,12:30,false
psp:omluva:174:1995:2026-01-28:14:30:17:00,1995,"""2026-01-28T00:00:00.000Z""",14:30,17:00,false
psp:omluva:174:1995:2026-01-30:09:00:23:59,1995,"""2026-01-30T00:00:00.000Z""",09:00,23:59,false
psp:omluva:174:1995:2026-01-31:00:00:09:00,1995,"""2026-01-31T00:00:00.000Z""",00:00,09:00,false
psp:omluva:174:1995:2026-02-04:11:30:13:00,1995,"""2026-02-04T00:00:00.000Z""",11:30,13:00,false
psp:omluva:174:1995:2026-02-10:09:00:23:59,1995,"""2026-02-10T00:00:00.000Z""",09:00,23:59,false
psp:omluva:174:1995:2026-02-11:00:00:09:00,1995,"""2026-02-11T00:00:00.000Z""",00:00,09:00,false
psp:omluva:174:1995:2026-02-11:09:00:23:59,1995,"""2026-02-11T00:00:00.000Z""",09:00,23:59,false
psp:omluva:174:1995:2026-02-12:00:00:09:00,1995,"""2026-02-12T00:00:00.000Z""",00:00,09:00,false
psp:omluva:174:1995:2026-03-04:20:00:23:59,1995,"""2026-03-04T00:00:00.000Z""",20:00,23:59,false
psp:omluva:174:1995:2026-03-05:00:00:09:00,1995,"""2026-03-05T00:00:00.000Z""",00:00,09:00,false
psp:omluva:174:1995:2026-03-12:09:00:23:59,1995,"""2026-03-12T00:00:00.000Z""",09:00,23:59,false
psp:omluva:174:1995:2026-03-13:00:00:09:00,1995,"""2026-03-13T00:00:00.000Z""",00:00,09:00,false
psp:omluva:174:1995:2026-03-25:09:00:23:59,1995,"""2026-03-25T00:00:00.000Z""",09:00,23:59,false
psp:omluva:174:1995:2026-03-26:00:00:09:00,1995,"""2026-03-26T00:00:00.000Z""",00:00,09:00,false
psp:omluva:174:1995:2026-04-15:16:15:23:59,1995,"""2026-04-15T00:00:00.000Z""",16:15,23:59,false
psp:omluva:174:1995:2026-04-16:00:00:09:00,1995,"""2026-04-16T00:00:00.000Z""",00:00,09:00,false
psp:omluva:174:1995:2026-04-21:09:00:23:59,1995,"""2026-04-21T00:00:00.000Z""",09:00,23:59,false
psp:omluva:174:1995:2026-04-22:00:00:09:00,1995,"""2026-04-22T00:00:00.000Z""",00:00,09:00,false
psp:omluva:174:1995:2026-04-23:09:00:23:59,1995,"""2026-04-23T00:00:00.000Z""",09:00,23:59,false
psp:omluva:174:1995:2026-04-24:00:00:09:00,1995,"""2026-04-24T00:00:00.000Z""",00:00,09:00,false
psp:omluva:174:1995:2026-05-05:16:00:23:59,1995,"""2026-05-05T00:00:00.000Z""",16:00,23:59,false
psp:omluva:174:1995:2026-05-06:00:00:09:00,1995,"""2026-05-06T00:00:00.000Z""",00:00,09:00,false
psp:omluva:174:1995:2026-05-06:16:00:23:59,1995,"""2026-05-06T00:00:00.000Z""",16:00,23:59,false
psp:omluva:174:1995:2026-05-07:00:00:09:00,1995,"""2026-05-07T00:00:00.000Z""",00:00,09:00,false
psp:omluva:174:1995:2026-05-14:09:00:23:59,1995,"""2026-05-14T00:00:00.000Z""",09:00,23:59,false
psp:omluva:174:1995:2026-05-15:00:00:09:00,1995,"""2026-05-15T00:00:00.000Z""",00:00,09:00,false
psp:omluva:174:1995:2026-05-27:09:00:23:59,1995,"""2026-05-27T00:00:00.000Z""",09:00,23:59,false
psp:omluva:174:1995:2026-05-28:00:00:09:00,1995,"""2026-05-28T00:00:00.000Z""",00:00,09:00,false
psp:omluva:174:1995:2026-05-28:09:00:23:59,1995,"""2026-05-28T00:00:00.000Z""",09:00,23:59,false
psp:omluva:174:1995:2026-05-29:00:00:09:00,1995,"""2026-05-29T00:00:00.000Z""",00:00,09:00,false
psp:omluva:174:1995:2026-06-02:09:00:23:59,1995,"""2026-06-02T00:00:00.000Z""",09:00,23:59,false
psp:omluva:174:1995:2026-06-03:00:00:09:00,1995,"""2026-06-03T00:00:00.000Z""",00:00,09:00,false
psp:omluva:174:1995:2026-06-03:09:00:23:59,1995,"""2026-06-03T00:00:00.000Z""",09:00,23:59,false
psp:omluva:174:1995:2026-06-04:00:00:09:00,1995,"""2026-06-04T00:00:00.000Z""",00:00,09:00,false
psp:omluva:174:1995:2026-06-04:09:00:23:59,1995,"""2026-06-04T00:00:00.000Z""",09:00,23:59,false
psp:omluva:174:1995:2026-06-05:00:00:09:00,1995,"""2026-06-05T00:00:00.000Z""",00:00,09:00,false
psp:omluva:174:1995:2026-06-11:09:00:16:00,1995,"""2026-06-11T00:00:00.000Z""",09:00,16:00,false
psp:omluva:174:1995:2026-06-23:15:00:16:00,1995,"""2026-06-23T00:00:00.000Z""",15:00,16:00,false
psp:omluva:174:1995:2026-06-24:13:00:23:59,1995,"""2026-06-24T00:00:00.000Z""",13:00,23:59,false
psp:omluva:174:1995:2026-06-25:00:00:09:00,1995,"""2026-06-25T00:00:00.000Z""",00:00,09:00,false
psp:omluva:174:1995:2026-06-25:13:00:23:59,1995,"""2026-06-25T00:00:00.000Z""",13:00,23:59,false
psp:omluva:174:1995:2026-06-26:00:00:09:00,1995,"""2026-06-26T00:00:00.000Z""",00:00,09:00,false
psp:omluva:174:1995:2026-06-26:09:00:23:59,1995,"""2026-06-26T00:00:00.000Z""",09:00,23:59,false
psp:omluva:174:1995:2026-06-27:00:00:09:00,1995,"""2026-06-27T00:00:00.000Z""",00:00,09:00,false
psp:omluva:174:1995:2026-06-30:09:00:19:00,1995,"""2026-06-30T00:00:00.000Z""",09:00,19:00,false
psp:omluva:174:1995:2026-07-01:09:00:11:00,1995,"""2026-07-01T00:00:00.000Z""",09:00,11:00,false
psp:omluva:174:1995:2026-07-02:09:00:12:00,1995,"""2026-07-02T00:00:00.000Z""",09:00,12:00,false
psp:omluva:174:1995:2026-07-03:12:00:23:59,1995,"""2026-07-03T00:00:00.000Z""",12:00,23:59,false
psp:omluva:174:1995:2026-07-04:00:00:09:00,1995,"""2026-07-04T00:00:00.000Z""",00:00,09:00,false
psp:omluva:174:1995:2026-07-14:17:30:23:59,1995,"""2026-07-14T00:00:00.000Z""",17:30,23:59,false
psp:omluva:174:1995:2026-07-15:00:00:09:00,1995,"""2026-07-15T00:00:00.000Z""",00:00,09:00,false
psp:omluva:174:1996:2026-02-03:18:30:21:30,1996,"""2026-02-03T00:00:00.000Z""",18:30,21:30,false
psp:omluva:174:1996:2026-02-04:09:00:12:30,1996,"""2026-02-04T00:00:00.000Z""",09:00,12:30,false
psp:omluva:174:1996:2026-02-10:09:00:23:59,1996,"""2026-02-10T00:00:00.000Z""",09:00,23:59,false
psp:omluva:174:1996:2026-02-11:00:00:09:00,1996,"""2026-02-11T00:00:00.000Z""",00:00,09:00,false
psp:omluva:174:1996:2026-02-13:09:00:23:59,1996,"""2026-02-13T00:00:00.000Z""",09:00,23:59,false
psp:omluva:174:1996:2026-02-14:00:00:09:00,1996,"""2026-02-14T00:00:00.000Z""",00:00,09:00,false
psp:omluva:174:1996:2026-03-05:09:00:12:30,1996,"""2026-03-05T00:00:00.000Z""",09:00,12:30,false
psp:omluva:174:1996:2026-03-12:15:00:17:00,1996,"""2026-03-12T00:00:00.000Z""",15:00,17:00,false
psp:omluva:174:1996:2026-03-24:14:00:20:45,1996,"""2026-03-24T00:00:00.000Z""",14:00,20:45,false
psp:omluva:174:1996:2026-03-25:15:30:18:00,1996,"""2026-03-25T00:00:00.000Z""",15:30,18:00,false
psp:omluva:174:1996:2026-03-26:13:30:17:00,1996,"""2026-03-26T00:00:00.000Z""",13:30,17:00,false
psp:omluva:174:1996:2026-04-16:13:30:17:00,1996,"""2026-04-16T00:00:00.000Z""",13:30,17:00,false
psp:omluva:174:1996:2026-04-22:12:00:13:30,1996,"""2026-04-22T00:00:00.000Z""",12:00,13:30,false
psp:omluva:174:1996:2026-04-23:09:00:11:00,1996,"""2026-04-23T00:00:00.000Z""",09:00,11:00,false
psp:omluva:174:1996:2026-04-23:15:30:16:30,1996,"""2026-04-23T00:00:00.000Z""",15:30,16:30,false
psp:omluva:174:1996:2026-05-05:15:15:18:45,1996,"""2026-05-05T00:00:00.000Z""",15:15,18:45,false
psp:omluva:174:1996:2026-05-13:18:45:21:30,1996,"""2026-05-13T00:00:00.000Z""",18:45,21:30,false
psp:omluva:174:1996:2026-05-14:09:00:23:59,1996,"""2026-05-14T00:00:00.000Z""",09:00,23:59,false
psp:omluva:174:1996:2026-05-15:00:00:09:00,1996,"""2026-05-15T00:00:00.000Z""",00:00,09:00,false
psp:omluva:174:1996:2026-05-28:09:00:10:30,1996,"""2026-05-28T00:00:00.000Z""",09:00,10:30,false
psp:omluva:174:1996:2026-05-29:09:00:10:00,1996,"""2026-05-29T00:00:00.000Z""",09:00,10:00,false
psp:omluva:174:1996:2026-06-04:14:30:23:59,1996,"""2026-06-04T00:00:00.000Z""",14:30,23:59,false
psp:omluva:174:1996:2026-06-05:00:00:09:00,1996,"""2026-06-05T00:00:00.000Z""",00:00,09:00,false
psp:omluva:174:1996:2026-06-05:09:00:23:59,1996,"""2026-06-05T00:00:00.000Z""",09:00,23:59,false
psp:omluva:174:1996:2026-06-06:00:00:09:00,1996,"""2026-06-06T00:00:00.000Z""",00:00,09:00,false
psp:omluva:174:1996:2026-06-24:15:00:16:15,1996,"""2026-06-24T00:00:00.000Z""",15:00,16:15,false
psp:omluva:174:1996:2026-06-30:23:20:23:59,1996,"""2026-06-30T00:00:00.000Z""",23:20,23:59,false
psp:omluva:174:1996:2026-07-01:00:00:09:00,1996,"""2026-07-01T00:00:00.000Z""",00:00,09:00,false
psp:omluva:174:1996:2026-07-07:12:00:14:15,1996,"""2026-07-07T00:00:00.000Z""",12:00,14:15,false
psp:omluva:174:1997:2025-11-26:14:00:16:00,1997,"""2025-11-26T00:00:00.000Z""",14:00,16:00,false
psp:omluva:174:1997:2026-01-29:09:00:11:30,1997,"""2026-01-29T00:00:00.000Z""",09:00,11:30,false
psp:omluva:174:1997:2026-02-12:11:00:13:00,1997,"""2026-02-12T00:00:00.000Z""",11:00,13:00,false
psp:omluva:174:1997:2026-02-13:09:30:12:00,1997,"""2026-02-13T00:00:00.000Z""",09:30,12:00,false
psp:omluva:174:1997:2026-03-06:09:00:10:30,1997,"""2026-03-06T00:00:00.000Z""",09:00,10:30,false
psp:omluva:174:1997:2026-04-23:09:00:23:59,1997,"""2026-04-23T00:00:00.000Z""",09:00,23:59,false
psp:omluva:174:1997:2026-04-24:00:00:09:00,1997,"""2026-04-24T00:00:00.000Z""",00:00,09:00,false
psp:omluva:174:1997:2026-07-07:09:00:14:00,1997,"""2026-07-07T00:00:00.000Z""",09:00,14:00,false
psp:omluva:174:1997:2026-07-10:09:00:23:59,1997,"""2026-07-10T00:00:00.000Z""",09:00,23:59,false
psp:omluva:174:1997:2026-07-11:00:00:09:00,1997,"""2026-07-11T00:00:00.000Z""",00:00,09:00,false
psp:omluva:174:1997:2026-07-14:09:00:23:59,1997,"""2026-07-14T00:00:00.000Z""",09:00,23:59,false
psp:omluva:174:1997:2026-07-15:00:00:09:00,1997,"""2026-07-15T00:00:00.000Z""",00:00,09:00,false
psp:omluva:174:1997:2026-07-15:09:00:23:59,1997,"""2026-07-15T00:00:00.000Z""",09:00,23:59,false
psp:omluva:174:1997:2026-07-16:00:00:09:00,1997,"""2026-07-16T00:00:00.000Z""",00:00,09:00,false
psp:omluva:174:1997:2026-07-16:09:00:23:59,1997,"""2026-07-16T00:00:00.000Z""",09:00,23:59,false
psp:omluva:174:1997:2026-07-17:00:00:09:00,1997,"""2026-07-17T00:00:00.000Z""",00:00,09:00,false
psp:omluva:174:1997:2026-07-17:09:00:23:59,1997,"""2026-07-17T00:00:00.000Z""",09:00,23:59,false
psp:omluva:174:1997:2026-07-18:00:00:09:00,1997,"""2026-07-18T00:00:00.000Z""",00:00,09:00,false
psp:omluva:174:1998:2026-02-03:16:30:23:59,1998,"""2026-02-03T00:00:00.000Z""",16:30,23:59,false
psp:omluva:174:1998:2026-02-04:00:00:09:00,1998,"""2026-02-04T00:00:00.000Z""",00:00,09:00,false
psp:omluva:174:1998:2026-02-04:09:00:23:59,1998,"""2026-02-04T00:00:00.000Z""",09:00,23:59,false
psp:omluva:174:1998:2026-02-05:00:00:09:00,1998,"""2026-02-05T00:00:00.000Z""",00:00,09:00,false
psp:omluva:174:1998:2026-02-12:09:00:12:00,1998,"""2026-02-12T00:00:00.000Z""",09:00,12:00,false
psp:omluva:174:1998:2026-03-13:09:00:23:59,1998,"""2026-03-13T00:00:00.000Z""",09:00,23:59,false
psp:omluva:174:1998:2026-03-14:00:00:09:00,1998,"""2026-03-14T00:00:00.000Z""",00:00,09:00,false
psp:omluva:174:1998:2026-04-15:17:00:23:59,1998,"""2026-04-15T00:00:00.000Z""",17:00,23:59,false
psp:omluva:174:1998:2026-04-16:00:00:09:00,1998,"""2026-04-16T00:00:00.000Z""",00:00,09:00,false
psp:omluva:174:1998:2026-04-23:10:00:23:59,1998,"""2026-04-23T00:00:00.000Z""",10:00,23:59,false
psp:omluva:174:1998:2026-04-24:00:00:09:00,1998,"""2026-04-24T00:00:00.000Z""",00:00,09:00,false
psp:omluva:174:1998:2026-04-24:09:00:23:59,1998,"""2026-04-24T00:00:00.000Z""",09:00,23:59,false
psp:omluva:174:1998:2026-04-25:00:00:09:00,1998,"""2026-04-25T00:00:00.000Z""",00:00,09:00,false
psp:omluva:174:1998:2026-05-05:09:00:23:59,1998,"""2026-05-05T00:00:00.000Z""",09:00,23:59,false
psp:omluva:174:1998:2026-05-06:00:00:09:00,1998,"""2026-05-06T00:00:00.000Z""",00:00,09:00,false
psp:omluva:174:1998:2026-05-06:09:00:23:59,1998,"""2026-05-06T00:00:00.000Z""",09:00,23:59,false
psp:omluva:174:1998:2026-05-07:00:00:09:00,1998,"""2026-05-07T00:00:00.000Z""",00:00,09:00,false
psp:omluva:174:1998:2026-05-14:09:00:23:59,1998,"""2026-05-14T00:00:00.000Z""",09:00,23:59,false
psp:omluva:174:1998:2026-05-15:00:00:09:00,1998,"""2026-05-15T00:00:00.000Z""",00:00,09:00,false
psp:omluva:174:1998:2026-05-15:09:00:23:59,1998,"""2026-05-15T00:00:00.000Z""",09:00,23:59,false
psp:omluva:174:1998:2026-05-16:00:00:09:00,1998,"""2026-05-16T00:00:00.000Z""",00:00,09:00,false
psp:omluva:174:1998:2026-05-26:09:00:23:59,1998,"""2026-05-26T00:00:00.000Z""",09:00,23:59,false
psp:omluva:174:1998:2026-05-27:00:00:09:00,1998,"""2026-05-27T00:00:00.000Z""",00:00,09:00,false
psp:omluva:174:1998:2026-05-27:09:00:23:59,1998,"""2026-05-27T00:00:00.000Z""",09:00,23:59,false
psp:omluva:174:1998:2026-05-28:00:00:09:00,1998,"""2026-05-28T00:00:00.000Z""",00:00,09:00,false
psp:omluva:174:1998:2026-05-28:09:00:23:59,1998,"""2026-05-28T00:00:00.000Z""",09:00,23:59,false
psp:omluva:174:1998:2026-05-29:00:00:09:00,1998,"""2026-05-29T00:00:00.000Z""",00:00,09:00,false
psp:omluva:174:1998:2026-06-24:17:00:23:59,1998,"""2026-06-24T00:00:00.000Z""",17:00,23:59,false
psp:omluva:174:1998:2026-06-25:00:00:09:00,1998,"""2026-06-25T00:00:00.000Z""",00:00,09:00,false
psp:omluva:174:1998:2026-06-25:09:00:11:00,1998,"""2026-06-25T00:00:00.000Z""",09:00,11:00,false
psp:omluva:174:1998:2026-07-14:09:00:23:59,1998,"""2026-07-14T00:00:00.000Z""",09:00,23:59,false
psp:omluva:174:1998:2026-07-15:00:00:09:00,1998,"""2026-07-15T00:00:00.000Z""",00:00,09:00,false
psp:omluva:174:1998:2026-07-15:09:00:23:59,1998,"""2026-07-15T00:00:00.000Z""",09:00,23:59,false
psp:omluva:174:1998:2026-07-16:00:00:09:00,1998,"""2026-07-16T00:00:00.000Z""",00:00,09:00,false
psp:omluva:174:1999:2025-10-30:09:00:23:59,1999,"""2025-10-30T00:00:00.000Z""",09:00,23:59,false
psp:omluva:174:1999:2025-10-31:00:00:09:00,1999,"""2025-10-31T00:00:00.000Z""",00:00,09:00,false
psp:omluva:174:1999:2026-01-28:09:00:23:59,1999,"""2026-01-28T00:00:00.000Z""",09:00,23:59,false
psp:omluva:174:1999:2026-01-29:00:00:09:00,1999,"""2026-01-29T00:00:00.000Z""",00:00,09:00,false
psp:omluva:174:1999:2026-02-10:19:00:20:30,1999,"""2026-02-10T00:00:00.000Z""",19:00,20:30,false
psp:omluva:174:1999:2026-03-05:09:30:12:00,1999,"""2026-03-05T00:00:00.000Z""",09:30,12:00,false
psp:omluva:174:1999:2026-03-06:14:30:23:59,1999,"""2026-03-06T00:00:00.000Z""",14:30,23:59,false
psp:omluva:174:1999:2026-03-07:00:00:09:00,1999,"""2026-03-07T00:00:00.000Z""",00:00,09:00,false
psp:omluva:174:1999:2026-03-12:12:30:23:59,1999,"""2026-03-12T00:00:00.000Z""",12:30,23:59,false
psp:omluva:174:1999:2026-03-13:00:00:09:00,1999,"""2026-03-13T00:00:00.000Z""",00:00,09:00,false
psp:omluva:174:1999:2026-03-13:09:00:23:59,1999,"""2026-03-13T00:00:00.000Z""",09:00,23:59,false
psp:omluva:174:1999:2026-03-14:00:00:09:00,1999,"""2026-03-14T00:00:00.000Z""",00:00,09:00,false
psp:omluva:174:1999:2026-04-15:10:30:13:00,1999,"""2026-04-15T00:00:00.000Z""",10:30,13:00,false
psp:omluva:174:1999:2026-04-16:09:00:12:30,1999,"""2026-04-16T00:00:00.000Z""",09:00,12:30,false
psp:omluva:174:1999:2026-04-17:13:00:23:59,1999,"""2026-04-17T00:00:00.000Z""",13:00,23:59,false
psp:omluva:174:1999:2026-04-18:00:00:09:00,1999,"""2026-04-18T00:00:00.000Z""",00:00,09:00,false
psp:omluva:174:1999:2026-04-23:12:15:23:59,1999,"""2026-04-23T00:00:00.000Z""",12:15,23:59,false
psp:omluva:174:1999:2026-04-24:00:00:09:00,1999,"""2026-04-24T00:00:00.000Z""",00:00,09:00,false
psp:omluva:174:1999:2026-04-24:09:00:23:59,1999,"""2026-04-24T00:00:00.000Z""",09:00,23:59,false
psp:omluva:174:1999:2026-04-25:00:00:09:00,1999,"""2026-04-25T00:00:00.000Z""",00:00,09:00,false
psp:omluva:174:1999:2026-05-06:15:50:16:45,1999,"""2026-05-06T00:00:00.000Z""",15:50,16:45,false
psp:omluva:174:1999:2026-05-06:21:15:23:59,1999,"""2026-05-06T00:00:00.000Z""",21:15,23:59,false
psp:omluva:174:1999:2026-05-07:00:00:09:00,1999,"""2026-05-07T00:00:00.000Z""",00:00,09:00,false
psp:omluva:174:1999:2026-05-13:18:50:21:10,1999,"""2026-05-13T00:00:00.000Z""",18:50,21:10,false
psp:omluva:174:1999:2026-05-14:13:30:15:30,1999,"""2026-05-14T00:00:00.000Z""",13:30,15:30,false
psp:omluva:174:1999:2026-05-28:18:15:22:15,1999,"""2026-05-28T00:00:00.000Z""",18:15,22:15,false
psp:omluva:174:1999:2026-06-03:19:00:20:45,1999,"""2026-06-03T00:00:00.000Z""",19:00,20:45,false
psp:omluva:174:1999:2026-07-02:12:55:14:30,1999,"""2026-07-02T00:00:00.000Z""",12:55,14:30,false
psp:omluva:174:2000:2025-11-26:21:00:22:45,2000,"""2025-11-26T00:00:00.000Z""",21:00,22:45,false
psp:omluva:174:2000:2026-02-04:09:00:12:00,2000,"""2026-02-04T00:00:00.000Z""",09:00,12:00,false
psp:omluva:174:2000:2026-02-10:21:03:23:00,2000,"""2026-02-10T00:00:00.000Z""",21:03,23:00,false
psp:omluva:174:2000:2026-02-11:09:00:12:00,2000,"""2026-02-11T00:00:00.000Z""",09:00,12:00,false
psp:omluva:174:2000:2026-04-17:09:00:11:00,2000,"""2026-04-17T00:00:00.000Z""",09:00,11:00,false
psp:omluva:174:2000:2026-04-22:09:01:11:00,2000,"""2026-04-22T00:00:00.000Z""",09:01,11:00,false
psp:omluva:174:2000:2026-04-24:09:00:11:00,2000,"""2026-04-24T00:00:00.000Z""",09:00,11:00,false
psp:omluva:174:2000:2026-05-05:14:30:16:30,2000,"""2026-05-05T00:00:00.000Z""",14:30,16:30,false
psp:omluva:174:2000:2026-05-15:09:00:12:30,2000,"""2026-05-15T00:00:00.000Z""",09:00,12:30,false
psp:omluva:174:2000:2026-05-28:18:00:23:59,2000,"""2026-05-28T00:00:00.000Z""",18:00,23:59,false
psp:omluva:174:2000:2026-05-29:00:00:09:00,2000,"""2026-05-29T00:00:00.000Z""",00:00,09:00,false
psp:omluva:174:2000:2026-05-29:13:00:15:30,2000,"""2026-05-29T00:00:00.000Z""",13:00,15:30,false
psp:omluva:174:2000:2026-06-02:15:00:17:00,2000,"""2026-06-02T00:00:00.000Z""",15:00,17:00,false
psp:omluva:174:2000:2026-06-25:12:22:16:00,2000,"""2026-06-25T00:00:00.000Z""",12:22,16:00,false
psp:omluva:174:2000:2026-06-30:17:00:21:30,2000,"""2026-06-30T00:00:00.000Z""",17:00,21:30,false
psp:omluva:174:2000:2026-07-01:19:00:23:59,2000,"""2026-07-01T00:00:00.000Z""",19:00,23:59,false
psp:omluva:174:2000:2026-07-02:00:00:09:00,2000,"""2026-07-02T00:00:00.000Z""",00:00,09:00,false
psp:omluva:174:2000:2026-07-08:09:00:23:59,2000,"""2026-07-08T00:00:00.000Z""",09:00,23:59,false
psp:omluva:174:2000:2026-07-09:00:00:09:00,2000,"""2026-07-09T00:00:00.000Z""",00:00,09:00,false
psp:omluva:174:2000:2026-07-09:09:00:23:59,2000,"""2026-07-09T00:00:00.000Z""",09:00,23:59,false
psp:omluva:174:2000:2026-07-10:00:00:09:00,2000,"""2026-07-10T00:00:00.000Z""",00:00,09:00,false
psp:omluva:174:2000:2026-07-10:09:00:23:59,2000,"""2026-07-10T00:00:00.000Z""",09:00,23:59,false
psp:omluva:174:2000:2026-07-11:00:00:09:00,2000,"""2026-07-11T00:00:00.000Z""",00:00,09:00,false
psp:omluva:174:2000:2026-07-11:09:00:23:59,2000,"""2026-07-11T00:00:00.000Z""",09:00,23:59,false
psp:omluva:174:2000:2026-07-12:00:00:09:00,2000,"""2026-07-12T00:00:00.000Z""",00:00,09:00,false
psp:omluva:174:2000:2026-07-12:09:00:23:59,2000,"""2026-07-12T00:00:00.000Z""",09:00,23:59,false
psp:omluva:174:2000:2026-07-13:00:00:09:00,2000,"""2026-07-13T00:00:00.000Z""",00:00,09:00,false
psp:omluva:174:2000:2026-07-13:09:00:23:59,2000,"""2026-07-13T00:00:00.000Z""",09:00,23:59,false
psp:omluva:174:2000:2026-07-14:00:00:09:00,2000,"""2026-07-14T00:00:00.000Z""",00:00,09:00,false
psp:omluva:174:2000:2026-07-14:09:00:23:59,2000,"""2026-07-14T00:00:00.000Z""",09:00,23:59,false
psp:omluva:174:2000:2026-07-15:00:00:09:00,2000,"""2026-07-15T00:00:00.000Z""",00:00,09:00,false
psp:omluva:174:2000:2026-07-15:09:00:23:59,2000,"""2026-07-15T00:00:00.000Z""",09:00,23:59,false
psp:omluva:174:2000:2026-07-16:00:00:09:00,2000,"""2026-07-16T00:00:00.000Z""",00:00,09:00,false
psp:omluva:174:2000:2026-07-16:09:00:23:59,2000,"""2026-07-16T00:00:00.000Z""",09:00,23:59,false
psp:omluva:174:2000:2026-07-17:00:00:09:00,2000,"""2026-07-17T00:00:00.000Z""",00:00,09:00,false
psp:omluva:174:2000:2026-07-17:09:00:23:59,2000,"""2026-07-17T00:00:00.000Z""",09:00,23:59,false
psp:omluva:174:2000:2026-07-18:00:00:09:00,2000,"""2026-07-18T00:00:00.000Z""",00:00,09:00,false
psp:omluva:174:2001:2026-02-03:14:45:16:00,2001,"""2026-02-03T00:00:00.000Z""",14:45,16:00,false
psp:omluva:174:2001:2026-02-03:17:15:19:15,2001,"""2026-02-03T00:00:00.000Z""",17:15,19:15,false
psp:omluva:174:2001:2026-02-12:13:00:23:59,2001,"""2026-02-12T00:00:00.000Z""",13:00,23:59,false
psp:omluva:174:2001:2026-02-13:00:00:09:00,2001,"""2026-02-13T00:00:00.000Z""",00:00,09:00,false
psp:omluva:174:2001:2026-03-12:16:00:23:59,2001,"""2026-03-12T00:00:00.000Z""",16:00,23:59,false
psp:omluva:174:2001:2026-03-13:00:00:09:00,2001,"""2026-03-13T00:00:00.000Z""",00:00,09:00,false
psp:omluva:174:2001:2026-04-16:12:00:13:00,2001,"""2026-04-16T00:00:00.000Z""",12:00,13:00,false
psp:omluva:174:2001:2026-04-21:18:00:23:59,2001,"""2026-04-21T00:00:00.000Z""",18:00,23:59,false
psp:omluva:174:2001:2026-04-22:00:00:09:00,2001,"""2026-04-22T00:00:00.000Z""",00:00,09:00,false
psp:omluva:174:2001:2026-04-23:09:00:23:59,2001,"""2026-04-23T00:00:00.000Z""",09:00,23:59,false
psp:omluva:174:2001:2026-04-24:00:00:09:00,2001,"""2026-04-24T00:00:00.000Z""",00:00,09:00,false
psp:omluva:174:2001:2026-05-13:09:00:15:00,2001,"""2026-05-13T00:00:00.000Z""",09:00,15:00,false
psp:omluva:174:2001:2026-05-28:09:00:23:59,2001,"""2026-05-28T00:00:00.000Z""",09:00,23:59,false
psp:omluva:174:2001:2026-05-29:00:00:09:00,2001,"""2026-05-29T00:00:00.000Z""",00:00,09:00,false
psp:omluva:174:2001:2026-07-02:15:30:18:00,2001,"""2026-07-02T00:00:00.000Z""",15:30,18:00,false
psp:omluva:174:2001:2026-07-03:13:15:23:59,2001,"""2026-07-03T00:00:00.000Z""",13:15,23:59,false
psp:omluva:174:2001:2026-07-04:00:00:09:00,2001,"""2026-07-04T00:00:00.000Z""",00:00,09:00,false
psp:omluva:174:2002:2025-11-05:20:00:23:59,2002,"""2025-11-05T00:00:00.000Z""",20:00,23:59,false
psp:omluva:174:2002:2025-11-06:00:00:09:00,2002,"""2025-11-06T00:00:00.000Z""",00:00,09:00,false
psp:omluva:174:2002:2025-11-26:22:20:23:59,2002,"""2025-11-26T00:00:00.000Z""",22:20,23:59,false
psp:omluva:174:2002:2025-11-27:00:00:09:00,2002,"""2025-11-27T00:00:00.000Z""",00:00,09:00,false
psp:omluva:174:2002:2025-11-27:14:00:23:59,2002,"""2025-11-27T00:00:00.000Z""",14:00,23:59,false
psp:omluva:174:2002:2025-11-28:00:00:09:00,2002,"""2025-11-28T00:00:00.000Z""",00:00,09:00,false
psp:omluva:174:2002:2026-01-16:09:00:23:59,2002,"""2026-01-16T00:00:00.000Z""",09:00,23:59,false
psp:omluva:174:2002:2026-01-17:00:00:09:00,2002,"""2026-01-17T00:00:00.000Z""",00:00,09:00,false
psp:omluva:174:2002:2026-01-27:17:00:18:15,2002,"""2026-01-27T00:00:00.000Z""",17:00,18:15,false
psp:omluva:174:2002:2026-01-29:09:00:11:00,2002,"""2026-01-29T00:00:00.000Z""",09:00,11:00,false
psp:omluva:174:2002:2026-01-30:14:00:23:59,2002,"""2026-01-30T00:00:00.000Z""",14:00,23:59,false
psp:omluva:174:2002:2026-01-31:00:00:09:00,2002,"""2026-01-31T00:00:00.000Z""",00:00,09:00,false
psp:omluva:174:2002:2026-02-10:21:00:23:59,2002,"""2026-02-10T00:00:00.000Z""",21:00,23:59,false
psp:omluva:174:2002:2026-02-11:00:00:09:00,2002,"""2026-02-11T00:00:00.000Z""",00:00,09:00,false
psp:omluva:174:2002:2026-02-11:09:00:11:00,2002,"""2026-02-11T00:00:00.000Z""",09:00,11:00,false
psp:omluva:174:2002:2026-02-11:09:00:23:59,2002,"""2026-02-11T00:00:00.000Z""",09:00,23:59,false
psp:omluva:174:2002:2026-02-12:00:00:09:00,2002,"""2026-02-12T00:00:00.000Z""",00:00,09:00,false
psp:omluva:174:2002:2026-02-12:09:00:23:59,2002,"""2026-02-12T00:00:00.000Z""",09:00,23:59,false
psp:omluva:174:2002:2026-02-13:00:00:09:00,2002,"""2026-02-13T00:00:00.000Z""",00:00,09:00,false
psp:omluva:174:2002:2026-02-13:09:00:23:59,2002,"""2026-02-13T00:00:00.000Z""",09:00,23:59,false
psp:omluva:174:2002:2026-02-14:00:00:09:00,2002,"""2026-02-14T00:00:00.000Z""",00:00,09:00,false
psp:omluva:174:2002:2026-03-04:17:00:19:30,2002,"""2026-03-04T00:00:00.000Z""",17:00,19:30,false
psp:omluva:174:2002:2026-03-05:18:30:23:59,2002,"""2026-03-05T00:00:00.000Z""",18:30,23:59,false
psp:omluva:174:2002:2026-03-06:00:00:09:00,2002,"""2026-03-06T00:00:00.000Z""",00:00,09:00,false
psp:omluva:174:2003:2025-11-05:18:35:18:45,2003,"""2025-11-05T00:00:00.000Z""",18:35,18:45,false
psp:omluva:174:2003:2026-01-14:19:40:21:00,2003,"""2026-01-14T00:00:00.000Z""",19:40,21:00,false
psp:omluva:174:2003:2026-01-16:09:00:10:30,2003,"""2026-01-16T00:00:00.000Z""",09:00,10:30,false
psp:omluva:174:2003:2026-01-29:09:00:23:59,2003,"""2026-01-29T00:00:00.000Z""",09:00,23:59,false
psp:omluva:174:2003:2026-01-30:00:00:09:00,2003,"""2026-01-30T00:00:00.000Z""",00:00,09:00,false
psp:omluva:174:2003:2026-01-30:10:00:23:59,2003,"""2026-01-30T00:00:00.000Z""",10:00,23:59,false
psp:omluva:174:2003:2026-01-31:00:00:09:00,2003,"""2026-01-31T00:00:00.000Z""",00:00,09:00,false
psp:omluva:174:2003:2026-02-03:09:00:23:59,2003,"""2026-02-03T00:00:00.000Z""",09:00,23:59,false
psp:omluva:174:2003:2026-02-04:00:00:09:00,2003,"""2026-02-04T00:00:00.000Z""",00:00,09:00,false
psp:omluva:174:2003:2026-02-12:13:00:23:59,2003,"""2026-02-12T00:00:00.000Z""",13:00,23:59,false
psp:omluva:174:2003:2026-02-13:00:00:09:00,2003,"""2026-02-13T00:00:00.000Z""",00:00,09:00,false
psp:omluva:174:2003:2026-02-13:14:00:23:59,2003,"""2026-02-13T00:00:00.000Z""",14:00,23:59,false
psp:omluva:174:2003:2026-02-14:00:00:09:00,2003,"""2026-02-14T00:00:00.000Z""",00:00,09:00,false
psp:omluva:174:2003:2026-03-03:09:00:23:59,2003,"""2026-03-03T00:00:00.000Z""",09:00,23:59,false
psp:omluva:174:2003:2026-03-04:00:00:09:00,2003,"""2026-03-04T00:00:00.000Z""",00:00,09:00,false
psp:omluva:174:2003:2026-03-04:09:00:23:59,2003,"""2026-03-04T00:00:00.000Z""",09:00,23:59,false
psp:omluva:174:2003:2026-03-05:00:00:09:00,2003,"""2026-03-05T00:00:00.000Z""",00:00,09:00,false
psp:omluva:174:2003:2026-03-05:09:00:23:59,2003,"""2026-03-05T00:00:00.000Z""",09:00,23:59,false
psp:omluva:174:2003:2026-03-06:00:00:09:00,2003,"""2026-03-06T00:00:00.000Z""",00:00,09:00,false
psp:omluva:174:2003:2026-03-06:09:00:23:59,2003,"""2026-03-06T00:00:00.000Z""",09:00,23:59,false
psp:omluva:174:2003:2026-03-07:00:00:09:00,2003,"""2026-03-07T00:00:00.000Z""",00:00,09:00,false
psp:omluva:174:2003:2026-04-14:09:00:23:59,2003,"""2026-04-14T00:00:00.000Z""",09:00,23:59,false
psp:omluva:174:2003:2026-04-15:00:00:09:00,2003,"""2026-04-15T00:00:00.000Z""",00:00,09:00,false
psp:omluva:174:2003:2026-04-21:19:00:23:59,2003,"""2026-04-21T00:00:00.000Z""",19:00,23:59,false
psp:omluva:174:2003:2026-04-22:00:00:09:00,2003,"""2026-04-22T00:00:00.000Z""",00:00,09:00,false
psp:omluva:174:2003:2026-04-22:11:30:13:00,2003,"""2026-04-22T00:00:00.000Z""",11:30,13:00,false
psp:omluva:174:2003:2026-04-24:09:00:23:59,2003,"""2026-04-24T00:00:00.000Z""",09:00,23:59,false
psp:omluva:174:2003:2026-04-25:00:00:09:00,2003,"""2026-04-25T00:00:00.000Z""",00:00,09:00,false
psp:omluva:174:2003:2026-05-06:09:00:13:00,2003,"""2026-05-06T00:00:00.000Z""",09:00,13:00,false
psp:omluva:174:2003:2026-05-14:09:00:23:59,2003,"""2026-05-14T00:00:00.000Z""",09:00,23:59,false
psp:omluva:174:2003:2026-05-15:00:00:09:00,2003,"""2026-05-15T00:00:00.000Z""",00:00,09:00,false
psp:omluva:174:2003:2026-05-27:19:00:23:59,2003,"""2026-05-27T00:00:00.000Z""",19:00,23:59,false
psp:omluva:174:2003:2026-05-28:00:00:09:00,2003,"""2026-05-28T00:00:00.000Z""",00:00,09:00,false
psp:omluva:174:2003:2026-06-24:14:30:16:00,2003,"""2026-06-24T00:00:00.000Z""",14:30,16:00,false
psp:omluva:174:2003:2026-07-03:13:00:23:59,2003,"""2026-07-03T00:00:00.000Z""",13:00,23:59,false
psp:omluva:174:2003:2026-07-04:00:00:09:00,2003,"""2026-07-04T00:00:00.000Z""",00:00,09:00,false
psp:omluva:174:2003:2026-07-07:09:00:23:59,2003,"""2026-07-07T00:00:00.000Z""",09:00,23:59,false
psp:omluva:174:2003:2026-07-08:00:00:09:00,2003,"""2026-07-08T00:00:00.000Z""",00:00,09:00,false
psp:omluva:174:2003:2026-07-14:11:30:23:59,2003,"""2026-07-14T00:00:00.000Z""",11:30,23:59,false
psp:omluva:174:2003:2026-07-15:00:00:09:00,2003,"""2026-07-15T00:00:00.000Z""",00:00,09:00,false
psp:omluva:174:2004:2026-02-12:15:00:19:00,2004,"""2026-02-12T00:00:00.000Z""",15:00,19:00,false
psp:omluva:174:2004:2026-02-13:09:00:10:00,2004,"""2026-02-13T00:00:00.000Z""",09:00,10:00,false
psp:omluva:174:2004:2026-03-12:09:00:11:00,2004,"""2026-03-12T00:00:00.000Z""",09:00,11:00,false
psp:omluva:174:2004:2026-03-24:09:00:23:59,2004,"""2026-03-24T00:00:00.000Z""",09:00,23:59,false
psp:omluva:174:2004:2026-03-25:00:00:09:00,2004,"""2026-03-25T00:00:00.000Z""",00:00,09:00,false
psp:omluva:174:2004:2026-03-25:09:00:23:59,2004,"""2026-03-25T00:00:00.000Z""",09:00,23:59,false
psp:omluva:174:2004:2026-03-26:00:00:09:00,2004,"""2026-03-26T00:00:00.000Z""",00:00,09:00,false
psp:omluva:174:2004:2026-03-26:09:00:23:59,2004,"""2026-03-26T00:00:00.000Z""",09:00,23:59,false
psp:omluva:174:2004:2026-03-27:00:00:09:00,2004,"""2026-03-27T00:00:00.000Z""",00:00,09:00,false
psp:omluva:174:2004:2026-03-27:09:00:23:59,2004,"""2026-03-27T00:00:00.000Z""",09:00,23:59,false
psp:omluva:174:2004:2026-03-28:00:00:09:00,2004,"""2026-03-28T00:00:00.000Z""",00:00,09:00,false
psp:omluva:174:2004:2026-04-14:17:30:21:00,2004,"""2026-04-14T00:00:00.000Z""",17:30,21:00,false
psp:omluva:174:2004:2026-04-20:09:00:23:59,2004,"""2026-04-20T00:00:00.000Z""",09:00,23:59,false
psp:omluva:174:2004:2026-04-21:00:00:09:00,2004,"""2026-04-21T00:00:00.000Z""",00:00,09:00,false
psp:omluva:174:2004:2026-04-21:09:00:23:59,2004,"""2026-04-21T00:00:00.000Z""",09:00,23:59,false
psp:omluva:174:2004:2026-04-22:00:00:09:00,2004,"""2026-04-22T00:00:00.000Z""",00:00,09:00,false
psp:omluva:174:2004:2026-04-22:09:00:23:59,2004,"""2026-04-22T00:00:00.000Z""",09:00,23:59,false
psp:omluva:174:2004:2026-04-23:00:00:09:00,2004,"""2026-04-23T00:00:00.000Z""",00:00,09:00,false
psp:omluva:174:2004:2026-04-23:09:00:23:59,2004,"""2026-04-23T00:00:00.000Z""",09:00,23:59,false
psp:omluva:174:2004:2026-04-24:00:00:09:00,2004,"""2026-04-24T00:00:00.000Z""",00:00,09:00,false
psp:omluva:174:2004:2026-04-24:09:00:23:59,2004,"""2026-04-24T00:00:00.000Z""",09:00,23:59,false
psp:omluva:174:2004:2026-04-25:00:00:09:00,2004,"""2026-04-25T00:00:00.000Z""",00:00,09:00,false
psp:omluva:174:2004:2026-05-13:18:40:21:30,2004,"""2026-05-13T00:00:00.000Z""",18:40,21:30,false
psp:omluva:174:2004:2026-05-14:13:30:23:59,2004,"""2026-05-14T00:00:00.000Z""",13:30,23:59,false
psp:omluva:174:2004:2026-05-15:00:00:09:00,2004,"""2026-05-15T00:00:00.000Z""",00:00,09:00,false
psp:omluva:174:2004:2026-05-28:11:00:14:30,2004,"""2026-05-28T00:00:00.000Z""",11:00,14:30,false
psp:omluva:174:2004:2026-05-28:18:00:23:59,2004,"""2026-05-28T00:00:00.000Z""",18:00,23:59,false
psp:omluva:174:2004:2026-05-29:00:00:09:00,2004,"""2026-05-29T00:00:00.000Z""",00:00,09:00,false
psp:omluva:174:2004:2026-06-03:18:45:21:30,2004,"""2026-06-03T00:00:00.000Z""",18:45,21:30,false
psp:omluva:174:2004:2026-06-11:12:00:15:00,2004,"""2026-06-11T00:00:00.000Z""",12:00,15:00,false
psp:omluva:174:2004:2026-07-14:12:00:16:00,2004,"""2026-07-14T00:00:00.000Z""",12:00,16:00,false
psp:omluva:174:2004:2026-07-14:17:50:23:59,2004,"""2026-07-14T00:00:00.000Z""",17:50,23:59,false
psp:omluva:174:2004:2026-07-15:00:00:09:00,2004,"""2026-07-15T00:00:00.000Z""",00:00,09:00,false
psp:omluva:174:2005:2025-11-26:16:00:23:59,2005,"""2025-11-26T00:00:00.000Z""",16:00,23:59,false
psp:omluva:174:2005:2025-11-27:00:00:09:00,2005,"""2025-11-27T00:00:00.000Z""",00:00,09:00,false
psp:omluva:174:2005:2026-01-29:11:30:13:30,2005,"""2026-01-29T00:00:00.000Z""",11:30,13:30,false
psp:omluva:174:2005:2026-03-04:16:00:23:59,2005,"""2026-03-04T00:00:00.000Z""",16:00,23:59,false
psp:omluva:174:2005:2026-03-05:00:00:09:00,2005,"""2026-03-05T00:00:00.000Z""",00:00,09:00,false
psp:omluva:174:2005:2026-03-06:14:00:23:59,2005,"""2026-03-06T00:00:00.000Z""",14:00,23:59,false
psp:omluva:174:2005:2026-03-07:00:00:09:00,2005,"""2026-03-07T00:00:00.000Z""",00:00,09:00,false
psp:omluva:174:2005:2026-03-13:09:00:23:59,2005,"""2026-03-13T00:00:00.000Z""",09:00,23:59,false
psp:omluva:174:2005:2026-03-14:00:00:09:00,2005,"""2026-03-14T00:00:00.000Z""",00:00,09:00,false
psp:omluva:174:2005:2026-03-24:19:30:21:00,2005,"""2026-03-24T00:00:00.000Z""",19:30,21:00,false
psp:omluva:174:2005:2026-04-21:09:00:23:59,2005,"""2026-04-21T00:00:00.000Z""",09:00,23:59,false
psp:omluva:174:2005:2026-04-22:00:00:09:00,2005,"""2026-04-22T00:00:00.000Z""",00:00,09:00,false
psp:omluva:174:2005:2026-04-23:15:45:23:59,2005,"""2026-04-23T00:00:00.000Z""",15:45,23:59,false
psp:omluva:174:2005:2026-04-24:00:00:09:00,2005,"""2026-04-24T00:00:00.000Z""",00:00,09:00,false
psp:omluva:174:2005:2026-04-24:09:00:23:59,2005,"""2026-04-24T00:00:00.000Z""",09:00,23:59,false
psp:omluva:174:2005:2026-04-25:00:00:09:00,2005,"""2026-04-25T00:00:00.000Z""",00:00,09:00,false
psp:omluva:174:2005:2026-05-05:17:30:19:00,2005,"""2026-05-05T00:00:00.000Z""",17:30,19:00,false
psp:omluva:174:2005:2026-05-07:09:00:23:59,2005,"""2026-05-07T00:00:00.000Z""",09:00,23:59,false
psp:omluva:174:2005:2026-05-08:00:00:09:00,2005,"""2026-05-08T00:00:00.000Z""",00:00,09:00,false
psp:omluva:174:2005:2026-05-13:19:00:23:59,2005,"""2026-05-13T00:00:00.000Z""",19:00,23:59,false
psp:omluva:174:2005:2026-05-14:00:00:09:00,2005,"""2026-05-14T00:00:00.000Z""",00:00,09:00,false
psp:omluva:174:2005:2026-05-14:09:00:23:59,2005,"""2026-05-14T00:00:00.000Z""",09:00,23:59,false
psp:omluva:174:2005:2026-05-15:00:00:09:00,2005,"""2026-05-15T00:00:00.000Z""",00:00,09:00,false
psp:omluva:174:2005:2026-05-28:11:30:13:30,2005,"""2026-05-28T00:00:00.000Z""",11:30,13:30,false
psp:omluva:174:2005:2026-05-28:17:00:23:59,2005,"""2026-05-28T00:00:00.000Z""",17:00,23:59,false
psp:omluva:174:2005:2026-05-29:00:00:09:00,2005,"""2026-05-29T00:00:00.000Z""",00:00,09:00,false
psp:omluva:174:2005:2026-06-02:17:30:23:59,2005,"""2026-06-02T00:00:00.000Z""",17:30,23:59,false
psp:omluva:174:2005:2026-06-03:00:00:09:00,2005,"""2026-06-03T00:00:00.000Z""",00:00,09:00,false
psp:omluva:174:2005:2026-06-11:17:00:23:59,2005,"""2026-06-11T00:00:00.000Z""",17:00,23:59,false
psp:omluva:174:2005:2026-06-12:00:00:09:00,2005,"""2026-06-12T00:00:00.000Z""",00:00,09:00,false
psp:omluva:174:2005:2026-06-25:09:00:12:00,2005,"""2026-06-25T00:00:00.000Z""",09:00,12:00,false
psp:omluva:174:2005:2026-07-07:09:00:23:59,2005,"""2026-07-07T00:00:00.000Z""",09:00,23:59,false
psp:omluva:174:2005:2026-07-08:00:00:09:00,2005,"""2026-07-08T00:00:00.000Z""",00:00,09:00,false
psp:omluva:174:2005:2026-07-08:09:00:23:59,2005,"""2026-07-08T00:00:00.000Z""",09:00,23:59,false
psp:omluva:174:2005:2026-07-09:00:00:09:00,2005,"""2026-07-09T00:00:00.000Z""",00:00,09:00,false
psp:omluva:174:2005:2026-07-09:09:00:23:59,2005,"""2026-07-09T00:00:00.000Z""",09:00,23:59,false
psp:omluva:174:2005:2026-07-10:00:00:09:00,2005,"""2026-07-10T00:00:00.000Z""",00:00,09:00,false
psp:omluva:174:2005:2026-07-10:09:00:23:59,2005,"""2026-07-10T00:00:00.000Z""",09:00,23:59,false
psp:omluva:174:2005:2026-07-11:00:00:09:00,2005,"""2026-07-11T00:00:00.000Z""",00:00,09:00,false
psp:omluva:174:2005:2026-07-14:12:30:23:59,2005,"""2026-07-14T00:00:00.000Z""",12:30,23:59,false
psp:omluva:174:2005:2026-07-15:00:00:09:00,2005,"""2026-07-15T00:00:00.000Z""",00:00,09:00,false
psp:omluva:174:2006:2025-11-26:18:00:19:30,2006,"""2025-11-26T00:00:00.000Z""",18:00,19:30,false
psp:omluva:174:2006:2026-01-16:09:00:23:59,2006,"""2026-01-16T00:00:00.000Z""",09:00,23:59,false
psp:omluva:174:2006:2026-01-17:00:00:09:00,2006,"""2026-01-17T00:00:00.000Z""",00:00,09:00,false
psp:omluva:174:2006:2026-03-05:13:20:16:00,2006,"""2026-03-05T00:00:00.000Z""",13:20,16:00,false
psp:omluva:174:2006:2026-03-13:09:00:23:59,2006,"""2026-03-13T00:00:00.000Z""",09:00,23:59,false
psp:omluva:174:2006:2026-03-14:00:00:09:00,2006,"""2026-03-14T00:00:00.000Z""",00:00,09:00,false
psp:omluva:174:2006:2026-03-25:16:30:23:59,2006,"""2026-03-25T00:00:00.000Z""",16:30,23:59,false
psp:omluva:174:2006:2026-03-26:00:00:09:00,2006,"""2026-03-26T00:00:00.000Z""",00:00,09:00,false
psp:omluva:174:2006:2026-05-05:22:00:23:59,2006,"""2026-05-05T00:00:00.000Z""",22:00,23:59,false
psp:omluva:174:2006:2026-05-06:00:00:09:00,2006,"""2026-05-06T00:00:00.000Z""",00:00,09:00,false
psp:omluva:174:2006:2026-05-14:09:00:23:59,2006,"""2026-05-14T00:00:00.000Z""",09:00,23:59,false
psp:omluva:174:2006:2026-05-15:00:00:09:00,2006,"""2026-05-15T00:00:00.000Z""",00:00,09:00,false
psp:omluva:174:2006:2026-05-15:09:00:23:59,2006,"""2026-05-15T00:00:00.000Z""",09:00,23:59,false
psp:omluva:174:2006:2026-05-16:00:00:09:00,2006,"""2026-05-16T00:00:00.000Z""",00:00,09:00,false
psp:omluva:174:2006:2026-05-26:09:00:23:59,2006,"""2026-05-26T00:00:00.000Z""",09:00,23:59,false
psp:omluva:174:2006:2026-05-27:00:00:09:00,2006,"""2026-05-27T00:00:00.000Z""",00:00,09:00,false
psp:omluva:174:2006:2026-05-27:09:00:23:59,2006,"""2026-05-27T00:00:00.000Z""",09:00,23:59,false
psp:omluva:174:2006:2026-05-28:00:00:09:00,2006,"""2026-05-28T00:00:00.000Z""",00:00,09:00,false
psp:omluva:174:2006:2026-05-28:09:00:23:59,2006,"""2026-05-28T00:00:00.000Z""",09:00,23:59,false
psp:omluva:174:2006:2026-05-29:00:00:09:00,2006,"""2026-05-29T00:00:00.000Z""",00:00,09:00,false
psp:omluva:174:2006:2026-05-29:09:00:10:00,2006,"""2026-05-29T00:00:00.000Z""",09:00,10:00,false
psp:omluva:174:2006:2026-06-03:19:20:21:20,2006,"""2026-06-03T00:00:00.000Z""",19:20,21:20,false
psp:omluva:174:2006:2026-06-04:09:00:11:00,2006,"""2026-06-04T00:00:00.000Z""",09:00,11:00,false
psp:omluva:174:2006:2026-06-11:09:00:23:59,2006,"""2026-06-11T00:00:00.000Z""",09:00,23:59,false
psp:omluva:174:2006:2026-06-12:00:00:09:00,2006,"""2026-06-12T00:00:00.000Z""",00:00,09:00,false
psp:omluva:174:2006:2026-06-30:09:00:23:59,2006,"""2026-06-30T00:00:00.000Z""",09:00,23:59,false
psp:omluva:174:2006:2026-07-01:00:00:09:00,2006,"""2026-07-01T00:00:00.000Z""",00:00,09:00,false
psp:omluva:174:2006:2026-07-02:09:00:10:00,2006,"""2026-07-02T00:00:00.000Z""",09:00,10:00,false
psp:omluva:174:2006:2026-07-02:10:00:11:00,2006,"""2026-07-02T00:00:00.000Z""",10:00,11:00,false
psp:omluva:174:2006:2026-07-02:11:00:11:30,2006,"""2026-07-02T00:00:00.000Z""",11:00,11:30,false
psp:omluva:174:2006:2026-07-07:14:30:15:00,2006,"""2026-07-07T00:00:00.000Z""",14:30,15:00,false
psp:omluva:174:2006:2026-07-08:09:00:09:55,2006,"""2026-07-08T00:00:00.000Z""",09:00,09:55,false
psp:omluva:174:2006:2026-07-14:10:00:10:05,2006,"""2026-07-14T00:00:00.000Z""",10:00,10:05,false
psp:omluva:174:2006:2026-07-14:11:45:11:50,2006,"""2026-07-14T00:00:00.000Z""",11:45,11:50,false
psp:omluva:174:2006:2026-07-14:12:00:23:59,2006,"""2026-07-14T00:00:00.000Z""",12:00,23:59,false
psp:omluva:174:2006:2026-07-15:00:00:09:00,2006,"""2026-07-15T00:00:00.000Z""",00:00,09:00,false
psp:omluva:174:2006:2026-07-15:09:00:23:59,2006,"""2026-07-15T00:00:00.000Z""",09:00,23:59,false
psp:omluva:174:2006:2026-07-16:00:00:09:00,2006,"""2026-07-16T00:00:00.000Z""",00:00,09:00,false
psp:omluva:174:2007:2026-02-12:09:00:23:59,2007,"""2026-02-12T00:00:00.000Z""",09:00,23:59,false
psp:omluva:174:2007:2026-02-13:00:00:09:00,2007,"""2026-02-13T00:00:00.000Z""",00:00,09:00,false
psp:omluva:174:2007:2026-03-04:12:40:18:15,2007,"""2026-03-04T00:00:00.000Z""",12:40,18:15,false
psp:omluva:174:2007:2026-03-13:09:00:23:59,2007,"""2026-03-13T00:00:00.000Z""",09:00,23:59,false
psp:omluva:174:2007:2026-03-14:00:00:09:00,2007,"""2026-03-14T00:00:00.000Z""",00:00,09:00,false
psp:omluva:174:2007:2026-04-16:11:00:17:50,2007,"""2026-04-16T00:00:00.000Z""",11:00,17:50,false
psp:omluva:174:2007:2026-05-13:22:11:23:59,2007,"""2026-05-13T00:00:00.000Z""",22:11,23:59,false
psp:omluva:174:2007:2026-05-14:00:00:09:00,2007,"""2026-05-14T00:00:00.000Z""",00:00,09:00,false
psp:omluva:174:2007:2026-05-15:09:00:11:15,2007,"""2026-05-15T00:00:00.000Z""",09:00,11:15,false
psp:omluva:174:2007:2026-06-25:13:00:23:59,2007,"""2026-06-25T00:00:00.000Z""",13:00,23:59,false
psp:omluva:174:2007:2026-06-26:00:00:09:00,2007,"""2026-06-26T00:00:00.000Z""",00:00,09:00,false
psp:omluva:174:2007:2026-06-30:21:00:23:59,2007,"""2026-06-30T00:00:00.000Z""",21:00,23:59,false
psp:omluva:174:2007:2026-07-01:00:00:09:00,2007,"""2026-07-01T00:00:00.000Z""",00:00,09:00,false
psp:omluva:174:2007:2026-07-01:09:00:23:59,2007,"""2026-07-01T00:00:00.000Z""",09:00,23:59,false
psp:omluva:174:2007:2026-07-02:00:00:09:00,2007,"""2026-07-02T00:00:00.000Z""",00:00,09:00,false
psp:omluva:174:2007:2026-07-08:11:30:23:59,2007,"""2026-07-08T00:00:00.000Z""",11:30,23:59,false
psp:omluva:174:2007:2026-07-09:00:00:09:00,2007,"""2026-07-09T00:00:00.000Z""",00:00,09:00,false
psp:omluva:174:2007:2026-07-14:12:30:23:59,2007,"""2026-07-14T00:00:00.000Z""",12:30,23:59,false
psp:omluva:174:2007:2026-07-15:00:00:09:00,2007,"""2026-07-15T00:00:00.000Z""",00:00,09:00,false
psp:omluva:174:2008:2026-01-27:09:00:23:59,2008,"""2026-01-27T00:00:00.000Z""",09:00,23:59,false
psp:omluva:174:2008:2026-01-28:00:00:09:00,2008,"""2026-01-28T00:00:00.000Z""",00:00,09:00,false
psp:omluva:174:2008:2026-01-28:09:00:23:59,2008,"""2026-01-28T00:00:00.000Z""",09:00,23:59,false
psp:omluva:174:2008:2026-01-29:00:00:09:00,2008,"""2026-01-29T00:00:00.000Z""",00:00,09:00,false
psp:omluva:174:2008:2026-01-29:09:00:23:59,2008,"""2026-01-29T00:00:00.000Z""",09:00,23:59,false
psp:omluva:174:2008:2026-01-30:00:00:09:00,2008,"""2026-01-30T00:00:00.000Z""",00:00,09:00,false
psp:omluva:174:2008:2026-01-30:09:00:23:59,2008,"""2026-01-30T00:00:00.000Z""",09:00,23:59,false
psp:omluva:174:2008:2026-01-31:00:00:09:00,2008,"""2026-01-31T00:00:00.000Z""",00:00,09:00,false
psp:omluva:174:2008:2026-02-04:13:10:14:37,2008,"""2026-02-04T00:00:00.000Z""",13:10,14:37,false
psp:omluva:174:2008:2026-02-10:17:30:23:59,2008,"""2026-02-10T00:00:00.000Z""",17:30,23:59,false
psp:omluva:174:2008:2026-02-11:00:00:09:00,2008,"""2026-02-11T00:00:00.000Z""",00:00,09:00,false
psp:omluva:174:2008:2026-02-12:09:00:23:59,2008,"""2026-02-12T00:00:00.000Z""",09:00,23:59,false
psp:omluva:174:2008:2026-02-13:00:00:09:00,2008,"""2026-02-13T00:00:00.000Z""",00:00,09:00,false
psp:omluva:174:2008:2026-02-13:09:00:23:59,2008,"""2026-02-13T00:00:00.000Z""",09:00,23:59,false
psp:omluva:174:2008:2026-02-14:00:00:09:00,2008,"""2026-02-14T00:00:00.000Z""",00:00,09:00,false
psp:omluva:174:2008:2026-03-04:09:00:12:30,2008,"""2026-03-04T00:00:00.000Z""",09:00,12:30,false
psp:omluva:174:2008:2026-03-12:09:00:12:00,2008,"""2026-03-12T00:00:00.000Z""",09:00,12:00,false
psp:omluva:174:2008:2026-03-12:19:00:23:59,2008,"""2026-03-12T00:00:00.000Z""",19:00,23:59,false
psp:omluva:174:2008:2026-03-13:00:00:09:00,2008,"""2026-03-13T00:00:00.000Z""",00:00,09:00,false
psp:omluva:174:2008:2026-03-24:19:15:23:59,2008,"""2026-03-24T00:00:00.000Z""",19:15,23:59,false
psp:omluva:174:2008:2026-03-25:00:00:09:00,2008,"""2026-03-25T00:00:00.000Z""",00:00,09:00,false
psp:omluva:174:2008:2026-04-14:17:30:23:59,2008,"""2026-04-14T00:00:00.000Z""",17:30,23:59,false
psp:omluva:174:2008:2026-04-15:00:00:09:00,2008,"""2026-04-15T00:00:00.000Z""",00:00,09:00,false
psp:omluva:174:2008:2026-04-16:09:00:13:00,2008,"""2026-04-16T00:00:00.000Z""",09:00,13:00,false
psp:omluva:174:2008:2026-04-17:09:00:23:59,2008,"""2026-04-17T00:00:00.000Z""",09:00,23:59,false
psp:omluva:174:2008:2026-04-18:00:00:09:00,2008,"""2026-04-18T00:00:00.000Z""",00:00,09:00,false
psp:omluva:174:2008:2026-04-21:15:30:23:59,2008,"""2026-04-21T00:00:00.000Z""",15:30,23:59,false
psp:omluva:174:2008:2026-04-22:00:00:09:00,2008,"""2026-04-22T00:00:00.000Z""",00:00,09:00,false
psp:omluva:174:2008:2026-04-22:16:30:23:59,2008,"""2026-04-22T00:00:00.000Z""",16:30,23:59,false
psp:omluva:174:2008:2026-04-23:00:00:09:00,2008,"""2026-04-23T00:00:00.000Z""",00:00,09:00,false
psp:omluva:174:2008:2026-05-05:09:00:23:59,2008,"""2026-05-05T00:00:00.000Z""",09:00,23:59,false
psp:omluva:174:2008:2026-05-06:00:00:09:00,2008,"""2026-05-06T00:00:00.000Z""",00:00,09:00,false
psp:omluva:174:2008:2026-05-06:09:00:23:59,2008,"""2026-05-06T00:00:00.000Z""",09:00,23:59,false
psp:omluva:174:2008:2026-05-07:00:00:09:00,2008,"""2026-05-07T00:00:00.000Z""",00:00,09:00,false
psp:omluva:174:2008:2026-05-07:09:00:23:59,2008,"""2026-05-07T00:00:00.000Z""",09:00,23:59,false
psp:omluva:174:2008:2026-05-08:00:00:09:00,2008,"""2026-05-08T00:00:00.000Z""",00:00,09:00,false
psp:omluva:174:2008:2026-05-14:09:00:23:59,2008,"""2026-05-14T00:00:00.000Z""",09:00,23:59,false
psp:omluva:174:2008:2026-05-15:00:00:09:00,2008,"""2026-05-15T00:00:00.000Z""",00:00,09:00,false
psp:omluva:174:2008:2026-05-15:09:00:23:59,2008,"""2026-05-15T00:00:00.000Z""",09:00,23:59,false
psp:omluva:174:2008:2026-05-16:00:00:09:00,2008,"""2026-05-16T00:00:00.000Z""",00:00,09:00,false
psp:omluva:174:2008:2026-06-02:09:00:15:00,2008,"""2026-06-02T00:00:00.000Z""",09:00,15:00,false
psp:omluva:174:2008:2026-06-05:09:00:11:00,2008,"""2026-06-05T00:00:00.000Z""",09:00,11:00,false
psp:omluva:174:2008:2026-06-24:09:00:23:59,2008,"""2026-06-24T00:00:00.000Z""",09:00,23:59,false
psp:omluva:174:2008:2026-06-25:00:00:09:00,2008,"""2026-06-25T00:00:00.000Z""",00:00,09:00,false
psp:omluva:174:2008:2026-06-25:09:00:23:59,2008,"""2026-06-25T00:00:00.000Z""",09:00,23:59,false
psp:omluva:174:2008:2026-06-26:00:00:09:00,2008,"""2026-06-26T00:00:00.000Z""",00:00,09:00,false
psp:omluva:174:2008:2026-06-26:09:00:23:59,2008,"""2026-06-26T00:00:00.000Z""",09:00,23:59,false
psp:omluva:174:2008:2026-06-27:00:00:09:00,2008,"""2026-06-27T00:00:00.000Z""",00:00,09:00,false
psp:omluva:174:2008:2026-06-30:16:36:23:59,2008,"""2026-06-30T00:00:00.000Z""",16:36,23:59,false
psp:omluva:174:2008:2026-07-01:00:00:09:00,2008,"""2026-07-01T00:00:00.000Z""",00:00,09:00,false
psp:omluva:174:2008:2026-07-01:09:00:11:00,2008,"""2026-07-01T00:00:00.000Z""",09:00,11:00,false
psp:omluva:174:2008:2026-07-01:18:00:23:59,2008,"""2026-07-01T00:00:00.000Z""",18:00,23:59,false
psp:omluva:174:2008:2026-07-02:00:00:09:00,2008,"""2026-07-02T00:00:00.000Z""",00:00,09:00,false
psp:omluva:174:2008:2026-07-02:09:00:11:45,2008,"""2026-07-02T00:00:00.000Z""",09:00,11:45,false
psp:omluva:174:2008:2026-07-03:09:00:23:59,2008,"""2026-07-03T00:00:00.000Z""",09:00,23:59,false
psp:omluva:174:2008:2026-07-04:00:00:09:00,2008,"""2026-07-04T00:00:00.000Z""",00:00,09:00,false
psp:omluva:174:2008:2026-07-08:09:00:23:59,2008,"""2026-07-08T00:00:00.000Z""",09:00,23:59,false
psp:omluva:174:2008:2026-07-09:00:00:09:00,2008,"""2026-07-09T00:00:00.000Z""",00:00,09:00,false
psp:omluva:174:2008:2026-07-14:09:00:23:59,2008,"""2026-07-14T00:00:00.000Z""",09:00,23:59,false
psp:omluva:174:2008:2026-07-15:00:00:09:00,2008,"""2026-07-15T00:00:00.000Z""",00:00,09:00,false
psp:omluva:174:2008:2026-07-15:09:00:23:59,2008,"""2026-07-15T00:00:00.000Z""",09:00,23:59,false
psp:omluva:174:2008:2026-07-16:00:00:09:00,2008,"""2026-07-16T00:00:00.000Z""",00:00,09:00,false
psp:omluva:174:2009:2026-01-14:09:00:10:00,2009,"""2026-01-14T00:00:00.000Z""",09:00,10:00,false
psp:omluva:174:2009:2026-01-15:10:00:11:00,2009,"""2026-01-15T00:00:00.000Z""",10:00,11:00,false
psp:omluva:174:2009:2026-01-16:09:00:11:00,2009,"""2026-01-16T00:00:00.000Z""",09:00,11:00,false
psp:omluva:174:2009:2026-01-29:09:00:13:00,2009,"""2026-01-29T00:00:00.000Z""",09:00,13:00,false
psp:omluva:174:2009:2026-01-29:13:00:17:00,2009,"""2026-01-29T00:00:00.000Z""",13:00,17:00,false
psp:omluva:174:2009:2026-01-29:17:00:23:59,2009,"""2026-01-29T00:00:00.000Z""",17:00,23:59,false
psp:omluva:174:2009:2026-01-30:00:00:09:00,2009,"""2026-01-30T00:00:00.000Z""",00:00,09:00,false
psp:omluva:174:2009:2026-01-30:09:00:10:00,2009,"""2026-01-30T00:00:00.000Z""",09:00,10:00,false
psp:omluva:174:2009:2026-02-04:09:00:11:00,2009,"""2026-02-04T00:00:00.000Z""",09:00,11:00,false
psp:omluva:174:2009:2026-02-10:09:00:23:59,2009,"""2026-02-10T00:00:00.000Z""",09:00,23:59,false
psp:omluva:174:2009:2026-02-11:00:00:09:00,2009,"""2026-02-11T00:00:00.000Z""",00:00,09:00,false
psp:omluva:174:2009:2026-02-11:09:00:23:59,2009,"""2026-02-11T00:00:00.000Z""",09:00,23:59,false
psp:omluva:174:2009:2026-02-12:00:00:09:00,2009,"""2026-02-12T00:00:00.000Z""",00:00,09:00,false
psp:omluva:174:2009:2026-02-12:09:00:23:59,2009,"""2026-02-12T00:00:00.000Z""",09:00,23:59,false
psp:omluva:174:2009:2026-02-13:00:00:09:00,2009,"""2026-02-13T00:00:00.000Z""",00:00,09:00,false
psp:omluva:174:2009:2026-02-13:09:00:23:59,2009,"""2026-02-13T00:00:00.000Z""",09:00,23:59,false
psp:omluva:174:2009:2026-02-14:00:00:09:00,2009,"""2026-02-14T00:00:00.000Z""",00:00,09:00,false
psp:omluva:174:2009:2026-03-04:09:00:11:00,2009,"""2026-03-04T00:00:00.000Z""",09:00,11:00,false
psp:omluva:174:2009:2026-03-05:09:00:12:00,2009,"""2026-03-05T00:00:00.000Z""",09:00,12:00,false
psp:omluva:174:2009:2026-03-06:09:00:11:00,2009,"""2026-03-06T00:00:00.000Z""",09:00,11:00,false
psp:omluva:174:2009:2026-03-06:11:00:23:59,2009,"""2026-03-06T00:00:00.000Z""",11:00,23:59,false
psp:omluva:174:2009:2026-03-07:00:00:09:00,2009,"""2026-03-07T00:00:00.000Z""",00:00,09:00,false
psp:omluva:174:2009:2026-03-11:09:00:12:00,2009,"""2026-03-11T00:00:00.000Z""",09:00,12:00,false
psp:omluva:174:2009:2026-03-12:09:00:23:59,2009,"""2026-03-12T00:00:00.000Z""",09:00,23:59,false
psp:omluva:174:2009:2026-03-13:00:00:09:00,2009,"""2026-03-13T00:00:00.000Z""",00:00,09:00,false
psp:omluva:174:2009:2026-03-13:09:00:23:59,2009,"""2026-03-13T00:00:00.000Z""",09:00,23:59,false
psp:omluva:174:2009:2026-03-14:00:00:09:00,2009,"""2026-03-14T00:00:00.000Z""",00:00,09:00,false
psp:omluva:174:2009:2026-03-24:19:30:23:59,2009,"""2026-03-24T00:00:00.000Z""",19:30,23:59,false
psp:omluva:174:2009:2026-03-25:00:00:09:00,2009,"""2026-03-25T00:00:00.000Z""",00:00,09:00,false
psp:omluva:174:2009:2026-03-25:09:00:11:00,2009,"""2026-03-25T00:00:00.000Z""",09:00,11:00,false
psp:omluva:174:2009:2026-04-14:09:00:23:59,2009,"""2026-04-14T00:00:00.000Z""",09:00,23:59,false
psp:omluva:174:2009:2026-04-15:00:00:09:00,2009,"""2026-04-15T00:00:00.000Z""",00:00,09:00,false
psp:omluva:174:2009:2026-04-15:09:00:23:59,2009,"""2026-04-15T00:00:00.000Z""",09:00,23:59,false
psp:omluva:174:2009:2026-04-16:00:00:09:00,2009,"""2026-04-16T00:00:00.000Z""",00:00,09:00,false
psp:omluva:174:2009:2026-04-16:09:00:23:59,2009,"""2026-04-16T00:00:00.000Z""",09:00,23:59,false
psp:omluva:174:2009:2026-04-17:00:00:09:00,2009,"""2026-04-17T00:00:00.000Z""",00:00,09:00,false
psp:omluva:174:2009:2026-04-17:09:00:23:59,2009,"""2026-04-17T00:00:00.000Z""",09:00,23:59,false
psp:omluva:174:2009:2026-04-18:00:00:09:00,2009,"""2026-04-18T00:00:00.000Z""",00:00,09:00,false
psp:omluva:174:2009:2026-04-21:17:15:20:00,2009,"""2026-04-21T00:00:00.000Z""",17:15,20:00,false
psp:omluva:174:2009:2026-04-22:09:00:12:00,2009,"""2026-04-22T00:00:00.000Z""",09:00,12:00,false
psp:omluva:174:2009:2026-04-23:09:00:11:00,2009,"""2026-04-23T00:00:00.000Z""",09:00,11:00,false
psp:omluva:174:2009:2026-05-06:09:00:12:00,2009,"""2026-05-06T00:00:00.000Z""",09:00,12:00,false
psp:omluva:174:2009:2026-05-13:09:00:23:59,2009,"""2026-05-13T00:00:00.000Z""",09:00,23:59,false
psp:omluva:174:2009:2026-05-14:00:00:09:00,2009,"""2026-05-14T00:00:00.000Z""",00:00,09:00,false
psp:omluva:174:2009:2026-05-14:09:00:23:59,2009,"""2026-05-14T00:00:00.000Z""",09:00,23:59,false
psp:omluva:174:2009:2026-05-15:00:00:09:00,2009,"""2026-05-15T00:00:00.000Z""",00:00,09:00,false
psp:omluva:174:2009:2026-05-15:09:00:23:59,2009,"""2026-05-15T00:00:00.000Z""",09:00,23:59,false
psp:omluva:174:2009:2026-05-16:00:00:09:00,2009,"""2026-05-16T00:00:00.000Z""",00:00,09:00,false
psp:omluva:174:2009:2026-05-27:09:00:13:00,2009,"""2026-05-27T00:00:00.000Z""",09:00,13:00,false
psp:omluva:174:2009:2026-06-02:09:00:23:59,2009,"""2026-06-02T00:00:00.000Z""",09:00,23:59,false
psp:omluva:174:2009:2026-06-03:00:00:09:00,2009,"""2026-06-03T00:00:00.000Z""",00:00,09:00,false
psp:omluva:174:2009:2026-06-03:09:00:23:59,2009,"""2026-06-03T00:00:00.000Z""",09:00,23:59,false
psp:omluva:174:2009:2026-06-04:00:00:09:00,2009,"""2026-06-04T00:00:00.000Z""",00:00,09:00,false
psp:omluva:174:2009:2026-06-04:09:00:23:59,2009,"""2026-06-04T00:00:00.000Z""",09:00,23:59,false
psp:omluva:174:2009:2026-06-05:00:00:09:00,2009,"""2026-06-05T00:00:00.000Z""",00:00,09:00,false
psp:omluva:174:2009:2026-06-05:09:00:23:59,2009,"""2026-06-05T00:00:00.000Z""",09:00,23:59,false
psp:omluva:174:2009:2026-06-06:00:00:09:00,2009,"""2026-06-06T00:00:00.000Z""",00:00,09:00,false
psp:omluva:174:2009:2026-06-11:09:00:23:59,2009,"""2026-06-11T00:00:00.000Z""",09:00,23:59,false
psp:omluva:174:2009:2026-06-12:00:00:09:00,2009,"""2026-06-12T00:00:00.000Z""",00:00,09:00,false
psp:omluva:174:2009:2026-06-24:09:00:11:00,2009,"""2026-06-24T00:00:00.000Z""",09:00,11:00,false
psp:omluva:174:2009:2026-06-24:19:00:23:59,2009,"""2026-06-24T00:00:00.000Z""",19:00,23:59,false
psp:omluva:174:2009:2026-06-25:00:00:09:00,2009,"""2026-06-25T00:00:00.000Z""",00:00,09:00,false
psp:omluva:174:2009:2026-06-25:09:00:23:59,2009,"""2026-06-25T00:00:00.000Z""",09:00,23:59,false
psp:omluva:174:2009:2026-06-26:00:00:09:00,2009,"""2026-06-26T00:00:00.000Z""",00:00,09:00,false
psp:omluva:174:2009:2026-06-26:09:00:23:59,2009,"""2026-06-26T00:00:00.000Z""",09:00,23:59,false
psp:omluva:174:2009:2026-06-27:00:00:09:00,2009,"""2026-06-27T00:00:00.000Z""",00:00,09:00,false
psp:omluva:174:2009:2026-07-03:09:00:23:59,2009,"""2026-07-03T00:00:00.000Z""",09:00,23:59,false
psp:omluva:174:2009:2026-07-04:00:00:09:00,2009,"""2026-07-04T00:00:00.000Z""",00:00,09:00,false
psp:omluva:174:2009:2026-07-07:09:00:12:00,2009,"""2026-07-07T00:00:00.000Z""",09:00,12:00,false
psp:omluva:174:2009:2026-07-08:09:00:13:00,2009,"""2026-07-08T00:00:00.000Z""",09:00,13:00,false
psp:omluva:174:2009:2026-07-10:09:00:11:30,2009,"""2026-07-10T00:00:00.000Z""",09:00,11:30,false
psp:omluva:174:2009:2026-07-14:09:00:11:00,2009,"""2026-07-14T00:00:00.000Z""",09:00,11:00,false
psp:omluva:174:2009:2026-07-15:09:00:11:00,2009,"""2026-07-15T00:00:00.000Z""",09:00,11:00,false
psp:omluva:174:2009:2026-08-25:09:00:23:59,2009,"""2026-08-25T00:00:00.000Z""",09:00,23:59,false
psp:omluva:174:2009:2026-08-26:00:00:09:00,2009,"""2026-08-26T00:00:00.000Z""",00:00,09:00,false
psp:omluva:174:2009:2026-08-26:09:00:23:59,2009,"""2026-08-26T00:00:00.000Z""",09:00,23:59,false
psp:omluva:174:2009:2026-08-27:00:00:09:00,2009,"""2026-08-27T00:00:00.000Z""",00:00,09:00,false
psp:omluva:174:2009:2026-08-27:09:00:23:59,2009,"""2026-08-27T00:00:00.000Z""",09:00,23:59,false
psp:omluva:174:2009:2026-08-28:00:00:09:00,2009,"""2026-08-28T00:00:00.000Z""",00:00,09:00,false
psp:omluva:174:2009:2026-08-28:09:00:23:59,2009,"""2026-08-28T00:00:00.000Z""",09:00,23:59,false
psp:omluva:174:2009:2026-08-29:00:00:09:00,2009,"""2026-08-29T00:00:00.000Z""",00:00,09:00,false
psp:omluva:174:2010:2025-10-29:14:00:15:00,2010,"""2025-10-29T00:00:00.000Z""",14:00,15:00,false
psp:omluva:174:2010:2025-10-30:09:00:23:59,2010,"""2025-10-30T00:00:00.000Z""",09:00,23:59,false
psp:omluva:174:2010:2025-10-30:12:00:13:00,2010,"""2025-10-30T00:00:00.000Z""",12:00,13:00,false
psp:omluva:174:2010:2025-10-30:14:00:15:00,2010,"""2025-10-30T00:00:00.000Z""",14:00,15:00,false
psp:omluva:174:2010:2025-10-31:00:00:09:00,2010,"""2025-10-31T00:00:00.000Z""",00:00,09:00,false
psp:omluva:174:2010:2025-11-27:18:00:23:59,2010,"""2025-11-27T00:00:00.000Z""",18:00,23:59,false
psp:omluva:174:2010:2025-11-28:00:00:09:00,2010,"""2025-11-28T00:00:00.000Z""",00:00,09:00,false
psp:omluva:174:2010:2026-01-14:10:00:11:00,2010,"""2026-01-14T00:00:00.000Z""",10:00,11:00,false
psp:omluva:174:2010:2026-01-28:18:15:23:59,2010,"""2026-01-28T00:00:00.000Z""",18:15,23:59,false
psp:omluva:174:2010:2026-01-29:00:00:09:00,2010,"""2026-01-29T00:00:00.000Z""",00:00,09:00,false
psp:omluva:174:2010:2026-03-13:13:00:23:59,2010,"""2026-03-13T00:00:00.000Z""",13:00,23:59,false
psp:omluva:174:2010:2026-03-14:00:00:09:00,2010,"""2026-03-14T00:00:00.000Z""",00:00,09:00,false
psp:omluva:174:2010:2026-04-24:09:00:23:59,2010,"""2026-04-24T00:00:00.000Z""",09:00,23:59,false
psp:omluva:174:2010:2026-04-25:00:00:09:00,2010,"""2026-04-25T00:00:00.000Z""",00:00,09:00,false
psp:omluva:174:2010:2026-05-06:09:00:12:00,2010,"""2026-05-06T00:00:00.000Z""",09:00,12:00,false
psp:omluva:174:2010:2026-05-13:09:00:23:59,2010,"""2026-05-13T00:00:00.000Z""",09:00,23:59,false
psp:omluva:174:2010:2026-05-14:00:00:09:00,2010,"""2026-05-14T00:00:00.000Z""",00:00,09:00,false
psp:omluva:174:2010:2026-05-14:09:00:23:59,2010,"""2026-05-14T00:00:00.000Z""",09:00,23:59,false
psp:omluva:174:2010:2026-05-15:00:00:09:00,2010,"""2026-05-15T00:00:00.000Z""",00:00,09:00,false
psp:omluva:174:2010:2026-05-15:09:00:23:59,2010,"""2026-05-15T00:00:00.000Z""",09:00,23:59,false
psp:omluva:174:2010:2026-05-16:00:00:09:00,2010,"""2026-05-16T00:00:00.000Z""",00:00,09:00,false
psp:omluva:174:2010:2026-05-28:17:50:23:59,2010,"""2026-05-28T00:00:00.000Z""",17:50,23:59,false
psp:omluva:174:2010:2026-05-29:00:00:09:00,2010,"""2026-05-29T00:00:00.000Z""",00:00,09:00,false
psp:omluva:174:2010:2026-06-05:09:00:23:59,2010,"""2026-06-05T00:00:00.000Z""",09:00,23:59,false
psp:omluva:174:2010:2026-06-06:00:00:09:00,2010,"""2026-06-06T00:00:00.000Z""",00:00,09:00,false
psp:omluva:174:2010:2026-06-11:19:00:23:59,2010,"""2026-06-11T00:00:00.000Z""",19:00,23:59,false
psp:omluva:174:2010:2026-06-12:00:00:09:00,2010,"""2026-06-12T00:00:00.000Z""",00:00,09:00,false
psp:omluva:174:2010:2026-06-23:09:00:18:00,2010,"""2026-06-23T00:00:00.000Z""",09:00,18:00,false
psp:omluva:174:2010:2026-06-24:09:00:10:00,2010,"""2026-06-24T00:00:00.000Z""",09:00,10:00,false
psp:omluva:174:2010:2026-07-03:09:00:23:59,2010,"""2026-07-03T00:00:00.000Z""",09:00,23:59,false
psp:omluva:174:2010:2026-07-04:00:00:09:00,2010,"""2026-07-04T00:00:00.000Z""",00:00,09:00,false
psp:omluva:174:2010:2026-07-07:09:00:12:00,2010,"""2026-07-07T00:00:00.000Z""",09:00,12:00,false
psp:omluva:174:2010:2026-07-08:09:00:10:00,2010,"""2026-07-08T00:00:00.000Z""",09:00,10:00,false
psp:omluva:174:2011:2026-02-03:20:30:23:59,2011,"""2026-02-03T00:00:00.000Z""",20:30,23:59,false
psp:omluva:174:2011:2026-02-04:00:00:09:00,2011,"""2026-02-04T00:00:00.000Z""",00:00,09:00,false
psp:omluva:174:2011:2026-02-11:22:10:23:59,2011,"""2026-02-11T00:00:00.000Z""",22:10,23:59,false
psp:omluva:174:2011:2026-02-12:00:00:09:00,2011,"""2026-02-12T00:00:00.000Z""",00:00,09:00,false
psp:omluva:174:2011:2026-04-14:14:30:18:00,2011,"""2026-04-14T00:00:00.000Z""",14:30,18:00,false
psp:omluva:174:2011:2026-04-14:18:00:23:59,2011,"""2026-04-14T00:00:00.000Z""",18:00,23:59,false
psp:omluva:174:2011:2026-04-15:00:00:09:00,2011,"""2026-04-15T00:00:00.000Z""",00:00,09:00,false
psp:omluva:174:2011:2026-04-15:18:00:23:59,2011,"""2026-04-15T00:00:00.000Z""",18:00,23:59,false
psp:omluva:174:2011:2026-04-16:00:00:09:00,2011,"""2026-04-16T00:00:00.000Z""",00:00,09:00,false
psp:omluva:174:2011:2026-04-16:18:30:23:59,2011,"""2026-04-16T00:00:00.000Z""",18:30,23:59,false
psp:omluva:174:2011:2026-04-17:00:00:09:00,2011,"""2026-04-17T00:00:00.000Z""",00:00,09:00,false
psp:omluva:174:2011:2026-04-23:09:00:23:59,2011,"""2026-04-23T00:00:00.000Z""",09:00,23:59,false
psp:omluva:174:2011:2026-04-24:00:00:09:00,2011,"""2026-04-24T00:00:00.000Z""",00:00,09:00,false
psp:omluva:174:2011:2026-05-05:17:20:23:59,2011,"""2026-05-05T00:00:00.000Z""",17:20,23:59,false
psp:omluva:174:2011:2026-05-06:00:00:09:00,2011,"""2026-05-06T00:00:00.000Z""",00:00,09:00,false
psp:omluva:174:2011:2026-05-06:18:30:23:59,2011,"""2026-05-06T00:00:00.000Z""",18:30,23:59,false
psp:omluva:174:2011:2026-05-07:00:00:09:00,2011,"""2026-05-07T00:00:00.000Z""",00:00,09:00,false
psp:omluva:174:2011:2026-05-13:19:15:23:59,2011,"""2026-05-13T00:00:00.000Z""",19:15,23:59,false
psp:omluva:174:2011:2026-05-14:00:00:09:00,2011,"""2026-05-14T00:00:00.000Z""",00:00,09:00,false
psp:omluva:174:2011:2026-05-26:22:00:23:59,2011,"""2026-05-26T00:00:00.000Z""",22:00,23:59,false
psp:omluva:174:2011:2026-05-27:00:00:09:00,2011,"""2026-05-27T00:00:00.000Z""",00:00,09:00,false
psp:omluva:174:2011:2026-05-27:18:00:23:59,2011,"""2026-05-27T00:00:00.000Z""",18:00,23:59,false
psp:omluva:174:2011:2026-05-28:00:00:09:00,2011,"""2026-05-28T00:00:00.000Z""",00:00,09:00,false
psp:omluva:174:2011:2026-06-02:09:00:15:00,2011,"""2026-06-02T00:00:00.000Z""",09:00,15:00,false
psp:omluva:174:2011:2026-06-03:21:30:23:59,2011,"""2026-06-03T00:00:00.000Z""",21:30,23:59,false
psp:omluva:174:2011:2026-06-04:00:00:09:00,2011,"""2026-06-04T00:00:00.000Z""",00:00,09:00,false
psp:omluva:174:2011:2026-06-04:09:00:11:00,2011,"""2026-06-04T00:00:00.000Z""",09:00,11:00,false
psp:omluva:174:2011:2026-06-30:22:40:23:59,2011,"""2026-06-30T00:00:00.000Z""",22:40,23:59,false
psp:omluva:174:2011:2026-07-01:00:00:09:00,2011,"""2026-07-01T00:00:00.000Z""",00:00,09:00,false
psp:omluva:174:2011:2026-07-14:17:30:23:59,2011,"""2026-07-14T00:00:00.000Z""",17:30,23:59,false
psp:omluva:174:2011:2026-07-15:00:00:09:00,2011,"""2026-07-15T00:00:00.000Z""",00:00,09:00,false
psp:omluva:174:2012:2025-11-14:09:00:23:59,2012,"""2025-11-14T00:00:00.000Z""",09:00,23:59,false
psp:omluva:174:2012:2025-11-15:00:00:09:00,2012,"""2025-11-15T00:00:00.000Z""",00:00,09:00,false
psp:omluva:174:2012:2025-11-26:22:00:23:59,2012,"""2025-11-26T00:00:00.000Z""",22:00,23:59,false
psp:omluva:174:2012:2025-11-27:00:00:09:00,2012,"""2025-11-27T00:00:00.000Z""",00:00,09:00,false
psp:omluva:174:2012:2026-01-14:09:00:23:59,2012,"""2026-01-14T00:00:00.000Z""",09:00,23:59,false
psp:omluva:174:2012:2026-01-15:00:00:09:00,2012,"""2026-01-15T00:00:00.000Z""",00:00,09:00,false
psp:omluva:174:2012:2026-01-29:13:00:23:59,2012,"""2026-01-29T00:00:00.000Z""",13:00,23:59,false
psp:omluva:174:2012:2026-01-30:00:00:09:00,2012,"""2026-01-30T00:00:00.000Z""",00:00,09:00,false
psp:omluva:174:2012:2026-01-30:09:00:23:59,2012,"""2026-01-30T00:00:00.000Z""",09:00,23:59,false
psp:omluva:174:2012:2026-01-31:00:00:09:00,2012,"""2026-01-31T00:00:00.000Z""",00:00,09:00,false
psp:omluva:174:2012:2026-02-12:09:00:23:59,2012,"""2026-02-12T00:00:00.000Z""",09:00,23:59,false
psp:omluva:174:2012:2026-02-13:00:00:09:00,2012,"""2026-02-13T00:00:00.000Z""",00:00,09:00,false
psp:omluva:174:2012:2026-02-13:09:00:23:59,2012,"""2026-02-13T00:00:00.000Z""",09:00,23:59,false
psp:omluva:174:2012:2026-02-14:00:00:09:00,2012,"""2026-02-14T00:00:00.000Z""",00:00,09:00,false
psp:omluva:174:2012:2026-03-13:09:00:23:59,2012,"""2026-03-13T00:00:00.000Z""",09:00,23:59,false
psp:omluva:174:2012:2026-03-14:00:00:09:00,2012,"""2026-03-14T00:00:00.000Z""",00:00,09:00,false
psp:omluva:174:2012:2026-04-17:11:30:23:59,2012,"""2026-04-17T00:00:00.000Z""",11:30,23:59,false
psp:omluva:174:2012:2026-04-18:00:00:09:00,2012,"""2026-04-18T00:00:00.000Z""",00:00,09:00,false
psp:omluva:174:2012:2026-04-24:14:00:23:59,2012,"""2026-04-24T00:00:00.000Z""",14:00,23:59,false
psp:omluva:174:2012:2026-04-25:00:00:09:00,2012,"""2026-04-25T00:00:00.000Z""",00:00,09:00,false
psp:omluva:174:2012:2026-05-05:09:00:23:59,2012,"""2026-05-05T00:00:00.000Z""",09:00,23:59,false
psp:omluva:174:2012:2026-05-06:00:00:09:00,2012,"""2026-05-06T00:00:00.000Z""",00:00,09:00,false
psp:omluva:174:2012:2026-05-06:09:00:23:59,2012,"""2026-05-06T00:00:00.000Z""",09:00,23:59,false
psp:omluva:174:2012:2026-05-07:00:00:09:00,2012,"""2026-05-07T00:00:00.000Z""",00:00,09:00,false
psp:omluva:174:2012:2026-05-07:09:00:23:59,2012,"""2026-05-07T00:00:00.000Z""",09:00,23:59,false
psp:omluva:174:2012:2026-05-08:00:00:09:00,2012,"""2026-05-08T00:00:00.000Z""",00:00,09:00,false
psp:omluva:174:2012:2026-05-08:09:00:23:59,2012,"""2026-05-08T00:00:00.000Z""",09:00,23:59,false
psp:omluva:174:2012:2026-05-09:00:00:09:00,2012,"""2026-05-09T00:00:00.000Z""",00:00,09:00,false
psp:omluva:174:2012:2026-05-14:09:00:23:59,2012,"""2026-05-14T00:00:00.000Z""",09:00,23:59,false
psp:omluva:174:2012:2026-05-15:00:00:09:00,2012,"""2026-05-15T00:00:00.000Z""",00:00,09:00,false
psp:omluva:174:2012:2026-05-15:09:00:23:59,2012,"""2026-05-15T00:00:00.000Z""",09:00,23:59,false
psp:omluva:174:2012:2026-05-16:00:00:09:00,2012,"""2026-05-16T00:00:00.000Z""",00:00,09:00,false
psp:omluva:174:2012:2026-05-29:14:00:23:59,2012,"""2026-05-29T00:00:00.000Z""",14:00,23:59,false
psp:omluva:174:2012:2026-05-30:00:00:09:00,2012,"""2026-05-30T00:00:00.000Z""",00:00,09:00,false
psp:omluva:174:2012:2026-06-02:09:00:23:59,2012,"""2026-06-02T00:00:00.000Z""",09:00,23:59,false
psp:omluva:174:2012:2026-06-03:00:00:09:00,2012,"""2026-06-03T00:00:00.000Z""",00:00,09:00,false
psp:omluva:174:2012:2026-06-11:09:00:23:59,2012,"""2026-06-11T00:00:00.000Z""",09:00,23:59,false
psp:omluva:174:2012:2026-06-12:00:00:09:00,2012,"""2026-06-12T00:00:00.000Z""",00:00,09:00,false
psp:omluva:174:2012:2026-06-30:09:00:23:59,2012,"""2026-06-30T00:00:00.000Z""",09:00,23:59,false
psp:omluva:174:2012:2026-07-01:00:00:09:00,2012,"""2026-07-01T00:00:00.000Z""",00:00,09:00,false
psp:omluva:174:2012:2026-07-02:09:45:11:30,2012,"""2026-07-02T00:00:00.000Z""",09:45,11:30,false
psp:omluva:174:2012:2026-07-07:09:00:23:59,2012,"""2026-07-07T00:00:00.000Z""",09:00,23:59,false
psp:omluva:174:2012:2026-07-08:00:00:09:00,2012,"""2026-07-08T00:00:00.000Z""",00:00,09:00,false
psp:omluva:174:2012:2026-07-08:09:00:23:59,2012,"""2026-07-08T00:00:00.000Z""",09:00,23:59,false
psp:omluva:174:2012:2026-07-09:00:00:09:00,2012,"""2026-07-09T00:00:00.000Z""",00:00,09:00,false
psp:omluva:174:2012:2026-07-10:09:00:23:59,2012,"""2026-07-10T00:00:00.000Z""",09:00,23:59,false
psp:omluva:174:2012:2026-07-11:00:00:09:00,2012,"""2026-07-11T00:00:00.000Z""",00:00,09:00,false
psp:omluva:174:2012:2026-07-14:09:00:23:59,2012,"""2026-07-14T00:00:00.000Z""",09:00,23:59,false
psp:omluva:174:2012:2026-07-15:00:00:09:00,2012,"""2026-07-15T00:00:00.000Z""",00:00,09:00,false
psp:omluva:174:2012:2026-07-15:09:00:23:59,2012,"""2026-07-15T00:00:00.000Z""",09:00,23:59,false
psp:omluva:174:2012:2026-07-16:00:00:09:00,2012,"""2026-07-16T00:00:00.000Z""",00:00,09:00,false
psp:omluva:174:2013:2026-02-03:14:30:16:00,2013,"""2026-02-03T00:00:00.000Z""",14:30,16:00,false
psp:omluva:174:2013:2026-02-12:13:00:23:59,2013,"""2026-02-12T00:00:00.000Z""",13:00,23:59,false
psp:omluva:174:2013:2026-02-13:00:00:09:00,2013,"""2026-02-13T00:00:00.000Z""",00:00,09:00,false
psp:omluva:174:2013:2026-03-04:20:00:23:59,2013,"""2026-03-04T00:00:00.000Z""",20:00,23:59,false
psp:omluva:174:2013:2026-03-05:00:00:09:00,2013,"""2026-03-05T00:00:00.000Z""",00:00,09:00,false
psp:omluva:174:2013:2026-04-15:15:00:23:59,2013,"""2026-04-15T00:00:00.000Z""",15:00,23:59,false
psp:omluva:174:2013:2026-04-16:00:00:09:00,2013,"""2026-04-16T00:00:00.000Z""",00:00,09:00,false
psp:omluva:174:2013:2026-05-06:01:00:09:00,2013,"""2026-05-06T00:00:00.000Z""",01:00,09:00,false
psp:omluva:174:2013:2026-05-06:17:30:23:59,2013,"""2026-05-06T00:00:00.000Z""",17:30,23:59,false
psp:omluva:174:2013:2026-05-07:00:00:09:00,2013,"""2026-05-07T00:00:00.000Z""",00:00,09:00,false
psp:omluva:174:2013:2026-05-13:09:00:15:00,2013,"""2026-05-13T00:00:00.000Z""",09:00,15:00,false
psp:omluva:174:2013:2026-05-14:13:30:23:59,2013,"""2026-05-14T00:00:00.000Z""",13:30,23:59,false
psp:omluva:174:2013:2026-05-15:00:00:09:00,2013,"""2026-05-15T00:00:00.000Z""",00:00,09:00,false
psp:omluva:174:2013:2026-05-27:19:00:23:59,2013,"""2026-05-27T00:00:00.000Z""",19:00,23:59,false
psp:omluva:174:2013:2026-05-28:00:00:09:00,2013,"""2026-05-28T00:00:00.000Z""",00:00,09:00,false
psp:omluva:174:2013:2026-05-28:09:00:11:00,2013,"""2026-05-28T00:00:00.000Z""",09:00,11:00,false
psp:omluva:174:2013:2026-06-05:09:00:23:59,2013,"""2026-06-05T00:00:00.000Z""",09:00,23:59,false
psp:omluva:174:2013:2026-06-06:00:00:09:00,2013,"""2026-06-06T00:00:00.000Z""",00:00,09:00,false
psp:omluva:174:2013:2026-06-11:09:00:23:59,2013,"""2026-06-11T00:00:00.000Z""",09:00,23:59,false
psp:omluva:174:2013:2026-06-12:00:00:09:00,2013,"""2026-06-12T00:00:00.000Z""",00:00,09:00,false
psp:omluva:174:2013:2026-06-25:14:30:23:59,2013,"""2026-06-25T00:00:00.000Z""",14:30,23:59,false
psp:omluva:174:2013:2026-06-26:00:00:09:00,2013,"""2026-06-26T00:00:00.000Z""",00:00,09:00,false
psp:omluva:174:2013:2026-06-30:19:45:23:59,2013,"""2026-06-30T00:00:00.000Z""",19:45,23:59,false
psp:omluva:174:2013:2026-07-01:00:00:09:00,2013,"""2026-07-01T00:00:00.000Z""",00:00,09:00,false
psp:omluva:174:2013:2026-07-01:18:00:19:00,2013,"""2026-07-01T00:00:00.000Z""",18:00,19:00,false
psp:omluva:174:2013:2026-07-02:09:00:11:00,2013,"""2026-07-02T00:00:00.000Z""",09:00,11:00,false
psp:omluva:174:2013:2026-07-02:14:30:23:59,2013,"""2026-07-02T00:00:00.000Z""",14:30,23:59,false
psp:omluva:174:2013:2026-07-03:00:00:09:00,2013,"""2026-07-03T00:00:00.000Z""",00:00,09:00,false
psp:omluva:174:2013:2026-07-15:09:00:23:59,2013,"""2026-07-15T00:00:00.000Z""",09:00,23:59,false
psp:omluva:174:2013:2026-07-16:00:00:09:00,2013,"""2026-07-16T00:00:00.000Z""",00:00,09:00,false
psp:omluva:174:2013:2026-07-16:09:00:23:59,2013,"""2026-07-16T00:00:00.000Z""",09:00,23:59,false
psp:omluva:174:2013:2026-07-17:00:00:09:00,2013,"""2026-07-17T00:00:00.000Z""",00:00,09:00,false
psp:omluva:174:2013:2026-07-17:09:00:23:59,2013,"""2026-07-17T00:00:00.000Z""",09:00,23:59,false
psp:omluva:174:2013:2026-07-18:00:00:09:00,2013,"""2026-07-18T00:00:00.000Z""",00:00,09:00,false
psp:omluva:174:2013:2026-08-25:09:00:23:59,2013,"""2026-08-25T00:00:00.000Z""",09:00,23:59,false
psp:omluva:174:2013:2026-08-26:00:00:09:00,2013,"""2026-08-26T00:00:00.000Z""",00:00,09:00,false
psp:omluva:174:2014:2025-11-05:09:00:23:59,2014,"""2025-11-05T00:00:00.000Z""",09:00,23:59,false
psp:omluva:174:2014:2025-11-06:00:00:09:00,2014,"""2025-11-06T00:00:00.000Z""",00:00,09:00,false
psp:omluva:174:2014:2026-01-27:09:00:23:59,2014,"""2026-01-27T00:00:00.000Z""",09:00,23:59,false
psp:omluva:174:2014:2026-01-28:00:00:09:00,2014,"""2026-01-28T00:00:00.000Z""",00:00,09:00,false
psp:omluva:174:2014:2026-01-28:09:00:23:59,2014,"""2026-01-28T00:00:00.000Z""",09:00,23:59,false
psp:omluva:174:2014:2026-01-29:00:00:09:00,2014,"""2026-01-29T00:00:00.000Z""",00:00,09:00,false
psp:omluva:174:2014:2026-01-30:16:50:23:59,2014,"""2026-01-30T00:00:00.000Z""",16:50,23:59,false
psp:omluva:174:2014:2026-01-31:00:00:09:00,2014,"""2026-01-31T00:00:00.000Z""",00:00,09:00,false
psp:omluva:174:2014:2026-02-04:13:30:15:00,2014,"""2026-02-04T00:00:00.000Z""",13:30,15:00,false
psp:omluva:174:2014:2026-02-12:14:30:23:59,2014,"""2026-02-12T00:00:00.000Z""",14:30,23:59,false
psp:omluva:174:2014:2026-02-13:00:00:09:00,2014,"""2026-02-13T00:00:00.000Z""",00:00,09:00,false
psp:omluva:174:2014:2026-02-13:11:30:23:59,2014,"""2026-02-13T00:00:00.000Z""",11:30,23:59,false
psp:omluva:174:2014:2026-02-14:00:00:09:00,2014,"""2026-02-14T00:00:00.000Z""",00:00,09:00,false
psp:omluva:174:2014:2026-03-03:14:00:14:30,2014,"""2026-03-03T00:00:00.000Z""",14:00,14:30,false
psp:omluva:174:2014:2026-03-03:18:40:23:59,2014,"""2026-03-03T00:00:00.000Z""",18:40,23:59,false
psp:omluva:174:2014:2026-03-04:00:00:09:00,2014,"""2026-03-04T00:00:00.000Z""",00:00,09:00,false
psp:omluva:174:2014:2026-03-12:17:00:23:59,2014,"""2026-03-12T00:00:00.000Z""",17:00,23:59,false
psp:omluva:174:2014:2026-03-13:00:00:09:00,2014,"""2026-03-13T00:00:00.000Z""",00:00,09:00,false
psp:omluva:174:2014:2026-03-13:09:00:23:59,2014,"""2026-03-13T00:00:00.000Z""",09:00,23:59,false
psp:omluva:174:2014:2026-03-14:00:00:09:00,2014,"""2026-03-14T00:00:00.000Z""",00:00,09:00,false
psp:omluva:174:2014:2026-03-24:09:00:23:59,2014,"""2026-03-24T00:00:00.000Z""",09:00,23:59,false
psp:omluva:174:2014:2026-03-25:00:00:09:00,2014,"""2026-03-25T00:00:00.000Z""",00:00,09:00,false
psp:omluva:174:2014:2026-03-25:09:00:23:59,2014,"""2026-03-25T00:00:00.000Z""",09:00,23:59,false
psp:omluva:174:2014:2026-03-26:00:00:09:00,2014,"""2026-03-26T00:00:00.000Z""",00:00,09:00,false
psp:omluva:174:2014:2026-03-26:09:00:23:59,2014,"""2026-03-26T00:00:00.000Z""",09:00,23:59,false
psp:omluva:174:2014:2026-03-27:00:00:09:00,2014,"""2026-03-27T00:00:00.000Z""",00:00,09:00,false
psp:omluva:174:2014:2026-03-27:09:00:23:59,2014,"""2026-03-27T00:00:00.000Z""",09:00,23:59,false
psp:omluva:174:2014:2026-03-28:00:00:09:00,2014,"""2026-03-28T00:00:00.000Z""",00:00,09:00,false
psp:omluva:174:2014:2026-04-16:12:30:15:30,2014,"""2026-04-16T00:00:00.000Z""",12:30,15:30,false
psp:omluva:174:2014:2026-04-16:15:30:16:00,2014,"""2026-04-16T00:00:00.000Z""",15:30,16:00,false
psp:omluva:174:2014:2026-04-22:13:00:14:00,2014,"""2026-04-22T00:00:00.000Z""",13:00,14:00,false
psp:omluva:174:2014:2026-04-24:09:00:23:59,2014,"""2026-04-24T00:00:00.000Z""",09:00,23:59,false
psp:omluva:174:2014:2026-04-25:00:00:09:00,2014,"""2026-04-25T00:00:00.000Z""",00:00,09:00,false
psp:omluva:174:2014:2026-05-05:09:00:23:59,2014,"""2026-05-05T00:00:00.000Z""",09:00,23:59,false
psp:omluva:174:2014:2026-05-06:00:00:09:00,2014,"""2026-05-06T00:00:00.000Z""",00:00,09:00,false
psp:omluva:174:2014:2026-05-06:09:00:23:59,2014,"""2026-05-06T00:00:00.000Z""",09:00,23:59,false
psp:omluva:174:2014:2026-05-07:00:00:09:00,2014,"""2026-05-07T00:00:00.000Z""",00:00,09:00,false
psp:omluva:174:2014:2026-05-13:09:00:23:59,2014,"""2026-05-13T00:00:00.000Z""",09:00,23:59,false
psp:omluva:174:2014:2026-05-14:00:00:09:00,2014,"""2026-05-14T00:00:00.000Z""",00:00,09:00,false
psp:omluva:174:2014:2026-05-14:09:00:23:59,2014,"""2026-05-14T00:00:00.000Z""",09:00,23:59,false
psp:omluva:174:2014:2026-05-15:00:00:09:00,2014,"""2026-05-15T00:00:00.000Z""",00:00,09:00,false
psp:omluva:174:2014:2026-05-15:09:00:12:30,2014,"""2026-05-15T00:00:00.000Z""",09:00,12:30,false
psp:omluva:174:2014:2026-05-26:14:00:15:00,2014,"""2026-05-26T00:00:00.000Z""",14:00,15:00,false
psp:omluva:174:2014:2026-05-27:20:00:23:59,2014,"""2026-05-27T00:00:00.000Z""",20:00,23:59,false
psp:omluva:174:2014:2026-05-28:00:00:09:00,2014,"""2026-05-28T00:00:00.000Z""",00:00,09:00,false
psp:omluva:174:2014:2026-05-28:14:45:16:00,2014,"""2026-05-28T00:00:00.000Z""",14:45,16:00,false
psp:omluva:174:2014:2026-05-29:13:00:23:59,2014,"""2026-05-29T00:00:00.000Z""",13:00,23:59,false
psp:omluva:174:2014:2026-05-30:00:00:09:00,2014,"""2026-05-30T00:00:00.000Z""",00:00,09:00,false
psp:omluva:174:2014:2026-06-03:09:00:12:00,2014,"""2026-06-03T00:00:00.000Z""",09:00,12:00,false
psp:omluva:174:2014:2026-06-04:14:30:23:59,2014,"""2026-06-04T00:00:00.000Z""",14:30,23:59,false
psp:omluva:174:2014:2026-06-05:00:00:09:00,2014,"""2026-06-05T00:00:00.000Z""",00:00,09:00,false
psp:omluva:174:2014:2026-06-05:09:00:23:59,2014,"""2026-06-05T00:00:00.000Z""",09:00,23:59,false
psp:omluva:174:2014:2026-06-06:00:00:09:00,2014,"""2026-06-06T00:00:00.000Z""",00:00,09:00,false
psp:omluva:174:2014:2026-06-11:17:00:23:59,2014,"""2026-06-11T00:00:00.000Z""",17:00,23:59,false
psp:omluva:174:2014:2026-06-12:00:00:09:00,2014,"""2026-06-12T00:00:00.000Z""",00:00,09:00,false
psp:omluva:174:2014:2026-06-23:09:00:23:59,2014,"""2026-06-23T00:00:00.000Z""",09:00,23:59,false
psp:omluva:174:2014:2026-06-24:00:00:09:00,2014,"""2026-06-24T00:00:00.000Z""",00:00,09:00,false
psp:omluva:174:2014:2026-06-24:09:00:23:59,2014,"""2026-06-24T00:00:00.000Z""",09:00,23:59,false
psp:omluva:174:2014:2026-06-25:00:00:09:00,2014,"""2026-06-25T00:00:00.000Z""",00:00,09:00,false
psp:omluva:174:2014:2026-06-25:09:00:23:59,2014,"""2026-06-25T00:00:00.000Z""",09:00,23:59,false
psp:omluva:174:2014:2026-06-26:00:00:09:00,2014,"""2026-06-26T00:00:00.000Z""",00:00,09:00,false
psp:omluva:174:2014:2026-06-26:09:00:23:59,2014,"""2026-06-26T00:00:00.000Z""",09:00,23:59,false
psp:omluva:174:2014:2026-06-27:00:00:09:00,2014,"""2026-06-27T00:00:00.000Z""",00:00,09:00,false
psp:omluva:174:2014:2026-06-30:19:00:23:59,2014,"""2026-06-30T00:00:00.000Z""",19:00,23:59,false
psp:omluva:174:2014:2026-07-01:00:00:09:00,2014,"""2026-07-01T00:00:00.000Z""",00:00,09:00,false
psp:omluva:174:2014:2026-07-01:09:00:23:59,2014,"""2026-07-01T00:00:00.000Z""",09:00,23:59,false
psp:omluva:174:2014:2026-07-02:00:00:09:00,2014,"""2026-07-02T00:00:00.000Z""",00:00,09:00,false
psp:omluva:174:2014:2026-07-02:09:00:23:59,2014,"""2026-07-02T00:00:00.000Z""",09:00,23:59,false
psp:omluva:174:2014:2026-07-03:00:00:09:00,2014,"""2026-07-03T00:00:00.000Z""",00:00,09:00,false
psp:omluva:174:2014:2026-07-03:09:00:23:59,2014,"""2026-07-03T00:00:00.000Z""",09:00,23:59,false
psp:omluva:174:2014:2026-07-04:00:00:09:00,2014,"""2026-07-04T00:00:00.000Z""",00:00,09:00,false
psp:omluva:174:2014:2026-07-07:21:30:23:59,2014,"""2026-07-07T00:00:00.000Z""",21:30,23:59,false
psp:omluva:174:2014:2026-07-08:00:00:09:00,2014,"""2026-07-08T00:00:00.000Z""",00:00,09:00,false
psp:omluva:174:2014:2026-07-14:09:00:23:59,2014,"""2026-07-14T00:00:00.000Z""",09:00,23:59,false
psp:omluva:174:2014:2026-07-15:00:00:09:00,2014,"""2026-07-15T00:00:00.000Z""",00:00,09:00,false
psp:omluva:174:2014:2026-07-15:09:00:23:59,2014,"""2026-07-15T00:00:00.000Z""",09:00,23:59,false
psp:omluva:174:2014:2026-07-16:00:00:09:00,2014,"""2026-07-16T00:00:00.000Z""",00:00,09:00,false
psp:omluva:174:2015:2026-03-05:09:00:23:59,2015,"""2026-03-05T00:00:00.000Z""",09:00,23:59,false
psp:omluva:174:2015:2026-03-06:00:00:09:00,2015,"""2026-03-06T00:00:00.000Z""",00:00,09:00,false
psp:omluva:174:2015:2026-03-06:09:00:23:59,2015,"""2026-03-06T00:00:00.000Z""",09:00,23:59,false
psp:omluva:174:2015:2026-03-07:00:00:09:00,2015,"""2026-03-07T00:00:00.000Z""",00:00,09:00,false
psp:omluva:174:2015:2026-06-25:09:00:11:30,2015,"""2026-06-25T00:00:00.000Z""",09:00,11:30,false
psp:omluva:174:2016:2026-01-29:09:00:11:45,2016,"""2026-01-29T00:00:00.000Z""",09:00,11:45,false
psp:omluva:174:2016:2026-02-13:14:00:23:59,2016,"""2026-02-13T00:00:00.000Z""",14:00,23:59,false
psp:omluva:174:2016:2026-02-14:00:00:09:00,2016,"""2026-02-14T00:00:00.000Z""",00:00,09:00,false
psp:omluva:174:2016:2026-07-14:12:00:23:59,2016,"""2026-07-14T00:00:00.000Z""",12:00,23:59,false
psp:omluva:174:2016:2026-07-15:00:00:09:00,2016,"""2026-07-15T00:00:00.000Z""",00:00,09:00,false
psp:omluva:174:2017:2026-01-27:15:45:17:00,2017,"""2026-01-27T00:00:00.000Z""",15:45,17:00,false
psp:omluva:174:2017:2026-01-29:09:00:11:45,2017,"""2026-01-29T00:00:00.000Z""",09:00,11:45,false
psp:omluva:174:2017:2026-02-10:17:00:23:59,2017,"""2026-02-10T00:00:00.000Z""",17:00,23:59,false
psp:omluva:174:2017:2026-02-11:00:00:09:00,2017,"""2026-02-11T00:00:00.000Z""",00:00,09:00,false
psp:omluva:174:2017:2026-02-12:11:00:14:30,2017,"""2026-02-12T00:00:00.000Z""",11:00,14:30,false
psp:omluva:174:2017:2026-03-03:09:00:23:59,2017,"""2026-03-03T00:00:00.000Z""",09:00,23:59,false
psp:omluva:174:2017:2026-03-04:00:00:09:00,2017,"""2026-03-04T00:00:00.000Z""",00:00,09:00,false
psp:omluva:174:2017:2026-03-04:09:00:23:59,2017,"""2026-03-04T00:00:00.000Z""",09:00,23:59,false
psp:omluva:174:2017:2026-03-05:00:00:09:00,2017,"""2026-03-05T00:00:00.000Z""",00:00,09:00,false
psp:omluva:174:2017:2026-03-05:09:00:23:59,2017,"""2026-03-05T00:00:00.000Z""",09:00,23:59,false
psp:omluva:174:2017:2026-03-06:00:00:09:00,2017,"""2026-03-06T00:00:00.000Z""",00:00,09:00,false
psp:omluva:174:2017:2026-03-06:09:00:23:59,2017,"""2026-03-06T00:00:00.000Z""",09:00,23:59,false
psp:omluva:174:2017:2026-03-07:00:00:09:00,2017,"""2026-03-07T00:00:00.000Z""",00:00,09:00,false
psp:omluva:174:2017:2026-03-25:17:30:23:59,2017,"""2026-03-25T00:00:00.000Z""",17:30,23:59,false
psp:omluva:174:2017:2026-03-26:00:00:09:00,2017,"""2026-03-26T00:00:00.000Z""",00:00,09:00,false
psp:omluva:174:2017:2026-04-14:09:00:23:59,2017,"""2026-04-14T00:00:00.000Z""",09:00,23:59,false
psp:omluva:174:2017:2026-04-15:00:00:09:00,2017,"""2026-04-15T00:00:00.000Z""",00:00,09:00,false
psp:omluva:174:2017:2026-04-15:09:00:23:59,2017,"""2026-04-15T00:00:00.000Z""",09:00,23:59,false
psp:omluva:174:2017:2026-04-16:00:00:09:00,2017,"""2026-04-16T00:00:00.000Z""",00:00,09:00,false
psp:omluva:174:2017:2026-04-16:09:00:23:59,2017,"""2026-04-16T00:00:00.000Z""",09:00,23:59,false
psp:omluva:174:2017:2026-04-17:00:00:09:00,2017,"""2026-04-17T00:00:00.000Z""",00:00,09:00,false
psp:omluva:174:2017:2026-04-17:09:00:23:59,2017,"""2026-04-17T00:00:00.000Z""",09:00,23:59,false
psp:omluva:174:2017:2026-04-18:00:00:09:00,2017,"""2026-04-18T00:00:00.000Z""",00:00,09:00,false
psp:omluva:174:2017:2026-04-23:09:00:12:00,2017,"""2026-04-23T00:00:00.000Z""",09:00,12:00,false
psp:omluva:174:2017:2026-05-05:09:00:23:59,2017,"""2026-05-05T00:00:00.000Z""",09:00,23:59,false
psp:omluva:174:2017:2026-05-06:00:00:09:00,2017,"""2026-05-06T00:00:00.000Z""",00:00,09:00,false
psp:omluva:174:2017:2026-05-06:09:00:23:59,2017,"""2026-05-06T00:00:00.000Z""",09:00,23:59,false
psp:omluva:174:2017:2026-05-07:00:00:09:00,2017,"""2026-05-07T00:00:00.000Z""",00:00,09:00,false
psp:omluva:174:2017:2026-05-14:09:00:23:59,2017,"""2026-05-14T00:00:00.000Z""",09:00,23:59,false
psp:omluva:174:2017:2026-05-15:00:00:09:00,2017,"""2026-05-15T00:00:00.000Z""",00:00,09:00,false
psp:omluva:174:2017:2026-05-28:18:00:23:59,2017,"""2026-05-28T00:00:00.000Z""",18:00,23:59,false
psp:omluva:174:2017:2026-05-29:00:00:09:00,2017,"""2026-05-29T00:00:00.000Z""",00:00,09:00,false
psp:omluva:174:2017:2026-05-29:09:00:23:59,2017,"""2026-05-29T00:00:00.000Z""",09:00,23:59,false
psp:omluva:174:2017:2026-05-30:00:00:09:00,2017,"""2026-05-30T00:00:00.000Z""",00:00,09:00,false
psp:omluva:174:2017:2026-06-23:09:00:23:59,2017,"""2026-06-23T00:00:00.000Z""",09:00,23:59,false
psp:omluva:174:2017:2026-06-24:00:00:09:00,2017,"""2026-06-24T00:00:00.000Z""",00:00,09:00,false
psp:omluva:174:2017:2026-06-24:09:00:23:59,2017,"""2026-06-24T00:00:00.000Z""",09:00,23:59,false
psp:omluva:174:2017:2026-06-25:00:00:09:00,2017,"""2026-06-25T00:00:00.000Z""",00:00,09:00,false
psp:omluva:174:2017:2026-06-25:09:00:23:59,2017,"""2026-06-25T00:00:00.000Z""",09:00,23:59,false
psp:omluva:174:2017:2026-06-26:00:00:09:00,2017,"""2026-06-26T00:00:00.000Z""",00:00,09:00,false
psp:omluva:174:2017:2026-06-26:09:00:23:59,2017,"""2026-06-26T00:00:00.000Z""",09:00,23:59,false
psp:omluva:174:2017:2026-06-27:00:00:09:00,2017,"""2026-06-27T00:00:00.000Z""",00:00,09:00,false
psp:omluva:174:2017:2026-07-15:09:00:23:59,2017,"""2026-07-15T00:00:00.000Z""",09:00,23:59,false
psp:omluva:174:2017:2026-07-16:00:00:09:00,2017,"""2026-07-16T00:00:00.000Z""",00:00,09:00,false
psp:omluva:174:2018:2026-01-16:09:00:23:59,2018,"""2026-01-16T00:00:00.000Z""",09:00,23:59,false
psp:omluva:174:2018:2026-01-17:00:00:09:00,2018,"""2026-01-17T00:00:00.000Z""",00:00,09:00,false
psp:omluva:174:2018:2026-01-29:09:00:23:59,2018,"""2026-01-29T00:00:00.000Z""",09:00,23:59,false
psp:omluva:174:2018:2026-01-30:00:00:09:00,2018,"""2026-01-30T00:00:00.000Z""",00:00,09:00,false
psp:omluva:174:2018:2026-01-30:09:00:23:59,2018,"""2026-01-30T00:00:00.000Z""",09:00,23:59,false
psp:omluva:174:2018:2026-01-31:00:00:09:00,2018,"""2026-01-31T00:00:00.000Z""",00:00,09:00,false
psp:omluva:174:2018:2026-02-03:09:00:23:59,2018,"""2026-02-03T00:00:00.000Z""",09:00,23:59,false
psp:omluva:174:2018:2026-02-04:00:00:09:00,2018,"""2026-02-04T00:00:00.000Z""",00:00,09:00,false
psp:omluva:174:2018:2026-02-04:09:00:23:59,2018,"""2026-02-04T00:00:00.000Z""",09:00,23:59,false
psp:omluva:174:2018:2026-02-05:00:00:09:00,2018,"""2026-02-05T00:00:00.000Z""",00:00,09:00,false
psp:omluva:174:2018:2026-02-10:09:00:23:59,2018,"""2026-02-10T00:00:00.000Z""",09:00,23:59,false
psp:omluva:174:2018:2026-02-11:00:00:09:00,2018,"""2026-02-11T00:00:00.000Z""",00:00,09:00,false
psp:omluva:174:2018:2026-02-11:09:00:23:59,2018,"""2026-02-11T00:00:00.000Z""",09:00,23:59,false
psp:omluva:174:2018:2026-02-12:00:00:09:00,2018,"""2026-02-12T00:00:00.000Z""",00:00,09:00,false
psp:omluva:174:2018:2026-02-12:09:00:23:59,2018,"""2026-02-12T00:00:00.000Z""",09:00,23:59,false
psp:omluva:174:2018:2026-02-13:00:00:09:00,2018,"""2026-02-13T00:00:00.000Z""",00:00,09:00,false
psp:omluva:174:2018:2026-02-13:09:00:23:59,2018,"""2026-02-13T00:00:00.000Z""",09:00,23:59,false
psp:omluva:174:2018:2026-02-14:00:00:09:00,2018,"""2026-02-14T00:00:00.000Z""",00:00,09:00,false
psp:omluva:174:2018:2026-03-10:14:00:15:30,2018,"""2026-03-10T00:00:00.000Z""",14:00,15:30,false
psp:omluva:174:2018:2026-03-10:15:30:16:45,2018,"""2026-03-10T00:00:00.000Z""",15:30,16:45,false
psp:omluva:174:2018:2026-04-14:09:00:23:59,2018,"""2026-04-14T00:00:00.000Z""",09:00,23:59,false
psp:omluva:174:2018:2026-04-15:00:00:09:00,2018,"""2026-04-15T00:00:00.000Z""",00:00,09:00,false
psp:omluva:174:2018:2026-04-15:09:00:23:59,2018,"""2026-04-15T00:00:00.000Z""",09:00,23:59,false
psp:omluva:174:2018:2026-04-16:00:00:09:00,2018,"""2026-04-16T00:00:00.000Z""",00:00,09:00,false
psp:omluva:174:2018:2026-04-16:09:00:23:59,2018,"""2026-04-16T00:00:00.000Z""",09:00,23:59,false
psp:omluva:174:2018:2026-04-17:00:00:09:00,2018,"""2026-04-17T00:00:00.000Z""",00:00,09:00,false
psp:omluva:174:2018:2026-04-17:09:00:23:59,2018,"""2026-04-17T00:00:00.000Z""",09:00,23:59,false
psp:omluva:174:2018:2026-04-18:00:00:09:00,2018,"""2026-04-18T00:00:00.000Z""",00:00,09:00,false
psp:omluva:174:2018:2026-04-21:09:00:17:00,2018,"""2026-04-21T00:00:00.000Z""",09:00,17:00,false
psp:omluva:174:2018:2026-04-24:09:00:23:59,2018,"""2026-04-24T00:00:00.000Z""",09:00,23:59,false
psp:omluva:174:2018:2026-04-25:00:00:09:00,2018,"""2026-04-25T00:00:00.000Z""",00:00,09:00,false
psp:omluva:174:2018:2026-05-05:21:00:23:59,2018,"""2026-05-05T00:00:00.000Z""",21:00,23:59,false
psp:omluva:174:2018:2026-05-06:00:00:09:00,2018,"""2026-05-06T00:00:00.000Z""",00:00,09:00,false
psp:omluva:174:2018:2026-05-14:09:00:23:59,2018,"""2026-05-14T00:00:00.000Z""",09:00,23:59,false
psp:omluva:174:2018:2026-05-15:00:00:09:00,2018,"""2026-05-15T00:00:00.000Z""",00:00,09:00,false
psp:omluva:174:2018:2026-05-28:18:00:23:59,2018,"""2026-05-28T00:00:00.000Z""",18:00,23:59,false
psp:omluva:174:2018:2026-05-29:00:00:09:00,2018,"""2026-05-29T00:00:00.000Z""",00:00,09:00,false
psp:omluva:174:2019:2025-10-30:09:00:23:59,2019,"""2025-10-30T00:00:00.000Z""",09:00,23:59,false
psp:omluva:174:2019:2025-10-31:00:00:09:00,2019,"""2025-10-31T00:00:00.000Z""",00:00,09:00,false
psp:omluva:174:2019:2026-01-29:18:00:23:59,2019,"""2026-01-29T00:00:00.000Z""",18:00,23:59,false
psp:omluva:174:2019:2026-01-30:00:00:09:00,2019,"""2026-01-30T00:00:00.000Z""",00:00,09:00,false
psp:omluva:174:2019:2026-02-11:20:00:23:59,2019,"""2026-02-11T00:00:00.000Z""",20:00,23:59,false
psp:omluva:174:2019:2026-02-12:00:00:09:00,2019,"""2026-02-12T00:00:00.000Z""",00:00,09:00,false
psp:omluva:174:2019:2026-02-12:09:00:23:59,2019,"""2026-02-12T00:00:00.000Z""",09:00,23:59,false
psp:omluva:174:2019:2026-02-13:00:00:09:00,2019,"""2026-02-13T00:00:00.000Z""",00:00,09:00,false
psp:omluva:174:2019:2026-02-13:09:00:16:00,2019,"""2026-02-13T00:00:00.000Z""",09:00,16:00,false
psp:omluva:174:2019:2026-02-13:09:00:23:59,2019,"""2026-02-13T00:00:00.000Z""",09:00,23:59,false
psp:omluva:174:2019:2026-02-14:00:00:09:00,2019,"""2026-02-14T00:00:00.000Z""",00:00,09:00,false
psp:omluva:174:2019:2026-03-04:19:30:23:59,2019,"""2026-03-04T00:00:00.000Z""",19:30,23:59,false
psp:omluva:174:2019:2026-03-05:00:00:09:00,2019,"""2026-03-05T00:00:00.000Z""",00:00,09:00,false
psp:omluva:174:2019:2026-04-14:14:30:15:30,2019,"""2026-04-14T00:00:00.000Z""",14:30,15:30,false
psp:omluva:174:2019:2026-04-14:21:15:23:00,2019,"""2026-04-14T00:00:00.000Z""",21:15,23:00,false
psp:omluva:174:2019:2026-04-15:18:00:23:59,2019,"""2026-04-15T00:00:00.000Z""",18:00,23:59,false
psp:omluva:174:2019:2026-04-16:00:00:09:00,2019,"""2026-04-16T00:00:00.000Z""",00:00,09:00,false
psp:omluva:174:2019:2026-04-17:12:15:23:59,2019,"""2026-04-17T00:00:00.000Z""",12:15,23:59,false
psp:omluva:174:2019:2026-04-18:00:00:09:00,2019,"""2026-04-18T00:00:00.000Z""",00:00,09:00,false
psp:omluva:174:2019:2026-04-22:12:50:14:00,2019,"""2026-04-22T00:00:00.000Z""",12:50,14:00,false
psp:omluva:174:2019:2026-04-22:17:30:23:59,2019,"""2026-04-22T00:00:00.000Z""",17:30,23:59,false
psp:omluva:174:2019:2026-04-23:00:00:09:00,2019,"""2026-04-23T00:00:00.000Z""",00:00,09:00,false
psp:omluva:174:2019:2026-05-06:12:00:14:00,2019,"""2026-05-06T00:00:00.000Z""",12:00,14:00,false
psp:omluva:174:2019:2026-05-27:09:00:17:30,2019,"""2026-05-27T00:00:00.000Z""",09:00,17:30,false
psp:omluva:174:2019:2026-05-28:12:45:14:45,2019,"""2026-05-28T00:00:00.000Z""",12:45,14:45,false
psp:omluva:174:2019:2026-06-02:15:40:16:45,2019,"""2026-06-02T00:00:00.000Z""",15:40,16:45,false
psp:omluva:174:2019:2026-06-02:15:40:17:20,2019,"""2026-06-02T00:00:00.000Z""",15:40,17:20,false
psp:omluva:174:2019:2026-06-04:09:00:11:00,2019,"""2026-06-04T00:00:00.000Z""",09:00,11:00,false
psp:omluva:174:2019:2026-06-04:16:20:23:59,2019,"""2026-06-04T00:00:00.000Z""",16:20,23:59,false
psp:omluva:174:2019:2026-06-05:00:00:09:00,2019,"""2026-06-05T00:00:00.000Z""",00:00,09:00,false
psp:omluva:174:2019:2026-06-25:11:30:11:56,2019,"""2026-06-25T00:00:00.000Z""",11:30,11:56,false
psp:omluva:174:2019:2026-06-25:12:30:14:00,2019,"""2026-06-25T00:00:00.000Z""",12:30,14:00,false
psp:omluva:174:2019:2026-06-25:15:00:23:59,2019,"""2026-06-25T00:00:00.000Z""",15:00,23:59,false
psp:omluva:174:2019:2026-06-26:00:00:09:00,2019,"""2026-06-26T00:00:00.000Z""",00:00,09:00,false
psp:omluva:174:2020:2026-02-10:20:15:23:59,2020,"""2026-02-10T00:00:00.000Z""",20:15,23:59,false
psp:omluva:174:2020:2026-02-11:00:00:09:00,2020,"""2026-02-11T00:00:00.000Z""",00:00,09:00,false
psp:omluva:174:2020:2026-02-11:12:00:14:00,2020,"""2026-02-11T00:00:00.000Z""",12:00,14:00,false
psp:omluva:174:2020:2026-02-12:09:00:12:00,2020,"""2026-02-12T00:00:00.000Z""",09:00,12:00,false
psp:omluva:174:2020:2026-02-12:13:00:23:59,2020,"""2026-02-12T00:00:00.000Z""",13:00,23:59,false
psp:omluva:174:2020:2026-02-13:00:00:09:00,2020,"""2026-02-13T00:00:00.000Z""",00:00,09:00,false
psp:omluva:174:2020:2026-03-11:20:00:23:59,2020,"""2026-03-11T00:00:00.000Z""",20:00,23:59,false
psp:omluva:174:2020:2026-03-12:00:00:09:00,2020,"""2026-03-12T00:00:00.000Z""",00:00,09:00,false
psp:omluva:174:2020:2026-03-12:09:00:23:59,2020,"""2026-03-12T00:00:00.000Z""",09:00,23:59,false
psp:omluva:174:2020:2026-03-13:00:00:09:00,2020,"""2026-03-13T00:00:00.000Z""",00:00,09:00,false
psp:omluva:174:2020:2026-03-26:09:00:23:59,2020,"""2026-03-26T00:00:00.000Z""",09:00,23:59,false
psp:omluva:174:2020:2026-03-27:00:00:09:00,2020,"""2026-03-27T00:00:00.000Z""",00:00,09:00,false
psp:omluva:174:2020:2026-04-15:10:00:11:30,2020,"""2026-04-15T00:00:00.000Z""",10:00,11:30,false
psp:omluva:174:2020:2026-04-15:17:00:21:00,2020,"""2026-04-15T00:00:00.000Z""",17:00,21:00,false
psp:omluva:174:2020:2026-04-22:15:30:16:30,2020,"""2026-04-22T00:00:00.000Z""",15:30,16:30,false
psp:omluva:174:2020:2026-04-22:16:30:17:00,2020,"""2026-04-22T00:00:00.000Z""",16:30,17:00,false
psp:omluva:174:2020:2026-04-23:09:00:12:00,2020,"""2026-04-23T00:00:00.000Z""",09:00,12:00,false
psp:omluva:174:2020:2026-04-23:13:00:23:59,2020,"""2026-04-23T00:00:00.000Z""",13:00,23:59,false
psp:omluva:174:2020:2026-04-24:00:00:09:00,2020,"""2026-04-24T00:00:00.000Z""",00:00,09:00,false
psp:omluva:174:2020:2026-05-06:16:00:23:59,2020,"""2026-05-06T00:00:00.000Z""",16:00,23:59,false
psp:omluva:174:2020:2026-05-07:00:00:09:00,2020,"""2026-05-07T00:00:00.000Z""",00:00,09:00,false
psp:omluva:174:2020:2026-05-13:20:00:22:00,2020,"""2026-05-13T00:00:00.000Z""",20:00,22:00,false
psp:omluva:174:2020:2026-05-14:13:30:16:30,2020,"""2026-05-14T00:00:00.000Z""",13:30,16:30,false
psp:omluva:174:2020:2026-05-28:09:00:12:00,2020,"""2026-05-28T00:00:00.000Z""",09:00,12:00,false
psp:omluva:174:2020:2026-05-28:13:30:17:00,2020,"""2026-05-28T00:00:00.000Z""",13:30,17:00,false
psp:omluva:174:2020:2026-05-28:18:30:20:15,2020,"""2026-05-28T00:00:00.000Z""",18:30,20:15,false
psp:omluva:174:2020:2026-05-29:12:30:14:00,2020,"""2026-05-29T00:00:00.000Z""",12:30,14:00,false
psp:omluva:174:2020:2026-06-03:09:00:09:30,2020,"""2026-06-03T00:00:00.000Z""",09:00,09:30,false
psp:omluva:174:2020:2026-06-04:16:00:18:00,2020,"""2026-06-04T00:00:00.000Z""",16:00,18:00,false
psp:omluva:174:2020:2026-06-23:21:00:23:59,2020,"""2026-06-23T00:00:00.000Z""",21:00,23:59,false
psp:omluva:174:2020:2026-06-24:00:00:09:00,2020,"""2026-06-24T00:00:00.000Z""",00:00,09:00,false
psp:omluva:174:2020:2026-06-24:17:30:21:00,2020,"""2026-06-24T00:00:00.000Z""",17:30,21:00,false
psp:omluva:174:2020:2026-06-25:14:00:16:00,2020,"""2026-06-25T00:00:00.000Z""",14:00,16:00,false
psp:omluva:174:2020:2026-06-26:09:30:11:15,2020,"""2026-06-26T00:00:00.000Z""",09:30,11:15,false
psp:omluva:174:2020:2026-06-26:12:00:14:00,2020,"""2026-06-26T00:00:00.000Z""",12:00,14:00,false
psp:omluva:174:2020:2026-06-30:20:30:23:59,2020,"""2026-06-30T00:00:00.000Z""",20:30,23:59,false
psp:omluva:174:2020:2026-07-01:00:00:09:00,2020,"""2026-07-01T00:00:00.000Z""",00:00,09:00,false
psp:omluva:174:2020:2026-07-01:11:00:11:45,2020,"""2026-07-01T00:00:00.000Z""",11:00,11:45,false
psp:omluva:174:2020:2026-07-01:18:00:23:59,2020,"""2026-07-01T00:00:00.000Z""",18:00,23:59,false
psp:omluva:174:2020:2026-07-02:00:00:09:00,2020,"""2026-07-02T00:00:00.000Z""",00:00,09:00,false
psp:omluva:174:2020:2026-07-02:11:00:12:30,2020,"""2026-07-02T00:00:00.000Z""",11:00,12:30,false
psp:omluva:174:2020:2026-07-07:10:00:10:30,2020,"""2026-07-07T00:00:00.000Z""",10:00,10:30,false
psp:omluva:174:2021:2025-11-11:09:00:16:00,2021,"""2025-11-11T00:00:00.000Z""",09:00,16:00,false
psp:omluva:174:2021:2025-11-27:18:00:23:59,2021,"""2025-11-27T00:00:00.000Z""",18:00,23:59,false
psp:omluva:174:2021:2025-11-28:00:00:09:00,2021,"""2025-11-28T00:00:00.000Z""",00:00,09:00,false
psp:omluva:174:2021:2026-01-14:11:00:12:00,2021,"""2026-01-14T00:00:00.000Z""",11:00,12:00,false
psp:omluva:174:2021:2026-01-27:09:00:23:59,2021,"""2026-01-27T00:00:00.000Z""",09:00,23:59,false
psp:omluva:174:2021:2026-01-28:00:00:09:00,2021,"""2026-01-28T00:00:00.000Z""",00:00,09:00,false
psp:omluva:174:2021:2026-01-28:09:00:23:59,2021,"""2026-01-28T00:00:00.000Z""",09:00,23:59,false
psp:omluva:174:2021:2026-01-29:00:00:09:00,2021,"""2026-01-29T00:00:00.000Z""",00:00,09:00,false
psp:omluva:174:2021:2026-01-29:16:00:23:59,2021,"""2026-01-29T00:00:00.000Z""",16:00,23:59,false
psp:omluva:174:2021:2026-01-30:00:00:09:00,2021,"""2026-01-30T00:00:00.000Z""",00:00,09:00,false
psp:omluva:174:2021:2026-01-30:09:00:23:59,2021,"""2026-01-30T00:00:00.000Z""",09:00,23:59,false
psp:omluva:174:2021:2026-01-31:00:00:09:00,2021,"""2026-01-31T00:00:00.000Z""",00:00,09:00,false
psp:omluva:174:2021:2026-02-11:10:30:12:30,2021,"""2026-02-11T00:00:00.000Z""",10:30,12:30,false
psp:omluva:174:2021:2026-02-12:14:30:23:59,2021,"""2026-02-12T00:00:00.000Z""",14:30,23:59,false
psp:omluva:174:2021:2026-02-13:00:00:09:00,2021,"""2026-02-13T00:00:00.000Z""",00:00,09:00,false
psp:omluva:174:2021:2026-03-12:09:00:23:59,2021,"""2026-03-12T00:00:00.000Z""",09:00,23:59,false
psp:omluva:174:2021:2026-03-13:00:00:09:00,2021,"""2026-03-13T00:00:00.000Z""",00:00,09:00,false
psp:omluva:174:2021:2026-03-13:09:00:23:59,2021,"""2026-03-13T00:00:00.000Z""",09:00,23:59,false
psp:omluva:174:2021:2026-03-14:00:00:09:00,2021,"""2026-03-14T00:00:00.000Z""",00:00,09:00,false
psp:omluva:174:2021:2026-04-17:11:30:23:59,2021,"""2026-04-17T00:00:00.000Z""",11:30,23:59,false
psp:omluva:174:2021:2026-04-18:00:00:09:00,2021,"""2026-04-18T00:00:00.000Z""",00:00,09:00,false
psp:omluva:174:2021:2026-04-22:09:00:23:59,2021,"""2026-04-22T00:00:00.000Z""",09:00,23:59,false
psp:omluva:174:2021:2026-04-23:00:00:09:00,2021,"""2026-04-23T00:00:00.000Z""",00:00,09:00,false
psp:omluva:174:2021:2026-04-23:09:00:13:00,2021,"""2026-04-23T00:00:00.000Z""",09:00,13:00,false
psp:omluva:174:2021:2026-04-24:09:00:23:59,2021,"""2026-04-24T00:00:00.000Z""",09:00,23:59,false
psp:omluva:174:2021:2026-04-25:00:00:09:00,2021,"""2026-04-25T00:00:00.000Z""",00:00,09:00,false
psp:omluva:174:2021:2026-05-06:09:00:23:59,2021,"""2026-05-06T00:00:00.000Z""",09:00,23:59,false
psp:omluva:174:2021:2026-05-07:00:00:09:00,2021,"""2026-05-07T00:00:00.000Z""",00:00,09:00,false
psp:omluva:174:2021:2026-05-07:09:00:23:59,2021,"""2026-05-07T00:00:00.000Z""",09:00,23:59,false
psp:omluva:174:2021:2026-05-08:00:00:09:00,2021,"""2026-05-08T00:00:00.000Z""",00:00,09:00,false
psp:omluva:174:2021:2026-05-14:09:00:23:59,2021,"""2026-05-14T00:00:00.000Z""",09:00,23:59,false
psp:omluva:174:2021:2026-05-15:00:00:09:00,2021,"""2026-05-15T00:00:00.000Z""",00:00,09:00,false
psp:omluva:174:2021:2026-06-02:14:00:19:00,2021,"""2026-06-02T00:00:00.000Z""",14:00,19:00,false
psp:omluva:174:2021:2026-06-03:12:45:18:00,2021,"""2026-06-03T00:00:00.000Z""",12:45,18:00,false
psp:omluva:174:2021:2026-06-11:09:00:23:59,2021,"""2026-06-11T00:00:00.000Z""",09:00,23:59,false
psp:omluva:174:2021:2026-06-12:00:00:09:00,2021,"""2026-06-12T00:00:00.000Z""",00:00,09:00,false
psp:omluva:174:2021:2026-06-24:15:00:16:00,2021,"""2026-06-24T00:00:00.000Z""",15:00,16:00,false
psp:omluva:174:2021:2026-06-26:09:00:23:59,2021,"""2026-06-26T00:00:00.000Z""",09:00,23:59,false
psp:omluva:174:2021:2026-06-27:00:00:09:00,2021,"""2026-06-27T00:00:00.000Z""",00:00,09:00,false
psp:omluva:174:2021:2026-07-02:14:30:23:59,2021,"""2026-07-02T00:00:00.000Z""",14:30,23:59,false
psp:omluva:174:2021:2026-07-03:00:00:09:00,2021,"""2026-07-03T00:00:00.000Z""",00:00,09:00,false
psp:omluva:174:2021:2026-07-03:09:00:23:59,2021,"""2026-07-03T00:00:00.000Z""",09:00,23:59,false
psp:omluva:174:2021:2026-07-04:00:00:09:00,2021,"""2026-07-04T00:00:00.000Z""",00:00,09:00,false
psp:omluva:174:2021:2026-07-14:09:00:23:59,2021,"""2026-07-14T00:00:00.000Z""",09:00,23:59,false
psp:omluva:174:2021:2026-07-15:00:00:09:00,2021,"""2026-07-15T00:00:00.000Z""",00:00,09:00,false
psp:omluva:174:2022:2025-11-26:09:00:17:00,2022,"""2025-11-26T00:00:00.000Z""",09:00,17:00,false
psp:omluva:174:2022:2025-11-26:17:00:21:00,2022,"""2025-11-26T00:00:00.000Z""",17:00,21:00,false
psp:omluva:174:2022:2025-11-26:21:00:23:59,2022,"""2025-11-26T00:00:00.000Z""",21:00,23:59,false
psp:omluva:174:2022:2025-11-27:00:00:09:00,2022,"""2025-11-27T00:00:00.000Z""",00:00,09:00,false
psp:omluva:174:2022:2026-01-30:09:00:23:59,2022,"""2026-01-30T00:00:00.000Z""",09:00,23:59,false
psp:omluva:174:2022:2026-01-31:00:00:09:00,2022,"""2026-01-31T00:00:00.000Z""",00:00,09:00,false
psp:omluva:174:2022:2026-02-12:09:00:11:00,2022,"""2026-02-12T00:00:00.000Z""",09:00,11:00,false
psp:omluva:174:2022:2026-03-12:14:30:23:59,2022,"""2026-03-12T00:00:00.000Z""",14:30,23:59,false
psp:omluva:174:2022:2026-03-13:00:00:09:00,2022,"""2026-03-13T00:00:00.000Z""",00:00,09:00,false
psp:omluva:174:2022:2026-03-24:09:00:23:59,2022,"""2026-03-24T00:00:00.000Z""",09:00,23:59,false
psp:omluva:174:2022:2026-03-25:00:00:09:00,2022,"""2026-03-25T00:00:00.000Z""",00:00,09:00,false
psp:omluva:174:2022:2026-03-25:09:00:23:59,2022,"""2026-03-25T00:00:00.000Z""",09:00,23:59,false
psp:omluva:174:2022:2026-03-26:00:00:09:00,2022,"""2026-03-26T00:00:00.000Z""",00:00,09:00,false
psp:omluva:174:2022:2026-04-14:14:00:15:00,2022,"""2026-04-14T00:00:00.000Z""",14:00,15:00,false
psp:omluva:174:2022:2026-04-16:17:30:23:59,2022,"""2026-04-16T00:00:00.000Z""",17:30,23:59,false
psp:omluva:174:2022:2026-04-17:00:00:09:00,2022,"""2026-04-17T00:00:00.000Z""",00:00,09:00,false
psp:omluva:174:2022:2026-04-17:12:00:23:59,2022,"""2026-04-17T00:00:00.000Z""",12:00,23:59,false
psp:omluva:174:2022:2026-04-18:00:00:09:00,2022,"""2026-04-18T00:00:00.000Z""",00:00,09:00,false
psp:omluva:174:2022:2026-04-21:09:00:23:59,2022,"""2026-04-21T00:00:00.000Z""",09:00,23:59,false
psp:omluva:174:2022:2026-04-22:00:00:09:00,2022,"""2026-04-22T00:00:00.000Z""",00:00,09:00,false
psp:omluva:174:2022:2026-04-22:09:00:23:59,2022,"""2026-04-22T00:00:00.000Z""",09:00,23:59,false
psp:omluva:174:2022:2026-04-23:00:00:09:00,2022,"""2026-04-23T00:00:00.000Z""",00:00,09:00,false
psp:omluva:174:2022:2026-04-23:09:00:23:59,2022,"""2026-04-23T00:00:00.000Z""",09:00,23:59,false
psp:omluva:174:2022:2026-04-24:00:00:09:00,2022,"""2026-04-24T00:00:00.000Z""",00:00,09:00,false
psp:omluva:174:2022:2026-05-06:20:00:23:59,2022,"""2026-05-06T00:00:00.000Z""",20:00,23:59,false
psp:omluva:174:2022:2026-05-07:00:00:09:00,2022,"""2026-05-07T00:00:00.000Z""",00:00,09:00,false
psp:omluva:174:2022:2026-05-13:15:00:23:59,2022,"""2026-05-13T00:00:00.000Z""",15:00,23:59,false
psp:omluva:174:2022:2026-05-14:00:00:09:00,2022,"""2026-05-14T00:00:00.000Z""",00:00,09:00,false
psp:omluva:174:2022:2026-05-14:09:00:23:59,2022,"""2026-05-14T00:00:00.000Z""",09:00,23:59,false
psp:omluva:174:2022:2026-05-14:14:00:23:59,2022,"""2026-05-14T00:00:00.000Z""",14:00,23:59,false
psp:omluva:174:2022:2026-05-15:00:00:09:00,2022,"""2026-05-15T00:00:00.000Z""",00:00,09:00,false
psp:omluva:174:2022:2026-05-27:17:00:23:59,2022,"""2026-05-27T00:00:00.000Z""",17:00,23:59,false
psp:omluva:174:2022:2026-05-28:00:00:09:00,2022,"""2026-05-28T00:00:00.000Z""",00:00,09:00,false
psp:omluva:174:2022:2026-05-28:09:00:18:00,2022,"""2026-05-28T00:00:00.000Z""",09:00,18:00,false
psp:omluva:174:2022:2026-06-04:15:00:19:00,2022,"""2026-06-04T00:00:00.000Z""",15:00,19:00,false
psp:omluva:174:2022:2026-06-25:09:00:18:00,2022,"""2026-06-25T00:00:00.000Z""",09:00,18:00,false
psp:omluva:174:2022:2026-07-01:19:00:23:59,2022,"""2026-07-01T00:00:00.000Z""",19:00,23:59,false
psp:omluva:174:2022:2026-07-02:00:00:09:00,2022,"""2026-07-02T00:00:00.000Z""",00:00,09:00,false
psp:omluva:174:2022:2026-07-02:09:00:11:00,2022,"""2026-07-02T00:00:00.000Z""",09:00,11:00,false
psp:omluva:174:2022:2026-07-02:14:30:18:00,2022,"""2026-07-02T00:00:00.000Z""",14:30,18:00,false
psp:omluva:174:2022:2026-07-03:13:15:14:00,2022,"""2026-07-03T00:00:00.000Z""",13:15,14:00,false
psp:omluva:174:2022:2026-07-08:09:00:23:59,2022,"""2026-07-08T00:00:00.000Z""",09:00,23:59,false
psp:omluva:174:2022:2026-07-09:00:00:09:00,2022,"""2026-07-09T00:00:00.000Z""",00:00,09:00,false
psp:omluva:174:2022:2026-07-10:09:00:23:59,2022,"""2026-07-10T00:00:00.000Z""",09:00,23:59,false
psp:omluva:174:2022:2026-07-11:00:00:09:00,2022,"""2026-07-11T00:00:00.000Z""",00:00,09:00,false
psp:omluva:174:2022:2026-07-13:09:00:23:59,2022,"""2026-07-13T00:00:00.000Z""",09:00,23:59,false
psp:omluva:174:2022:2026-07-14:00:00:09:00,2022,"""2026-07-14T00:00:00.000Z""",00:00,09:00,false
psp:omluva:174:2022:2026-07-14:09:00:23:59,2022,"""2026-07-14T00:00:00.000Z""",09:00,23:59,false
psp:omluva:174:2022:2026-07-15:00:00:09:00,2022,"""2026-07-15T00:00:00.000Z""",00:00,09:00,false
psp:omluva:174:2022:2026-07-15:09:00:23:59,2022,"""2026-07-15T00:00:00.000Z""",09:00,23:59,false
psp:omluva:174:2022:2026-07-16:00:00:09:00,2022,"""2026-07-16T00:00:00.000Z""",00:00,09:00,false
psp:omluva:174:2022:2026-07-16:09:00:23:59,2022,"""2026-07-16T00:00:00.000Z""",09:00,23:59,false
psp:omluva:174:2022:2026-07-17:00:00:09:00,2022,"""2026-07-17T00:00:00.000Z""",00:00,09:00,false
psp:omluva:174:2022:2026-07-17:09:00:23:59,2022,"""2026-07-17T00:00:00.000Z""",09:00,23:59,false
psp:omluva:174:2022:2026-07-18:00:00:09:00,2022,"""2026-07-18T00:00:00.000Z""",00:00,09:00,false
psp:omluva:174:2023:2026-05-06:09:00:23:59,2023,"""2026-05-06T00:00:00.000Z""",09:00,23:59,false
psp:omluva:174:2023:2026-05-07:00:00:09:00,2023,"""2026-05-07T00:00:00.000Z""",00:00,09:00,false
psp:omluva:174:2023:2026-05-14:09:00:23:59,2023,"""2026-05-14T00:00:00.000Z""",09:00,23:59,false
psp:omluva:174:2023:2026-05-15:00:00:09:00,2023,"""2026-05-15T00:00:00.000Z""",00:00,09:00,false
psp:omluva:174:2023:2026-05-27:15:00:23:59,2023,"""2026-05-27T00:00:00.000Z""",15:00,23:59,false
psp:omluva:174:2023:2026-05-28:00:00:09:00,2023,"""2026-05-28T00:00:00.000Z""",00:00,09:00,false
psp:omluva:174:2023:2026-06-11:09:00:23:59,2023,"""2026-06-11T00:00:00.000Z""",09:00,23:59,false
psp:omluva:174:2023:2026-06-12:00:00:09:00,2023,"""2026-06-12T00:00:00.000Z""",00:00,09:00,false
psp:omluva:174:2023:2026-07-03:09:00:23:59,2023,"""2026-07-03T00:00:00.000Z""",09:00,23:59,false
psp:omluva:174:2023:2026-07-04:00:00:09:00,2023,"""2026-07-04T00:00:00.000Z""",00:00,09:00,false
psp:omluva:174:2024:2026-01-14:09:00:23:59,2024,"""2026-01-14T00:00:00.000Z""",09:00,23:59,false
psp:omluva:174:2024:2026-01-15:00:00:09:00,2024,"""2026-01-15T00:00:00.000Z""",00:00,09:00,false
psp:omluva:174:2024:2026-02-10:09:00:23:59,2024,"""2026-02-10T00:00:00.000Z""",09:00,23:59,false
psp:omluva:174:2024:2026-02-11:00:00:09:00,2024,"""2026-02-11T00:00:00.000Z""",00:00,09:00,false
psp:omluva:174:2024:2026-02-11:09:00:23:59,2024,"""2026-02-11T00:00:00.000Z""",09:00,23:59,false
psp:omluva:174:2024:2026-02-12:00:00:09:00,2024,"""2026-02-12T00:00:00.000Z""",00:00,09:00,false
psp:omluva:174:2024:2026-02-12:09:00:23:59,2024,"""2026-02-12T00:00:00.000Z""",09:00,23:59,false
psp:omluva:174:2024:2026-02-13:00:00:09:00,2024,"""2026-02-13T00:00:00.000Z""",00:00,09:00,false
psp:omluva:174:2024:2026-02-13:09:00:23:59,2024,"""2026-02-13T00:00:00.000Z""",09:00,23:59,false
psp:omluva:174:2024:2026-02-14:00:00:09:00,2024,"""2026-02-14T00:00:00.000Z""",00:00,09:00,false
psp:omluva:174:2024:2026-03-03:09:00:23:59,2024,"""2026-03-03T00:00:00.000Z""",09:00,23:59,false
psp:omluva:174:2024:2026-03-04:00:00:09:00,2024,"""2026-03-04T00:00:00.000Z""",00:00,09:00,false
psp:omluva:174:2024:2026-03-04:09:00:23:59,2024,"""2026-03-04T00:00:00.000Z""",09:00,23:59,false
psp:omluva:174:2024:2026-03-05:00:00:09:00,2024,"""2026-03-05T00:00:00.000Z""",00:00,09:00,false
psp:omluva:174:2024:2026-03-05:09:00:23:59,2024,"""2026-03-05T00:00:00.000Z""",09:00,23:59,false
psp:omluva:174:2024:2026-03-06:00:00:09:00,2024,"""2026-03-06T00:00:00.000Z""",00:00,09:00,false
psp:omluva:174:2024:2026-03-06:09:00:23:59,2024,"""2026-03-06T00:00:00.000Z""",09:00,23:59,false
psp:omluva:174:2024:2026-03-07:00:00:09:00,2024,"""2026-03-07T00:00:00.000Z""",00:00,09:00,false
psp:omluva:174:2024:2026-03-10:09:00:23:59,2024,"""2026-03-10T00:00:00.000Z""",09:00,23:59,false
psp:omluva:174:2024:2026-03-11:00:00:09:00,2024,"""2026-03-11T00:00:00.000Z""",00:00,09:00,false
psp:omluva:174:2024:2026-03-11:09:00:23:59,2024,"""2026-03-11T00:00:00.000Z""",09:00,23:59,false
psp:omluva:174:2024:2026-03-12:00:00:09:00,2024,"""2026-03-12T00:00:00.000Z""",00:00,09:00,false
psp:omluva:174:2024:2026-03-12:09:00:23:59,2024,"""2026-03-12T00:00:00.000Z""",09:00,23:59,false
psp:omluva:174:2024:2026-03-13:00:00:09:00,2024,"""2026-03-13T00:00:00.000Z""",00:00,09:00,false
psp:omluva:174:2024:2026-03-13:09:00:23:59,2024,"""2026-03-13T00:00:00.000Z""",09:00,23:59,false
psp:omluva:174:2024:2026-03-14:00:00:09:00,2024,"""2026-03-14T00:00:00.000Z""",00:00,09:00,false
psp:omluva:174:2024:2026-03-24:09:00:23:59,2024,"""2026-03-24T00:00:00.000Z""",09:00,23:59,false
psp:omluva:174:2024:2026-03-25:00:00:09:00,2024,"""2026-03-25T00:00:00.000Z""",00:00,09:00,false
psp:omluva:174:2024:2026-03-25:09:00:23:59,2024,"""2026-03-25T00:00:00.000Z""",09:00,23:59,false
psp:omluva:174:2024:2026-03-26:00:00:09:00,2024,"""2026-03-26T00:00:00.000Z""",00:00,09:00,false
psp:omluva:174:2024:2026-03-26:09:00:23:59,2024,"""2026-03-26T00:00:00.000Z""",09:00,23:59,false
psp:omluva:174:2024:2026-03-27:00:00:09:00,2024,"""2026-03-27T00:00:00.000Z""",00:00,09:00,false
psp:omluva:174:2024:2026-04-14:09:00:23:59,2024,"""2026-04-14T00:00:00.000Z""",09:00,23:59,false
psp:omluva:174:2024:2026-04-15:00:00:09:00,2024,"""2026-04-15T00:00:00.000Z""",00:00,09:00,false
psp:omluva:174:2024:2026-04-16:09:00:23:59,2024,"""2026-04-16T00:00:00.000Z""",09:00,23:59,false
psp:omluva:174:2024:2026-04-17:00:00:09:00,2024,"""2026-04-17T00:00:00.000Z""",00:00,09:00,false
psp:omluva:174:2024:2026-04-17:09:00:23:59,2024,"""2026-04-17T00:00:00.000Z""",09:00,23:59,false
psp:omluva:174:2024:2026-04-18:00:00:09:00,2024,"""2026-04-18T00:00:00.000Z""",00:00,09:00,false
psp:omluva:174:2024:2026-05-13:15:00:23:59,2024,"""2026-05-13T00:00:00.000Z""",15:00,23:59,false
psp:omluva:174:2024:2026-05-14:00:00:09:00,2024,"""2026-05-14T00:00:00.000Z""",00:00,09:00,false
psp:omluva:174:2024:2026-05-27:21:00:23:59,2024,"""2026-05-27T00:00:00.000Z""",21:00,23:59,false
psp:omluva:174:2024:2026-05-28:00:00:09:00,2024,"""2026-05-28T00:00:00.000Z""",00:00,09:00,false
psp:omluva:174:2024:2026-05-28:09:00:11:00,2024,"""2026-05-28T00:00:00.000Z""",09:00,11:00,false
psp:omluva:174:2024:2026-06-25:14:30:23:59,2024,"""2026-06-25T00:00:00.000Z""",14:30,23:59,false
psp:omluva:174:2024:2026-06-26:00:00:09:00,2024,"""2026-06-26T00:00:00.000Z""",00:00,09:00,false
psp:omluva:174:2024:2026-07-01:19:00:23:59,2024,"""2026-07-01T00:00:00.000Z""",19:00,23:59,false
psp:omluva:174:2024:2026-07-02:00:00:09:00,2024,"""2026-07-02T00:00:00.000Z""",00:00,09:00,false
psp:omluva:174:2024:2026-07-02:14:00:23:59,2024,"""2026-07-02T00:00:00.000Z""",14:00,23:59,false
psp:omluva:174:2024:2026-07-03:00:00:09:00,2024,"""2026-07-03T00:00:00.000Z""",00:00,09:00,false
psp:omluva:174:2024:2026-07-14:09:00:23:59,2024,"""2026-07-14T00:00:00.000Z""",09:00,23:59,false
psp:omluva:174:2024:2026-07-15:00:00:09:00,2024,"""2026-07-15T00:00:00.000Z""",00:00,09:00,false
psp:omluva:174:2024:2026-07-15:09:00:23:59,2024,"""2026-07-15T00:00:00.000Z""",09:00,23:59,false
psp:omluva:174:2024:2026-07-16:00:00:09:00,2024,"""2026-07-16T00:00:00.000Z""",00:00,09:00,false
psp:omluva:174:2024:2026-07-16:09:00:23:59,2024,"""2026-07-16T00:00:00.000Z""",09:00,23:59,false
psp:omluva:174:2024:2026-07-17:00:00:09:00,2024,"""2026-07-17T00:00:00.000Z""",00:00,09:00,false
psp:omluva:174:2024:2026-07-17:09:00:23:59,2024,"""2026-07-17T00:00:00.000Z""",09:00,23:59,false
psp:omluva:174:2024:2026-07-18:00:00:09:00,2024,"""2026-07-18T00:00:00.000Z""",00:00,09:00,false
psp:omluva:174:2026:2026-02-03:09:00:23:59,2026,"""2026-02-03T00:00:00.000Z""",09:00,23:59,false
psp:omluva:174:2026:2026-02-04:00:00:09:00,2026,"""2026-02-04T00:00:00.000Z""",00:00,09:00,false
psp:omluva:174:2026:2026-02-04:09:00:23:59,2026,"""2026-02-04T00:00:00.000Z""",09:00,23:59,false
psp:omluva:174:2026:2026-02-05:00:00:09:00,2026,"""2026-02-05T00:00:00.000Z""",00:00,09:00,false
psp:omluva:174:2026:2026-02-10:09:00:23:59,2026,"""2026-02-10T00:00:00.000Z""",09:00,23:59,false
psp:omluva:174:2026:2026-02-11:00:00:09:00,2026,"""2026-02-11T00:00:00.000Z""",00:00,09:00,false
psp:omluva:174:2026:2026-02-11:09:00:23:59,2026,"""2026-02-11T00:00:00.000Z""",09:00,23:59,false
psp:omluva:174:2026:2026-02-12:00:00:09:00,2026,"""2026-02-12T00:00:00.000Z""",00:00,09:00,false
psp:omluva:174:2026:2026-02-12:09:00:23:59,2026,"""2026-02-12T00:00:00.000Z""",09:00,23:59,false
psp:omluva:174:2026:2026-02-13:00:00:09:00,2026,"""2026-02-13T00:00:00.000Z""",00:00,09:00,false
psp:omluva:174:2026:2026-02-13:09:00:23:59,2026,"""2026-02-13T00:00:00.000Z""",09:00,23:59,false
psp:omluva:174:2026:2026-02-14:00:00:09:00,2026,"""2026-02-14T00:00:00.000Z""",00:00,09:00,false
psp:omluva:174:2026:2026-03-03:09:00:23:59,2026,"""2026-03-03T00:00:00.000Z""",09:00,23:59,false
psp:omluva:174:2026:2026-03-04:00:00:09:00,2026,"""2026-03-04T00:00:00.000Z""",00:00,09:00,false
psp:omluva:174:2026:2026-04-23:09:00:23:59,2026,"""2026-04-23T00:00:00.000Z""",09:00,23:59,false
psp:omluva:174:2026:2026-04-24:00:00:09:00,2026,"""2026-04-24T00:00:00.000Z""",00:00,09:00,false
psp:omluva:174:2026:2026-05-27:20:30:23:59,2026,"""2026-05-27T00:00:00.000Z""",20:30,23:59,false
psp:omluva:174:2026:2026-05-28:00:00:09:00,2026,"""2026-05-28T00:00:00.000Z""",00:00,09:00,false
psp:omluva:174:2026:2026-05-28:09:00:23:59,2026,"""2026-05-28T00:00:00.000Z""",09:00,23:59,false
psp:omluva:174:2026:2026-05-29:00:00:09:00,2026,"""2026-05-29T00:00:00.000Z""",00:00,09:00,false
psp:omluva:174:2026:2026-06-25:09:00:15:00,2026,"""2026-06-25T00:00:00.000Z""",09:00,15:00,false
psp:omluva:174:2026:2026-07-08:09:00:23:59,2026,"""2026-07-08T00:00:00.000Z""",09:00,23:59,false
psp:omluva:174:2026:2026-07-09:00:00:09:00,2026,"""2026-07-09T00:00:00.000Z""",00:00,09:00,false
psp:omluva:174:2026:2026-07-09:09:00:23:59,2026,"""2026-07-09T00:00:00.000Z""",09:00,23:59,false
psp:omluva:174:2026:2026-07-10:00:00:09:00,2026,"""2026-07-10T00:00:00.000Z""",00:00,09:00,false
psp:omluva:174:2026:2026-07-10:09:00:23:59,2026,"""2026-07-10T00:00:00.000Z""",09:00,23:59,false
psp:omluva:174:2026:2026-07-11:00:00:09:00,2026,"""2026-07-11T00:00:00.000Z""",00:00,09:00,false
psp:omluva:174:2026:2026-07-15:10:30:12:00,2026,"""2026-07-15T00:00:00.000Z""",10:30,12:00,false
psp:omluva:174:2027:2025-11-26:09:00:23:59,2027,"""2025-11-26T00:00:00.000Z""",09:00,23:59,false
psp:omluva:174:2027:2025-11-27:00:00:09:00,2027,"""2025-11-27T00:00:00.000Z""",00:00,09:00,false
psp:omluva:174:2027:2025-11-27:09:00:23:59,2027,"""2025-11-27T00:00:00.000Z""",09:00,23:59,false
psp:omluva:174:2027:2025-11-28:00:00:09:00,2027,"""2025-11-28T00:00:00.000Z""",00:00,09:00,false
psp:omluva:174:2027:2026-01-14:09:00:23:59,2027,"""2026-01-14T00:00:00.000Z""",09:00,23:59,false
psp:omluva:174:2027:2026-01-15:00:00:09:00,2027,"""2026-01-15T00:00:00.000Z""",00:00,09:00,false
psp:omluva:174:2027:2026-01-16:09:00:09:30,2027,"""2026-01-16T00:00:00.000Z""",09:00,09:30,false
psp:omluva:174:2027:2026-02-10:09:00:23:59,2027,"""2026-02-10T00:00:00.000Z""",09:00,23:59,false
psp:omluva:174:2027:2026-02-11:00:00:09:00,2027,"""2026-02-11T00:00:00.000Z""",00:00,09:00,false
psp:omluva:174:2027:2026-02-11:09:00:23:59,2027,"""2026-02-11T00:00:00.000Z""",09:00,23:59,false
psp:omluva:174:2027:2026-02-12:00:00:09:00,2027,"""2026-02-12T00:00:00.000Z""",00:00,09:00,false
psp:omluva:174:2027:2026-02-12:09:00:23:59,2027,"""2026-02-12T00:00:00.000Z""",09:00,23:59,false
psp:omluva:174:2027:2026-02-13:00:00:09:00,2027,"""2026-02-13T00:00:00.000Z""",00:00,09:00,false
psp:omluva:174:2027:2026-02-13:09:00:23:59,2027,"""2026-02-13T00:00:00.000Z""",09:00,23:59,false
psp:omluva:174:2027:2026-02-14:00:00:09:00,2027,"""2026-02-14T00:00:00.000Z""",00:00,09:00,false
psp:omluva:174:2027:2026-03-12:09:00:15:00,2027,"""2026-03-12T00:00:00.000Z""",09:00,15:00,false
psp:omluva:174:2027:2026-04-14:09:00:23:59,2027,"""2026-04-14T00:00:00.000Z""",09:00,23:59,false
psp:omluva:174:2027:2026-04-15:00:00:09:00,2027,"""2026-04-15T00:00:00.000Z""",00:00,09:00,false
psp:omluva:174:2027:2026-04-22:09:00:23:59,2027,"""2026-04-22T00:00:00.000Z""",09:00,23:59,false
psp:omluva:174:2027:2026-04-23:00:00:09:00,2027,"""2026-04-23T00:00:00.000Z""",00:00,09:00,false
psp:omluva:174:2027:2026-04-23:09:00:23:59,2027,"""2026-04-23T00:00:00.000Z""",09:00,23:59,false
psp:omluva:174:2027:2026-04-24:00:00:09:00,2027,"""2026-04-24T00:00:00.000Z""",00:00,09:00,false
psp:omluva:174:2027:2026-05-29:09:00:23:59,2027,"""2026-05-29T00:00:00.000Z""",09:00,23:59,false
psp:omluva:174:2027:2026-05-30:00:00:09:00,2027,"""2026-05-30T00:00:00.000Z""",00:00,09:00,false
psp:omluva:174:2027:2026-06-03:09:00:23:59,2027,"""2026-06-03T00:00:00.000Z""",09:00,23:59,false
psp:omluva:174:2027:2026-06-04:00:00:09:00,2027,"""2026-06-04T00:00:00.000Z""",00:00,09:00,false
psp:omluva:174:2027:2026-06-05:09:00:23:59,2027,"""2026-06-05T00:00:00.000Z""",09:00,23:59,false
psp:omluva:174:2027:2026-06-06:00:00:09:00,2027,"""2026-06-06T00:00:00.000Z""",00:00,09:00,false
psp:omluva:174:2027:2026-07-02:09:00:23:59,2027,"""2026-07-02T00:00:00.000Z""",09:00,23:59,false
psp:omluva:174:2027:2026-07-03:00:00:09:00,2027,"""2026-07-03T00:00:00.000Z""",00:00,09:00,false
psp:omluva:174:2028:2026-01-28:16:45:23:59,2028,"""2026-01-28T00:00:00.000Z""",16:45,23:59,false
psp:omluva:174:2028:2026-01-29:00:00:09:00,2028,"""2026-01-29T00:00:00.000Z""",00:00,09:00,false
psp:omluva:174:2028:2026-03-04:20:30:23:59,2028,"""2026-03-04T00:00:00.000Z""",20:30,23:59,false
psp:omluva:174:2028:2026-03-05:00:00:09:00,2028,"""2026-03-05T00:00:00.000Z""",00:00,09:00,false
psp:omluva:174:2028:2026-03-10:09:00:23:59,2028,"""2026-03-10T00:00:00.000Z""",09:00,23:59,false
psp:omluva:174:2028:2026-03-11:00:00:09:00,2028,"""2026-03-11T00:00:00.000Z""",00:00,09:00,false
psp:omluva:174:2028:2026-03-12:09:00:11:30,2028,"""2026-03-12T00:00:00.000Z""",09:00,11:30,false
psp:omluva:174:2028:2026-04-14:09:00:23:59,2028,"""2026-04-14T00:00:00.000Z""",09:00,23:59,false
psp:omluva:174:2028:2026-04-15:00:00:09:00,2028,"""2026-04-15T00:00:00.000Z""",00:00,09:00,false
psp:omluva:174:2028:2026-04-15:09:00:23:59,2028,"""2026-04-15T00:00:00.000Z""",09:00,23:59,false
psp:omluva:174:2028:2026-04-16:00:00:09:00,2028,"""2026-04-16T00:00:00.000Z""",00:00,09:00,false
psp:omluva:174:2028:2026-04-16:09:00:23:59,2028,"""2026-04-16T00:00:00.000Z""",09:00,23:59,false
psp:omluva:174:2028:2026-04-17:00:00:09:00,2028,"""2026-04-17T00:00:00.000Z""",00:00,09:00,false
psp:omluva:174:2028:2026-04-17:09:00:23:59,2028,"""2026-04-17T00:00:00.000Z""",09:00,23:59,false
psp:omluva:174:2028:2026-04-18:00:00:09:00,2028,"""2026-04-18T00:00:00.000Z""",00:00,09:00,false
psp:omluva:174:2028:2026-04-21:09:00:23:59,2028,"""2026-04-21T00:00:00.000Z""",09:00,23:59,false
psp:omluva:174:2028:2026-04-22:00:00:09:00,2028,"""2026-04-22T00:00:00.000Z""",00:00,09:00,false
psp:omluva:174:2028:2026-04-22:09:00:23:59,2028,"""2026-04-22T00:00:00.000Z""",09:00,23:59,false
psp:omluva:174:2028:2026-04-23:00:00:09:00,2028,"""2026-04-23T00:00:00.000Z""",00:00,09:00,false
psp:omluva:174:2028:2026-04-23:09:00:23:59,2028,"""2026-04-23T00:00:00.000Z""",09:00,23:59,false
psp:omluva:174:2028:2026-04-24:00:00:09:00,2028,"""2026-04-24T00:00:00.000Z""",00:00,09:00,false
psp:omluva:174:2028:2026-04-24:09:00:23:59,2028,"""2026-04-24T00:00:00.000Z""",09:00,23:59,false
psp:omluva:174:2028:2026-04-25:00:00:09:00,2028,"""2026-04-25T00:00:00.000Z""",00:00,09:00,false
psp:omluva:174:2028:2026-05-05:09:00:23:59,2028,"""2026-05-05T00:00:00.000Z""",09:00,23:59,false
psp:omluva:174:2028:2026-05-06:00:00:09:00,2028,"""2026-05-06T00:00:00.000Z""",00:00,09:00,false
psp:omluva:174:2028:2026-05-06:09:00:23:59,2028,"""2026-05-06T00:00:00.000Z""",09:00,23:59,false
psp:omluva:174:2028:2026-05-07:00:00:09:00,2028,"""2026-05-07T00:00:00.000Z""",00:00,09:00,false
psp:omluva:174:2028:2026-05-07:09:00:23:59,2028,"""2026-05-07T00:00:00.000Z""",09:00,23:59,false
psp:omluva:174:2028:2026-05-08:00:00:09:00,2028,"""2026-05-08T00:00:00.000Z""",00:00,09:00,false
psp:omluva:174:2028:2026-05-13:09:00:23:59,2028,"""2026-05-13T00:00:00.000Z""",09:00,23:59,false
psp:omluva:174:2028:2026-05-14:00:00:09:00,2028,"""2026-05-14T00:00:00.000Z""",00:00,09:00,false
psp:omluva:174:2028:2026-05-14:09:00:23:59,2028,"""2026-05-14T00:00:00.000Z""",09:00,23:59,false
psp:omluva:174:2028:2026-05-15:00:00:09:00,2028,"""2026-05-15T00:00:00.000Z""",00:00,09:00,false
psp:omluva:174:2028:2026-05-15:09:00:23:59,2028,"""2026-05-15T00:00:00.000Z""",09:00,23:59,false
psp:omluva:174:2028:2026-05-16:00:00:09:00,2028,"""2026-05-16T00:00:00.000Z""",00:00,09:00,false
psp:omluva:174:2028:2026-05-27:15:00:23:59,2028,"""2026-05-27T00:00:00.000Z""",15:00,23:59,false
psp:omluva:174:2028:2026-05-28:00:00:09:00,2028,"""2026-05-28T00:00:00.000Z""",00:00,09:00,false
psp:omluva:174:2028:2026-05-28:16:00:23:59,2028,"""2026-05-28T00:00:00.000Z""",16:00,23:59,false
psp:omluva:174:2028:2026-05-29:00:00:09:00,2028,"""2026-05-29T00:00:00.000Z""",00:00,09:00,false
psp:omluva:174:2028:2026-05-29:09:00:23:59,2028,"""2026-05-29T00:00:00.000Z""",09:00,23:59,false
psp:omluva:174:2028:2026-05-30:00:00:09:00,2028,"""2026-05-30T00:00:00.000Z""",00:00,09:00,false
psp:omluva:174:2028:2026-06-02:09:00:23:59,2028,"""2026-06-02T00:00:00.000Z""",09:00,23:59,false
psp:omluva:174:2028:2026-06-03:00:00:09:00,2028,"""2026-06-03T00:00:00.000Z""",00:00,09:00,false
psp:omluva:174:2028:2026-06-03:14:00:23:59,2028,"""2026-06-03T00:00:00.000Z""",14:00,23:59,false
psp:omluva:174:2028:2026-06-04:00:00:09:00,2028,"""2026-06-04T00:00:00.000Z""",00:00,09:00,false
psp:omluva:174:2028:2026-06-04:09:00:10:00,2028,"""2026-06-04T00:00:00.000Z""",09:00,10:00,false
psp:omluva:174:2028:2026-06-05:09:00:23:59,2028,"""2026-06-05T00:00:00.000Z""",09:00,23:59,false
psp:omluva:174:2028:2026-06-06:00:00:09:00,2028,"""2026-06-06T00:00:00.000Z""",00:00,09:00,false
psp:omluva:174:2028:2026-06-11:15:30:23:59,2028,"""2026-06-11T00:00:00.000Z""",15:30,23:59,false
psp:omluva:174:2028:2026-06-12:00:00:09:00,2028,"""2026-06-12T00:00:00.000Z""",00:00,09:00,false
psp:omluva:174:2028:2026-06-25:16:00:18:00,2028,"""2026-06-25T00:00:00.000Z""",16:00,18:00,false
psp:omluva:174:2028:2026-06-26:09:00:23:59,2028,"""2026-06-26T00:00:00.000Z""",09:00,23:59,false
psp:omluva:174:2028:2026-06-27:00:00:09:00,2028,"""2026-06-27T00:00:00.000Z""",00:00,09:00,false
psp:omluva:174:2028:2026-06-30:09:00:16:00,2028,"""2026-06-30T00:00:00.000Z""",09:00,16:00,false
psp:omluva:174:2028:2026-07-01:16:00:23:59,2028,"""2026-07-01T00:00:00.000Z""",16:00,23:59,false
psp:omluva:174:2028:2026-07-02:00:00:09:00,2028,"""2026-07-02T00:00:00.000Z""",00:00,09:00,false
psp:omluva:174:2028:2026-07-02:14:30:23:59,2028,"""2026-07-02T00:00:00.000Z""",14:30,23:59,false
psp:omluva:174:2028:2026-07-03:00:00:09:00,2028,"""2026-07-03T00:00:00.000Z""",00:00,09:00,false
psp:omluva:174:2029:2026-03-04:13:00:22:00,2029,"""2026-03-04T00:00:00.000Z""",13:00,22:00,false
psp:omluva:174:2029:2026-03-04:22:00:23:59,2029,"""2026-03-04T00:00:00.000Z""",22:00,23:59,false
psp:omluva:174:2029:2026-03-05:00:00:09:00,2029,"""2026-03-05T00:00:00.000Z""",00:00,09:00,false
psp:omluva:174:2029:2026-05-28:13:30:14:30,2029,"""2026-05-28T00:00:00.000Z""",13:30,14:30,false
psp:omluva:174:2029:2026-06-11:09:00:23:59,2029,"""2026-06-11T00:00:00.000Z""",09:00,23:59,false
psp:omluva:174:2029:2026-06-12:00:00:09:00,2029,"""2026-06-12T00:00:00.000Z""",00:00,09:00,false
psp:omluva:174:2029:2026-07-08:09:30:23:59,2029,"""2026-07-08T00:00:00.000Z""",09:30,23:59,false
psp:omluva:174:2029:2026-07-09:00:00:09:00,2029,"""2026-07-09T00:00:00.000Z""",00:00,09:00,false
psp:omluva:174:2030:2026-04-23:09:00:12:00,2030,"""2026-04-23T00:00:00.000Z""",09:00,12:00,false
psp:omluva:174:2031:2025-11-27:09:00:23:59,2031,"""2025-11-27T00:00:00.000Z""",09:00,23:59,false
psp:omluva:174:2031:2025-11-28:00:00:09:00,2031,"""2025-11-28T00:00:00.000Z""",00:00,09:00,false
psp:omluva:174:2031:2026-01-15:09:00:23:59,2031,"""2026-01-15T00:00:00.000Z""",09:00,23:59,false
psp:omluva:174:2031:2026-01-16:00:00:09:00,2031,"""2026-01-16T00:00:00.000Z""",00:00,09:00,false
psp:omluva:174:2031:2026-02-03:09:00:23:59,2031,"""2026-02-03T00:00:00.000Z""",09:00,23:59,false
psp:omluva:174:2031:2026-02-04:00:00:09:00,2031,"""2026-02-04T00:00:00.000Z""",00:00,09:00,false
psp:omluva:174:2031:2026-02-04:09:00:23:59,2031,"""2026-02-04T00:00:00.000Z""",09:00,23:59,false
psp:omluva:174:2031:2026-02-05:00:00:09:00,2031,"""2026-02-05T00:00:00.000Z""",00:00,09:00,false
psp:omluva:174:2031:2026-02-12:09:00:23:59,2031,"""2026-02-12T00:00:00.000Z""",09:00,23:59,false
psp:omluva:174:2031:2026-02-13:00:00:09:00,2031,"""2026-02-13T00:00:00.000Z""",00:00,09:00,false
psp:omluva:174:2031:2026-02-13:09:00:23:59,2031,"""2026-02-13T00:00:00.000Z""",09:00,23:59,false
psp:omluva:174:2031:2026-02-14:00:00:09:00,2031,"""2026-02-14T00:00:00.000Z""",00:00,09:00,false
psp:omluva:174:2031:2026-03-10:09:00:17:00,2031,"""2026-03-10T00:00:00.000Z""",09:00,17:00,false
psp:omluva:174:2031:2026-03-12:09:00:23:59,2031,"""2026-03-12T00:00:00.000Z""",09:00,23:59,false
psp:omluva:174:2031:2026-03-13:00:00:09:00,2031,"""2026-03-13T00:00:00.000Z""",00:00,09:00,false
psp:omluva:174:2031:2026-03-13:09:00:23:59,2031,"""2026-03-13T00:00:00.000Z""",09:00,23:59,false
psp:omluva:174:2031:2026-03-14:00:00:09:00,2031,"""2026-03-14T00:00:00.000Z""",00:00,09:00,false
psp:omluva:174:2031:2026-04-15:17:00:23:59,2031,"""2026-04-15T00:00:00.000Z""",17:00,23:59,false
psp:omluva:174:2031:2026-04-16:00:00:09:00,2031,"""2026-04-16T00:00:00.000Z""",00:00,09:00,false
psp:omluva:174:2031:2026-04-16:09:00:23:59,2031,"""2026-04-16T00:00:00.000Z""",09:00,23:59,false
psp:omluva:174:2031:2026-04-17:00:00:09:00,2031,"""2026-04-17T00:00:00.000Z""",00:00,09:00,false
psp:omluva:174:2031:2026-04-17:09:00:23:59,2031,"""2026-04-17T00:00:00.000Z""",09:00,23:59,false
psp:omluva:174:2031:2026-04-18:00:00:09:00,2031,"""2026-04-18T00:00:00.000Z""",00:00,09:00,false
psp:omluva:174:2031:2026-04-23:09:00:23:59,2031,"""2026-04-23T00:00:00.000Z""",09:00,23:59,false
psp:omluva:174:2031:2026-04-24:00:00:09:00,2031,"""2026-04-24T00:00:00.000Z""",00:00,09:00,false
psp:omluva:174:2031:2026-05-05:09:00:23:59,2031,"""2026-05-05T00:00:00.000Z""",09:00,23:59,false
psp:omluva:174:2031:2026-05-06:00:00:09:00,2031,"""2026-05-06T00:00:00.000Z""",00:00,09:00,false
psp:omluva:174:2031:2026-05-06:09:00:23:59,2031,"""2026-05-06T00:00:00.000Z""",09:00,23:59,false
psp:omluva:174:2031:2026-05-07:00:00:09:00,2031,"""2026-05-07T00:00:00.000Z""",00:00,09:00,false
psp:omluva:174:2031:2026-05-07:09:00:23:59,2031,"""2026-05-07T00:00:00.000Z""",09:00,23:59,false
psp:omluva:174:2031:2026-05-08:00:00:09:00,2031,"""2026-05-08T00:00:00.000Z""",00:00,09:00,false
psp:omluva:174:2031:2026-05-28:09:00:23:59,2031,"""2026-05-28T00:00:00.000Z""",09:00,23:59,false
psp:omluva:174:2031:2026-05-29:00:00:09:00,2031,"""2026-05-29T00:00:00.000Z""",00:00,09:00,false
psp:omluva:174:2031:2026-05-29:09:00:23:59,2031,"""2026-05-29T00:00:00.000Z""",09:00,23:59,false
psp:omluva:174:2031:2026-05-30:00:00:09:00,2031,"""2026-05-30T00:00:00.000Z""",00:00,09:00,false
psp:omluva:174:2031:2026-06-24:15:00:23:59,2031,"""2026-06-24T00:00:00.000Z""",15:00,23:59,false
psp:omluva:174:2031:2026-06-25:00:00:09:00,2031,"""2026-06-25T00:00:00.000Z""",00:00,09:00,false
psp:omluva:174:2031:2026-06-25:09:00:23:59,2031,"""2026-06-25T00:00:00.000Z""",09:00,23:59,false
psp:omluva:174:2031:2026-06-26:00:00:09:00,2031,"""2026-06-26T00:00:00.000Z""",00:00,09:00,false
psp:omluva:174:2031:2026-06-26:09:00:23:59,2031,"""2026-06-26T00:00:00.000Z""",09:00,23:59,false
psp:omluva:174:2031:2026-06-27:00:00:09:00,2031,"""2026-06-27T00:00:00.000Z""",00:00,09:00,false
psp:omluva:174:2031:2026-07-02:09:00:23:59,2031,"""2026-07-02T00:00:00.000Z""",09:00,23:59,false
psp:omluva:174:2031:2026-07-03:00:00:09:00,2031,"""2026-07-03T00:00:00.000Z""",00:00,09:00,false
psp:omluva:174:2031:2026-07-03:09:00:23:59,2031,"""2026-07-03T00:00:00.000Z""",09:00,23:59,false
psp:omluva:174:2031:2026-07-04:00:00:09:00,2031,"""2026-07-04T00:00:00.000Z""",00:00,09:00,false
psp:omluva:174:2031:2026-07-08:14:00:23:59,2031,"""2026-07-08T00:00:00.000Z""",14:00,23:59,false
psp:omluva:174:2031:2026-07-09:00:00:09:00,2031,"""2026-07-09T00:00:00.000Z""",00:00,09:00,false
psp:omluva:174:2031:2026-07-14:09:00:23:59,2031,"""2026-07-14T00:00:00.000Z""",09:00,23:59,false
psp:omluva:174:2031:2026-07-15:00:00:09:00,2031,"""2026-07-15T00:00:00.000Z""",00:00,09:00,false
psp:omluva:174:2031:2026-07-15:09:00:23:59,2031,"""2026-07-15T00:00:00.000Z""",09:00,23:59,false
psp:omluva:174:2031:2026-07-16:00:00:09:00,2031,"""2026-07-16T00:00:00.000Z""",00:00,09:00,false
psp:omluva:174:2032:2026-05-05:09:00:23:59,2032,"""2026-05-05T00:00:00.000Z""",09:00,23:59,false
psp:omluva:174:2032:2026-05-06:00:00:09:00,2032,"""2026-05-06T00:00:00.000Z""",00:00,09:00,false
psp:omluva:174:2032:2026-05-06:09:00:23:59,2032,"""2026-05-06T00:00:00.000Z""",09:00,23:59,false
psp:omluva:174:2032:2026-05-07:00:00:09:00,2032,"""2026-05-07T00:00:00.000Z""",00:00,09:00,false
psp:omluva:174:2032:2026-07-14:12:00:23:59,2032,"""2026-07-14T00:00:00.000Z""",12:00,23:59,false
psp:omluva:174:2032:2026-07-15:00:00:09:00,2032,"""2026-07-15T00:00:00.000Z""",00:00,09:00,false
psp:omluva:174:2033:2026-02-10:09:00:23:59,2033,"""2026-02-10T00:00:00.000Z""",09:00,23:59,false
psp:omluva:174:2033:2026-02-11:00:00:09:00,2033,"""2026-02-11T00:00:00.000Z""",00:00,09:00,false
psp:omluva:174:2033:2026-02-11:09:00:15:30,2033,"""2026-02-11T00:00:00.000Z""",09:00,15:30,false
psp:omluva:174:2033:2026-02-13:13:00:23:59,2033,"""2026-02-13T00:00:00.000Z""",13:00,23:59,false
psp:omluva:174:2033:2026-02-14:00:00:09:00,2033,"""2026-02-14T00:00:00.000Z""",00:00,09:00,false
psp:omluva:174:2033:2026-03-03:20:45:23:30,2033,"""2026-03-03T00:00:00.000Z""",20:45,23:30,false
psp:omluva:174:2033:2026-03-04:20:10:23:59,2033,"""2026-03-04T00:00:00.000Z""",20:10,23:59,false
psp:omluva:174:2033:2026-03-05:00:00:09:00,2033,"""2026-03-05T00:00:00.000Z""",00:00,09:00,false
psp:omluva:174:2033:2026-03-06:13:30:23:59,2033,"""2026-03-06T00:00:00.000Z""",13:30,23:59,false
psp:omluva:174:2033:2026-03-07:00:00:09:00,2033,"""2026-03-07T00:00:00.000Z""",00:00,09:00,false
psp:omluva:174:2033:2026-04-17:09:00:23:59,2033,"""2026-04-17T00:00:00.000Z""",09:00,23:59,false
psp:omluva:174:2033:2026-04-18:00:00:09:00,2033,"""2026-04-18T00:00:00.000Z""",00:00,09:00,false
psp:omluva:174:2033:2026-04-23:09:00:23:59,2033,"""2026-04-23T00:00:00.000Z""",09:00,23:59,false
psp:omluva:174:2033:2026-04-24:00:00:09:00,2033,"""2026-04-24T00:00:00.000Z""",00:00,09:00,false
psp:omluva:174:2033:2026-04-24:09:00:23:59,2033,"""2026-04-24T00:00:00.000Z""",09:00,23:59,false
psp:omluva:174:2033:2026-04-25:00:00:09:00,2033,"""2026-04-25T00:00:00.000Z""",00:00,09:00,false
psp:omluva:174:2033:2026-06-11:09:00:23:59,2033,"""2026-06-11T00:00:00.000Z""",09:00,23:59,false
psp:omluva:174:2033:2026-06-12:00:00:09:00,2033,"""2026-06-12T00:00:00.000Z""",00:00,09:00,false
psp:omluva:174:2033:2026-06-23:09:00:23:59,2033,"""2026-06-23T00:00:00.000Z""",09:00,23:59,false
psp:omluva:174:2033:2026-06-24:00:00:09:00,2033,"""2026-06-24T00:00:00.000Z""",00:00,09:00,false
psp:omluva:174:2033:2026-06-24:09:00:23:59,2033,"""2026-06-24T00:00:00.000Z""",09:00,23:59,false
psp:omluva:174:2033:2026-06-25:00:00:09:00,2033,"""2026-06-25T00:00:00.000Z""",00:00,09:00,false
psp:omluva:174:2033:2026-06-25:09:00:23:59,2033,"""2026-06-25T00:00:00.000Z""",09:00,23:59,false
psp:omluva:174:2033:2026-06-26:00:00:09:00,2033,"""2026-06-26T00:00:00.000Z""",00:00,09:00,false
psp:omluva:174:2033:2026-06-26:09:00:23:59,2033,"""2026-06-26T00:00:00.000Z""",09:00,23:59,false
psp:omluva:174:2033:2026-06-27:00:00:09:00,2033,"""2026-06-27T00:00:00.000Z""",00:00,09:00,false
psp:omluva:174:2033:2026-06-30:09:00:23:59,2033,"""2026-06-30T00:00:00.000Z""",09:00,23:59,false
psp:omluva:174:2033:2026-07-01:00:00:09:00,2033,"""2026-07-01T00:00:00.000Z""",00:00,09:00,false
psp:omluva:174:2033:2026-07-01:09:00:23:59,2033,"""2026-07-01T00:00:00.000Z""",09:00,23:59,false
psp:omluva:174:2033:2026-07-02:00:00:09:00,2033,"""2026-07-02T00:00:00.000Z""",00:00,09:00,false
psp:omluva:174:2033:2026-07-02:09:00:23:59,2033,"""2026-07-02T00:00:00.000Z""",09:00,23:59,false
psp:omluva:174:2033:2026-07-03:00:00:09:00,2033,"""2026-07-03T00:00:00.000Z""",00:00,09:00,false
psp:omluva:174:2033:2026-07-03:09:00:23:59,2033,"""2026-07-03T00:00:00.000Z""",09:00,23:59,false
psp:omluva:174:2033:2026-07-04:00:00:09:00,2033,"""2026-07-04T00:00:00.000Z""",00:00,09:00,false
psp:omluva:174:2033:2026-07-07:09:00:23:59,2033,"""2026-07-07T00:00:00.000Z""",09:00,23:59,false
psp:omluva:174:2033:2026-07-08:00:00:09:00,2033,"""2026-07-08T00:00:00.000Z""",00:00,09:00,false
psp:omluva:174:2033:2026-07-08:09:00:23:59,2033,"""2026-07-08T00:00:00.000Z""",09:00,23:59,false
psp:omluva:174:2033:2026-07-09:00:00:09:00,2033,"""2026-07-09T00:00:00.000Z""",00:00,09:00,false
psp:omluva:174:2033:2026-07-09:09:00:23:59,2033,"""2026-07-09T00:00:00.000Z""",09:00,23:59,false
psp:omluva:174:2033:2026-07-10:00:00:09:00,2033,"""2026-07-10T00:00:00.000Z""",00:00,09:00,false
psp:omluva:174:2033:2026-07-10:09:00:23:59,2033,"""2026-07-10T00:00:00.000Z""",09:00,23:59,false
psp:omluva:174:2033:2026-07-11:00:00:09:00,2033,"""2026-07-11T00:00:00.000Z""",00:00,09:00,false
psp:omluva:174:2033:2026-07-14:09:00:23:59,2033,"""2026-07-14T00:00:00.000Z""",09:00,23:59,false
psp:omluva:174:2033:2026-07-15:00:00:09:00,2033,"""2026-07-15T00:00:00.000Z""",00:00,09:00,false
psp:omluva:174:2033:2026-07-15:09:00:23:59,2033,"""2026-07-15T00:00:00.000Z""",09:00,23:59,false
psp:omluva:174:2033:2026-07-16:00:00:09:00,2033,"""2026-07-16T00:00:00.000Z""",00:00,09:00,false
psp:omluva:174:2033:2026-07-16:09:00:23:59,2033,"""2026-07-16T00:00:00.000Z""",09:00,23:59,false
psp:omluva:174:2033:2026-07-17:00:00:09:00,2033,"""2026-07-17T00:00:00.000Z""",00:00,09:00,false
psp:omluva:174:2033:2026-07-17:09:00:23:59,2033,"""2026-07-17T00:00:00.000Z""",09:00,23:59,false
psp:omluva:174:2033:2026-07-18:00:00:09:00,2033,"""2026-07-18T00:00:00.000Z""",00:00,09:00,false
psp:omluva:174:2034:2025-11-26:18:00:23:59,2034,"""2025-11-26T00:00:00.000Z""",18:00,23:59,false
psp:omluva:174:2034:2025-11-27:00:00:09:00,2034,"""2025-11-27T00:00:00.000Z""",00:00,09:00,false
psp:omluva:174:2034:2025-11-27:14:30:18:00,2034,"""2025-11-27T00:00:00.000Z""",14:30,18:00,false
psp:omluva:174:2034:2026-02-10:09:00:23:59,2034,"""2026-02-10T00:00:00.000Z""",09:00,23:59,false
psp:omluva:174:2034:2026-02-11:00:00:09:00,2034,"""2026-02-11T00:00:00.000Z""",00:00,09:00,false
psp:omluva:174:2034:2026-02-11:09:00:23:59,2034,"""2026-02-11T00:00:00.000Z""",09:00,23:59,false
psp:omluva:174:2034:2026-02-12:00:00:09:00,2034,"""2026-02-12T00:00:00.000Z""",00:00,09:00,false
psp:omluva:174:2034:2026-03-04:17:30:23:59,2034,"""2026-03-04T00:00:00.000Z""",17:30,23:59,false
psp:omluva:174:2034:2026-03-05:00:00:09:00,2034,"""2026-03-05T00:00:00.000Z""",00:00,09:00,false
psp:omluva:174:2034:2026-03-05:09:00:23:59,2034,"""2026-03-05T00:00:00.000Z""",09:00,23:59,false
psp:omluva:174:2034:2026-03-06:00:00:09:00,2034,"""2026-03-06T00:00:00.000Z""",00:00,09:00,false
psp:omluva:174:2034:2026-03-06:09:00:23:59,2034,"""2026-03-06T00:00:00.000Z""",09:00,23:59,false
psp:omluva:174:2034:2026-03-07:00:00:09:00,2034,"""2026-03-07T00:00:00.000Z""",00:00,09:00,false
psp:omluva:174:2034:2026-03-13:12:30:23:59,2034,"""2026-03-13T00:00:00.000Z""",12:30,23:59,false
psp:omluva:174:2034:2026-03-14:00:00:09:00,2034,"""2026-03-14T00:00:00.000Z""",00:00,09:00,false
psp:omluva:174:2034:2026-04-17:13:00:23:59,2034,"""2026-04-17T00:00:00.000Z""",13:00,23:59,false
psp:omluva:174:2034:2026-04-18:00:00:09:00,2034,"""2026-04-18T00:00:00.000Z""",00:00,09:00,false
psp:omluva:174:2034:2026-04-23:15:00:23:59,2034,"""2026-04-23T00:00:00.000Z""",15:00,23:59,false
psp:omluva:174:2034:2026-04-24:00:00:09:00,2034,"""2026-04-24T00:00:00.000Z""",00:00,09:00,false
psp:omluva:174:2034:2026-04-24:09:00:23:59,2034,"""2026-04-24T00:00:00.000Z""",09:00,23:59,false
psp:omluva:174:2034:2026-04-25:00:00:09:00,2034,"""2026-04-25T00:00:00.000Z""",00:00,09:00,false
psp:omluva:174:2034:2026-05-13:18:30:23:59,2034,"""2026-05-13T00:00:00.000Z""",18:30,23:59,false
psp:omluva:174:2034:2026-05-14:00:00:09:00,2034,"""2026-05-14T00:00:00.000Z""",00:00,09:00,false
psp:omluva:174:2034:2026-05-14:13:30:23:59,2034,"""2026-05-14T00:00:00.000Z""",13:30,23:59,false
psp:omluva:174:2034:2026-05-15:00:00:09:00,2034,"""2026-05-15T00:00:00.000Z""",00:00,09:00,false
psp:omluva:174:2034:2026-05-28:15:00:23:59,2034,"""2026-05-28T00:00:00.000Z""",15:00,23:59,false
psp:omluva:174:2034:2026-05-29:00:00:09:00,2034,"""2026-05-29T00:00:00.000Z""",00:00,09:00,false
psp:omluva:174:2034:2026-06-03:18:45:22:00,2034,"""2026-06-03T00:00:00.000Z""",18:45,22:00,false
psp:omluva:174:2034:2026-06-04:09:00:11:00,2034,"""2026-06-04T00:00:00.000Z""",09:00,11:00,false
psp:omluva:174:2034:2026-06-04:14:30:18:00,2034,"""2026-06-04T00:00:00.000Z""",14:30,18:00,false
psp:omluva:174:2036:2025-11-03:09:00:23:59,2036,"""2025-11-03T00:00:00.000Z""",09:00,23:59,false
psp:omluva:174:2036:2025-11-04:00:00:09:00,2036,"""2025-11-04T00:00:00.000Z""",00:00,09:00,false
psp:omluva:174:2036:2025-11-05:09:00:23:59,2036,"""2025-11-05T00:00:00.000Z""",09:00,23:59,false
psp:omluva:174:2036:2025-11-06:00:00:09:00,2036,"""2025-11-06T00:00:00.000Z""",00:00,09:00,false
psp:omluva:174:2037:2026-01-29:15:00:17:00,2037,"""2026-01-29T00:00:00.000Z""",15:00,17:00,false
psp:omluva:174:2037:2026-01-30:11:00:23:59,2037,"""2026-01-30T00:00:00.000Z""",11:00,23:59,false
psp:omluva:174:2037:2026-01-31:00:00:09:00,2037,"""2026-01-31T00:00:00.000Z""",00:00,09:00,false
psp:omluva:174:2037:2026-03-04:18:00:23:59,2037,"""2026-03-04T00:00:00.000Z""",18:00,23:59,false
psp:omluva:174:2037:2026-03-05:00:00:09:00,2037,"""2026-03-05T00:00:00.000Z""",00:00,09:00,false
psp:omluva:174:2037:2026-04-14:18:00:23:59,2037,"""2026-04-14T00:00:00.000Z""",18:00,23:59,false
psp:omluva:174:2037:2026-04-15:00:00:09:00,2037,"""2026-04-15T00:00:00.000Z""",00:00,09:00,false
psp:omluva:174:2037:2026-05-28:09:00:23:59,2037,"""2026-05-28T00:00:00.000Z""",09:00,23:59,false
psp:omluva:174:2037:2026-05-29:00:00:09:00,2037,"""2026-05-29T00:00:00.000Z""",00:00,09:00,false
psp:omluva:174:2037:2026-06-03:17:00:19:00,2037,"""2026-06-03T00:00:00.000Z""",17:00,19:00,false
psp:omluva:174:2037:2026-07-15:09:00:11:00,2037,"""2026-07-15T00:00:00.000Z""",09:00,11:00,false
psp:omluva:174:2038:2026-01-28:13:00:23:59,2038,"""2026-01-28T00:00:00.000Z""",13:00,23:59,false
psp:omluva:174:2038:2026-01-29:00:00:09:00,2038,"""2026-01-29T00:00:00.000Z""",00:00,09:00,false
psp:omluva:174:2038:2026-02-10:09:00:23:59,2038,"""2026-02-10T00:00:00.000Z""",09:00,23:59,false
psp:omluva:174:2038:2026-02-11:00:00:09:00,2038,"""2026-02-11T00:00:00.000Z""",00:00,09:00,false
psp:omluva:174:2038:2026-02-11:09:00:23:59,2038,"""2026-02-11T00:00:00.000Z""",09:00,23:59,false
psp:omluva:174:2038:2026-02-12:00:00:09:00,2038,"""2026-02-12T00:00:00.000Z""",00:00,09:00,false
psp:omluva:174:2038:2026-02-12:09:00:23:59,2038,"""2026-02-12T00:00:00.000Z""",09:00,23:59,false
psp:omluva:174:2038:2026-02-13:00:00:09:00,2038,"""2026-02-13T00:00:00.000Z""",00:00,09:00,false
psp:omluva:174:2038:2026-02-13:09:00:23:59,2038,"""2026-02-13T00:00:00.000Z""",09:00,23:59,false
psp:omluva:174:2038:2026-02-14:00:00:09:00,2038,"""2026-02-14T00:00:00.000Z""",00:00,09:00,false
psp:omluva:174:2038:2026-04-23:12:00:23:59,2038,"""2026-04-23T00:00:00.000Z""",12:00,23:59,false
psp:omluva:174:2038:2026-04-24:00:00:09:00,2038,"""2026-04-24T00:00:00.000Z""",00:00,09:00,false
psp:omluva:174:2038:2026-05-05:16:30:23:59,2038,"""2026-05-05T00:00:00.000Z""",16:30,23:59,false
psp:omluva:174:2038:2026-05-06:00:00:09:00,2038,"""2026-05-06T00:00:00.000Z""",00:00,09:00,false
psp:omluva:174:2038:2026-05-14:09:00:23:59,2038,"""2026-05-14T00:00:00.000Z""",09:00,23:59,false
psp:omluva:174:2038:2026-05-15:00:00:09:00,2038,"""2026-05-15T00:00:00.000Z""",00:00,09:00,false
psp:omluva:174:2038:2026-05-26:21:00:23:59,2038,"""2026-05-26T00:00:00.000Z""",21:00,23:59,false
psp:omluva:174:2038:2026-05-27:00:00:09:00,2038,"""2026-05-27T00:00:00.000Z""",00:00,09:00,false
psp:omluva:174:2038:2026-05-27:09:00:13:00,2038,"""2026-05-27T00:00:00.000Z""",09:00,13:00,false
psp:omluva:174:2038:2026-06-03:09:00:23:59,2038,"""2026-06-03T00:00:00.000Z""",09:00,23:59,false
psp:omluva:174:2038:2026-06-04:00:00:09:00,2038,"""2026-06-04T00:00:00.000Z""",00:00,09:00,false
psp:omluva:174:2038:2026-07-02:09:00:23:59,2038,"""2026-07-02T00:00:00.000Z""",09:00,23:59,false
psp:omluva:174:2038:2026-07-03:00:00:09:00,2038,"""2026-07-03T00:00:00.000Z""",00:00,09:00,false
psp:omluva:174:2038:2026-07-03:09:00:23:59,2038,"""2026-07-03T00:00:00.000Z""",09:00,23:59,false
psp:omluva:174:2038:2026-07-04:00:00:09:00,2038,"""2026-07-04T00:00:00.000Z""",00:00,09:00,false
psp:omluva:174:2038:2026-07-07:09:00:23:59,2038,"""2026-07-07T00:00:00.000Z""",09:00,23:59,false
psp:omluva:174:2038:2026-07-08:00:00:09:00,2038,"""2026-07-08T00:00:00.000Z""",00:00,09:00,false
psp:omluva:174:2038:2026-07-08:09:00:23:59,2038,"""2026-07-08T00:00:00.000Z""",09:00,23:59,false
psp:omluva:174:2038:2026-07-09:00:00:09:00,2038,"""2026-07-09T00:00:00.000Z""",00:00,09:00,false
psp:omluva:174:2038:2026-07-09:09:00:23:59,2038,"""2026-07-09T00:00:00.000Z""",09:00,23:59,false
psp:omluva:174:2038:2026-07-10:00:00:09:00,2038,"""2026-07-10T00:00:00.000Z""",00:00,09:00,false
psp:omluva:174:2038:2026-07-14:09:00:11:00,2038,"""2026-07-14T00:00:00.000Z""",09:00,11:00,false
psp:omluva:174:2039:2026-01-14:09:00:09:15,2039,"""2026-01-14T00:00:00.000Z""",09:00,09:15,false
psp:omluva:174:2039:2026-01-28:09:00:09:30,2039,"""2026-01-28T00:00:00.000Z""",09:00,09:30,false
psp:omluva:174:2039:2026-01-29:15:00:18:00,2039,"""2026-01-29T00:00:00.000Z""",15:00,18:00,false
psp:omluva:174:2039:2026-03-03:20:30:21:00,2039,"""2026-03-03T00:00:00.000Z""",20:30,21:00,false
psp:omluva:174:2039:2026-03-03:20:30:23:59,2039,"""2026-03-03T00:00:00.000Z""",20:30,23:59,false
psp:omluva:174:2039:2026-03-04:00:00:09:00,2039,"""2026-03-04T00:00:00.000Z""",00:00,09:00,false
psp:omluva:174:2039:2026-03-12:16:00:23:59,2039,"""2026-03-12T00:00:00.000Z""",16:00,23:59,false
psp:omluva:174:2039:2026-03-13:00:00:09:00,2039,"""2026-03-13T00:00:00.000Z""",00:00,09:00,false
psp:omluva:174:2039:2026-03-13:11:45:23:59,2039,"""2026-03-13T00:00:00.000Z""",11:45,23:59,false
psp:omluva:174:2039:2026-03-14:00:00:09:00,2039,"""2026-03-14T00:00:00.000Z""",00:00,09:00,false
psp:omluva:174:2039:2026-04-21:20:15:23:59,2039,"""2026-04-21T00:00:00.000Z""",20:15,23:59,false
psp:omluva:174:2039:2026-04-22:00:00:09:00,2039,"""2026-04-22T00:00:00.000Z""",00:00,09:00,false
psp:omluva:174:2039:2026-05-05:16:30:23:59,2039,"""2026-05-05T00:00:00.000Z""",16:30,23:59,false
psp:omluva:174:2039:2026-05-06:00:00:09:00,2039,"""2026-05-06T00:00:00.000Z""",00:00,09:00,false
psp:omluva:174:2039:2026-05-06:09:00:11:00,2039,"""2026-05-06T00:00:00.000Z""",09:00,11:00,false
psp:omluva:174:2039:2026-05-06:14:45:15:45,2039,"""2026-05-06T00:00:00.000Z""",14:45,15:45,false
psp:omluva:174:2039:2026-05-13:12:30:23:59,2039,"""2026-05-13T00:00:00.000Z""",12:30,23:59,false
psp:omluva:174:2039:2026-05-14:00:00:09:00,2039,"""2026-05-14T00:00:00.000Z""",00:00,09:00,false
psp:omluva:174:2039:2026-05-28:09:00:11:00,2039,"""2026-05-28T00:00:00.000Z""",09:00,11:00,false
psp:omluva:174:2039:2026-06-11:09:00:23:59,2039,"""2026-06-11T00:00:00.000Z""",09:00,23:59,false
psp:omluva:174:2039:2026-06-12:00:00:09:00,2039,"""2026-06-12T00:00:00.000Z""",00:00,09:00,false
psp:omluva:174:2039:2026-07-02:09:00:23:59,2039,"""2026-07-02T00:00:00.000Z""",09:00,23:59,false
psp:omluva:174:2039:2026-07-03:00:00:09:00,2039,"""2026-07-03T00:00:00.000Z""",00:00,09:00,false
psp:omluva:174:2040:2026-01-27:09:00:23:59,2040,"""2026-01-27T00:00:00.000Z""",09:00,23:59,false
psp:omluva:174:2040:2026-01-28:00:00:09:00,2040,"""2026-01-28T00:00:00.000Z""",00:00,09:00,false
psp:omluva:174:2040:2026-01-28:09:00:23:59,2040,"""2026-01-28T00:00:00.000Z""",09:00,23:59,false
psp:omluva:174:2040:2026-01-29:00:00:09:00,2040,"""2026-01-29T00:00:00.000Z""",00:00,09:00,false
psp:omluva:174:2040:2026-01-29:09:00:23:59,2040,"""2026-01-29T00:00:00.000Z""",09:00,23:59,false
psp:omluva:174:2040:2026-01-30:00:00:09:00,2040,"""2026-01-30T00:00:00.000Z""",00:00,09:00,false
psp:omluva:174:2040:2026-01-30:09:00:23:59,2040,"""2026-01-30T00:00:00.000Z""",09:00,23:59,false
psp:omluva:174:2040:2026-01-31:00:00:09:00,2040,"""2026-01-31T00:00:00.000Z""",00:00,09:00,false
psp:omluva:174:2040:2026-02-12:11:00:14:00,2040,"""2026-02-12T00:00:00.000Z""",11:00,14:00,false
psp:omluva:174:2040:2026-03-10:17:00:18:30,2040,"""2026-03-10T00:00:00.000Z""",17:00,18:30,false
psp:omluva:174:2040:2026-04-21:14:00:20:00,2040,"""2026-04-21T00:00:00.000Z""",14:00,20:00,false
psp:omluva:174:2040:2026-04-23:13:00:15:00,2040,"""2026-04-23T00:00:00.000Z""",13:00,15:00,false
psp:omluva:174:2040:2026-04-24:09:00:23:59,2040,"""2026-04-24T00:00:00.000Z""",09:00,23:59,false
psp:omluva:174:2040:2026-04-25:00:00:09:00,2040,"""2026-04-25T00:00:00.000Z""",00:00,09:00,false
psp:omluva:174:2040:2026-05-06:09:00:23:59,2040,"""2026-05-06T00:00:00.000Z""",09:00,23:59,false
psp:omluva:174:2040:2026-05-07:00:00:09:00,2040,"""2026-05-07T00:00:00.000Z""",00:00,09:00,false
psp:omluva:174:2040:2026-05-14:13:30:23:59,2040,"""2026-05-14T00:00:00.000Z""",13:30,23:59,false
psp:omluva:174:2040:2026-05-15:00:00:09:00,2040,"""2026-05-15T00:00:00.000Z""",00:00,09:00,false
psp:omluva:174:2040:2026-05-29:12:01:23:59,2040,"""2026-05-29T00:00:00.000Z""",12:01,23:59,false
psp:omluva:174:2040:2026-05-30:00:00:09:00,2040,"""2026-05-30T00:00:00.000Z""",00:00,09:00,false
psp:omluva:174:2040:2026-06-03:17:00:19:00,2040,"""2026-06-03T00:00:00.000Z""",17:00,19:00,false
psp:omluva:174:2040:2026-06-25:09:00:23:59,2040,"""2026-06-25T00:00:00.000Z""",09:00,23:59,false
psp:omluva:174:2040:2026-06-26:00:00:09:00,2040,"""2026-06-26T00:00:00.000Z""",00:00,09:00,false
psp:omluva:174:2040:2026-06-30:09:00:19:00,2040,"""2026-06-30T00:00:00.000Z""",09:00,19:00,false
psp:omluva:174:2040:2026-07-03:09:00:23:59,2040,"""2026-07-03T00:00:00.000Z""",09:00,23:59,false
psp:omluva:174:2040:2026-07-04:00:00:09:00,2040,"""2026-07-04T00:00:00.000Z""",00:00,09:00,false
psp:omluva:174:2040:2026-07-07:12:15:14:00,2040,"""2026-07-07T00:00:00.000Z""",12:15,14:00,false
psp:omluva:174:2040:2026-07-08:14:00:23:59,2040,"""2026-07-08T00:00:00.000Z""",14:00,23:59,false
psp:omluva:174:2040:2026-07-09:00:00:09:00,2040,"""2026-07-09T00:00:00.000Z""",00:00,09:00,false
psp:omluva:174:2040:2026-07-14:12:50:23:59,2040,"""2026-07-14T00:00:00.000Z""",12:50,23:59,false
psp:omluva:174:2040:2026-07-15:00:00:09:00,2040,"""2026-07-15T00:00:00.000Z""",00:00,09:00,false
psp:omluva:174:2041:2026-01-16:09:00:12:00,2041,"""2026-01-16T00:00:00.000Z""",09:00,12:00,false
psp:omluva:174:2041:2026-03-04:20:30:23:59,2041,"""2026-03-04T00:00:00.000Z""",20:30,23:59,false
psp:omluva:174:2041:2026-03-05:00:00:09:00,2041,"""2026-03-05T00:00:00.000Z""",00:00,09:00,false
psp:omluva:174:2041:2026-03-11:20:30:23:59,2041,"""2026-03-11T00:00:00.000Z""",20:30,23:59,false
psp:omluva:174:2041:2026-03-12:00:00:09:00,2041,"""2026-03-12T00:00:00.000Z""",00:00,09:00,false
psp:omluva:174:2041:2026-04-21:09:00:23:59,2041,"""2026-04-21T00:00:00.000Z""",09:00,23:59,false
psp:omluva:174:2041:2026-04-22:00:00:09:00,2041,"""2026-04-22T00:00:00.000Z""",00:00,09:00,false
psp:omluva:174:2041:2026-04-22:09:00:23:59,2041,"""2026-04-22T00:00:00.000Z""",09:00,23:59,false
psp:omluva:174:2041:2026-04-23:00:00:09:00,2041,"""2026-04-23T00:00:00.000Z""",00:00,09:00,false
psp:omluva:174:2041:2026-04-23:09:00:23:59,2041,"""2026-04-23T00:00:00.000Z""",09:00,23:59,false
psp:omluva:174:2041:2026-04-24:00:00:09:00,2041,"""2026-04-24T00:00:00.000Z""",00:00,09:00,false
psp:omluva:174:2041:2026-05-13:09:00:09:30,2041,"""2026-05-13T00:00:00.000Z""",09:00,09:30,false
psp:omluva:174:2041:2026-05-14:09:00:23:59,2041,"""2026-05-14T00:00:00.000Z""",09:00,23:59,false
psp:omluva:174:2041:2026-05-15:00:00:09:00,2041,"""2026-05-15T00:00:00.000Z""",00:00,09:00,false
psp:omluva:174:2041:2026-05-15:09:00:23:59,2041,"""2026-05-15T00:00:00.000Z""",09:00,23:59,false
psp:omluva:174:2041:2026-05-16:00:00:09:00,2041,"""2026-05-16T00:00:00.000Z""",00:00,09:00,false
psp:omluva:174:2041:2026-05-26:09:00:23:59,2041,"""2026-05-26T00:00:00.000Z""",09:00,23:59,false
psp:omluva:174:2041:2026-05-27:00:00:09:00,2041,"""2026-05-27T00:00:00.000Z""",00:00,09:00,false
psp:omluva:174:2041:2026-05-27:09:00:23:59,2041,"""2026-05-27T00:00:00.000Z""",09:00,23:59,false
psp:omluva:174:2041:2026-05-28:00:00:09:00,2041,"""2026-05-28T00:00:00.000Z""",00:00,09:00,false
psp:omluva:174:2041:2026-05-28:09:00:23:59,2041,"""2026-05-28T00:00:00.000Z""",09:00,23:59,false
psp:omluva:174:2041:2026-05-29:00:00:09:00,2041,"""2026-05-29T00:00:00.000Z""",00:00,09:00,false
psp:omluva:174:2041:2026-05-29:09:00:23:59,2041,"""2026-05-29T00:00:00.000Z""",09:00,23:59,false
psp:omluva:174:2041:2026-05-30:00:00:09:00,2041,"""2026-05-30T00:00:00.000Z""",00:00,09:00,false
psp:omluva:174:2041:2026-06-03:09:00:11:00,2041,"""2026-06-03T00:00:00.000Z""",09:00,11:00,false
psp:omluva:174:2041:2026-06-03:19:30:23:59,2041,"""2026-06-03T00:00:00.000Z""",19:30,23:59,false
psp:omluva:174:2041:2026-06-04:00:00:09:00,2041,"""2026-06-04T00:00:00.000Z""",00:00,09:00,false
psp:omluva:174:2041:2026-06-04:09:00:10:00,2041,"""2026-06-04T00:00:00.000Z""",09:00,10:00,false
psp:omluva:174:2041:2026-06-26:09:00:10:45,2041,"""2026-06-26T00:00:00.000Z""",09:00,10:45,false
psp:omluva:174:2041:2026-07-10:09:00:10:45,2041,"""2026-07-10T00:00:00.000Z""",09:00,10:45,false
psp:omluva:174:2041:2026-07-14:12:00:23:59,2041,"""2026-07-14T00:00:00.000Z""",12:00,23:59,false
psp:omluva:174:2041:2026-07-15:00:00:09:00,2041,"""2026-07-15T00:00:00.000Z""",00:00,09:00,false
psp:omluva:174:2042:2026-05-07:09:00:23:59,2042,"""2026-05-07T00:00:00.000Z""",09:00,23:59,false
psp:omluva:174:2042:2026-05-08:00:00:09:00,2042,"""2026-05-08T00:00:00.000Z""",00:00,09:00,false
psp:omluva:174:2042:2026-05-28:13:00:23:59,2042,"""2026-05-28T00:00:00.000Z""",13:00,23:59,false
psp:omluva:174:2042:2026-05-29:00:00:09:00,2042,"""2026-05-29T00:00:00.000Z""",00:00,09:00,false
psp:omluva:174:2042:2026-06-03:09:00:23:59,2042,"""2026-06-03T00:00:00.000Z""",09:00,23:59,false
psp:omluva:174:2042:2026-06-04:00:00:09:00,2042,"""2026-06-04T00:00:00.000Z""",00:00,09:00,false
psp:omluva:174:2042:2026-07-02:15:00:23:59,2042,"""2026-07-02T00:00:00.000Z""",15:00,23:59,false
psp:omluva:174:2042:2026-07-03:00:00:09:00,2042,"""2026-07-03T00:00:00.000Z""",00:00,09:00,false
psp:omluva:174:2042:2026-07-08:16:00:23:59,2042,"""2026-07-08T00:00:00.000Z""",16:00,23:59,false
psp:omluva:174:2042:2026-07-09:00:00:09:00,2042,"""2026-07-09T00:00:00.000Z""",00:00,09:00,false
psp:omluva:174:2043:2026-01-27:09:00:23:59,2043,"""2026-01-27T00:00:00.000Z""",09:00,23:59,false
psp:omluva:174:2043:2026-01-28:00:00:09:00,2043,"""2026-01-28T00:00:00.000Z""",00:00,09:00,false
psp:omluva:174:2043:2026-01-28:09:00:23:59,2043,"""2026-01-28T00:00:00.000Z""",09:00,23:59,false
psp:omluva:174:2043:2026-01-29:00:00:09:00,2043,"""2026-01-29T00:00:00.000Z""",00:00,09:00,false
psp:omluva:174:2043:2026-04-21:09:00:23:59,2043,"""2026-04-21T00:00:00.000Z""",09:00,23:59,false
psp:omluva:174:2043:2026-04-22:00:00:09:00,2043,"""2026-04-22T00:00:00.000Z""",00:00,09:00,false
psp:omluva:174:2043:2026-04-22:09:00:23:59,2043,"""2026-04-22T00:00:00.000Z""",09:00,23:59,false
psp:omluva:174:2043:2026-04-23:00:00:09:00,2043,"""2026-04-23T00:00:00.000Z""",00:00,09:00,false
psp:omluva:174:2043:2026-04-23:09:00:23:59,2043,"""2026-04-23T00:00:00.000Z""",09:00,23:59,false
psp:omluva:174:2043:2026-04-24:00:00:09:00,2043,"""2026-04-24T00:00:00.000Z""",00:00,09:00,false
psp:omluva:174:2043:2026-04-24:09:00:23:59,2043,"""2026-04-24T00:00:00.000Z""",09:00,23:59,false
psp:omluva:174:2043:2026-04-25:00:00:09:00,2043,"""2026-04-25T00:00:00.000Z""",00:00,09:00,false
psp:omluva:174:2043:2026-05-13:16:45:20:30,2043,"""2026-05-13T00:00:00.000Z""",16:45,20:30,false
psp:omluva:174:2043:2026-05-28:09:00:23:59,2043,"""2026-05-28T00:00:00.000Z""",09:00,23:59,false
psp:omluva:174:2043:2026-05-29:00:00:09:00,2043,"""2026-05-29T00:00:00.000Z""",00:00,09:00,false
psp:omluva:174:2043:2026-06-02:09:00:23:59,2043,"""2026-06-02T00:00:00.000Z""",09:00,23:59,false
psp:omluva:174:2043:2026-06-03:00:00:09:00,2043,"""2026-06-03T00:00:00.000Z""",00:00,09:00,false
psp:omluva:174:2044:2026-01-29:12:30:23:59,2044,"""2026-01-29T00:00:00.000Z""",12:30,23:59,false
psp:omluva:174:2044:2026-01-30:00:00:09:00,2044,"""2026-01-30T00:00:00.000Z""",00:00,09:00,false
psp:omluva:174:2044:2026-01-30:09:00:23:59,2044,"""2026-01-30T00:00:00.000Z""",09:00,23:59,false
psp:omluva:174:2044:2026-01-31:00:00:09:00,2044,"""2026-01-31T00:00:00.000Z""",00:00,09:00,false
psp:omluva:174:2044:2026-02-12:09:00:23:59,2044,"""2026-02-12T00:00:00.000Z""",09:00,23:59,false
psp:omluva:174:2044:2026-02-13:00:00:09:00,2044,"""2026-02-13T00:00:00.000Z""",00:00,09:00,false
psp:omluva:174:2044:2026-03-04:21:00:23:59,2044,"""2026-03-04T00:00:00.000Z""",21:00,23:59,false
psp:omluva:174:2044:2026-03-05:00:00:09:00,2044,"""2026-03-05T00:00:00.000Z""",00:00,09:00,false
psp:omluva:174:2044:2026-03-10:09:00:23:59,2044,"""2026-03-10T00:00:00.000Z""",09:00,23:59,false
psp:omluva:174:2044:2026-03-11:00:00:09:00,2044,"""2026-03-11T00:00:00.000Z""",00:00,09:00,false
psp:omluva:174:2044:2026-03-11:09:00:23:59,2044,"""2026-03-11T00:00:00.000Z""",09:00,23:59,false
psp:omluva:174:2044:2026-03-12:00:00:09:00,2044,"""2026-03-12T00:00:00.000Z""",00:00,09:00,false
psp:omluva:174:2044:2026-03-12:09:00:23:59,2044,"""2026-03-12T00:00:00.000Z""",09:00,23:59,false
psp:omluva:174:2044:2026-03-13:00:00:09:00,2044,"""2026-03-13T00:00:00.000Z""",00:00,09:00,false
psp:omluva:174:2044:2026-03-13:09:00:23:59,2044,"""2026-03-13T00:00:00.000Z""",09:00,23:59,false
psp:omluva:174:2044:2026-03-14:00:00:09:00,2044,"""2026-03-14T00:00:00.000Z""",00:00,09:00,false
psp:omluva:174:2044:2026-03-24:19:18:23:59,2044,"""2026-03-24T00:00:00.000Z""",19:18,23:59,false
psp:omluva:174:2044:2026-03-25:00:00:09:00,2044,"""2026-03-25T00:00:00.000Z""",00:00,09:00,false
psp:omluva:174:2044:2026-03-25:09:00:23:59,2044,"""2026-03-25T00:00:00.000Z""",09:00,23:59,false
psp:omluva:174:2044:2026-03-26:00:00:09:00,2044,"""2026-03-26T00:00:00.000Z""",00:00,09:00,false
psp:omluva:174:2044:2026-03-26:09:00:23:59,2044,"""2026-03-26T00:00:00.000Z""",09:00,23:59,false
psp:omluva:174:2044:2026-03-27:00:00:09:00,2044,"""2026-03-27T00:00:00.000Z""",00:00,09:00,false
psp:omluva:174:2044:2026-03-27:09:00:23:59,2044,"""2026-03-27T00:00:00.000Z""",09:00,23:59,false
psp:omluva:174:2044:2026-03-28:00:00:09:00,2044,"""2026-03-28T00:00:00.000Z""",00:00,09:00,false
psp:omluva:174:2044:2026-04-14:09:00:23:59,2044,"""2026-04-14T00:00:00.000Z""",09:00,23:59,false
psp:omluva:174:2044:2026-04-15:00:00:09:00,2044,"""2026-04-15T00:00:00.000Z""",00:00,09:00,false
psp:omluva:174:2044:2026-04-21:14:10:15:30,2044,"""2026-04-21T00:00:00.000Z""",14:10,15:30,false
psp:omluva:174:2044:2026-05-06:09:00:23:59,2044,"""2026-05-06T00:00:00.000Z""",09:00,23:59,false
psp:omluva:174:2044:2026-05-07:00:00:09:00,2044,"""2026-05-07T00:00:00.000Z""",00:00,09:00,false
psp:omluva:174:2044:2026-05-07:09:00:23:59,2044,"""2026-05-07T00:00:00.000Z""",09:00,23:59,false
psp:omluva:174:2044:2026-05-08:00:00:09:00,2044,"""2026-05-08T00:00:00.000Z""",00:00,09:00,false
psp:omluva:174:2044:2026-05-13:09:00:23:59,2044,"""2026-05-13T00:00:00.000Z""",09:00,23:59,false
psp:omluva:174:2044:2026-05-14:00:00:09:00,2044,"""2026-05-14T00:00:00.000Z""",00:00,09:00,false
psp:omluva:174:2044:2026-05-14:09:00:23:59,2044,"""2026-05-14T00:00:00.000Z""",09:00,23:59,false
psp:omluva:174:2044:2026-05-15:00:00:09:00,2044,"""2026-05-15T00:00:00.000Z""",00:00,09:00,false
psp:omluva:174:2044:2026-05-28:09:00:23:59,2044,"""2026-05-28T00:00:00.000Z""",09:00,23:59,false
psp:omluva:174:2044:2026-05-29:00:00:09:00,2044,"""2026-05-29T00:00:00.000Z""",00:00,09:00,false
psp:omluva:174:2044:2026-05-29:09:00:23:59,2044,"""2026-05-29T00:00:00.000Z""",09:00,23:59,false
psp:omluva:174:2044:2026-05-30:00:00:09:00,2044,"""2026-05-30T00:00:00.000Z""",00:00,09:00,false
psp:omluva:174:2044:2026-06-24:15:00:16:45,2044,"""2026-06-24T00:00:00.000Z""",15:00,16:45,false
psp:omluva:174:2044:2026-06-25:09:00:23:59,2044,"""2026-06-25T00:00:00.000Z""",09:00,23:59,false
psp:omluva:174:2044:2026-06-26:00:00:09:00,2044,"""2026-06-26T00:00:00.000Z""",00:00,09:00,false
psp:omluva:174:2045:2026-01-14:10:00:10:20,2045,"""2026-01-14T00:00:00.000Z""",10:00,10:20,false
psp:omluva:174:2045:2026-01-27:09:00:23:59,2045,"""2026-01-27T00:00:00.000Z""",09:00,23:59,false
psp:omluva:174:2045:2026-01-28:00:00:09:00,2045,"""2026-01-28T00:00:00.000Z""",00:00,09:00,false
psp:omluva:174:2045:2026-01-30:09:00:11:30,2045,"""2026-01-30T00:00:00.000Z""",09:00,11:30,false
psp:omluva:174:2045:2026-02-03:12:30:13:00,2045,"""2026-02-03T00:00:00.000Z""",12:30,13:00,false
psp:omluva:174:2045:2026-02-04:09:00:23:59,2045,"""2026-02-04T00:00:00.000Z""",09:00,23:59,false
psp:omluva:174:2045:2026-02-05:00:00:09:00,2045,"""2026-02-05T00:00:00.000Z""",00:00,09:00,false
psp:omluva:174:2045:2026-02-12:16:30:23:59,2045,"""2026-02-12T00:00:00.000Z""",16:30,23:59,false
psp:omluva:174:2045:2026-02-13:00:00:09:00,2045,"""2026-02-13T00:00:00.000Z""",00:00,09:00,false
psp:omluva:174:2045:2026-03-10:09:00:23:59,2045,"""2026-03-10T00:00:00.000Z""",09:00,23:59,false
psp:omluva:174:2045:2026-03-11:00:00:09:00,2045,"""2026-03-11T00:00:00.000Z""",00:00,09:00,false
psp:omluva:174:2045:2026-03-11:09:00:23:59,2045,"""2026-03-11T00:00:00.000Z""",09:00,23:59,false
psp:omluva:174:2045:2026-03-12:00:00:09:00,2045,"""2026-03-12T00:00:00.000Z""",00:00,09:00,false
psp:omluva:174:2045:2026-03-12:09:00:23:59,2045,"""2026-03-12T00:00:00.000Z""",09:00,23:59,false
psp:omluva:174:2045:2026-03-13:00:00:09:00,2045,"""2026-03-13T00:00:00.000Z""",00:00,09:00,false
psp:omluva:174:2045:2026-03-13:09:00:23:59,2045,"""2026-03-13T00:00:00.000Z""",09:00,23:59,false
psp:omluva:174:2045:2026-03-14:00:00:09:00,2045,"""2026-03-14T00:00:00.000Z""",00:00,09:00,false
psp:omluva:174:2045:2026-03-25:10:45:23:59,2045,"""2026-03-25T00:00:00.000Z""",10:45,23:59,false
psp:omluva:174:2045:2026-03-26:00:00:09:00,2045,"""2026-03-26T00:00:00.000Z""",00:00,09:00,false
psp:omluva:174:2045:2026-04-16:13:00:13:30,2045,"""2026-04-16T00:00:00.000Z""",13:00,13:30,false
psp:omluva:174:2045:2026-04-17:09:00:09:45,2045,"""2026-04-17T00:00:00.000Z""",09:00,09:45,false
psp:omluva:174:2045:2026-04-21:09:00:14:30,2045,"""2026-04-21T00:00:00.000Z""",09:00,14:30,false
psp:omluva:174:2045:2026-04-22:09:15:09:45,2045,"""2026-04-22T00:00:00.000Z""",09:15,09:45,false
psp:omluva:174:2045:2026-04-23:09:00:12:00,2045,"""2026-04-23T00:00:00.000Z""",09:00,12:00,false
psp:omluva:174:2045:2026-04-23:14:30:23:59,2045,"""2026-04-23T00:00:00.000Z""",14:30,23:59,false
psp:omluva:174:2045:2026-04-24:00:00:09:00,2045,"""2026-04-24T00:00:00.000Z""",00:00,09:00,false
psp:omluva:174:2045:2026-05-05:09:00:23:59,2045,"""2026-05-05T00:00:00.000Z""",09:00,23:59,false
psp:omluva:174:2045:2026-05-06:00:00:09:00,2045,"""2026-05-06T00:00:00.000Z""",00:00,09:00,false
psp:omluva:174:2045:2026-05-06:09:00:23:59,2045,"""2026-05-06T00:00:00.000Z""",09:00,23:59,false
psp:omluva:174:2045:2026-05-07:00:00:09:00,2045,"""2026-05-07T00:00:00.000Z""",00:00,09:00,false
psp:omluva:174:2045:2026-05-07:09:00:23:59,2045,"""2026-05-07T00:00:00.000Z""",09:00,23:59,false
psp:omluva:174:2045:2026-05-08:00:00:09:00,2045,"""2026-05-08T00:00:00.000Z""",00:00,09:00,false
psp:omluva:174:2045:2026-05-13:11:00:13:00,2045,"""2026-05-13T00:00:00.000Z""",11:00,13:00,false
psp:omluva:174:2045:2026-05-14:09:00:23:59,2045,"""2026-05-14T00:00:00.000Z""",09:00,23:59,false
psp:omluva:174:2045:2026-05-15:00:00:09:00,2045,"""2026-05-15T00:00:00.000Z""",00:00,09:00,false
psp:omluva:174:2045:2026-05-28:09:00:23:59,2045,"""2026-05-28T00:00:00.000Z""",09:00,23:59,false
psp:omluva:174:2045:2026-05-29:00:00:09:00,2045,"""2026-05-29T00:00:00.000Z""",00:00,09:00,false
psp:omluva:174:2045:2026-05-29:09:00:23:59,2045,"""2026-05-29T00:00:00.000Z""",09:00,23:59,false
psp:omluva:174:2045:2026-05-30:00:00:09:00,2045,"""2026-05-30T00:00:00.000Z""",00:00,09:00,false
psp:omluva:174:2045:2026-06-04:10:00:23:59,2045,"""2026-06-04T00:00:00.000Z""",10:00,23:59,false
psp:omluva:174:2045:2026-06-05:00:00:09:00,2045,"""2026-06-05T00:00:00.000Z""",00:00,09:00,false
psp:omluva:174:2045:2026-06-11:09:00:23:59,2045,"""2026-06-11T00:00:00.000Z""",09:00,23:59,false
psp:omluva:174:2045:2026-06-12:00:00:09:00,2045,"""2026-06-12T00:00:00.000Z""",00:00,09:00,false
psp:omluva:174:2045:2026-06-23:09:00:15:00,2045,"""2026-06-23T00:00:00.000Z""",09:00,15:00,false
psp:omluva:174:2045:2026-06-25:16:00:23:59,2045,"""2026-06-25T00:00:00.000Z""",16:00,23:59,false
psp:omluva:174:2045:2026-06-26:00:00:09:00,2045,"""2026-06-26T00:00:00.000Z""",00:00,09:00,false
psp:omluva:174:2045:2026-06-26:09:00:23:59,2045,"""2026-06-26T00:00:00.000Z""",09:00,23:59,false
psp:omluva:174:2045:2026-06-27:00:00:09:00,2045,"""2026-06-27T00:00:00.000Z""",00:00,09:00,false
psp:omluva:174:2045:2026-06-30:09:00:15:30,2045,"""2026-06-30T00:00:00.000Z""",09:00,15:30,false
psp:omluva:174:2045:2026-07-02:17:30:23:59,2045,"""2026-07-02T00:00:00.000Z""",17:30,23:59,false
psp:omluva:174:2045:2026-07-03:00:00:09:00,2045,"""2026-07-03T00:00:00.000Z""",00:00,09:00,false
psp:omluva:174:2045:2026-07-03:09:00:11:00,2045,"""2026-07-03T00:00:00.000Z""",09:00,11:00,false
psp:omluva:174:2045:2026-07-14:17:30:23:59,2045,"""2026-07-14T00:00:00.000Z""",17:30,23:59,false
psp:omluva:174:2045:2026-07-15:00:00:09:00,2045,"""2026-07-15T00:00:00.000Z""",00:00,09:00,false
psp:omluva:174:2046:2026-01-14:19:00:20:00,2046,"""2026-01-14T00:00:00.000Z""",19:00,20:00,false
psp:omluva:174:2046:2026-01-14:20:00:20:30,2046,"""2026-01-14T00:00:00.000Z""",20:00,20:30,false
psp:omluva:174:2046:2026-01-15:12:30:14:00,2046,"""2026-01-15T00:00:00.000Z""",12:30,14:00,false
psp:omluva:174:2046:2026-01-16:09:00:09:10,2046,"""2026-01-16T00:00:00.000Z""",09:00,09:10,false
psp:omluva:174:2046:2026-02-12:16:00:23:59,2046,"""2026-02-12T00:00:00.000Z""",16:00,23:59,false
psp:omluva:174:2046:2026-02-13:00:00:09:00,2046,"""2026-02-13T00:00:00.000Z""",00:00,09:00,false
psp:omluva:174:2046:2026-03-04:09:00:09:30,2046,"""2026-03-04T00:00:00.000Z""",09:00,09:30,false
psp:omluva:174:2046:2026-03-04:09:30:10:15,2046,"""2026-03-04T00:00:00.000Z""",09:30,10:15,false
psp:omluva:174:2046:2026-03-06:09:00:10:00,2046,"""2026-03-06T00:00:00.000Z""",09:00,10:00,false
psp:omluva:174:2046:2026-03-12:12:30:13:00,2046,"""2026-03-12T00:00:00.000Z""",12:30,13:00,false
psp:omluva:174:2046:2026-04-17:09:00:10:30,2046,"""2026-04-17T00:00:00.000Z""",09:00,10:30,false
psp:omluva:174:2046:2026-04-24:09:30:11:00,2046,"""2026-04-24T00:00:00.000Z""",09:30,11:00,false
psp:omluva:174:2046:2026-04-24:11:00:12:00,2046,"""2026-04-24T00:00:00.000Z""",11:00,12:00,false
psp:omluva:174:2046:2026-05-27:09:50:10:30,2046,"""2026-05-27T00:00:00.000Z""",09:50,10:30,false
psp:omluva:174:2046:2026-05-27:12:00:13:30,2046,"""2026-05-27T00:00:00.000Z""",12:00,13:30,false
psp:omluva:174:2046:2026-05-27:20:55:23:59,2046,"""2026-05-27T00:00:00.000Z""",20:55,23:59,false
psp:omluva:174:2046:2026-05-28:00:00:09:00,2046,"""2026-05-28T00:00:00.000Z""",00:00,09:00,false
psp:omluva:174:2046:2026-05-29:09:00:09:30,2046,"""2026-05-29T00:00:00.000Z""",09:00,09:30,false
psp:omluva:174:2046:2026-06-23:09:00:15:00,2046,"""2026-06-23T00:00:00.000Z""",09:00,15:00,false
psp:omluva:174:2046:2026-06-26:09:00:09:40,2046,"""2026-06-26T00:00:00.000Z""",09:00,09:40,false
psp:omluva:174:2046:2026-06-26:09:40:23:59,2046,"""2026-06-26T00:00:00.000Z""",09:40,23:59,false
psp:omluva:174:2046:2026-06-27:00:00:09:00,2046,"""2026-06-27T00:00:00.000Z""",00:00,09:00,false
psp:omluva:174:2046:2026-07-01:09:00:10:00,2046,"""2026-07-01T00:00:00.000Z""",09:00,10:00,false
psp:omluva:174:2046:2026-07-02:12:00:13:00,2046,"""2026-07-02T00:00:00.000Z""",12:00,13:00,false
psp:omluva:174:2046:2026-07-02:13:00:14:30,2046,"""2026-07-02T00:00:00.000Z""",13:00,14:30,false
psp:omluva:174:2046:2026-07-08:13:30:15:00,2046,"""2026-07-08T00:00:00.000Z""",13:30,15:00,false
psp:omluva:174:2047:2025-11-27:18:00:23:59,2047,"""2025-11-27T00:00:00.000Z""",18:00,23:59,false
psp:omluva:174:2047:2025-11-28:00:00:09:00,2047,"""2025-11-28T00:00:00.000Z""",00:00,09:00,false
psp:omluva:174:2047:2026-01-29:09:00:11:30,2047,"""2026-01-29T00:00:00.000Z""",09:00,11:30,false
psp:omluva:174:2047:2026-02-10:15:00:16:00,2047,"""2026-02-10T00:00:00.000Z""",15:00,16:00,false
psp:omluva:174:2047:2026-02-12:09:00:16:00,2047,"""2026-02-12T00:00:00.000Z""",09:00,16:00,false
psp:omluva:174:2047:2026-03-12:09:00:23:59,2047,"""2026-03-12T00:00:00.000Z""",09:00,23:59,false
psp:omluva:174:2047:2026-03-13:00:00:09:00,2047,"""2026-03-13T00:00:00.000Z""",00:00,09:00,false
psp:omluva:174:2047:2026-03-13:09:00:23:59,2047,"""2026-03-13T00:00:00.000Z""",09:00,23:59,false
psp:omluva:174:2047:2026-03-14:00:00:09:00,2047,"""2026-03-14T00:00:00.000Z""",00:00,09:00,false
psp:omluva:174:2047:2026-04-24:10:30:13:30,2047,"""2026-04-24T00:00:00.000Z""",10:30,13:30,false
psp:omluva:174:2047:2026-05-06:09:00:13:30,2047,"""2026-05-06T00:00:00.000Z""",09:00,13:30,false
psp:omluva:174:2047:2026-05-14:09:00:23:59,2047,"""2026-05-14T00:00:00.000Z""",09:00,23:59,false
psp:omluva:174:2047:2026-05-15:00:00:09:00,2047,"""2026-05-15T00:00:00.000Z""",00:00,09:00,false
psp:omluva:174:2047:2026-06-03:16:45:20:00,2047,"""2026-06-03T00:00:00.000Z""",16:45,20:00,false
psp:omluva:174:2047:2026-06-24:12:00:23:59,2047,"""2026-06-24T00:00:00.000Z""",12:00,23:59,false
psp:omluva:174:2047:2026-06-25:00:00:09:00,2047,"""2026-06-25T00:00:00.000Z""",00:00,09:00,false
psp:omluva:174:2047:2026-06-25:09:00:12:00,2047,"""2026-06-25T00:00:00.000Z""",09:00,12:00,false
psp:omluva:174:2047:2026-06-30:22:00:23:59,2047,"""2026-06-30T00:00:00.000Z""",22:00,23:59,false
psp:omluva:174:2047:2026-07-01:00:00:09:00,2047,"""2026-07-01T00:00:00.000Z""",00:00,09:00,false
psp:omluva:174:2047:2026-07-01:18:00:23:59,2047,"""2026-07-01T00:00:00.000Z""",18:00,23:59,false
psp:omluva:174:2047:2026-07-02:00:00:09:00,2047,"""2026-07-02T00:00:00.000Z""",00:00,09:00,false
psp:omluva:174:2047:2026-07-02:09:00:23:59,2047,"""2026-07-02T00:00:00.000Z""",09:00,23:59,false
psp:omluva:174:2047:2026-07-03:00:00:09:00,2047,"""2026-07-03T00:00:00.000Z""",00:00,09:00,false
psp:omluva:174:2047:2026-07-03:09:00:23:59,2047,"""2026-07-03T00:00:00.000Z""",09:00,23:59,false
psp:omluva:174:2047:2026-07-04:00:00:09:00,2047,"""2026-07-04T00:00:00.000Z""",00:00,09:00,false
psp:omluva:174:2047:2026-07-08:15:30:23:59,2047,"""2026-07-08T00:00:00.000Z""",15:30,23:59,false
psp:omluva:174:2047:2026-07-09:00:00:09:00,2047,"""2026-07-09T00:00:00.000Z""",00:00,09:00,false
psp:omluva:174:2048:2026-01-14:09:00:23:59,2048,"""2026-01-14T00:00:00.000Z""",09:00,23:59,false
psp:omluva:174:2048:2026-01-15:00:00:09:00,2048,"""2026-01-15T00:00:00.000Z""",00:00,09:00,false
psp:omluva:174:2048:2026-01-28:18:00:23:59,2048,"""2026-01-28T00:00:00.000Z""",18:00,23:59,false
psp:omluva:174:2048:2026-01-29:00:00:09:00,2048,"""2026-01-29T00:00:00.000Z""",00:00,09:00,false
psp:omluva:174:2048:2026-02-04:09:00:12:00,2048,"""2026-02-04T00:00:00.000Z""",09:00,12:00,false
psp:omluva:174:2048:2026-02-10:17:00:22:30,2048,"""2026-02-10T00:00:00.000Z""",17:00,22:30,false
psp:omluva:174:2048:2026-02-12:09:00:23:59,2048,"""2026-02-12T00:00:00.000Z""",09:00,23:59,false
psp:omluva:174:2048:2026-02-13:00:00:09:00,2048,"""2026-02-13T00:00:00.000Z""",00:00,09:00,false
psp:omluva:174:2048:2026-02-13:09:00:23:59,2048,"""2026-02-13T00:00:00.000Z""",09:00,23:59,false
psp:omluva:174:2048:2026-02-14:00:00:09:00,2048,"""2026-02-14T00:00:00.000Z""",00:00,09:00,false
psp:omluva:174:2048:2026-03-03:14:00:18:00,2048,"""2026-03-03T00:00:00.000Z""",14:00,18:00,false
psp:omluva:174:2048:2026-03-04:20:30:23:59,2048,"""2026-03-04T00:00:00.000Z""",20:30,23:59,false
psp:omluva:174:2048:2026-03-05:00:00:09:00,2048,"""2026-03-05T00:00:00.000Z""",00:00,09:00,false
psp:omluva:174:2048:2026-03-12:12:30:23:59,2048,"""2026-03-12T00:00:00.000Z""",12:30,23:59,false
psp:omluva:174:2048:2026-03-13:00:00:09:00,2048,"""2026-03-13T00:00:00.000Z""",00:00,09:00,false
psp:omluva:174:2048:2026-03-13:09:00:23:59,2048,"""2026-03-13T00:00:00.000Z""",09:00,23:59,false
psp:omluva:174:2048:2026-03-14:00:00:09:00,2048,"""2026-03-14T00:00:00.000Z""",00:00,09:00,false
psp:omluva:174:2048:2026-03-25:15:00:23:59,2048,"""2026-03-25T00:00:00.000Z""",15:00,23:59,false
psp:omluva:174:2048:2026-03-26:00:00:09:00,2048,"""2026-03-26T00:00:00.000Z""",00:00,09:00,false
psp:omluva:174:2048:2026-04-14:09:00:15:00,2048,"""2026-04-14T00:00:00.000Z""",09:00,15:00,false
psp:omluva:174:2048:2026-04-16:09:00:15:00,2048,"""2026-04-16T00:00:00.000Z""",09:00,15:00,false
psp:omluva:174:2048:2026-04-22:17:00:18:00,2048,"""2026-04-22T00:00:00.000Z""",17:00,18:00,false
psp:omluva:174:2048:2026-04-23:09:00:23:59,2048,"""2026-04-23T00:00:00.000Z""",09:00,23:59,false
psp:omluva:174:2048:2026-04-24:00:00:09:00,2048,"""2026-04-24T00:00:00.000Z""",00:00,09:00,false
psp:omluva:174:2048:2026-05-13:20:00:23:59,2048,"""2026-05-13T00:00:00.000Z""",20:00,23:59,false
psp:omluva:174:2048:2026-05-14:00:00:09:00,2048,"""2026-05-14T00:00:00.000Z""",00:00,09:00,false
psp:omluva:174:2048:2026-05-14:09:00:23:59,2048,"""2026-05-14T00:00:00.000Z""",09:00,23:59,false
psp:omluva:174:2048:2026-05-15:00:00:09:00,2048,"""2026-05-15T00:00:00.000Z""",00:00,09:00,false
psp:omluva:174:2048:2026-05-28:09:00:23:59,2048,"""2026-05-28T00:00:00.000Z""",09:00,23:59,false
psp:omluva:174:2048:2026-05-29:00:00:09:00,2048,"""2026-05-29T00:00:00.000Z""",00:00,09:00,false
psp:omluva:174:2048:2026-05-29:09:00:23:59,2048,"""2026-05-29T00:00:00.000Z""",09:00,23:59,false
psp:omluva:174:2048:2026-05-30:00:00:09:00,2048,"""2026-05-30T00:00:00.000Z""",00:00,09:00,false
psp:omluva:174:2048:2026-06-03:09:00:23:59,2048,"""2026-06-03T00:00:00.000Z""",09:00,23:59,false
psp:omluva:174:2048:2026-06-04:00:00:09:00,2048,"""2026-06-04T00:00:00.000Z""",00:00,09:00,false
psp:omluva:174:2048:2026-06-04:09:00:23:59,2048,"""2026-06-04T00:00:00.000Z""",09:00,23:59,false
psp:omluva:174:2048:2026-06-05:00:00:09:00,2048,"""2026-06-05T00:00:00.000Z""",00:00,09:00,false
psp:omluva:174:2048:2026-06-24:15:00:23:59,2048,"""2026-06-24T00:00:00.000Z""",15:00,23:59,false
psp:omluva:174:2048:2026-06-25:00:00:09:00,2048,"""2026-06-25T00:00:00.000Z""",00:00,09:00,false
psp:omluva:174:2048:2026-06-25:09:00:23:59,2048,"""2026-06-25T00:00:00.000Z""",09:00,23:59,false
psp:omluva:174:2048:2026-06-26:00:00:09:00,2048,"""2026-06-26T00:00:00.000Z""",00:00,09:00,false
psp:omluva:174:2048:2026-07-14:09:00:23:59,2048,"""2026-07-14T00:00:00.000Z""",09:00,23:59,false
psp:omluva:174:2048:2026-07-15:00:00:09:00,2048,"""2026-07-15T00:00:00.000Z""",00:00,09:00,false
psp:omluva:174:2049:2026-01-28:17:20:23:59,2049,"""2026-01-28T00:00:00.000Z""",17:20,23:59,false
psp:omluva:174:2049:2026-01-29:00:00:09:00,2049,"""2026-01-29T00:00:00.000Z""",00:00,09:00,false
psp:omluva:174:2049:2026-01-29:13:50:16:00,2049,"""2026-01-29T00:00:00.000Z""",13:50,16:00,false
psp:omluva:174:2049:2026-03-03:09:00:23:59,2049,"""2026-03-03T00:00:00.000Z""",09:00,23:59,false
psp:omluva:174:2049:2026-03-04:00:00:09:00,2049,"""2026-03-04T00:00:00.000Z""",00:00,09:00,false
psp:omluva:174:2049:2026-03-04:09:00:23:59,2049,"""2026-03-04T00:00:00.000Z""",09:00,23:59,false
psp:omluva:174:2049:2026-03-05:00:00:09:00,2049,"""2026-03-05T00:00:00.000Z""",00:00,09:00,false
psp:omluva:174:2049:2026-03-05:09:00:23:59,2049,"""2026-03-05T00:00:00.000Z""",09:00,23:59,false
psp:omluva:174:2049:2026-03-06:00:00:09:00,2049,"""2026-03-06T00:00:00.000Z""",00:00,09:00,false
psp:omluva:174:2049:2026-03-06:09:00:23:59,2049,"""2026-03-06T00:00:00.000Z""",09:00,23:59,false
psp:omluva:174:2049:2026-03-07:00:00:09:00,2049,"""2026-03-07T00:00:00.000Z""",00:00,09:00,false
psp:omluva:174:2049:2026-03-10:18:30:23:59,2049,"""2026-03-10T00:00:00.000Z""",18:30,23:59,false
psp:omluva:174:2049:2026-03-11:00:00:09:00,2049,"""2026-03-11T00:00:00.000Z""",00:00,09:00,false
psp:omluva:174:2049:2026-03-25:17:10:23:59,2049,"""2026-03-25T00:00:00.000Z""",17:10,23:59,false
psp:omluva:174:2049:2026-03-26:00:00:09:00,2049,"""2026-03-26T00:00:00.000Z""",00:00,09:00,false
psp:omluva:174:2049:2026-05-05:20:45:22:45,2049,"""2026-05-05T00:00:00.000Z""",20:45,22:45,false
psp:omluva:174:2049:2026-05-06:21:15:23:15,2049,"""2026-05-06T00:00:00.000Z""",21:15,23:15,false
psp:omluva:174:2049:2026-05-13:18:30:23:59,2049,"""2026-05-13T00:00:00.000Z""",18:30,23:59,false
psp:omluva:174:2049:2026-05-14:00:00:09:00,2049,"""2026-05-14T00:00:00.000Z""",00:00,09:00,false
psp:omluva:174:2049:2026-05-14:09:00:23:59,2049,"""2026-05-14T00:00:00.000Z""",09:00,23:59,false
psp:omluva:174:2049:2026-05-15:00:00:09:00,2049,"""2026-05-15T00:00:00.000Z""",00:00,09:00,false
psp:omluva:174:2049:2026-05-26:20:40:23:59,2049,"""2026-05-26T00:00:00.000Z""",20:40,23:59,false
psp:omluva:174:2049:2026-05-27:00:00:09:00,2049,"""2026-05-27T00:00:00.000Z""",00:00,09:00,false
psp:omluva:174:2049:2026-05-27:17:00:23:59,2049,"""2026-05-27T00:00:00.000Z""",17:00,23:59,false
psp:omluva:174:2049:2026-05-28:00:00:09:00,2049,"""2026-05-28T00:00:00.000Z""",00:00,09:00,false
psp:omluva:174:2049:2026-06-11:16:00:23:59,2049,"""2026-06-11T00:00:00.000Z""",16:00,23:59,false
psp:omluva:174:2049:2026-06-12:00:00:09:00,2049,"""2026-06-12T00:00:00.000Z""",00:00,09:00,false
psp:omluva:174:2049:2026-06-24:17:00:23:59,2049,"""2026-06-24T00:00:00.000Z""",17:00,23:59,false
psp:omluva:174:2049:2026-06-25:00:00:09:00,2049,"""2026-06-25T00:00:00.000Z""",00:00,09:00,false
psp:omluva:174:2049:2026-06-26:09:00:23:59,2049,"""2026-06-26T00:00:00.000Z""",09:00,23:59,false
psp:omluva:174:2049:2026-06-27:00:00:09:00,2049,"""2026-06-27T00:00:00.000Z""",00:00,09:00,false
psp:omluva:174:2049:2026-07-07:14:30:18:00,2049,"""2026-07-07T00:00:00.000Z""",14:30,18:00,false
psp:omluva:174:2049:2026-07-08:12:00:23:59,2049,"""2026-07-08T00:00:00.000Z""",12:00,23:59,false
psp:omluva:174:2049:2026-07-09:00:00:09:00,2049,"""2026-07-09T00:00:00.000Z""",00:00,09:00,false
psp:omluva:174:2050:2025-11-11:09:00:23:59,2050,"""2025-11-11T00:00:00.000Z""",09:00,23:59,false
psp:omluva:174:2050:2025-11-12:00:00:09:00,2050,"""2025-11-12T00:00:00.000Z""",00:00,09:00,false
psp:omluva:174:2050:2025-11-26:19:00:23:59,2050,"""2025-11-26T00:00:00.000Z""",19:00,23:59,false
psp:omluva:174:2050:2025-11-27:00:00:09:00,2050,"""2025-11-27T00:00:00.000Z""",00:00,09:00,false
psp:omluva:174:2050:2026-01-29:09:00:11:00,2050,"""2026-01-29T00:00:00.000Z""",09:00,11:00,false
psp:omluva:174:2050:2026-02-03:09:00:16:30,2050,"""2026-02-03T00:00:00.000Z""",09:00,16:30,false
psp:omluva:174:2050:2026-03-04:18:00:23:59,2050,"""2026-03-04T00:00:00.000Z""",18:00,23:59,false
psp:omluva:174:2050:2026-03-05:00:00:09:00,2050,"""2026-03-05T00:00:00.000Z""",00:00,09:00,false
psp:omluva:174:2050:2026-03-10:18:45:23:59,2050,"""2026-03-10T00:00:00.000Z""",18:45,23:59,false
psp:omluva:174:2050:2026-03-11:00:00:09:00,2050,"""2026-03-11T00:00:00.000Z""",00:00,09:00,false
psp:omluva:174:2050:2026-03-13:09:00:23:59,2050,"""2026-03-13T00:00:00.000Z""",09:00,23:59,false
psp:omluva:174:2050:2026-03-14:00:00:09:00,2050,"""2026-03-14T00:00:00.000Z""",00:00,09:00,false
psp:omluva:174:2050:2026-03-24:18:30:23:59,2050,"""2026-03-24T00:00:00.000Z""",18:30,23:59,false
psp:omluva:174:2050:2026-03-25:00:00:09:00,2050,"""2026-03-25T00:00:00.000Z""",00:00,09:00,false
psp:omluva:174:2050:2026-03-26:09:00:23:59,2050,"""2026-03-26T00:00:00.000Z""",09:00,23:59,false
psp:omluva:174:2050:2026-03-27:00:00:09:00,2050,"""2026-03-27T00:00:00.000Z""",00:00,09:00,false
psp:omluva:174:2050:2026-04-15:11:00:14:30,2050,"""2026-04-15T00:00:00.000Z""",11:00,14:30,false
psp:omluva:174:2050:2026-04-21:17:30:23:59,2050,"""2026-04-21T00:00:00.000Z""",17:30,23:59,false
psp:omluva:174:2050:2026-04-21:18:00:23:59,2050,"""2026-04-21T00:00:00.000Z""",18:00,23:59,false
psp:omluva:174:2050:2026-04-22:00:00:09:00,2050,"""2026-04-22T00:00:00.000Z""",00:00,09:00,false
psp:omluva:174:2050:2026-04-24:13:00:23:59,2050,"""2026-04-24T00:00:00.000Z""",13:00,23:59,false
psp:omluva:174:2050:2026-04-25:00:00:09:00,2050,"""2026-04-25T00:00:00.000Z""",00:00,09:00,false
psp:omluva:174:2050:2026-05-06:15:00:17:00,2050,"""2026-05-06T00:00:00.000Z""",15:00,17:00,false
psp:omluva:174:2050:2026-05-13:09:00:23:59,2050,"""2026-05-13T00:00:00.000Z""",09:00,23:59,false
psp:omluva:174:2050:2026-05-14:00:00:09:00,2050,"""2026-05-14T00:00:00.000Z""",00:00,09:00,false
psp:omluva:174:2050:2026-05-14:09:00:23:59,2050,"""2026-05-14T00:00:00.000Z""",09:00,23:59,false
psp:omluva:174:2050:2026-05-15:00:00:09:00,2050,"""2026-05-15T00:00:00.000Z""",00:00,09:00,false
psp:omluva:174:2050:2026-05-26:20:00:23:59,2050,"""2026-05-26T00:00:00.000Z""",20:00,23:59,false
psp:omluva:174:2050:2026-05-27:00:00:09:00,2050,"""2026-05-27T00:00:00.000Z""",00:00,09:00,false
psp:omluva:174:2050:2026-05-27:18:00:23:59,2050,"""2026-05-27T00:00:00.000Z""",18:00,23:59,false
psp:omluva:174:2050:2026-05-28:00:00:09:00,2050,"""2026-05-28T00:00:00.000Z""",00:00,09:00,false
psp:omluva:174:2050:2026-05-28:15:00:23:59,2050,"""2026-05-28T00:00:00.000Z""",15:00,23:59,false
psp:omluva:174:2050:2026-05-29:00:00:09:00,2050,"""2026-05-29T00:00:00.000Z""",00:00,09:00,false
psp:omluva:174:2050:2026-05-29:09:00:23:59,2050,"""2026-05-29T00:00:00.000Z""",09:00,23:59,false
psp:omluva:174:2050:2026-05-30:00:00:09:00,2050,"""2026-05-30T00:00:00.000Z""",00:00,09:00,false
psp:omluva:174:2050:2026-06-02:09:00:23:59,2050,"""2026-06-02T00:00:00.000Z""",09:00,23:59,false
psp:omluva:174:2050:2026-06-03:00:00:09:00,2050,"""2026-06-03T00:00:00.000Z""",00:00,09:00,false
psp:omluva:174:2050:2026-06-03:17:00:23:59,2050,"""2026-06-03T00:00:00.000Z""",17:00,23:59,false
psp:omluva:174:2050:2026-06-04:00:00:09:00,2050,"""2026-06-04T00:00:00.000Z""",00:00,09:00,false
psp:omluva:174:2050:2026-06-04:17:00:23:59,2050,"""2026-06-04T00:00:00.000Z""",17:00,23:59,false
psp:omluva:174:2050:2026-06-05:00:00:09:00,2050,"""2026-06-05T00:00:00.000Z""",00:00,09:00,false
psp:omluva:174:2050:2026-06-24:18:00:23:59,2050,"""2026-06-24T00:00:00.000Z""",18:00,23:59,false
psp:omluva:174:2050:2026-06-25:00:00:09:00,2050,"""2026-06-25T00:00:00.000Z""",00:00,09:00,false
psp:omluva:174:2050:2026-06-30:19:00:23:59,2050,"""2026-06-30T00:00:00.000Z""",19:00,23:59,false
psp:omluva:174:2050:2026-07-01:00:00:09:00,2050,"""2026-07-01T00:00:00.000Z""",00:00,09:00,false
psp:omluva:174:2050:2026-07-07:19:30:23:59,2050,"""2026-07-07T00:00:00.000Z""",19:30,23:59,false
psp:omluva:174:2050:2026-07-08:00:00:09:00,2050,"""2026-07-08T00:00:00.000Z""",00:00,09:00,false
psp:omluva:174:2050:2026-07-14:09:00:23:59,2050,"""2026-07-14T00:00:00.000Z""",09:00,23:59,false
psp:omluva:174:2050:2026-07-15:00:00:09:00,2050,"""2026-07-15T00:00:00.000Z""",00:00,09:00,false
psp:omluva:174:2051:2025-11-05:09:00:09:45,2051,"""2025-11-05T00:00:00.000Z""",09:00,09:45,false
psp:omluva:174:2051:2026-02-11:19:30:23:59,2051,"""2026-02-11T00:00:00.000Z""",19:30,23:59,false
psp:omluva:174:2051:2026-02-12:00:00:09:00,2051,"""2026-02-12T00:00:00.000Z""",00:00,09:00,false
psp:omluva:174:2051:2026-02-12:11:00:13:00,2051,"""2026-02-12T00:00:00.000Z""",11:00,13:00,false
psp:omluva:174:2051:2026-03-04:09:00:09:30,2051,"""2026-03-04T00:00:00.000Z""",09:00,09:30,false
psp:omluva:174:2051:2026-03-04:12:45:13:45,2051,"""2026-03-04T00:00:00.000Z""",12:45,13:45,false
psp:omluva:174:2051:2026-03-05:13:20:16:00,2051,"""2026-03-05T00:00:00.000Z""",13:20,16:00,false
psp:omluva:174:2051:2026-03-11:09:00:11:00,2051,"""2026-03-11T00:00:00.000Z""",09:00,11:00,false
psp:omluva:174:2051:2026-03-12:10:45:12:00,2051,"""2026-03-12T00:00:00.000Z""",10:45,12:00,false
psp:omluva:174:2051:2026-03-25:14:30:16:45,2051,"""2026-03-25T00:00:00.000Z""",14:30,16:45,false
psp:omluva:174:2051:2026-04-14:19:00:23:59,2051,"""2026-04-14T00:00:00.000Z""",19:00,23:59,false
psp:omluva:174:2051:2026-04-15:00:00:09:00,2051,"""2026-04-15T00:00:00.000Z""",00:00,09:00,false
psp:omluva:174:2051:2026-04-15:09:00:12:00,2051,"""2026-04-15T00:00:00.000Z""",09:00,12:00,false
psp:omluva:174:2051:2026-04-16:09:00:11:30,2051,"""2026-04-16T00:00:00.000Z""",09:00,11:30,false
psp:omluva:174:2051:2026-04-22:12:00:14:00,2051,"""2026-04-22T00:00:00.000Z""",12:00,14:00,false
psp:omluva:174:2051:2026-04-23:09:00:23:59,2051,"""2026-04-23T00:00:00.000Z""",09:00,23:59,false
psp:omluva:174:2051:2026-04-24:00:00:09:00,2051,"""2026-04-24T00:00:00.000Z""",00:00,09:00,false
psp:omluva:174:2051:2026-05-05:16:30:19:00,2051,"""2026-05-05T00:00:00.000Z""",16:30,19:00,false
psp:omluva:174:2051:2026-05-05:19:00:20:00,2051,"""2026-05-05T00:00:00.000Z""",19:00,20:00,false
psp:omluva:174:2051:2026-05-06:20:50:23:59,2051,"""2026-05-06T00:00:00.000Z""",20:50,23:59,false
psp:omluva:174:2051:2026-05-07:00:00:09:00,2051,"""2026-05-07T00:00:00.000Z""",00:00,09:00,false
psp:omluva:174:2051:2026-05-14:09:00:23:59,2051,"""2026-05-14T00:00:00.000Z""",09:00,23:59,false
psp:omluva:174:2051:2026-05-15:00:00:09:00,2051,"""2026-05-15T00:00:00.000Z""",00:00,09:00,false
psp:omluva:174:2051:2026-05-27:10:50:11:05,2051,"""2026-05-27T00:00:00.000Z""",10:50,11:05,false
psp:omluva:174:2051:2026-05-27:13:00:16:00,2051,"""2026-05-27T00:00:00.000Z""",13:00,16:00,false
psp:omluva:174:2051:2026-05-28:18:00:21:00,2051,"""2026-05-28T00:00:00.000Z""",18:00,21:00,false
psp:omluva:174:2051:2026-05-29:09:00:23:59,2051,"""2026-05-29T00:00:00.000Z""",09:00,23:59,false
psp:omluva:174:2051:2026-05-30:00:00:09:00,2051,"""2026-05-30T00:00:00.000Z""",00:00,09:00,false
psp:omluva:174:2051:2026-06-02:09:00:23:59,2051,"""2026-06-02T00:00:00.000Z""",09:00,23:59,false
psp:omluva:174:2051:2026-06-03:00:00:09:00,2051,"""2026-06-03T00:00:00.000Z""",00:00,09:00,false
psp:omluva:174:2051:2026-06-03:09:00:23:59,2051,"""2026-06-03T00:00:00.000Z""",09:00,23:59,false
psp:omluva:174:2051:2026-06-04:00:00:09:00,2051,"""2026-06-04T00:00:00.000Z""",00:00,09:00,false
psp:omluva:174:2051:2026-06-04:14:30:23:59,2051,"""2026-06-04T00:00:00.000Z""",14:30,23:59,false
psp:omluva:174:2051:2026-06-05:00:00:09:00,2051,"""2026-06-05T00:00:00.000Z""",00:00,09:00,false
psp:omluva:174:2051:2026-06-24:12:00:23:59,2051,"""2026-06-24T00:00:00.000Z""",12:00,23:59,false
psp:omluva:174:2051:2026-06-25:00:00:09:00,2051,"""2026-06-25T00:00:00.000Z""",00:00,09:00,false
psp:omluva:174:2051:2026-06-25:09:00:23:59,2051,"""2026-06-25T00:00:00.000Z""",09:00,23:59,false
psp:omluva:174:2051:2026-06-26:00:00:09:00,2051,"""2026-06-26T00:00:00.000Z""",00:00,09:00,false
psp:omluva:174:2051:2026-06-26:09:00:23:59,2051,"""2026-06-26T00:00:00.000Z""",09:00,23:59,false
psp:omluva:174:2051:2026-06-27:00:00:09:00,2051,"""2026-06-27T00:00:00.000Z""",00:00,09:00,false
psp:omluva:174:2051:2026-07-02:14:30:23:59,2051,"""2026-07-02T00:00:00.000Z""",14:30,23:59,false
psp:omluva:174:2051:2026-07-03:00:00:09:00,2051,"""2026-07-03T00:00:00.000Z""",00:00,09:00,false
psp:omluva:174:2051:2026-07-07:15:45:16:45,2051,"""2026-07-07T00:00:00.000Z""",15:45,16:45,false
psp:omluva:174:2051:2026-07-07:20:30:23:59,2051,"""2026-07-07T00:00:00.000Z""",20:30,23:59,false
psp:omluva:174:2051:2026-07-08:00:00:09:00,2051,"""2026-07-08T00:00:00.000Z""",00:00,09:00,false
psp:omluva:174:2051:2026-07-08:17:15:19:00,2051,"""2026-07-08T00:00:00.000Z""",17:15,19:00,false
psp:omluva:174:2051:2026-07-14:09:00:23:59,2051,"""2026-07-14T00:00:00.000Z""",09:00,23:59,false
psp:omluva:174:2051:2026-07-15:00:00:09:00,2051,"""2026-07-15T00:00:00.000Z""",00:00,09:00,false
psp:omluva:174:2051:2026-07-15:09:00:23:59,2051,"""2026-07-15T00:00:00.000Z""",09:00,23:59,false
psp:omluva:174:2051:2026-07-16:00:00:09:00,2051,"""2026-07-16T00:00:00.000Z""",00:00,09:00,false
psp:omluva:174:2052:2026-01-14:09:00:13:00,2052,"""2026-01-14T00:00:00.000Z""",09:00,13:00,false
psp:omluva:174:2052:2026-01-15:14:30:18:00,2052,"""2026-01-15T00:00:00.000Z""",14:30,18:00,false
psp:omluva:174:2052:2026-01-16:09:00:12:45,2052,"""2026-01-16T00:00:00.000Z""",09:00,12:45,false
psp:omluva:174:2052:2026-01-16:14:15:23:59,2052,"""2026-01-16T00:00:00.000Z""",14:15,23:59,false
psp:omluva:174:2052:2026-01-17:00:00:09:00,2052,"""2026-01-17T00:00:00.000Z""",00:00,09:00,false
psp:omluva:174:2052:2026-01-27:09:00:23:59,2052,"""2026-01-27T00:00:00.000Z""",09:00,23:59,false
psp:omluva:174:2052:2026-01-28:00:00:09:00,2052,"""2026-01-28T00:00:00.000Z""",00:00,09:00,false
psp:omluva:174:2052:2026-01-28:09:00:23:59,2052,"""2026-01-28T00:00:00.000Z""",09:00,23:59,false
psp:omluva:174:2052:2026-01-29:00:00:09:00,2052,"""2026-01-29T00:00:00.000Z""",00:00,09:00,false
psp:omluva:174:2052:2026-01-29:09:00:23:59,2052,"""2026-01-29T00:00:00.000Z""",09:00,23:59,false
psp:omluva:174:2052:2026-01-30:00:00:09:00,2052,"""2026-01-30T00:00:00.000Z""",00:00,09:00,false
psp:omluva:174:2052:2026-01-30:09:00:23:59,2052,"""2026-01-30T00:00:00.000Z""",09:00,23:59,false
psp:omluva:174:2052:2026-01-31:00:00:09:00,2052,"""2026-01-31T00:00:00.000Z""",00:00,09:00,false
psp:omluva:174:2052:2026-02-04:09:00:13:00,2052,"""2026-02-04T00:00:00.000Z""",09:00,13:00,false
psp:omluva:174:2052:2026-02-10:09:00:23:59,2052,"""2026-02-10T00:00:00.000Z""",09:00,23:59,false
psp:omluva:174:2052:2026-02-11:00:00:09:00,2052,"""2026-02-11T00:00:00.000Z""",00:00,09:00,false
psp:omluva:174:2052:2026-02-11:09:00:23:59,2052,"""2026-02-11T00:00:00.000Z""",09:00,23:59,false
psp:omluva:174:2052:2026-02-12:00:00:09:00,2052,"""2026-02-12T00:00:00.000Z""",00:00,09:00,false
psp:omluva:174:2052:2026-02-12:09:00:23:59,2052,"""2026-02-12T00:00:00.000Z""",09:00,23:59,false
psp:omluva:174:2052:2026-02-13:00:00:09:00,2052,"""2026-02-13T00:00:00.000Z""",00:00,09:00,false
psp:omluva:174:2052:2026-02-13:09:00:23:59,2052,"""2026-02-13T00:00:00.000Z""",09:00,23:59,false
psp:omluva:174:2052:2026-02-14:00:00:09:00,2052,"""2026-02-14T00:00:00.000Z""",00:00,09:00,false
psp:omluva:174:2052:2026-03-03:18:40:23:59,2052,"""2026-03-03T00:00:00.000Z""",18:40,23:59,false
psp:omluva:174:2052:2026-03-04:00:00:09:00,2052,"""2026-03-04T00:00:00.000Z""",00:00,09:00,false
psp:omluva:174:2052:2026-03-04:12:00:23:59,2052,"""2026-03-04T00:00:00.000Z""",12:00,23:59,false
psp:omluva:174:2052:2026-03-05:00:00:09:00,2052,"""2026-03-05T00:00:00.000Z""",00:00,09:00,false
psp:omluva:174:2052:2026-03-05:09:00:14:00,2052,"""2026-03-05T00:00:00.000Z""",09:00,14:00,false
psp:omluva:174:2052:2026-03-05:09:00:15:30,2052,"""2026-03-05T00:00:00.000Z""",09:00,15:30,false
psp:omluva:174:2052:2026-03-06:09:00:23:59,2052,"""2026-03-06T00:00:00.000Z""",09:00,23:59,false
psp:omluva:174:2052:2026-03-07:00:00:09:00,2052,"""2026-03-07T00:00:00.000Z""",00:00,09:00,false
psp:omluva:174:2052:2026-03-10:09:00:17:30,2052,"""2026-03-10T00:00:00.000Z""",09:00,17:30,false
psp:omluva:174:2052:2026-03-11:12:00:15:00,2052,"""2026-03-11T00:00:00.000Z""",12:00,15:00,false
psp:omluva:174:2052:2026-03-12:09:00:16:00,2052,"""2026-03-12T00:00:00.000Z""",09:00,16:00,false
psp:omluva:174:2052:2026-03-13:09:00:23:59,2052,"""2026-03-13T00:00:00.000Z""",09:00,23:59,false
psp:omluva:174:2052:2026-03-14:00:00:09:00,2052,"""2026-03-14T00:00:00.000Z""",00:00,09:00,false
psp:omluva:174:2052:2026-03-25:09:00:23:59,2052,"""2026-03-25T00:00:00.000Z""",09:00,23:59,false
psp:omluva:174:2052:2026-03-26:00:00:09:00,2052,"""2026-03-26T00:00:00.000Z""",00:00,09:00,false
psp:omluva:174:2052:2026-04-14:17:20:23:59,2052,"""2026-04-14T00:00:00.000Z""",17:20,23:59,false
psp:omluva:174:2052:2026-04-15:00:00:09:00,2052,"""2026-04-15T00:00:00.000Z""",00:00,09:00,false
psp:omluva:174:2052:2026-04-15:09:00:15:00,2052,"""2026-04-15T00:00:00.000Z""",09:00,15:00,false
psp:omluva:174:2052:2026-04-16:09:00:12:00,2052,"""2026-04-16T00:00:00.000Z""",09:00,12:00,false
psp:omluva:174:2052:2026-04-17:09:00:23:59,2052,"""2026-04-17T00:00:00.000Z""",09:00,23:59,false
psp:omluva:174:2052:2026-04-18:00:00:09:00,2052,"""2026-04-18T00:00:00.000Z""",00:00,09:00,false
psp:omluva:174:2052:2026-04-21:09:00:23:59,2052,"""2026-04-21T00:00:00.000Z""",09:00,23:59,false
psp:omluva:174:2052:2026-04-22:00:00:09:00,2052,"""2026-04-22T00:00:00.000Z""",00:00,09:00,false
psp:omluva:174:2052:2026-04-22:09:00:23:59,2052,"""2026-04-22T00:00:00.000Z""",09:00,23:59,false
psp:omluva:174:2052:2026-04-23:00:00:09:00,2052,"""2026-04-23T00:00:00.000Z""",00:00,09:00,false
psp:omluva:174:2052:2026-04-23:09:00:23:59,2052,"""2026-04-23T00:00:00.000Z""",09:00,23:59,false
psp:omluva:174:2052:2026-04-24:00:00:09:00,2052,"""2026-04-24T00:00:00.000Z""",00:00,09:00,false
psp:omluva:174:2052:2026-04-24:09:00:23:59,2052,"""2026-04-24T00:00:00.000Z""",09:00,23:59,false
psp:omluva:174:2052:2026-04-25:00:00:09:00,2052,"""2026-04-25T00:00:00.000Z""",00:00,09:00,false
psp:omluva:174:2052:2026-05-05:09:00:23:59,2052,"""2026-05-05T00:00:00.000Z""",09:00,23:59,false
psp:omluva:174:2052:2026-05-06:00:00:09:00,2052,"""2026-05-06T00:00:00.000Z""",00:00,09:00,false
psp:omluva:174:2052:2026-05-06:09:00:23:59,2052,"""2026-05-06T00:00:00.000Z""",09:00,23:59,false
psp:omluva:174:2052:2026-05-07:00:00:09:00,2052,"""2026-05-07T00:00:00.000Z""",00:00,09:00,false
psp:omluva:174:2052:2026-05-13:09:00:23:59,2052,"""2026-05-13T00:00:00.000Z""",09:00,23:59,false
psp:omluva:174:2052:2026-05-14:00:00:09:00,2052,"""2026-05-14T00:00:00.000Z""",00:00,09:00,false
psp:omluva:174:2052:2026-05-14:09:00:23:59,2052,"""2026-05-14T00:00:00.000Z""",09:00,23:59,false
psp:omluva:174:2052:2026-05-15:00:00:09:00,2052,"""2026-05-15T00:00:00.000Z""",00:00,09:00,false
psp:omluva:174:2052:2026-05-15:09:00:23:59,2052,"""2026-05-15T00:00:00.000Z""",09:00,23:59,false
psp:omluva:174:2052:2026-05-16:00:00:09:00,2052,"""2026-05-16T00:00:00.000Z""",00:00,09:00,false
psp:omluva:174:2052:2026-05-26:09:00:15:00,2052,"""2026-05-26T00:00:00.000Z""",09:00,15:00,false
psp:omluva:174:2052:2026-05-27:13:00:23:59,2052,"""2026-05-27T00:00:00.000Z""",13:00,23:59,false
psp:omluva:174:2052:2026-05-28:00:00:09:00,2052,"""2026-05-28T00:00:00.000Z""",00:00,09:00,false
psp:omluva:174:2052:2026-05-28:09:00:23:59,2052,"""2026-05-28T00:00:00.000Z""",09:00,23:59,false
psp:omluva:174:2052:2026-05-29:00:00:09:00,2052,"""2026-05-29T00:00:00.000Z""",00:00,09:00,false
psp:omluva:174:2052:2026-05-29:09:00:23:59,2052,"""2026-05-29T00:00:00.000Z""",09:00,23:59,false
psp:omluva:174:2052:2026-05-30:00:00:09:00,2052,"""2026-05-30T00:00:00.000Z""",00:00,09:00,false
psp:omluva:174:2052:2026-06-02:09:00:23:59,2052,"""2026-06-02T00:00:00.000Z""",09:00,23:59,false
psp:omluva:174:2052:2026-06-03:00:00:09:00,2052,"""2026-06-03T00:00:00.000Z""",00:00,09:00,false
psp:omluva:174:2052:2026-06-03:09:00:23:59,2052,"""2026-06-03T00:00:00.000Z""",09:00,23:59,false
psp:omluva:174:2052:2026-06-04:00:00:09:00,2052,"""2026-06-04T00:00:00.000Z""",00:00,09:00,false
psp:omluva:174:2052:2026-06-04:09:00:11:00,2052,"""2026-06-04T00:00:00.000Z""",09:00,11:00,false
psp:omluva:174:2052:2026-06-04:14:30:23:59,2052,"""2026-06-04T00:00:00.000Z""",14:30,23:59,false
psp:omluva:174:2052:2026-06-05:00:00:09:00,2052,"""2026-06-05T00:00:00.000Z""",00:00,09:00,false
psp:omluva:174:2052:2026-06-05:09:00:23:59,2052,"""2026-06-05T00:00:00.000Z""",09:00,23:59,false
psp:omluva:174:2052:2026-06-06:00:00:09:00,2052,"""2026-06-06T00:00:00.000Z""",00:00,09:00,false
psp:omluva:174:2052:2026-06-11:09:00:13:30,2052,"""2026-06-11T00:00:00.000Z""",09:00,13:30,false
psp:omluva:174:2052:2026-06-23:17:00:23:59,2052,"""2026-06-23T00:00:00.000Z""",17:00,23:59,false
psp:omluva:174:2052:2026-06-24:00:00:09:00,2052,"""2026-06-24T00:00:00.000Z""",00:00,09:00,false
psp:omluva:174:2052:2026-06-24:13:00:23:59,2052,"""2026-06-24T00:00:00.000Z""",13:00,23:59,false
psp:omluva:174:2052:2026-06-25:00:00:09:00,2052,"""2026-06-25T00:00:00.000Z""",00:00,09:00,false
psp:omluva:174:2052:2026-06-25:09:00:16:00,2052,"""2026-06-25T00:00:00.000Z""",09:00,16:00,false
psp:omluva:174:2052:2026-06-25:09:00:23:59,2052,"""2026-06-25T00:00:00.000Z""",09:00,23:59,false
psp:omluva:174:2052:2026-06-26:00:00:09:00,2052,"""2026-06-26T00:00:00.000Z""",00:00,09:00,false
psp:omluva:174:2052:2026-06-26:09:00:23:59,2052,"""2026-06-26T00:00:00.000Z""",09:00,23:59,false
psp:omluva:174:2052:2026-06-27:00:00:09:00,2052,"""2026-06-27T00:00:00.000Z""",00:00,09:00,false
psp:omluva:174:2052:2026-06-30:09:00:23:59,2052,"""2026-06-30T00:00:00.000Z""",09:00,23:59,false
psp:omluva:174:2052:2026-07-01:00:00:09:00,2052,"""2026-07-01T00:00:00.000Z""",00:00,09:00,false
psp:omluva:174:2052:2026-07-01:14:00:23:59,2052,"""2026-07-01T00:00:00.000Z""",14:00,23:59,false
psp:omluva:174:2052:2026-07-02:00:00:09:00,2052,"""2026-07-02T00:00:00.000Z""",00:00,09:00,false
psp:omluva:174:2052:2026-07-02:09:00:16:00,2052,"""2026-07-02T00:00:00.000Z""",09:00,16:00,false
psp:omluva:174:2052:2026-07-03:09:00:23:59,2052,"""2026-07-03T00:00:00.000Z""",09:00,23:59,false
psp:omluva:174:2052:2026-07-04:00:00:09:00,2052,"""2026-07-04T00:00:00.000Z""",00:00,09:00,false
psp:omluva:174:2052:2026-07-07:09:00:14:00,2052,"""2026-07-07T00:00:00.000Z""",09:00,14:00,false
psp:omluva:174:2052:2026-07-08:09:00:23:59,2052,"""2026-07-08T00:00:00.000Z""",09:00,23:59,false
psp:omluva:174:2052:2026-07-09:00:00:09:00,2052,"""2026-07-09T00:00:00.000Z""",00:00,09:00,false
psp:omluva:174:2052:2026-07-10:09:00:23:59,2052,"""2026-07-10T00:00:00.000Z""",09:00,23:59,false
psp:omluva:174:2052:2026-07-11:00:00:09:00,2052,"""2026-07-11T00:00:00.000Z""",00:00,09:00,false
psp:omluva:174:2052:2026-07-14:09:00:23:59,2052,"""2026-07-14T00:00:00.000Z""",09:00,23:59,false
psp:omluva:174:2052:2026-07-15:00:00:09:00,2052,"""2026-07-15T00:00:00.000Z""",00:00,09:00,false
psp:omluva:174:2053:2026-04-23:09:00:11:00,2053,"""2026-04-23T00:00:00.000Z""",09:00,11:00,false
psp:omluva:174:2053:2026-05-15:09:00:11:00,2053,"""2026-05-15T00:00:00.000Z""",09:00,11:00,false
psp:omluva:174:2053:2026-06-25:15:00:23:59,2053,"""2026-06-25T00:00:00.000Z""",15:00,23:59,false
psp:omluva:174:2053:2026-06-26:00:00:09:00,2053,"""2026-06-26T00:00:00.000Z""",00:00,09:00,false
psp:omluva:174:2053:2026-07-15:09:00:10:00,2053,"""2026-07-15T00:00:00.000Z""",09:00,10:00,false
psp:omluva:174:2055:2026-01-28:16:00:23:59,2055,"""2026-01-28T00:00:00.000Z""",16:00,23:59,false
psp:omluva:174:2055:2026-01-29:00:00:09:00,2055,"""2026-01-29T00:00:00.000Z""",00:00,09:00,false
psp:omluva:174:2055:2026-02-04:09:00:12:30,2055,"""2026-02-04T00:00:00.000Z""",09:00,12:30,false
psp:omluva:174:2055:2026-02-11:11:00:12:45,2055,"""2026-02-11T00:00:00.000Z""",11:00,12:45,false
psp:omluva:174:2055:2026-02-12:13:30:23:59,2055,"""2026-02-12T00:00:00.000Z""",13:30,23:59,false
psp:omluva:174:2055:2026-02-13:00:00:09:00,2055,"""2026-02-13T00:00:00.000Z""",00:00,09:00,false
psp:omluva:174:2055:2026-02-13:11:30:23:59,2055,"""2026-02-13T00:00:00.000Z""",11:30,23:59,false
psp:omluva:174:2055:2026-02-14:00:00:09:00,2055,"""2026-02-14T00:00:00.000Z""",00:00,09:00,false
psp:omluva:174:2055:2026-03-10:09:00:23:59,2055,"""2026-03-10T00:00:00.000Z""",09:00,23:59,false
psp:omluva:174:2055:2026-03-11:00:00:09:00,2055,"""2026-03-11T00:00:00.000Z""",00:00,09:00,false
psp:omluva:174:2055:2026-03-11:09:00:10:00,2055,"""2026-03-11T00:00:00.000Z""",09:00,10:00,false
psp:omluva:174:2055:2026-03-12:09:00:15:30,2055,"""2026-03-12T00:00:00.000Z""",09:00,15:30,false
psp:omluva:174:2055:2026-03-13:09:00:23:59,2055,"""2026-03-13T00:00:00.000Z""",09:00,23:59,false
psp:omluva:174:2055:2026-03-14:00:00:09:00,2055,"""2026-03-14T00:00:00.000Z""",00:00,09:00,false
psp:omluva:174:2055:2026-04-15:16:00:23:59,2055,"""2026-04-15T00:00:00.000Z""",16:00,23:59,false
psp:omluva:174:2055:2026-04-16:00:00:09:00,2055,"""2026-04-16T00:00:00.000Z""",00:00,09:00,false
psp:omluva:174:2055:2026-04-16:14:00:15:30,2055,"""2026-04-16T00:00:00.000Z""",14:00,15:30,false
psp:omluva:174:2055:2026-04-23:09:00:11:00,2055,"""2026-04-23T00:00:00.000Z""",09:00,11:00,false
psp:omluva:174:2055:2026-05-05:09:00:23:59,2055,"""2026-05-05T00:00:00.000Z""",09:00,23:59,false
psp:omluva:174:2055:2026-05-06:00:00:09:00,2055,"""2026-05-06T00:00:00.000Z""",00:00,09:00,false
psp:omluva:174:2055:2026-05-06:10:00:12:00,2055,"""2026-05-06T00:00:00.000Z""",10:00,12:00,false
psp:omluva:174:2055:2026-05-06:17:30:23:59,2055,"""2026-05-06T00:00:00.000Z""",17:30,23:59,false
psp:omluva:174:2055:2026-05-07:00:00:09:00,2055,"""2026-05-07T00:00:00.000Z""",00:00,09:00,false
psp:omluva:174:2055:2026-05-13:09:00:10:30,2055,"""2026-05-13T00:00:00.000Z""",09:00,10:30,false
psp:omluva:174:2055:2026-05-13:17:30:23:59,2055,"""2026-05-13T00:00:00.000Z""",17:30,23:59,false
psp:omluva:174:2055:2026-05-14:00:00:09:00,2055,"""2026-05-14T00:00:00.000Z""",00:00,09:00,false
psp:omluva:174:2055:2026-05-14:09:00:23:59,2055,"""2026-05-14T00:00:00.000Z""",09:00,23:59,false
psp:omluva:174:2055:2026-05-15:00:00:09:00,2055,"""2026-05-15T00:00:00.000Z""",00:00,09:00,false
psp:omluva:174:2055:2026-05-26:09:00:16:00,2055,"""2026-05-26T00:00:00.000Z""",09:00,16:00,false
psp:omluva:174:2055:2026-05-27:09:00:15:30,2055,"""2026-05-27T00:00:00.000Z""",09:00,15:30,false
psp:omluva:174:2055:2026-05-29:14:00:23:59,2055,"""2026-05-29T00:00:00.000Z""",14:00,23:59,false
psp:omluva:174:2055:2026-05-30:00:00:09:00,2055,"""2026-05-30T00:00:00.000Z""",00:00,09:00,false
psp:omluva:174:2055:2026-06-03:09:00:11:30,2055,"""2026-06-03T00:00:00.000Z""",09:00,11:30,false
psp:omluva:174:2055:2026-06-04:09:00:11:00,2055,"""2026-06-04T00:00:00.000Z""",09:00,11:00,false
psp:omluva:174:2055:2026-06-04:12:30:14:30,2055,"""2026-06-04T00:00:00.000Z""",12:30,14:30,false
psp:omluva:174:2055:2026-06-04:18:30:23:59,2055,"""2026-06-04T00:00:00.000Z""",18:30,23:59,false
psp:omluva:174:2055:2026-06-05:00:00:09:00,2055,"""2026-06-05T00:00:00.000Z""",00:00,09:00,false
psp:omluva:174:2055:2026-06-11:09:00:23:59,2055,"""2026-06-11T00:00:00.000Z""",09:00,23:59,false
psp:omluva:174:2055:2026-06-12:00:00:09:00,2055,"""2026-06-12T00:00:00.000Z""",00:00,09:00,false
psp:omluva:174:2055:2026-06-24:09:00:23:59,2055,"""2026-06-24T00:00:00.000Z""",09:00,23:59,false
psp:omluva:174:2055:2026-06-25:00:00:09:00,2055,"""2026-06-25T00:00:00.000Z""",00:00,09:00,false
psp:omluva:174:2055:2026-06-25:09:00:14:30,2055,"""2026-06-25T00:00:00.000Z""",09:00,14:30,false
psp:omluva:174:2055:2026-06-30:09:00:16:00,2055,"""2026-06-30T00:00:00.000Z""",09:00,16:00,false
psp:omluva:174:2055:2026-07-10:09:00:11:15,2055,"""2026-07-10T00:00:00.000Z""",09:00,11:15,false
psp:omluva:174:2055:2026-07-14:09:00:23:59,2055,"""2026-07-14T00:00:00.000Z""",09:00,23:59,false
psp:omluva:174:2055:2026-07-15:00:00:09:00,2055,"""2026-07-15T00:00:00.000Z""",00:00,09:00,false
psp:omluva:174:2055:2026-07-15:09:00:10:30,2055,"""2026-07-15T00:00:00.000Z""",09:00,10:30,false
psp:omluva:174:2056:2026-04-23:11:15:13:55,2056,"""2026-04-23T00:00:00.000Z""",11:15,13:55,false
psp:omluva:174:2056:2026-05-06:15:15:17:15,2056,"""2026-05-06T00:00:00.000Z""",15:15,17:15,false
psp:omluva:174:2056:2026-06-23:18:30:23:59,2056,"""2026-06-23T00:00:00.000Z""",18:30,23:59,false
psp:omluva:174:2056:2026-06-24:00:00:09:00,2056,"""2026-06-24T00:00:00.000Z""",00:00,09:00,false
psp:omluva:174:2056:2026-07-02:14:25:23:59,2056,"""2026-07-02T00:00:00.000Z""",14:25,23:59,false
psp:omluva:174:2056:2026-07-03:00:00:09:00,2056,"""2026-07-03T00:00:00.000Z""",00:00,09:00,false
psp:omluva:174:2057:2026-01-30:09:00:23:59,2057,"""2026-01-30T00:00:00.000Z""",09:00,23:59,false
psp:omluva:174:2057:2026-01-31:00:00:09:00,2057,"""2026-01-31T00:00:00.000Z""",00:00,09:00,false
psp:omluva:174:2057:2026-02-03:09:00:23:59,2057,"""2026-02-03T00:00:00.000Z""",09:00,23:59,false
psp:omluva:174:2057:2026-02-04:00:00:09:00,2057,"""2026-02-04T00:00:00.000Z""",00:00,09:00,false
psp:omluva:174:2057:2026-02-04:09:00:23:59,2057,"""2026-02-04T00:00:00.000Z""",09:00,23:59,false
psp:omluva:174:2057:2026-02-05:00:00:09:00,2057,"""2026-02-05T00:00:00.000Z""",00:00,09:00,false
psp:omluva:174:2057:2026-03-12:09:00:23:59,2057,"""2026-03-12T00:00:00.000Z""",09:00,23:59,false
psp:omluva:174:2057:2026-03-13:00:00:09:00,2057,"""2026-03-13T00:00:00.000Z""",00:00,09:00,false
psp:omluva:174:2057:2026-03-13:09:00:23:59,2057,"""2026-03-13T00:00:00.000Z""",09:00,23:59,false
psp:omluva:174:2057:2026-03-14:00:00:09:00,2057,"""2026-03-14T00:00:00.000Z""",00:00,09:00,false
psp:omluva:174:2057:2026-03-25:14:00:23:59,2057,"""2026-03-25T00:00:00.000Z""",14:00,23:59,false
psp:omluva:174:2057:2026-03-26:00:00:09:00,2057,"""2026-03-26T00:00:00.000Z""",00:00,09:00,false
psp:omluva:174:2057:2026-04-15:17:00:23:59,2057,"""2026-04-15T00:00:00.000Z""",17:00,23:59,false
psp:omluva:174:2057:2026-04-16:00:00:09:00,2057,"""2026-04-16T00:00:00.000Z""",00:00,09:00,false
psp:omluva:174:2057:2026-04-16:19:00:23:59,2057,"""2026-04-16T00:00:00.000Z""",19:00,23:59,false
psp:omluva:174:2057:2026-04-17:00:00:09:00,2057,"""2026-04-17T00:00:00.000Z""",00:00,09:00,false
psp:omluva:174:2057:2026-04-17:09:00:23:59,2057,"""2026-04-17T00:00:00.000Z""",09:00,23:59,false
psp:omluva:174:2057:2026-04-18:00:00:09:00,2057,"""2026-04-18T00:00:00.000Z""",00:00,09:00,false
psp:omluva:174:2057:2026-04-23:09:00:23:59,2057,"""2026-04-23T00:00:00.000Z""",09:00,23:59,false
psp:omluva:174:2057:2026-04-24:00:00:09:00,2057,"""2026-04-24T00:00:00.000Z""",00:00,09:00,false
psp:omluva:174:2057:2026-04-24:09:00:23:59,2057,"""2026-04-24T00:00:00.000Z""",09:00,23:59,false
psp:omluva:174:2057:2026-04-25:00:00:09:00,2057,"""2026-04-25T00:00:00.000Z""",00:00,09:00,false
psp:omluva:174:2057:2026-05-06:15:00:23:59,2057,"""2026-05-06T00:00:00.000Z""",15:00,23:59,false
psp:omluva:174:2057:2026-05-07:00:00:09:00,2057,"""2026-05-07T00:00:00.000Z""",00:00,09:00,false
psp:omluva:174:2057:2026-05-13:09:00:23:59,2057,"""2026-05-13T00:00:00.000Z""",09:00,23:59,false
psp:omluva:174:2057:2026-05-14:00:00:09:00,2057,"""2026-05-14T00:00:00.000Z""",00:00,09:00,false
psp:omluva:174:2057:2026-05-14:09:00:23:59,2057,"""2026-05-14T00:00:00.000Z""",09:00,23:59,false
psp:omluva:174:2057:2026-05-15:00:00:09:00,2057,"""2026-05-15T00:00:00.000Z""",00:00,09:00,false
psp:omluva:174:2057:2026-05-28:15:30:23:59,2057,"""2026-05-28T00:00:00.000Z""",15:30,23:59,false
psp:omluva:174:2057:2026-05-29:00:00:09:00,2057,"""2026-05-29T00:00:00.000Z""",00:00,09:00,false
psp:omluva:174:2057:2026-05-29:09:00:23:59,2057,"""2026-05-29T00:00:00.000Z""",09:00,23:59,false
psp:omluva:174:2057:2026-05-30:00:00:09:00,2057,"""2026-05-30T00:00:00.000Z""",00:00,09:00,false
psp:omluva:174:2057:2026-06-02:09:00:23:59,2057,"""2026-06-02T00:00:00.000Z""",09:00,23:59,false
psp:omluva:174:2057:2026-06-03:00:00:09:00,2057,"""2026-06-03T00:00:00.000Z""",00:00,09:00,false
psp:omluva:174:2057:2026-06-11:09:00:23:59,2057,"""2026-06-11T00:00:00.000Z""",09:00,23:59,false
psp:omluva:174:2057:2026-06-12:00:00:09:00,2057,"""2026-06-12T00:00:00.000Z""",00:00,09:00,false
psp:omluva:174:2057:2026-06-25:09:00:23:59,2057,"""2026-06-25T00:00:00.000Z""",09:00,23:59,false
psp:omluva:174:2057:2026-06-26:00:00:09:00,2057,"""2026-06-26T00:00:00.000Z""",00:00,09:00,false
psp:omluva:174:2057:2026-06-30:09:00:23:59,2057,"""2026-06-30T00:00:00.000Z""",09:00,23:59,false
psp:omluva:174:2057:2026-07-01:00:00:09:00,2057,"""2026-07-01T00:00:00.000Z""",00:00,09:00,false
psp:omluva:174:2057:2026-07-02:09:00:23:59,2057,"""2026-07-02T00:00:00.000Z""",09:00,23:59,false
psp:omluva:174:2057:2026-07-03:00:00:09:00,2057,"""2026-07-03T00:00:00.000Z""",00:00,09:00,false
psp:omluva:174:2057:2026-07-07:09:00:23:59,2057,"""2026-07-07T00:00:00.000Z""",09:00,23:59,false
psp:omluva:174:2057:2026-07-08:00:00:09:00,2057,"""2026-07-08T00:00:00.000Z""",00:00,09:00,false
psp:omluva:174:2057:2026-07-08:09:00:23:59,2057,"""2026-07-08T00:00:00.000Z""",09:00,23:59,false
psp:omluva:174:2057:2026-07-09:00:00:09:00,2057,"""2026-07-09T00:00:00.000Z""",00:00,09:00,false
psp:omluva:174:2057:2026-07-09:09:00:23:59,2057,"""2026-07-09T00:00:00.000Z""",09:00,23:59,false
psp:omluva:174:2057:2026-07-10:00:00:09:00,2057,"""2026-07-10T00:00:00.000Z""",00:00,09:00,false
psp:omluva:174:2057:2026-07-10:09:00:23:59,2057,"""2026-07-10T00:00:00.000Z""",09:00,23:59,false
psp:omluva:174:2057:2026-07-11:00:00:09:00,2057,"""2026-07-11T00:00:00.000Z""",00:00,09:00,false
psp:omluva:174:2057:2026-07-11:09:00:23:59,2057,"""2026-07-11T00:00:00.000Z""",09:00,23:59,false
psp:omluva:174:2057:2026-07-12:00:00:09:00,2057,"""2026-07-12T00:00:00.000Z""",00:00,09:00,false
psp:omluva:174:2057:2026-07-12:09:00:23:59,2057,"""2026-07-12T00:00:00.000Z""",09:00,23:59,false
psp:omluva:174:2057:2026-07-13:00:00:09:00,2057,"""2026-07-13T00:00:00.000Z""",00:00,09:00,false
psp:omluva:174:2057:2026-07-13:09:00:23:59,2057,"""2026-07-13T00:00:00.000Z""",09:00,23:59,false
psp:omluva:174:2057:2026-07-14:00:00:09:00,2057,"""2026-07-14T00:00:00.000Z""",00:00,09:00,false
psp:omluva:174:2057:2026-07-14:09:00:23:59,2057,"""2026-07-14T00:00:00.000Z""",09:00,23:59,false
psp:omluva:174:2057:2026-07-15:00:00:09:00,2057,"""2026-07-15T00:00:00.000Z""",00:00,09:00,false
psp:omluva:174:2058:2026-01-28:19:30:23:59,2058,"""2026-01-28T00:00:00.000Z""",19:30,23:59,false
psp:omluva:174:2058:2026-01-29:00:00:09:00,2058,"""2026-01-29T00:00:00.000Z""",00:00,09:00,false
psp:omluva:174:2058:2026-01-30:22:30:23:59,2058,"""2026-01-30T00:00:00.000Z""",22:30,23:59,false
psp:omluva:174:2058:2026-02-12:14:30:23:59,2058,"""2026-02-12T00:00:00.000Z""",14:30,23:59,false
psp:omluva:174:2058:2026-02-13:00:00:09:00,2058,"""2026-02-13T00:00:00.000Z""",00:00,09:00,false
psp:omluva:174:2058:2026-03-13:13:35:16:00,2058,"""2026-03-13T00:00:00.000Z""",13:35,16:00,false
psp:omluva:174:2058:2026-04-15:17:00:23:59,2058,"""2026-04-15T00:00:00.000Z""",17:00,23:59,false
psp:omluva:174:2058:2026-04-16:00:00:09:00,2058,"""2026-04-16T00:00:00.000Z""",00:00,09:00,false
psp:omluva:174:2058:2026-04-17:13:30:15:00,2058,"""2026-04-17T00:00:00.000Z""",13:30,15:00,false
psp:omluva:174:2058:2026-04-23:09:00:11:00,2058,"""2026-04-23T00:00:00.000Z""",09:00,11:00,false
psp:omluva:174:2058:2026-05-29:14:30:23:59,2058,"""2026-05-29T00:00:00.000Z""",14:30,23:59,false
psp:omluva:174:2058:2026-05-30:00:00:09:00,2058,"""2026-05-30T00:00:00.000Z""",00:00,09:00,false
psp:omluva:174:2058:2026-06-04:09:00:11:00,2058,"""2026-06-04T00:00:00.000Z""",09:00,11:00,false
psp:omluva:174:2058:2026-07-14:12:30:18:00,2058,"""2026-07-14T00:00:00.000Z""",12:30,18:00,false
psp:omluva:174:2059:2026-01-14:09:00:17:00,2059,"""2026-01-14T00:00:00.000Z""",09:00,17:00,false
psp:omluva:174:2059:2026-01-16:09:20:10:00,2059,"""2026-01-16T00:00:00.000Z""",09:20,10:00,false
psp:omluva:174:2059:2026-01-28:20:30:21:00,2059,"""2026-01-28T00:00:00.000Z""",20:30,21:00,false
psp:omluva:174:2059:2026-02-10:14:00:14:10,2059,"""2026-02-10T00:00:00.000Z""",14:00,14:10,false
psp:omluva:174:2059:2026-02-10:17:30:18:10,2059,"""2026-02-10T00:00:00.000Z""",17:30,18:10,false
psp:omluva:174:2059:2026-02-11:09:00:10:00,2059,"""2026-02-11T00:00:00.000Z""",09:00,10:00,false
psp:omluva:174:2059:2026-02-13:09:00:09:10,2059,"""2026-02-13T00:00:00.000Z""",09:00,09:10,false
psp:omluva:174:2059:2026-03-03:21:00:21:01,2059,"""2026-03-03T00:00:00.000Z""",21:00,21:01,false
psp:omluva:174:2059:2026-03-11:18:47:18:49,2059,"""2026-03-11T00:00:00.000Z""",18:47,18:49,false
psp:omluva:174:2059:2026-05-05:20:00:23:59,2059,"""2026-05-05T00:00:00.000Z""",20:00,23:59,false
psp:omluva:174:2059:2026-05-06:00:00:09:00,2059,"""2026-05-06T00:00:00.000Z""",00:00,09:00,false
psp:omluva:174:2059:2026-05-13:20:20:23:59,2059,"""2026-05-13T00:00:00.000Z""",20:20,23:59,false
psp:omluva:174:2059:2026-05-14:00:00:09:00,2059,"""2026-05-14T00:00:00.000Z""",00:00,09:00,false
psp:omluva:174:2059:2026-05-14:09:00:23:59,2059,"""2026-05-14T00:00:00.000Z""",09:00,23:59,false
psp:omluva:174:2059:2026-05-15:00:00:09:00,2059,"""2026-05-15T00:00:00.000Z""",00:00,09:00,false
psp:omluva:174:2059:2026-05-26:21:40:23:59,2059,"""2026-05-26T00:00:00.000Z""",21:40,23:59,false
psp:omluva:174:2059:2026-05-27:00:00:09:00,2059,"""2026-05-27T00:00:00.000Z""",00:00,09:00,false
psp:omluva:174:2059:2026-05-27:09:00:09:30,2059,"""2026-05-27T00:00:00.000Z""",09:00,09:30,false
psp:omluva:174:2059:2026-05-28:16:00:23:59,2059,"""2026-05-28T00:00:00.000Z""",16:00,23:59,false
psp:omluva:174:2059:2026-05-29:00:00:09:00,2059,"""2026-05-29T00:00:00.000Z""",00:00,09:00,false
psp:omluva:174:2059:2026-05-29:09:00:10:00,2059,"""2026-05-29T00:00:00.000Z""",09:00,10:00,false
psp:omluva:174:2059:2026-06-11:17:00:23:59,2059,"""2026-06-11T00:00:00.000Z""",17:00,23:59,false
psp:omluva:174:2059:2026-06-12:00:00:09:00,2059,"""2026-06-12T00:00:00.000Z""",00:00,09:00,false
psp:omluva:174:2059:2026-06-23:09:00:23:59,2059,"""2026-06-23T00:00:00.000Z""",09:00,23:59,false
psp:omluva:174:2059:2026-06-24:00:00:09:00,2059,"""2026-06-24T00:00:00.000Z""",00:00,09:00,false
psp:omluva:174:2059:2026-06-30:18:15:23:59,2059,"""2026-06-30T00:00:00.000Z""",18:15,23:59,false
psp:omluva:174:2059:2026-07-01:00:00:09:00,2059,"""2026-07-01T00:00:00.000Z""",00:00,09:00,false
psp:omluva:174:2059:2026-07-01:17:00:23:59,2059,"""2026-07-01T00:00:00.000Z""",17:00,23:59,false
psp:omluva:174:2059:2026-07-02:00:00:09:00,2059,"""2026-07-02T00:00:00.000Z""",00:00,09:00,false
psp:omluva:174:2059:2026-07-07:09:00:14:00,2059,"""2026-07-07T00:00:00.000Z""",09:00,14:00,false
psp:omluva:174:2059:2026-07-14:16:00:23:59,2059,"""2026-07-14T00:00:00.000Z""",16:00,23:59,false
psp:omluva:174:2059:2026-07-15:00:00:09:00,2059,"""2026-07-15T00:00:00.000Z""",00:00,09:00,false
psp:omluva:174:2060:2025-11-11:09:00:23:59,2060,"""2025-11-11T00:00:00.000Z""",09:00,23:59,false
psp:omluva:174:2060:2025-11-12:00:00:09:00,2060,"""2025-11-12T00:00:00.000Z""",00:00,09:00,false
psp:omluva:174:2060:2025-11-26:10:00:12:00,2060,"""2025-11-26T00:00:00.000Z""",10:00,12:00,false
psp:omluva:174:2060:2025-11-27:09:00:23:59,2060,"""2025-11-27T00:00:00.000Z""",09:00,23:59,false
psp:omluva:174:2060:2025-11-28:00:00:09:00,2060,"""2025-11-28T00:00:00.000Z""",00:00,09:00,false
psp:omluva:174:2060:2026-02-12:14:30:23:59,2060,"""2026-02-12T00:00:00.000Z""",14:30,23:59,false
psp:omluva:174:2060:2026-02-13:00:00:09:00,2060,"""2026-02-13T00:00:00.000Z""",00:00,09:00,false
psp:omluva:174:2060:2026-03-03:09:00:23:59,2060,"""2026-03-03T00:00:00.000Z""",09:00,23:59,false
psp:omluva:174:2060:2026-03-04:00:00:09:00,2060,"""2026-03-04T00:00:00.000Z""",00:00,09:00,false
psp:omluva:174:2060:2026-03-04:09:00:23:59,2060,"""2026-03-04T00:00:00.000Z""",09:00,23:59,false
psp:omluva:174:2060:2026-03-05:00:00:09:00,2060,"""2026-03-05T00:00:00.000Z""",00:00,09:00,false
psp:omluva:174:2060:2026-03-05:09:00:23:59,2060,"""2026-03-05T00:00:00.000Z""",09:00,23:59,false
psp:omluva:174:2060:2026-03-06:00:00:09:00,2060,"""2026-03-06T00:00:00.000Z""",00:00,09:00,false
psp:omluva:174:2060:2026-03-06:09:00:23:59,2060,"""2026-03-06T00:00:00.000Z""",09:00,23:59,false
psp:omluva:174:2060:2026-03-07:00:00:09:00,2060,"""2026-03-07T00:00:00.000Z""",00:00,09:00,false
psp:omluva:174:2060:2026-03-12:13:00:23:59,2060,"""2026-03-12T00:00:00.000Z""",13:00,23:59,false
psp:omluva:174:2060:2026-03-13:00:00:09:00,2060,"""2026-03-13T00:00:00.000Z""",00:00,09:00,false
psp:omluva:174:2060:2026-04-14:09:00:23:59,2060,"""2026-04-14T00:00:00.000Z""",09:00,23:59,false
psp:omluva:174:2060:2026-04-15:00:00:09:00,2060,"""2026-04-15T00:00:00.000Z""",00:00,09:00,false
psp:omluva:174:2060:2026-04-16:09:00:13:00,2060,"""2026-04-16T00:00:00.000Z""",09:00,13:00,false
psp:omluva:174:2060:2026-04-21:09:00:19:00,2060,"""2026-04-21T00:00:00.000Z""",09:00,19:00,false
psp:omluva:174:2060:2026-05-06:16:00:23:59,2060,"""2026-05-06T00:00:00.000Z""",16:00,23:59,false
psp:omluva:174:2060:2026-05-07:00:00:09:00,2060,"""2026-05-07T00:00:00.000Z""",00:00,09:00,false
psp:omluva:174:2060:2026-05-14:09:00:23:59,2060,"""2026-05-14T00:00:00.000Z""",09:00,23:59,false
psp:omluva:174:2060:2026-05-15:00:00:09:00,2060,"""2026-05-15T00:00:00.000Z""",00:00,09:00,false
psp:omluva:174:2060:2026-05-26:09:00:15:00,2060,"""2026-05-26T00:00:00.000Z""",09:00,15:00,false
psp:omluva:174:2060:2026-05-27:18:00:19:15,2060,"""2026-05-27T00:00:00.000Z""",18:00,19:15,false
psp:omluva:174:2060:2026-05-28:18:00:23:59,2060,"""2026-05-28T00:00:00.000Z""",18:00,23:59,false
psp:omluva:174:2060:2026-05-29:00:00:09:00,2060,"""2026-05-29T00:00:00.000Z""",00:00,09:00,false
psp:omluva:174:2060:2026-05-29:09:00:23:59,2060,"""2026-05-29T00:00:00.000Z""",09:00,23:59,false
psp:omluva:174:2060:2026-05-30:00:00:09:00,2060,"""2026-05-30T00:00:00.000Z""",00:00,09:00,false
psp:omluva:174:2060:2026-06-11:15:30:23:59,2060,"""2026-06-11T00:00:00.000Z""",15:30,23:59,false
psp:omluva:174:2060:2026-06-12:00:00:09:00,2060,"""2026-06-12T00:00:00.000Z""",00:00,09:00,false
psp:omluva:174:2060:2026-06-24:15:00:23:59,2060,"""2026-06-24T00:00:00.000Z""",15:00,23:59,false
psp:omluva:174:2060:2026-06-25:00:00:09:00,2060,"""2026-06-25T00:00:00.000Z""",00:00,09:00,false
psp:omluva:174:2060:2026-07-01:15:00:23:59,2060,"""2026-07-01T00:00:00.000Z""",15:00,23:59,false
psp:omluva:174:2060:2026-07-02:00:00:09:00,2060,"""2026-07-02T00:00:00.000Z""",00:00,09:00,false
psp:omluva:174:2060:2026-07-02:09:00:23:59,2060,"""2026-07-02T00:00:00.000Z""",09:00,23:59,false
psp:omluva:174:2060:2026-07-03:00:00:09:00,2060,"""2026-07-03T00:00:00.000Z""",00:00,09:00,false
psp:omluva:174:2060:2026-07-07:09:00:19:00,2060,"""2026-07-07T00:00:00.000Z""",09:00,19:00,false
psp:omluva:174:2060:2026-07-14:09:00:23:59,2060,"""2026-07-14T00:00:00.000Z""",09:00,23:59,false
psp:omluva:174:2060:2026-07-15:00:00:09:00,2060,"""2026-07-15T00:00:00.000Z""",00:00,09:00,false
psp:omluva:174:2061:2026-05-13:14:45:16:30,2061,"""2026-05-13T00:00:00.000Z""",14:45,16:30,false
psp:omluva:174:2061:2026-05-13:18:30:23:59,2061,"""2026-05-13T00:00:00.000Z""",18:30,23:59,false
psp:omluva:174:2061:2026-05-14:00:00:09:00,2061,"""2026-05-14T00:00:00.000Z""",00:00,09:00,false
psp:omluva:174:2061:2026-05-27:22:15:23:59,2061,"""2026-05-27T00:00:00.000Z""",22:15,23:59,false
psp:omluva:174:2061:2026-05-28:00:00:09:00,2061,"""2026-05-28T00:00:00.000Z""",00:00,09:00,false
psp:omluva:174:2061:2026-05-28:09:00:23:59,2061,"""2026-05-28T00:00:00.000Z""",09:00,23:59,false
psp:omluva:174:2061:2026-05-29:00:00:09:00,2061,"""2026-05-29T00:00:00.000Z""",00:00,09:00,false
psp:omluva:174:2061:2026-05-29:09:00:23:59,2061,"""2026-05-29T00:00:00.000Z""",09:00,23:59,false
psp:omluva:174:2061:2026-05-30:00:00:09:00,2061,"""2026-05-30T00:00:00.000Z""",00:00,09:00,false
psp:omluva:174:2061:2026-06-11:09:00:23:59,2061,"""2026-06-11T00:00:00.000Z""",09:00,23:59,false
psp:omluva:174:2061:2026-06-12:00:00:09:00,2061,"""2026-06-12T00:00:00.000Z""",00:00,09:00,false
psp:omluva:174:2061:2026-06-25:09:00:10:30,2061,"""2026-06-25T00:00:00.000Z""",09:00,10:30,false
psp:omluva:174:2062:2026-01-29:09:00:23:59,2062,"""2026-01-29T00:00:00.000Z""",09:00,23:59,false
psp:omluva:174:2062:2026-01-30:00:00:09:00,2062,"""2026-01-30T00:00:00.000Z""",00:00,09:00,false
psp:omluva:174:2062:2026-02-03:16:15:23:59,2062,"""2026-02-03T00:00:00.000Z""",16:15,23:59,false
psp:omluva:174:2062:2026-02-04:00:00:09:00,2062,"""2026-02-04T00:00:00.000Z""",00:00,09:00,false
psp:omluva:174:2062:2026-02-04:09:00:23:59,2062,"""2026-02-04T00:00:00.000Z""",09:00,23:59,false
psp:omluva:174:2062:2026-02-05:00:00:09:00,2062,"""2026-02-05T00:00:00.000Z""",00:00,09:00,false
psp:omluva:174:2062:2026-02-13:09:00:23:59,2062,"""2026-02-13T00:00:00.000Z""",09:00,23:59,false
psp:omluva:174:2062:2026-02-14:00:00:09:00,2062,"""2026-02-14T00:00:00.000Z""",00:00,09:00,false
psp:omluva:174:2062:2026-03-04:18:00:23:59,2062,"""2026-03-04T00:00:00.000Z""",18:00,23:59,false
psp:omluva:174:2062:2026-03-05:00:00:09:00,2062,"""2026-03-05T00:00:00.000Z""",00:00,09:00,false
psp:omluva:174:2062:2026-03-05:09:00:23:59,2062,"""2026-03-05T00:00:00.000Z""",09:00,23:59,false
psp:omluva:174:2062:2026-03-06:00:00:09:00,2062,"""2026-03-06T00:00:00.000Z""",00:00,09:00,false
psp:omluva:174:2062:2026-03-12:09:00:14:30,2062,"""2026-03-12T00:00:00.000Z""",09:00,14:30,false
psp:omluva:174:2062:2026-04-15:09:00:23:59,2062,"""2026-04-15T00:00:00.000Z""",09:00,23:59,false
psp:omluva:174:2062:2026-04-16:00:00:09:00,2062,"""2026-04-16T00:00:00.000Z""",00:00,09:00,false
psp:omluva:174:2062:2026-04-16:09:00:23:59,2062,"""2026-04-16T00:00:00.000Z""",09:00,23:59,false
psp:omluva:174:2062:2026-04-17:00:00:09:00,2062,"""2026-04-17T00:00:00.000Z""",00:00,09:00,false
psp:omluva:174:2062:2026-04-23:09:00:23:59,2062,"""2026-04-23T00:00:00.000Z""",09:00,23:59,false
psp:omluva:174:2062:2026-04-24:00:00:09:00,2062,"""2026-04-24T00:00:00.000Z""",00:00,09:00,false
psp:omluva:174:2062:2026-05-06:18:00:23:59,2062,"""2026-05-06T00:00:00.000Z""",18:00,23:59,false
psp:omluva:174:2062:2026-05-07:00:00:09:00,2062,"""2026-05-07T00:00:00.000Z""",00:00,09:00,false
psp:omluva:174:2062:2026-05-14:09:00:23:59,2062,"""2026-05-14T00:00:00.000Z""",09:00,23:59,false
psp:omluva:174:2062:2026-05-15:00:00:09:00,2062,"""2026-05-15T00:00:00.000Z""",00:00,09:00,false
psp:omluva:174:2062:2026-05-27:09:00:23:59,2062,"""2026-05-27T00:00:00.000Z""",09:00,23:59,false
psp:omluva:174:2062:2026-05-28:00:00:09:00,2062,"""2026-05-28T00:00:00.000Z""",00:00,09:00,false
psp:omluva:174:2062:2026-05-28:09:00:23:59,2062,"""2026-05-28T00:00:00.000Z""",09:00,23:59,false
psp:omluva:174:2062:2026-05-29:00:00:09:00,2062,"""2026-05-29T00:00:00.000Z""",00:00,09:00,false
psp:omluva:174:2062:2026-05-29:09:00:23:59,2062,"""2026-05-29T00:00:00.000Z""",09:00,23:59,false
psp:omluva:174:2062:2026-05-30:00:00:09:00,2062,"""2026-05-30T00:00:00.000Z""",00:00,09:00,false
psp:omluva:174:2062:2026-06-03:09:00:23:59,2062,"""2026-06-03T00:00:00.000Z""",09:00,23:59,false
psp:omluva:174:2062:2026-06-04:00:00:09:00,2062,"""2026-06-04T00:00:00.000Z""",00:00,09:00,false
psp:omluva:174:2062:2026-06-24:09:00:23:59,2062,"""2026-06-24T00:00:00.000Z""",09:00,23:59,false
psp:omluva:174:2062:2026-06-25:00:00:09:00,2062,"""2026-06-25T00:00:00.000Z""",00:00,09:00,false
psp:omluva:174:2062:2026-07-03:09:00:23:59,2062,"""2026-07-03T00:00:00.000Z""",09:00,23:59,false
psp:omluva:174:2062:2026-07-04:00:00:09:00,2062,"""2026-07-04T00:00:00.000Z""",00:00,09:00,false
psp:omluva:174:2062:2026-07-08:14:00:23:59,2062,"""2026-07-08T00:00:00.000Z""",14:00,23:59,false
psp:omluva:174:2062:2026-07-09:00:00:09:00,2062,"""2026-07-09T00:00:00.000Z""",00:00,09:00,false
psp:omluva:174:2062:2026-07-14:16:00:23:59,2062,"""2026-07-14T00:00:00.000Z""",16:00,23:59,false
psp:omluva:174:2062:2026-07-15:00:00:09:00,2062,"""2026-07-15T00:00:00.000Z""",00:00,09:00,false
psp:omluva:174:2063:2026-02-12:09:00:23:59,2063,"""2026-02-12T00:00:00.000Z""",09:00,23:59,false
psp:omluva:174:2063:2026-02-13:00:00:09:00,2063,"""2026-02-13T00:00:00.000Z""",00:00,09:00,false
psp:omluva:174:2063:2026-03-12:09:00:23:59,2063,"""2026-03-12T00:00:00.000Z""",09:00,23:59,false
psp:omluva:174:2063:2026-03-13:00:00:09:00,2063,"""2026-03-13T00:00:00.000Z""",00:00,09:00,false
psp:omluva:174:2063:2026-04-23:09:00:23:59,2063,"""2026-04-23T00:00:00.000Z""",09:00,23:59,false
psp:omluva:174:2063:2026-04-24:00:00:09:00,2063,"""2026-04-24T00:00:00.000Z""",00:00,09:00,false
psp:omluva:174:2063:2026-05-27:19:00:23:59,2063,"""2026-05-27T00:00:00.000Z""",19:00,23:59,false
psp:omluva:174:2063:2026-05-28:00:00:09:00,2063,"""2026-05-28T00:00:00.000Z""",00:00,09:00,false
psp:omluva:174:2063:2026-05-28:09:00:23:59,2063,"""2026-05-28T00:00:00.000Z""",09:00,23:59,false
psp:omluva:174:2063:2026-05-29:00:00:09:00,2063,"""2026-05-29T00:00:00.000Z""",00:00,09:00,false
psp:omluva:174:2063:2026-05-29:09:00:23:59,2063,"""2026-05-29T00:00:00.000Z""",09:00,23:59,false
psp:omluva:174:2063:2026-05-30:00:00:09:00,2063,"""2026-05-30T00:00:00.000Z""",00:00,09:00,false
psp:omluva:174:2063:2026-06-11:15:00:23:59,2063,"""2026-06-11T00:00:00.000Z""",15:00,23:59,false
psp:omluva:174:2063:2026-06-12:00:00:09:00,2063,"""2026-06-12T00:00:00.000Z""",00:00,09:00,false
psp:omluva:174:2063:2026-06-23:14:00:15:00,2063,"""2026-06-23T00:00:00.000Z""",14:00,15:00,false
psp:omluva:174:2063:2026-06-25:09:00:23:59,2063,"""2026-06-25T00:00:00.000Z""",09:00,23:59,false
psp:omluva:174:2063:2026-06-26:00:00:09:00,2063,"""2026-06-26T00:00:00.000Z""",00:00,09:00,false
psp:omluva:174:2063:2026-06-26:09:00:23:59,2063,"""2026-06-26T00:00:00.000Z""",09:00,23:59,false
psp:omluva:174:2063:2026-06-27:00:00:09:00,2063,"""2026-06-27T00:00:00.000Z""",00:00,09:00,false
psp:omluva:174:2063:2026-07-02:14:30:23:59,2063,"""2026-07-02T00:00:00.000Z""",14:30,23:59,false
psp:omluva:174:2063:2026-07-03:00:00:09:00,2063,"""2026-07-03T00:00:00.000Z""",00:00,09:00,false
psp:omluva:174:2063:2026-07-03:13:00:23:59,2063,"""2026-07-03T00:00:00.000Z""",13:00,23:59,false
psp:omluva:174:2063:2026-07-04:00:00:09:00,2063,"""2026-07-04T00:00:00.000Z""",00:00,09:00,false
psp:omluva:174:2063:2026-07-07:09:00:10:00,2063,"""2026-07-07T00:00:00.000Z""",09:00,10:00,false
psp:omluva:174:2064:2026-02-13:09:00:23:59,2064,"""2026-02-13T00:00:00.000Z""",09:00,23:59,false
psp:omluva:174:2064:2026-02-14:00:00:09:00,2064,"""2026-02-14T00:00:00.000Z""",00:00,09:00,false
psp:omluva:174:2064:2026-04-14:09:00:23:59,2064,"""2026-04-14T00:00:00.000Z""",09:00,23:59,false
psp:omluva:174:2064:2026-04-15:00:00:09:00,2064,"""2026-04-15T00:00:00.000Z""",00:00,09:00,false
psp:omluva:174:2064:2026-04-17:11:00:23:59,2064,"""2026-04-17T00:00:00.000Z""",11:00,23:59,false
psp:omluva:174:2064:2026-04-18:00:00:09:00,2064,"""2026-04-18T00:00:00.000Z""",00:00,09:00,false
psp:omluva:174:2064:2026-04-23:09:00:23:59,2064,"""2026-04-23T00:00:00.000Z""",09:00,23:59,false
psp:omluva:174:2064:2026-04-24:00:00:09:00,2064,"""2026-04-24T00:00:00.000Z""",00:00,09:00,false
psp:omluva:174:2064:2026-05-13:11:00:12:00,2064,"""2026-05-13T00:00:00.000Z""",11:00,12:00,false
psp:omluva:174:2064:2026-05-15:09:00:23:59,2064,"""2026-05-15T00:00:00.000Z""",09:00,23:59,false
psp:omluva:174:2064:2026-05-16:00:00:09:00,2064,"""2026-05-16T00:00:00.000Z""",00:00,09:00,false
psp:omluva:174:2064:2026-05-28:09:00:23:59,2064,"""2026-05-28T00:00:00.000Z""",09:00,23:59,false
psp:omluva:174:2064:2026-05-29:00:00:09:00,2064,"""2026-05-29T00:00:00.000Z""",00:00,09:00,false
psp:omluva:174:2064:2026-05-29:09:00:23:59,2064,"""2026-05-29T00:00:00.000Z""",09:00,23:59,false
psp:omluva:174:2064:2026-05-30:00:00:09:00,2064,"""2026-05-30T00:00:00.000Z""",00:00,09:00,false
psp:omluva:174:2064:2026-06-25:09:00:23:59,2064,"""2026-06-25T00:00:00.000Z""",09:00,23:59,false
psp:omluva:174:2064:2026-06-26:00:00:09:00,2064,"""2026-06-26T00:00:00.000Z""",00:00,09:00,false
psp:omluva:174:2064:2026-06-26:09:00:23:59,2064,"""2026-06-26T00:00:00.000Z""",09:00,23:59,false
psp:omluva:174:2064:2026-06-27:00:00:09:00,2064,"""2026-06-27T00:00:00.000Z""",00:00,09:00,false
psp:omluva:174:2064:2026-07-03:09:00:23:59,2064,"""2026-07-03T00:00:00.000Z""",09:00,23:59,false
psp:omluva:174:2064:2026-07-04:00:00:09:00,2064,"""2026-07-04T00:00:00.000Z""",00:00,09:00,false
psp:omluva:174:2065:2026-02-11:09:00:10:30,2065,"""2026-02-11T00:00:00.000Z""",09:00,10:30,false
psp:omluva:174:2065:2026-02-12:12:00:14:30,2065,"""2026-02-12T00:00:00.000Z""",12:00,14:30,false
psp:omluva:174:2065:2026-02-13:09:00:23:59,2065,"""2026-02-13T00:00:00.000Z""",09:00,23:59,false
psp:omluva:174:2065:2026-02-14:00:00:09:00,2065,"""2026-02-14T00:00:00.000Z""",00:00,09:00,false
psp:omluva:174:2065:2026-03-03:20:30:23:59,2065,"""2026-03-03T00:00:00.000Z""",20:30,23:59,false
psp:omluva:174:2065:2026-03-04:00:00:09:00,2065,"""2026-03-04T00:00:00.000Z""",00:00,09:00,false
psp:omluva:174:2065:2026-03-05:09:00:11:00,2065,"""2026-03-05T00:00:00.000Z""",09:00,11:00,false
psp:omluva:174:2065:2026-03-05:11:00:13:00,2065,"""2026-03-05T00:00:00.000Z""",11:00,13:00,false
psp:omluva:174:2065:2026-03-05:13:00:14:30,2065,"""2026-03-05T00:00:00.000Z""",13:00,14:30,false
psp:omluva:174:2065:2026-03-05:14:30:16:30,2065,"""2026-03-05T00:00:00.000Z""",14:30,16:30,false
psp:omluva:174:2065:2026-03-06:09:00:23:59,2065,"""2026-03-06T00:00:00.000Z""",09:00,23:59,false
psp:omluva:174:2065:2026-03-07:00:00:09:00,2065,"""2026-03-07T00:00:00.000Z""",00:00,09:00,false
psp:omluva:174:2065:2026-03-10:18:30:23:59,2065,"""2026-03-10T00:00:00.000Z""",18:30,23:59,false
psp:omluva:174:2065:2026-03-11:00:00:09:00,2065,"""2026-03-11T00:00:00.000Z""",00:00,09:00,false
psp:omluva:174:2065:2026-03-11:19:15:23:59,2065,"""2026-03-11T00:00:00.000Z""",19:15,23:59,false
psp:omluva:174:2065:2026-03-12:00:00:09:00,2065,"""2026-03-12T00:00:00.000Z""",00:00,09:00,false
psp:omluva:174:2065:2026-03-12:09:00:23:59,2065,"""2026-03-12T00:00:00.000Z""",09:00,23:59,false
psp:omluva:174:2065:2026-03-13:00:00:09:00,2065,"""2026-03-13T00:00:00.000Z""",00:00,09:00,false
psp:omluva:174:2065:2026-03-13:09:00:23:59,2065,"""2026-03-13T00:00:00.000Z""",09:00,23:59,false
psp:omluva:174:2065:2026-03-14:00:00:09:00,2065,"""2026-03-14T00:00:00.000Z""",00:00,09:00,false
psp:omluva:174:2065:2026-03-25:09:00:13:00,2065,"""2026-03-25T00:00:00.000Z""",09:00,13:00,false
psp:omluva:174:2065:2026-03-25:11:00:13:00,2065,"""2026-03-25T00:00:00.000Z""",11:00,13:00,false
psp:omluva:174:2065:2026-04-14:19:00:23:59,2065,"""2026-04-14T00:00:00.000Z""",19:00,23:59,false
psp:omluva:174:2065:2026-04-15:00:00:09:00,2065,"""2026-04-15T00:00:00.000Z""",00:00,09:00,false
psp:omluva:174:2065:2026-04-15:16:30:23:59,2065,"""2026-04-15T00:00:00.000Z""",16:30,23:59,false
psp:omluva:174:2065:2026-04-16:00:00:09:00,2065,"""2026-04-16T00:00:00.000Z""",00:00,09:00,false
psp:omluva:174:2065:2026-04-16:15:00:23:59,2065,"""2026-04-16T00:00:00.000Z""",15:00,23:59,false
psp:omluva:174:2065:2026-04-17:00:00:09:00,2065,"""2026-04-17T00:00:00.000Z""",00:00,09:00,false
psp:omluva:174:2065:2026-04-17:09:00:10:00,2065,"""2026-04-17T00:00:00.000Z""",09:00,10:00,false
psp:omluva:174:2065:2026-04-17:16:30:23:59,2065,"""2026-04-17T00:00:00.000Z""",16:30,23:59,false
psp:omluva:174:2065:2026-04-18:00:00:09:00,2065,"""2026-04-18T00:00:00.000Z""",00:00,09:00,false
psp:omluva:174:2065:2026-04-21:14:45:23:59,2065,"""2026-04-21T00:00:00.000Z""",14:45,23:59,false
psp:omluva:174:2065:2026-04-22:00:00:09:00,2065,"""2026-04-22T00:00:00.000Z""",00:00,09:00,false
psp:omluva:174:2065:2026-04-22:10:00:12:00,2065,"""2026-04-22T00:00:00.000Z""",10:00,12:00,false
psp:omluva:174:2065:2026-04-22:14:15:16:30,2065,"""2026-04-22T00:00:00.000Z""",14:15,16:30,false
psp:omluva:174:2065:2026-05-06:09:00:09:30,2065,"""2026-05-06T00:00:00.000Z""",09:00,09:30,false
psp:omluva:174:2065:2026-05-06:09:00:11:00,2065,"""2026-05-06T00:00:00.000Z""",09:00,11:00,false
psp:omluva:174:2065:2026-05-13:16:00:23:59,2065,"""2026-05-13T00:00:00.000Z""",16:00,23:59,false
psp:omluva:174:2065:2026-05-14:00:00:09:00,2065,"""2026-05-14T00:00:00.000Z""",00:00,09:00,false
psp:omluva:174:2065:2026-05-14:15:00:23:59,2065,"""2026-05-14T00:00:00.000Z""",15:00,23:59,false
psp:omluva:174:2065:2026-05-15:00:00:09:00,2065,"""2026-05-15T00:00:00.000Z""",00:00,09:00,false
psp:omluva:174:2065:2026-05-27:15:00:23:59,2065,"""2026-05-27T00:00:00.000Z""",15:00,23:59,false
psp:omluva:174:2065:2026-05-28:00:00:09:00,2065,"""2026-05-28T00:00:00.000Z""",00:00,09:00,false
psp:omluva:174:2065:2026-05-28:09:00:11:00,2065,"""2026-05-28T00:00:00.000Z""",09:00,11:00,false
psp:omluva:174:2065:2026-05-28:15:00:23:59,2065,"""2026-05-28T00:00:00.000Z""",15:00,23:59,false
psp:omluva:174:2065:2026-05-29:00:00:09:00,2065,"""2026-05-29T00:00:00.000Z""",00:00,09:00,false
psp:omluva:174:2065:2026-05-29:09:00:09:30,2065,"""2026-05-29T00:00:00.000Z""",09:00,09:30,false
psp:omluva:174:2065:2026-06-02:09:00:23:59,2065,"""2026-06-02T00:00:00.000Z""",09:00,23:59,false
psp:omluva:174:2065:2026-06-03:00:00:09:00,2065,"""2026-06-03T00:00:00.000Z""",00:00,09:00,false
psp:omluva:174:2065:2026-06-03:09:00:12:00,2065,"""2026-06-03T00:00:00.000Z""",09:00,12:00,false
psp:omluva:174:2065:2026-06-04:09:00:09:30,2065,"""2026-06-04T00:00:00.000Z""",09:00,09:30,false
psp:omluva:174:2065:2026-06-11:17:46:23:59,2065,"""2026-06-11T00:00:00.000Z""",17:46,23:59,false
psp:omluva:174:2065:2026-06-12:00:00:09:00,2065,"""2026-06-12T00:00:00.000Z""",00:00,09:00,false
psp:omluva:174:2065:2026-06-23:15:40:19:00,2065,"""2026-06-23T00:00:00.000Z""",15:40,19:00,false
psp:omluva:174:2065:2026-06-24:15:00:23:59,2065,"""2026-06-24T00:00:00.000Z""",15:00,23:59,false
psp:omluva:174:2065:2026-06-25:00:00:09:00,2065,"""2026-06-25T00:00:00.000Z""",00:00,09:00,false
psp:omluva:174:2065:2026-06-25:09:00:10:00,2065,"""2026-06-25T00:00:00.000Z""",09:00,10:00,false
psp:omluva:174:2065:2026-06-25:15:15:23:59,2065,"""2026-06-25T00:00:00.000Z""",15:15,23:59,false
psp:omluva:174:2065:2026-06-26:00:00:09:00,2065,"""2026-06-26T00:00:00.000Z""",00:00,09:00,false
psp:omluva:174:2065:2026-06-26:09:00:12:00,2065,"""2026-06-26T00:00:00.000Z""",09:00,12:00,false
psp:omluva:174:2065:2026-07-01:15:00:23:59,2065,"""2026-07-01T00:00:00.000Z""",15:00,23:59,false
psp:omluva:174:2065:2026-07-02:00:00:09:00,2065,"""2026-07-02T00:00:00.000Z""",00:00,09:00,false
psp:omluva:174:2065:2026-07-02:09:00:23:59,2065,"""2026-07-02T00:00:00.000Z""",09:00,23:59,false
psp:omluva:174:2065:2026-07-03:00:00:09:00,2065,"""2026-07-03T00:00:00.000Z""",00:00,09:00,false
psp:omluva:174:2065:2026-07-03:09:00:23:59,2065,"""2026-07-03T00:00:00.000Z""",09:00,23:59,false
psp:omluva:174:2065:2026-07-04:00:00:09:00,2065,"""2026-07-04T00:00:00.000Z""",00:00,09:00,false
psp:omluva:174:2065:2026-07-04:09:00:23:59,2065,"""2026-07-04T00:00:00.000Z""",09:00,23:59,false
psp:omluva:174:2065:2026-07-05:00:00:09:00,2065,"""2026-07-05T00:00:00.000Z""",00:00,09:00,false
psp:omluva:174:2065:2026-07-05:09:00:23:59,2065,"""2026-07-05T00:00:00.000Z""",09:00,23:59,false
psp:omluva:174:2065:2026-07-06:00:00:09:00,2065,"""2026-07-06T00:00:00.000Z""",00:00,09:00,false
psp:omluva:174:2065:2026-07-06:09:00:23:59,2065,"""2026-07-06T00:00:00.000Z""",09:00,23:59,false
psp:omluva:174:2065:2026-07-07:00:00:09:00,2065,"""2026-07-07T00:00:00.000Z""",00:00,09:00,false
psp:omluva:174:2065:2026-07-07:09:00:23:59,2065,"""2026-07-07T00:00:00.000Z""",09:00,23:59,false
psp:omluva:174:2065:2026-07-08:00:00:09:00,2065,"""2026-07-08T00:00:00.000Z""",00:00,09:00,false
psp:omluva:174:2065:2026-07-08:09:00:23:59,2065,"""2026-07-08T00:00:00.000Z""",09:00,23:59,false
psp:omluva:174:2065:2026-07-09:00:00:09:00,2065,"""2026-07-09T00:00:00.000Z""",00:00,09:00,false
psp:omluva:174:2065:2026-07-09:09:00:23:59,2065,"""2026-07-09T00:00:00.000Z""",09:00,23:59,false
psp:omluva:174:2065:2026-07-10:00:00:09:00,2065,"""2026-07-10T00:00:00.000Z""",00:00,09:00,false
psp:omluva:174:2065:2026-07-10:09:00:23:59,2065,"""2026-07-10T00:00:00.000Z""",09:00,23:59,false
psp:omluva:174:2065:2026-07-11:00:00:09:00,2065,"""2026-07-11T00:00:00.000Z""",00:00,09:00,false
psp:omluva:174:2065:2026-07-11:09:00:23:59,2065,"""2026-07-11T00:00:00.000Z""",09:00,23:59,false
psp:omluva:174:2065:2026-07-12:00:00:09:00,2065,"""2026-07-12T00:00:00.000Z""",00:00,09:00,false
psp:omluva:174:2065:2026-07-12:09:00:23:59,2065,"""2026-07-12T00:00:00.000Z""",09:00,23:59,false
psp:omluva:174:2065:2026-07-13:00:00:09:00,2065,"""2026-07-13T00:00:00.000Z""",00:00,09:00,false
psp:omluva:174:2065:2026-07-13:09:00:23:59,2065,"""2026-07-13T00:00:00.000Z""",09:00,23:59,false
psp:omluva:174:2065:2026-07-14:00:00:09:00,2065,"""2026-07-14T00:00:00.000Z""",00:00,09:00,false
psp:omluva:174:2065:2026-07-14:09:00:23:59,2065,"""2026-07-14T00:00:00.000Z""",09:00,23:59,false
psp:omluva:174:2065:2026-07-15:00:00:09:00,2065,"""2026-07-15T00:00:00.000Z""",00:00,09:00,false
psp:omluva:174:2065:2026-07-15:09:00:23:59,2065,"""2026-07-15T00:00:00.000Z""",09:00,23:59,false
psp:omluva:174:2065:2026-07-16:00:00:09:00,2065,"""2026-07-16T00:00:00.000Z""",00:00,09:00,false
psp:omluva:174:2065:2026-07-16:09:00:23:59,2065,"""2026-07-16T00:00:00.000Z""",09:00,23:59,false
psp:omluva:174:2065:2026-07-17:00:00:09:00,2065,"""2026-07-17T00:00:00.000Z""",00:00,09:00,false
psp:omluva:174:2065:2026-07-17:09:00:23:59,2065,"""2026-07-17T00:00:00.000Z""",09:00,23:59,false
psp:omluva:174:2065:2026-07-18:00:00:09:00,2065,"""2026-07-18T00:00:00.000Z""",00:00,09:00,false
psp:omluva:174:2066:2026-05-06:09:00:10:00,2066,"""2026-05-06T00:00:00.000Z""",09:00,10:00,false
psp:omluva:174:2066:2026-05-26:09:00:23:59,2066,"""2026-05-26T00:00:00.000Z""",09:00,23:59,false
psp:omluva:174:2066:2026-05-27:00:00:09:00,2066,"""2026-05-27T00:00:00.000Z""",00:00,09:00,false
psp:omluva:174:2066:2026-05-27:09:00:23:59,2066,"""2026-05-27T00:00:00.000Z""",09:00,23:59,false
psp:omluva:174:2066:2026-05-28:00:00:09:00,2066,"""2026-05-28T00:00:00.000Z""",00:00,09:00,false
psp:omluva:174:2066:2026-07-03:09:00:23:59,2066,"""2026-07-03T00:00:00.000Z""",09:00,23:59,false
psp:omluva:174:2066:2026-07-04:00:00:09:00,2066,"""2026-07-04T00:00:00.000Z""",00:00,09:00,false
psp:omluva:174:2067:2026-02-03:09:00:18:00,2067,"""2026-02-03T00:00:00.000Z""",09:00,18:00,false
psp:omluva:174:2067:2026-02-11:09:00:15:00,2067,"""2026-02-11T00:00:00.000Z""",09:00,15:00,false
psp:omluva:174:2067:2026-02-13:11:00:23:59,2067,"""2026-02-13T00:00:00.000Z""",11:00,23:59,false
psp:omluva:174:2067:2026-02-14:00:00:09:00,2067,"""2026-02-14T00:00:00.000Z""",00:00,09:00,false
psp:omluva:174:2067:2026-03-13:13:30:23:59,2067,"""2026-03-13T00:00:00.000Z""",13:30,23:59,false
psp:omluva:174:2067:2026-03-14:00:00:09:00,2067,"""2026-03-14T00:00:00.000Z""",00:00,09:00,false
psp:omluva:174:2067:2026-04-17:11:00:23:59,2067,"""2026-04-17T00:00:00.000Z""",11:00,23:59,false
psp:omluva:174:2067:2026-04-18:00:00:09:00,2067,"""2026-04-18T00:00:00.000Z""",00:00,09:00,false
psp:omluva:174:2067:2026-04-21:20:00:23:59,2067,"""2026-04-21T00:00:00.000Z""",20:00,23:59,false
psp:omluva:174:2067:2026-04-22:00:00:09:00,2067,"""2026-04-22T00:00:00.000Z""",00:00,09:00,false
psp:omluva:174:2067:2026-04-22:09:00:23:59,2067,"""2026-04-22T00:00:00.000Z""",09:00,23:59,false
psp:omluva:174:2067:2026-04-23:00:00:09:00,2067,"""2026-04-23T00:00:00.000Z""",00:00,09:00,false
psp:omluva:174:2067:2026-05-13:19:00:23:59,2067,"""2026-05-13T00:00:00.000Z""",19:00,23:59,false
psp:omluva:174:2067:2026-05-14:00:00:09:00,2067,"""2026-05-14T00:00:00.000Z""",00:00,09:00,false
psp:omluva:174:2067:2026-05-14:09:00:23:59,2067,"""2026-05-14T00:00:00.000Z""",09:00,23:59,false
psp:omluva:174:2067:2026-05-15:00:00:09:00,2067,"""2026-05-15T00:00:00.000Z""",00:00,09:00,false
psp:omluva:174:2067:2026-05-26:09:00:23:59,2067,"""2026-05-26T00:00:00.000Z""",09:00,23:59,false
psp:omluva:174:2067:2026-05-27:00:00:09:00,2067,"""2026-05-27T00:00:00.000Z""",00:00,09:00,false
psp:omluva:174:2067:2026-05-27:09:00:23:59,2067,"""2026-05-27T00:00:00.000Z""",09:00,23:59,false
psp:omluva:174:2067:2026-05-28:00:00:09:00,2067,"""2026-05-28T00:00:00.000Z""",00:00,09:00,false
psp:omluva:174:2067:2026-05-28:09:00:23:59,2067,"""2026-05-28T00:00:00.000Z""",09:00,23:59,false
psp:omluva:174:2067:2026-05-29:00:00:09:00,2067,"""2026-05-29T00:00:00.000Z""",00:00,09:00,false
psp:omluva:174:2067:2026-06-23:09:00:20:00,2067,"""2026-06-23T00:00:00.000Z""",09:00,20:00,false
psp:omluva:174:2067:2026-06-30:09:00:23:59,2067,"""2026-06-30T00:00:00.000Z""",09:00,23:59,false
psp:omluva:174:2067:2026-07-01:00:00:09:00,2067,"""2026-07-01T00:00:00.000Z""",00:00,09:00,false
psp:omluva:174:2067:2026-07-01:09:00:23:59,2067,"""2026-07-01T00:00:00.000Z""",09:00,23:59,false
psp:omluva:174:2067:2026-07-02:00:00:09:00,2067,"""2026-07-02T00:00:00.000Z""",00:00,09:00,false
psp:omluva:174:2067:2026-07-02:09:00:23:59,2067,"""2026-07-02T00:00:00.000Z""",09:00,23:59,false
psp:omluva:174:2067:2026-07-03:00:00:09:00,2067,"""2026-07-03T00:00:00.000Z""",00:00,09:00,false
psp:omluva:174:2067:2026-07-03:09:00:23:59,2067,"""2026-07-03T00:00:00.000Z""",09:00,23:59,false
psp:omluva:174:2067:2026-07-04:00:00:09:00,2067,"""2026-07-04T00:00:00.000Z""",00:00,09:00,false
psp:omluva:174:2067:2026-07-07:09:00:12:00,2067,"""2026-07-07T00:00:00.000Z""",09:00,12:00,false
psp:omluva:174:2067:2026-07-14:11:30:23:59,2067,"""2026-07-14T00:00:00.000Z""",11:30,23:59,false
psp:omluva:174:2067:2026-07-15:00:00:09:00,2067,"""2026-07-15T00:00:00.000Z""",00:00,09:00,false
psp:omluva:174:2068:2025-11-05:10:50:11:05,2068,"""2025-11-05T00:00:00.000Z""",10:50,11:05,false
psp:omluva:174:2068:2025-11-26:09:00:13:00,2068,"""2025-11-26T00:00:00.000Z""",09:00,13:00,false
psp:omluva:174:2068:2025-11-26:23:00:23:30,2068,"""2025-11-26T00:00:00.000Z""",23:00,23:30,false
psp:omluva:174:2068:2026-01-29:09:00:09:10,2068,"""2026-01-29T00:00:00.000Z""",09:00,09:10,false
psp:omluva:174:2068:2026-01-29:12:15:12:30,2068,"""2026-01-29T00:00:00.000Z""",12:15,12:30,false
psp:omluva:174:2068:2026-01-30:10:35:11:30,2068,"""2026-01-30T00:00:00.000Z""",10:35,11:30,false
psp:omluva:174:2068:2026-02-03:15:00:15:30,2068,"""2026-02-03T00:00:00.000Z""",15:00,15:30,false
psp:omluva:174:2068:2026-02-10:17:30:23:59,2068,"""2026-02-10T00:00:00.000Z""",17:30,23:59,false
psp:omluva:174:2068:2026-02-11:00:00:09:00,2068,"""2026-02-11T00:00:00.000Z""",00:00,09:00,false
psp:omluva:174:2068:2026-02-11:09:00:23:59,2068,"""2026-02-11T00:00:00.000Z""",09:00,23:59,false
psp:omluva:174:2068:2026-02-12:00:00:09:00,2068,"""2026-02-12T00:00:00.000Z""",00:00,09:00,false
psp:omluva:174:2068:2026-02-12:09:00:23:59,2068,"""2026-02-12T00:00:00.000Z""",09:00,23:59,false
psp:omluva:174:2068:2026-02-13:00:00:09:00,2068,"""2026-02-13T00:00:00.000Z""",00:00,09:00,false
psp:omluva:174:2068:2026-02-13:10:50:11:00,2068,"""2026-02-13T00:00:00.000Z""",10:50,11:00,false
psp:omluva:174:2068:2026-03-03:14:15:15:00,2068,"""2026-03-03T00:00:00.000Z""",14:15,15:00,false
psp:omluva:174:2068:2026-03-03:20:00:20:15,2068,"""2026-03-03T00:00:00.000Z""",20:00,20:15,false
psp:omluva:174:2068:2026-03-04:09:00:10:00,2068,"""2026-03-04T00:00:00.000Z""",09:00,10:00,false
psp:omluva:174:2068:2026-03-05:09:00:13:00,2068,"""2026-03-05T00:00:00.000Z""",09:00,13:00,false
psp:omluva:174:2068:2026-03-11:09:00:10:30,2068,"""2026-03-11T00:00:00.000Z""",09:00,10:30,false
psp:omluva:174:2068:2026-03-12:09:00:13:00,2068,"""2026-03-12T00:00:00.000Z""",09:00,13:00,false
psp:omluva:174:2068:2026-03-13:09:30:10:30,2068,"""2026-03-13T00:00:00.000Z""",09:30,10:30,false
psp:omluva:174:2068:2026-03-25:09:00:23:59,2068,"""2026-03-25T00:00:00.000Z""",09:00,23:59,false
psp:omluva:174:2068:2026-03-26:00:00:09:00,2068,"""2026-03-26T00:00:00.000Z""",00:00,09:00,false
psp:omluva:174:2068:2026-04-14:09:00:20:30,2068,"""2026-04-14T00:00:00.000Z""",09:00,20:30,false
psp:omluva:174:2068:2026-04-15:09:00:16:00,2068,"""2026-04-15T00:00:00.000Z""",09:00,16:00,false
psp:omluva:174:2068:2026-04-17:09:00:23:59,2068,"""2026-04-17T00:00:00.000Z""",09:00,23:59,false
psp:omluva:174:2068:2026-04-18:00:00:09:00,2068,"""2026-04-18T00:00:00.000Z""",00:00,09:00,false
psp:omluva:174:2068:2026-04-21:09:00:11:00,2068,"""2026-04-21T00:00:00.000Z""",09:00,11:00,false
psp:omluva:174:2068:2026-04-21:21:00:22:00,2068,"""2026-04-21T00:00:00.000Z""",21:00,22:00,false
psp:omluva:174:2068:2026-04-22:16:00:19:00,2068,"""2026-04-22T00:00:00.000Z""",16:00,19:00,false
psp:omluva:174:2068:2026-04-23:12:00:13:00,2068,"""2026-04-23T00:00:00.000Z""",12:00,13:00,false
psp:omluva:174:2068:2026-04-23:13:00:13:30,2068,"""2026-04-23T00:00:00.000Z""",13:00,13:30,false
psp:omluva:174:2068:2026-05-05:09:00:23:59,2068,"""2026-05-05T00:00:00.000Z""",09:00,23:59,false
psp:omluva:174:2068:2026-05-06:00:00:09:00,2068,"""2026-05-06T00:00:00.000Z""",00:00,09:00,false
psp:omluva:174:2068:2026-05-06:09:00:23:59,2068,"""2026-05-06T00:00:00.000Z""",09:00,23:59,false
psp:omluva:174:2068:2026-05-07:00:00:09:00,2068,"""2026-05-07T00:00:00.000Z""",00:00,09:00,false
psp:omluva:174:2068:2026-05-13:09:00:10:00,2068,"""2026-05-13T00:00:00.000Z""",09:00,10:00,false
psp:omluva:174:2068:2026-05-14:09:00:23:59,2068,"""2026-05-14T00:00:00.000Z""",09:00,23:59,false
psp:omluva:174:2068:2026-05-15:00:00:09:00,2068,"""2026-05-15T00:00:00.000Z""",00:00,09:00,false
psp:omluva:174:2068:2026-05-27:09:00:23:59,2068,"""2026-05-27T00:00:00.000Z""",09:00,23:59,false
psp:omluva:174:2068:2026-05-28:00:00:09:00,2068,"""2026-05-28T00:00:00.000Z""",00:00,09:00,false
psp:omluva:174:2068:2026-05-28:09:00:23:59,2068,"""2026-05-28T00:00:00.000Z""",09:00,23:59,false
psp:omluva:174:2068:2026-05-29:00:00:09:00,2068,"""2026-05-29T00:00:00.000Z""",00:00,09:00,false
psp:omluva:174:2068:2026-05-29:09:00:23:59,2068,"""2026-05-29T00:00:00.000Z""",09:00,23:59,false
psp:omluva:174:2068:2026-05-30:00:00:09:00,2068,"""2026-05-30T00:00:00.000Z""",00:00,09:00,false
psp:omluva:174:2068:2026-06-03:14:00:15:00,2068,"""2026-06-03T00:00:00.000Z""",14:00,15:00,false
psp:omluva:174:2068:2026-06-05:09:00:10:00,2068,"""2026-06-05T00:00:00.000Z""",09:00,10:00,false
psp:omluva:174:2068:2026-06-11:14:00:15:00,2068,"""2026-06-11T00:00:00.000Z""",14:00,15:00,false
psp:omluva:174:2068:2026-06-11:15:00:16:00,2068,"""2026-06-11T00:00:00.000Z""",15:00,16:00,false
psp:omluva:174:2068:2026-06-24:15:25:18:15,2068,"""2026-06-24T00:00:00.000Z""",15:25,18:15,false
psp:omluva:174:2068:2026-06-25:09:00:13:00,2068,"""2026-06-25T00:00:00.000Z""",09:00,13:00,false
psp:omluva:174:2068:2026-06-26:13:00:23:59,2068,"""2026-06-26T00:00:00.000Z""",13:00,23:59,false
psp:omluva:174:2068:2026-06-27:00:00:09:00,2068,"""2026-06-27T00:00:00.000Z""",00:00,09:00,false
psp:omluva:174:2068:2026-06-30:17:30:23:59,2068,"""2026-06-30T00:00:00.000Z""",17:30,23:59,false
psp:omluva:174:2068:2026-07-01:00:00:09:00,2068,"""2026-07-01T00:00:00.000Z""",00:00,09:00,false
psp:omluva:174:2068:2026-07-01:09:00:23:59,2068,"""2026-07-01T00:00:00.000Z""",09:00,23:59,false
psp:omluva:174:2068:2026-07-02:00:00:09:00,2068,"""2026-07-02T00:00:00.000Z""",00:00,09:00,false
psp:omluva:174:2068:2026-07-02:09:00:23:59,2068,"""2026-07-02T00:00:00.000Z""",09:00,23:59,false
psp:omluva:174:2068:2026-07-03:00:00:09:00,2068,"""2026-07-03T00:00:00.000Z""",00:00,09:00,false
psp:omluva:174:2068:2026-07-03:09:00:23:59,2068,"""2026-07-03T00:00:00.000Z""",09:00,23:59,false
psp:omluva:174:2068:2026-07-04:00:00:09:00,2068,"""2026-07-04T00:00:00.000Z""",00:00,09:00,false
psp:omluva:174:2068:2026-07-07:14:30:15:00,2068,"""2026-07-07T00:00:00.000Z""",14:30,15:00,false
psp:omluva:174:2068:2026-07-14:11:30:12:00,2068,"""2026-07-14T00:00:00.000Z""",11:30,12:00,false
psp:omluva:174:2068:2026-07-14:12:00:23:59,2068,"""2026-07-14T00:00:00.000Z""",12:00,23:59,false
psp:omluva:174:2068:2026-07-15:00:00:09:00,2068,"""2026-07-15T00:00:00.000Z""",00:00,09:00,false
psp:omluva:174:2069:2026-01-15:14:37:18:00,2069,"""2026-01-15T00:00:00.000Z""",14:37,18:00,false
psp:omluva:174:2069:2026-01-27:13:00:23:59,2069,"""2026-01-27T00:00:00.000Z""",13:00,23:59,false
psp:omluva:174:2069:2026-01-28:00:00:09:00,2069,"""2026-01-28T00:00:00.000Z""",00:00,09:00,false
psp:omluva:174:2069:2026-02-10:14:00:23:59,2069,"""2026-02-10T00:00:00.000Z""",14:00,23:59,false
psp:omluva:174:2069:2026-02-11:00:00:09:00,2069,"""2026-02-11T00:00:00.000Z""",00:00,09:00,false
psp:omluva:174:2069:2026-03-10:14:00:22:00,2069,"""2026-03-10T00:00:00.000Z""",14:00,22:00,false
psp:omluva:174:2069:2026-04-14:14:00:23:59,2069,"""2026-04-14T00:00:00.000Z""",14:00,23:59,false
psp:omluva:174:2069:2026-04-15:00:00:09:00,2069,"""2026-04-15T00:00:00.000Z""",00:00,09:00,false
psp:omluva:174:2069:2026-06-23:14:00:20:00,2069,"""2026-06-23T00:00:00.000Z""",14:00,20:00,false
psp:omluva:174:2070:2025-11-14:09:00:23:59,2070,"""2025-11-14T00:00:00.000Z""",09:00,23:59,false
psp:omluva:174:2070:2025-11-15:00:00:09:00,2070,"""2025-11-15T00:00:00.000Z""",00:00,09:00,false
psp:omluva:174:2070:2026-03-10:09:00:23:59,2070,"""2026-03-10T00:00:00.000Z""",09:00,23:59,false
psp:omluva:174:2070:2026-03-11:00:00:09:00,2070,"""2026-03-11T00:00:00.000Z""",00:00,09:00,false
psp:omluva:174:2070:2026-03-12:10:00:13:00,2070,"""2026-03-12T00:00:00.000Z""",10:00,13:00,false
psp:omluva:174:2070:2026-05-14:09:00:23:59,2070,"""2026-05-14T00:00:00.000Z""",09:00,23:59,false
psp:omluva:174:2070:2026-05-15:00:00:09:00,2070,"""2026-05-15T00:00:00.000Z""",00:00,09:00,false
psp:omluva:174:2070:2026-05-26:09:00:23:59,2070,"""2026-05-26T00:00:00.000Z""",09:00,23:59,false
psp:omluva:174:2070:2026-05-27:00:00:09:00,2070,"""2026-05-27T00:00:00.000Z""",00:00,09:00,false
psp:omluva:174:2070:2026-05-27:09:00:23:59,2070,"""2026-05-27T00:00:00.000Z""",09:00,23:59,false
psp:omluva:174:2070:2026-05-28:00:00:09:00,2070,"""2026-05-28T00:00:00.000Z""",00:00,09:00,false
psp:omluva:174:2070:2026-05-28:09:00:23:59,2070,"""2026-05-28T00:00:00.000Z""",09:00,23:59,false
psp:omluva:174:2070:2026-05-29:00:00:09:00,2070,"""2026-05-29T00:00:00.000Z""",00:00,09:00,false
psp:omluva:174:2070:2026-05-29:09:00:23:59,2070,"""2026-05-29T00:00:00.000Z""",09:00,23:59,false
psp:omluva:174:2070:2026-05-30:00:00:09:00,2070,"""2026-05-30T00:00:00.000Z""",00:00,09:00,false
psp:omluva:174:2070:2026-06-04:14:30:23:59,2070,"""2026-06-04T00:00:00.000Z""",14:30,23:59,false
psp:omluva:174:2070:2026-06-05:00:00:09:00,2070,"""2026-06-05T00:00:00.000Z""",00:00,09:00,false
psp:omluva:174:2070:2026-06-05:09:00:23:59,2070,"""2026-06-05T00:00:00.000Z""",09:00,23:59,false
psp:omluva:174:2070:2026-06-06:00:00:09:00,2070,"""2026-06-06T00:00:00.000Z""",00:00,09:00,false
psp:omluva:174:2070:2026-06-11:15:00:23:59,2070,"""2026-06-11T00:00:00.000Z""",15:00,23:59,false
psp:omluva:174:2070:2026-06-12:00:00:09:00,2070,"""2026-06-12T00:00:00.000Z""",00:00,09:00,false
psp:omluva:174:2070:2026-06-30:21:00:23:59,2070,"""2026-06-30T00:00:00.000Z""",21:00,23:59,false
psp:omluva:174:2070:2026-07-01:00:00:09:00,2070,"""2026-07-01T00:00:00.000Z""",00:00,09:00,false
psp:omluva:174:2070:2026-07-14:09:00:11:45,2070,"""2026-07-14T00:00:00.000Z""",09:00,11:45,false
psp:omluva:174:2071:2026-02-03:22:51:23:59,2071,"""2026-02-03T00:00:00.000Z""",22:51,23:59,false
psp:omluva:174:2071:2026-02-04:00:00:09:00,2071,"""2026-02-04T00:00:00.000Z""",00:00,09:00,false
psp:omluva:174:2071:2026-02-04:09:00:16:00,2071,"""2026-02-04T00:00:00.000Z""",09:00,16:00,false
psp:omluva:174:2071:2026-04-17:13:45:23:59,2071,"""2026-04-17T00:00:00.000Z""",13:45,23:59,false
psp:omluva:174:2071:2026-04-18:00:00:09:00,2071,"""2026-04-18T00:00:00.000Z""",00:00,09:00,false
psp:omluva:174:2071:2026-06-26:09:00:23:59,2071,"""2026-06-26T00:00:00.000Z""",09:00,23:59,false
psp:omluva:174:2071:2026-06-27:00:00:09:00,2071,"""2026-06-27T00:00:00.000Z""",00:00,09:00,false
psp:omluva:174:2071:2026-07-03:09:00:23:59,2071,"""2026-07-03T00:00:00.000Z""",09:00,23:59,false
psp:omluva:174:2071:2026-07-04:00:00:09:00,2071,"""2026-07-04T00:00:00.000Z""",00:00,09:00,false
psp:omluva:174:2071:2026-07-09:09:00:23:59,2071,"""2026-07-09T00:00:00.000Z""",09:00,23:59,false
psp:omluva:174:2071:2026-07-10:00:00:09:00,2071,"""2026-07-10T00:00:00.000Z""",00:00,09:00,false
psp:omluva:174:2071:2026-07-10:09:00:23:59,2071,"""2026-07-10T00:00:00.000Z""",09:00,23:59,false
psp:omluva:174:2071:2026-07-11:00:00:09:00,2071,"""2026-07-11T00:00:00.000Z""",00:00,09:00,false
psp:omluva:174:2072:2026-01-27:09:00:23:59,2072,"""2026-01-27T00:00:00.000Z""",09:00,23:59,false
psp:omluva:174:2072:2026-01-28:00:00:09:00,2072,"""2026-01-28T00:00:00.000Z""",00:00,09:00,false
psp:omluva:174:2072:2026-04-14:09:00:23:59,2072,"""2026-04-14T00:00:00.000Z""",09:00,23:59,false
psp:omluva:174:2072:2026-04-15:00:00:09:00,2072,"""2026-04-15T00:00:00.000Z""",00:00,09:00,false
psp:omluva:174:2072:2026-04-15:09:00:23:59,2072,"""2026-04-15T00:00:00.000Z""",09:00,23:59,false
psp:omluva:174:2072:2026-04-16:00:00:09:00,2072,"""2026-04-16T00:00:00.000Z""",00:00,09:00,false
psp:omluva:174:2072:2026-04-16:09:00:23:59,2072,"""2026-04-16T00:00:00.000Z""",09:00,23:59,false
psp:omluva:174:2072:2026-04-17:00:00:09:00,2072,"""2026-04-17T00:00:00.000Z""",00:00,09:00,false
psp:omluva:174:2072:2026-04-17:09:00:23:59,2072,"""2026-04-17T00:00:00.000Z""",09:00,23:59,false
psp:omluva:174:2072:2026-04-18:00:00:09:00,2072,"""2026-04-18T00:00:00.000Z""",00:00,09:00,false
psp:omluva:174:2072:2026-05-05:09:00:23:59,2072,"""2026-05-05T00:00:00.000Z""",09:00,23:59,false
psp:omluva:174:2072:2026-05-06:00:00:09:00,2072,"""2026-05-06T00:00:00.000Z""",00:00,09:00,false
psp:omluva:174:2072:2026-05-06:09:00:23:59,2072,"""2026-05-06T00:00:00.000Z""",09:00,23:59,false
psp:omluva:174:2072:2026-05-07:00:00:09:00,2072,"""2026-05-07T00:00:00.000Z""",00:00,09:00,false
psp:omluva:174:2072:2026-05-07:09:00:23:59,2072,"""2026-05-07T00:00:00.000Z""",09:00,23:59,false
psp:omluva:174:2072:2026-05-08:00:00:09:00,2072,"""2026-05-08T00:00:00.000Z""",00:00,09:00,false
psp:omluva:174:2072:2026-06-05:09:00:23:59,2072,"""2026-06-05T00:00:00.000Z""",09:00,23:59,false
psp:omluva:174:2072:2026-06-06:00:00:09:00,2072,"""2026-06-06T00:00:00.000Z""",00:00,09:00,false
psp:omluva:174:2072:2026-07-08:09:00:14:00,2072,"""2026-07-08T00:00:00.000Z""",09:00,14:00,false
psp:omluva:174:2073:2026-02-04:14:00:23:59,2073,"""2026-02-04T00:00:00.000Z""",14:00,23:59,false
psp:omluva:174:2073:2026-02-05:00:00:09:00,2073,"""2026-02-05T00:00:00.000Z""",00:00,09:00,false
psp:omluva:174:2073:2026-03-03:09:00:23:59,2073,"""2026-03-03T00:00:00.000Z""",09:00,23:59,false
psp:omluva:174:2073:2026-03-04:00:00:09:00,2073,"""2026-03-04T00:00:00.000Z""",00:00,09:00,false
psp:omluva:174:2073:2026-03-04:09:00:23:59,2073,"""2026-03-04T00:00:00.000Z""",09:00,23:59,false
psp:omluva:174:2073:2026-03-05:00:00:09:00,2073,"""2026-03-05T00:00:00.000Z""",00:00,09:00,false
psp:omluva:174:2073:2026-03-05:09:00:23:59,2073,"""2026-03-05T00:00:00.000Z""",09:00,23:59,false
psp:omluva:174:2073:2026-03-06:00:00:09:00,2073,"""2026-03-06T00:00:00.000Z""",00:00,09:00,false
psp:omluva:174:2073:2026-03-06:09:00:23:59,2073,"""2026-03-06T00:00:00.000Z""",09:00,23:59,false
psp:omluva:174:2073:2026-03-07:00:00:09:00,2073,"""2026-03-07T00:00:00.000Z""",00:00,09:00,false
psp:omluva:174:2073:2026-03-12:09:00:23:59,2073,"""2026-03-12T00:00:00.000Z""",09:00,23:59,false
psp:omluva:174:2073:2026-03-13:00:00:09:00,2073,"""2026-03-13T00:00:00.000Z""",00:00,09:00,false
psp:omluva:174:2073:2026-03-25:09:00:15:00,2073,"""2026-03-25T00:00:00.000Z""",09:00,15:00,false
psp:omluva:174:2073:2026-04-17:09:00:23:59,2073,"""2026-04-17T00:00:00.000Z""",09:00,23:59,false
psp:omluva:174:2073:2026-04-18:00:00:09:00,2073,"""2026-04-18T00:00:00.000Z""",00:00,09:00,false
psp:omluva:174:2073:2026-04-22:11:30:13:00,2073,"""2026-04-22T00:00:00.000Z""",11:30,13:00,false
psp:omluva:174:2073:2026-04-23:09:00:23:59,2073,"""2026-04-23T00:00:00.000Z""",09:00,23:59,false
psp:omluva:174:2073:2026-04-24:00:00:09:00,2073,"""2026-04-24T00:00:00.000Z""",00:00,09:00,false
psp:omluva:174:2073:2026-04-24:09:00:23:59,2073,"""2026-04-24T00:00:00.000Z""",09:00,23:59,false
psp:omluva:174:2073:2026-04-25:00:00:09:00,2073,"""2026-04-25T00:00:00.000Z""",00:00,09:00,false
psp:omluva:174:2073:2026-05-13:09:00:10:30,2073,"""2026-05-13T00:00:00.000Z""",09:00,10:30,false
psp:omluva:174:2073:2026-05-15:09:00:09:30,2073,"""2026-05-15T00:00:00.000Z""",09:00,09:30,false
psp:omluva:174:2073:2026-05-29:09:00:12:30,2073,"""2026-05-29T00:00:00.000Z""",09:00,12:30,false
psp:omluva:174:2073:2026-06-02:09:00:23:59,2073,"""2026-06-02T00:00:00.000Z""",09:00,23:59,false
psp:omluva:174:2073:2026-06-03:00:00:09:00,2073,"""2026-06-03T00:00:00.000Z""",00:00,09:00,false
psp:omluva:174:2073:2026-06-03:09:00:23:59,2073,"""2026-06-03T00:00:00.000Z""",09:00,23:59,false
psp:omluva:174:2073:2026-06-04:00:00:09:00,2073,"""2026-06-04T00:00:00.000Z""",00:00,09:00,false
psp:omluva:174:2073:2026-06-04:09:00:09:30,2073,"""2026-06-04T00:00:00.000Z""",09:00,09:30,false
psp:omluva:174:2073:2026-06-11:15:00:23:59,2073,"""2026-06-11T00:00:00.000Z""",15:00,23:59,false
psp:omluva:174:2073:2026-06-12:00:00:09:00,2073,"""2026-06-12T00:00:00.000Z""",00:00,09:00,false
psp:omluva:174:2073:2026-06-26:09:00:23:59,2073,"""2026-06-26T00:00:00.000Z""",09:00,23:59,false
psp:omluva:174:2073:2026-06-27:00:00:09:00,2073,"""2026-06-27T00:00:00.000Z""",00:00,09:00,false
psp:omluva:174:2073:2026-07-03:09:00:23:59,2073,"""2026-07-03T00:00:00.000Z""",09:00,23:59,false
psp:omluva:174:2073:2026-07-04:00:00:09:00,2073,"""2026-07-04T00:00:00.000Z""",00:00,09:00,false
psp:omluva:174:2073:2026-07-08:09:00:11:00,2073,"""2026-07-08T00:00:00.000Z""",09:00,11:00,false
psp:omluva:174:2073:2026-07-10:09:00:10:00,2073,"""2026-07-10T00:00:00.000Z""",09:00,10:00,false
psp:omluva:174:2073:2026-07-14:12:00:19:00,2073,"""2026-07-14T00:00:00.000Z""",12:00,19:00,false
psp:omluva:174:2074:2026-02-11:16:45:23:59,2074,"""2026-02-11T00:00:00.000Z""",16:45,23:59,false
psp:omluva:174:2074:2026-02-12:00:00:09:00,2074,"""2026-02-12T00:00:00.000Z""",00:00,09:00,false
psp:omluva:174:2074:2026-02-12:09:00:11:00,2074,"""2026-02-12T00:00:00.000Z""",09:00,11:00,false
psp:omluva:174:2074:2026-02-12:13:45:23:59,2074,"""2026-02-12T00:00:00.000Z""",13:45,23:59,false
psp:omluva:174:2074:2026-02-13:00:00:09:00,2074,"""2026-02-13T00:00:00.000Z""",00:00,09:00,false
psp:omluva:174:2074:2026-02-13:14:30:23:59,2074,"""2026-02-13T00:00:00.000Z""",14:30,23:59,false
psp:omluva:174:2074:2026-02-14:00:00:09:00,2074,"""2026-02-14T00:00:00.000Z""",00:00,09:00,false
psp:omluva:174:2074:2026-03-12:14:00:23:59,2074,"""2026-03-12T00:00:00.000Z""",14:00,23:59,false
psp:omluva:174:2074:2026-03-13:00:00:09:00,2074,"""2026-03-13T00:00:00.000Z""",00:00,09:00,false
psp:omluva:174:2074:2026-03-25:09:00:11:00,2074,"""2026-03-25T00:00:00.000Z""",09:00,11:00,false
psp:omluva:174:2074:2026-04-14:14:00:16:00,2074,"""2026-04-14T00:00:00.000Z""",14:00,16:00,false
psp:omluva:174:2074:2026-04-23:09:00:23:59,2074,"""2026-04-23T00:00:00.000Z""",09:00,23:59,false
psp:omluva:174:2074:2026-04-24:00:00:09:00,2074,"""2026-04-24T00:00:00.000Z""",00:00,09:00,false
psp:omluva:174:2074:2026-04-24:12:00:23:59,2074,"""2026-04-24T00:00:00.000Z""",12:00,23:59,false
psp:omluva:174:2074:2026-04-25:00:00:09:00,2074,"""2026-04-25T00:00:00.000Z""",00:00,09:00,false
psp:omluva:174:2074:2026-05-06:21:00:23:59,2074,"""2026-05-06T00:00:00.000Z""",21:00,23:59,false
psp:omluva:174:2074:2026-05-07:00:00:09:00,2074,"""2026-05-07T00:00:00.000Z""",00:00,09:00,false
psp:omluva:174:2074:2026-05-13:17:00:23:59,2074,"""2026-05-13T00:00:00.000Z""",17:00,23:59,false
psp:omluva:174:2074:2026-05-14:00:00:09:00,2074,"""2026-05-14T00:00:00.000Z""",00:00,09:00,false
psp:omluva:174:2074:2026-05-14:09:00:23:59,2074,"""2026-05-14T00:00:00.000Z""",09:00,23:59,false
psp:omluva:174:2074:2026-05-15:00:00:09:00,2074,"""2026-05-15T00:00:00.000Z""",00:00,09:00,false
psp:omluva:174:2074:2026-05-26:09:00:23:59,2074,"""2026-05-26T00:00:00.000Z""",09:00,23:59,false
psp:omluva:174:2074:2026-05-27:00:00:09:00,2074,"""2026-05-27T00:00:00.000Z""",00:00,09:00,false
psp:omluva:174:2074:2026-05-27:09:00:16:00,2074,"""2026-05-27T00:00:00.000Z""",09:00,16:00,false
psp:omluva:174:2074:2026-05-28:09:00:23:59,2074,"""2026-05-28T00:00:00.000Z""",09:00,23:59,false
psp:omluva:174:2074:2026-05-29:00:00:09:00,2074,"""2026-05-29T00:00:00.000Z""",00:00,09:00,false
psp:omluva:174:2074:2026-06-02:17:00:23:59,2074,"""2026-06-02T00:00:00.000Z""",17:00,23:59,false
psp:omluva:174:2074:2026-06-03:00:00:09:00,2074,"""2026-06-03T00:00:00.000Z""",00:00,09:00,false
psp:omluva:174:2074:2026-06-04:09:00:23:59,2074,"""2026-06-04T00:00:00.000Z""",09:00,23:59,false
psp:omluva:174:2074:2026-06-05:00:00:09:00,2074,"""2026-06-05T00:00:00.000Z""",00:00,09:00,false
psp:omluva:174:2074:2026-06-05:09:00:23:59,2074,"""2026-06-05T00:00:00.000Z""",09:00,23:59,false
psp:omluva:174:2074:2026-06-06:00:00:09:00,2074,"""2026-06-06T00:00:00.000Z""",00:00,09:00,false
psp:omluva:174:2074:2026-06-23:17:00:23:59,2074,"""2026-06-23T00:00:00.000Z""",17:00,23:59,false
psp:omluva:174:2074:2026-06-24:00:00:09:00,2074,"""2026-06-24T00:00:00.000Z""",00:00,09:00,false
psp:omluva:174:2074:2026-06-25:14:30:23:59,2074,"""2026-06-25T00:00:00.000Z""",14:30,23:59,false
psp:omluva:174:2074:2026-06-26:00:00:09:00,2074,"""2026-06-26T00:00:00.000Z""",00:00,09:00,false
psp:omluva:174:2074:2026-07-01:09:00:11:30,2074,"""2026-07-01T00:00:00.000Z""",09:00,11:30,false
psp:omluva:174:2074:2026-07-02:11:00:15:00,2074,"""2026-07-02T00:00:00.000Z""",11:00,15:00,false
psp:omluva:174:2074:2026-07-02:15:00:16:00,2074,"""2026-07-02T00:00:00.000Z""",15:00,16:00,false
psp:omluva:174:2074:2026-07-03:09:00:10:00,2074,"""2026-07-03T00:00:00.000Z""",09:00,10:00,false
psp:omluva:174:2074:2026-07-07:09:00:12:00,2074,"""2026-07-07T00:00:00.000Z""",09:00,12:00,false
psp:omluva:174:2074:2026-07-08:09:00:23:59,2074,"""2026-07-08T00:00:00.000Z""",09:00,23:59,false
psp:omluva:174:2074:2026-07-09:00:00:09:00,2074,"""2026-07-09T00:00:00.000Z""",00:00,09:00,false
psp:omluva:174:2074:2026-07-09:09:00:23:59,2074,"""2026-07-09T00:00:00.000Z""",09:00,23:59,false
psp:omluva:174:2074:2026-07-10:00:00:09:00,2074,"""2026-07-10T00:00:00.000Z""",00:00,09:00,false
psp:omluva:174:2074:2026-07-14:09:00:23:59,2074,"""2026-07-14T00:00:00.000Z""",09:00,23:59,false
psp:omluva:174:2074:2026-07-15:00:00:09:00,2074,"""2026-07-15T00:00:00.000Z""",00:00,09:00,false
psp:omluva:174:2074:2026-07-15:09:00:23:59,2074,"""2026-07-15T00:00:00.000Z""",09:00,23:59,false
psp:omluva:174:2074:2026-07-16:00:00:09:00,2074,"""2026-07-16T00:00:00.000Z""",00:00,09:00,false
psp:omluva:174:2074:2026-07-16:09:00:23:59,2074,"""2026-07-16T00:00:00.000Z""",09:00,23:59,false
psp:omluva:174:2074:2026-07-17:00:00:09:00,2074,"""2026-07-17T00:00:00.000Z""",00:00,09:00,false
psp:omluva:174:2074:2026-07-17:09:00:23:59,2074,"""2026-07-17T00:00:00.000Z""",09:00,23:59,false
psp:omluva:174:2074:2026-07-18:00:00:09:00,2074,"""2026-07-18T00:00:00.000Z""",00:00,09:00,false
psp:omluva:174:2075:2025-11-11:09:00:23:59,2075,"""2025-11-11T00:00:00.000Z""",09:00,23:59,false
psp:omluva:174:2075:2025-11-12:00:00:09:00,2075,"""2025-11-12T00:00:00.000Z""",00:00,09:00,false
psp:omluva:174:2075:2026-01-27:16:00:18:00,2075,"""2026-01-27T00:00:00.000Z""",16:00,18:00,false
psp:omluva:174:2075:2026-01-29:12:30:15:00,2075,"""2026-01-29T00:00:00.000Z""",12:30,15:00,false
psp:omluva:174:2075:2026-03-03:17:30:19:30,2075,"""2026-03-03T00:00:00.000Z""",17:30,19:30,false
psp:omluva:174:2075:2026-03-10:17:30:19:00,2075,"""2026-03-10T00:00:00.000Z""",17:30,19:00,false
psp:omluva:174:2075:2026-04-21:17:30:18:15,2075,"""2026-04-21T00:00:00.000Z""",17:30,18:15,false
psp:omluva:174:2075:2026-05-05:21:30:23:59,2075,"""2026-05-05T00:00:00.000Z""",21:30,23:59,false
psp:omluva:174:2075:2026-05-06:00:00:09:00,2075,"""2026-05-06T00:00:00.000Z""",00:00,09:00,false
psp:omluva:174:2075:2026-05-14:13:30:23:59,2075,"""2026-05-14T00:00:00.000Z""",13:30,23:59,false
psp:omluva:174:2075:2026-05-15:00:00:09:00,2075,"""2026-05-15T00:00:00.000Z""",00:00,09:00,false
psp:omluva:174:2075:2026-05-26:09:00:23:59,2075,"""2026-05-26T00:00:00.000Z""",09:00,23:59,false
psp:omluva:174:2075:2026-05-27:00:00:09:00,2075,"""2026-05-27T00:00:00.000Z""",00:00,09:00,false
psp:omluva:174:2075:2026-05-27:09:00:23:59,2075,"""2026-05-27T00:00:00.000Z""",09:00,23:59,false
psp:omluva:174:2075:2026-05-28:00:00:09:00,2075,"""2026-05-28T00:00:00.000Z""",00:00,09:00,false
psp:omluva:174:2075:2026-05-28:09:00:23:59,2075,"""2026-05-28T00:00:00.000Z""",09:00,23:59,false
psp:omluva:174:2075:2026-05-29:00:00:09:00,2075,"""2026-05-29T00:00:00.000Z""",00:00,09:00,false
psp:omluva:174:2075:2026-05-29:09:00:23:59,2075,"""2026-05-29T00:00:00.000Z""",09:00,23:59,false
psp:omluva:174:2075:2026-05-30:00:00:09:00,2075,"""2026-05-30T00:00:00.000Z""",00:00,09:00,false
psp:omluva:174:2075:2026-06-02:16:30:23:59,2075,"""2026-06-02T00:00:00.000Z""",16:30,23:59,false
psp:omluva:174:2075:2026-06-03:00:00:09:00,2075,"""2026-06-03T00:00:00.000Z""",00:00,09:00,false
psp:omluva:174:2075:2026-06-03:09:00:11:30,2075,"""2026-06-03T00:00:00.000Z""",09:00,11:30,false
psp:omluva:174:2075:2026-06-11:09:00:23:59,2075,"""2026-06-11T00:00:00.000Z""",09:00,23:59,false
psp:omluva:174:2075:2026-06-12:00:00:09:00,2075,"""2026-06-12T00:00:00.000Z""",00:00,09:00,false
psp:omluva:174:2075:2026-06-30:09:00:23:59,2075,"""2026-06-30T00:00:00.000Z""",09:00,23:59,false
psp:omluva:174:2075:2026-07-01:00:00:09:00,2075,"""2026-07-01T00:00:00.000Z""",00:00,09:00,false
psp:omluva:174:2075:2026-07-01:09:00:23:59,2075,"""2026-07-01T00:00:00.000Z""",09:00,23:59,false
psp:omluva:174:2075:2026-07-02:00:00:09:00,2075,"""2026-07-02T00:00:00.000Z""",00:00,09:00,false
psp:omluva:174:2075:2026-07-02:09:00:23:59,2075,"""2026-07-02T00:00:00.000Z""",09:00,23:59,false
psp:omluva:174:2075:2026-07-03:00:00:09:00,2075,"""2026-07-03T00:00:00.000Z""",00:00,09:00,false
psp:omluva:174:2075:2026-07-03:09:00:23:59,2075,"""2026-07-03T00:00:00.000Z""",09:00,23:59,false
psp:omluva:174:2075:2026-07-04:00:00:09:00,2075,"""2026-07-04T00:00:00.000Z""",00:00,09:00,false
psp:omluva:174:2075:2026-07-07:09:00:23:59,2075,"""2026-07-07T00:00:00.000Z""",09:00,23:59,false
psp:omluva:174:2075:2026-07-08:00:00:09:00,2075,"""2026-07-08T00:00:00.000Z""",00:00,09:00,false
psp:omluva:174:2075:2026-07-08:09:00:23:59,2075,"""2026-07-08T00:00:00.000Z""",09:00,23:59,false
psp:omluva:174:2075:2026-07-09:00:00:09:00,2075,"""2026-07-09T00:00:00.000Z""",00:00,09:00,false
psp:omluva:174:2077:2026-02-04:09:00:10:00,2077,"""2026-02-04T00:00:00.000Z""",09:00,10:00,false
psp:omluva:174:2077:2026-02-11:16:00:21:00,2077,"""2026-02-11T00:00:00.000Z""",16:00,21:00,false
psp:omluva:174:2077:2026-02-12:14:30:23:59,2077,"""2026-02-12T00:00:00.000Z""",14:30,23:59,false
psp:omluva:174:2077:2026-02-13:00:00:09:00,2077,"""2026-02-13T00:00:00.000Z""",00:00,09:00,false
psp:omluva:174:2077:2026-03-04:09:00:10:00,2077,"""2026-03-04T00:00:00.000Z""",09:00,10:00,false
psp:omluva:174:2077:2026-03-04:15:00:23:59,2077,"""2026-03-04T00:00:00.000Z""",15:00,23:59,false
psp:omluva:174:2077:2026-03-05:00:00:09:00,2077,"""2026-03-05T00:00:00.000Z""",00:00,09:00,false
psp:omluva:174:2077:2026-03-12:14:30:23:59,2077,"""2026-03-12T00:00:00.000Z""",14:30,23:59,false
psp:omluva:174:2077:2026-03-13:00:00:09:00,2077,"""2026-03-13T00:00:00.000Z""",00:00,09:00,false
psp:omluva:174:2077:2026-04-15:09:00:14:00,2077,"""2026-04-15T00:00:00.000Z""",09:00,14:00,false
psp:omluva:174:2077:2026-04-15:18:30:23:59,2077,"""2026-04-15T00:00:00.000Z""",18:30,23:59,false
psp:omluva:174:2077:2026-04-16:00:00:09:00,2077,"""2026-04-16T00:00:00.000Z""",00:00,09:00,false
psp:omluva:174:2077:2026-04-16:09:00:14:00,2077,"""2026-04-16T00:00:00.000Z""",09:00,14:00,false
psp:omluva:174:2077:2026-04-16:14:00:23:59,2077,"""2026-04-16T00:00:00.000Z""",14:00,23:59,false
psp:omluva:174:2077:2026-04-17:00:00:09:00,2077,"""2026-04-17T00:00:00.000Z""",00:00,09:00,false
psp:omluva:174:2077:2026-04-22:09:00:09:30,2077,"""2026-04-22T00:00:00.000Z""",09:00,09:30,false
psp:omluva:174:2077:2026-04-23:09:00:10:30,2077,"""2026-04-23T00:00:00.000Z""",09:00,10:30,false
psp:omluva:174:2077:2026-04-23:14:30:23:59,2077,"""2026-04-23T00:00:00.000Z""",14:30,23:59,false
psp:omluva:174:2077:2026-04-24:00:00:09:00,2077,"""2026-04-24T00:00:00.000Z""",00:00,09:00,false
psp:omluva:174:2077:2026-05-06:14:00:23:59,2077,"""2026-05-06T00:00:00.000Z""",14:00,23:59,false
psp:omluva:174:2077:2026-05-07:00:00:09:00,2077,"""2026-05-07T00:00:00.000Z""",00:00,09:00,false
psp:omluva:174:2077:2026-05-13:18:40:23:59,2077,"""2026-05-13T00:00:00.000Z""",18:40,23:59,false
psp:omluva:174:2077:2026-05-14:00:00:09:00,2077,"""2026-05-14T00:00:00.000Z""",00:00,09:00,false
psp:omluva:174:2077:2026-05-14:09:00:23:59,2077,"""2026-05-14T00:00:00.000Z""",09:00,23:59,false
psp:omluva:174:2077:2026-05-15:00:00:09:00,2077,"""2026-05-15T00:00:00.000Z""",00:00,09:00,false
psp:omluva:174:2077:2026-05-28:09:00:11:00,2077,"""2026-05-28T00:00:00.000Z""",09:00,11:00,false
psp:omluva:174:2077:2026-05-28:13:30:18:00,2077,"""2026-05-28T00:00:00.000Z""",13:30,18:00,false
psp:omluva:174:2077:2026-06-05:09:00:23:59,2077,"""2026-06-05T00:00:00.000Z""",09:00,23:59,false
psp:omluva:174:2077:2026-06-06:00:00:09:00,2077,"""2026-06-06T00:00:00.000Z""",00:00,09:00,false
psp:omluva:174:2077:2026-06-11:09:00:23:59,2077,"""2026-06-11T00:00:00.000Z""",09:00,23:59,false
psp:omluva:174:2077:2026-06-12:00:00:09:00,2077,"""2026-06-12T00:00:00.000Z""",00:00,09:00,false
psp:omluva:174:2077:2026-06-25:09:00:10:00,2077,"""2026-06-25T00:00:00.000Z""",09:00,10:00,false
psp:omluva:174:2077:2026-07-02:14:30:23:59,2077,"""2026-07-02T00:00:00.000Z""",14:30,23:59,false
psp:omluva:174:2077:2026-07-03:00:00:09:00,2077,"""2026-07-03T00:00:00.000Z""",00:00,09:00,false
psp:omluva:174:2077:2026-07-08:09:00:23:59,2077,"""2026-07-08T00:00:00.000Z""",09:00,23:59,false
psp:omluva:174:2077:2026-07-09:00:00:09:00,2077,"""2026-07-09T00:00:00.000Z""",00:00,09:00,false
psp:omluva:174:2077:2026-07-10:09:00:23:59,2077,"""2026-07-10T00:00:00.000Z""",09:00,23:59,false
psp:omluva:174:2077:2026-07-11:00:00:09:00,2077,"""2026-07-11T00:00:00.000Z""",00:00,09:00,false
psp:omluva:174:2077:2026-07-14:09:00:23:59,2077,"""2026-07-14T00:00:00.000Z""",09:00,23:59,false
psp:omluva:174:2077:2026-07-15:00:00:09:00,2077,"""2026-07-15T00:00:00.000Z""",00:00,09:00,false
psp:omluva:174:2077:2026-07-15:09:00:23:59,2077,"""2026-07-15T00:00:00.000Z""",09:00,23:59,false
psp:omluva:174:2077:2026-07-16:00:00:09:00,2077,"""2026-07-16T00:00:00.000Z""",00:00,09:00,false
psp:omluva:174:2078:2025-11-26:09:00:23:59,2078,"""2025-11-26T00:00:00.000Z""",09:00,23:59,false
psp:omluva:174:2078:2025-11-27:00:00:09:00,2078,"""2025-11-27T00:00:00.000Z""",00:00,09:00,false
psp:omluva:174:2078:2025-11-27:09:00:23:59,2078,"""2025-11-27T00:00:00.000Z""",09:00,23:59,false
psp:omluva:174:2078:2025-11-28:00:00:09:00,2078,"""2025-11-28T00:00:00.000Z""",00:00,09:00,false
psp:omluva:174:2078:2026-01-15:09:00:10:30,2078,"""2026-01-15T00:00:00.000Z""",09:00,10:30,false
psp:omluva:174:2078:2026-01-16:09:00:23:59,2078,"""2026-01-16T00:00:00.000Z""",09:00,23:59,false
psp:omluva:174:2078:2026-01-17:00:00:09:00,2078,"""2026-01-17T00:00:00.000Z""",00:00,09:00,false
psp:omluva:174:2078:2026-02-13:09:00:23:59,2078,"""2026-02-13T00:00:00.000Z""",09:00,23:59,false
psp:omluva:174:2078:2026-02-14:00:00:09:00,2078,"""2026-02-14T00:00:00.000Z""",00:00,09:00,false
psp:omluva:174:2078:2026-03-04:21:00:23:59,2078,"""2026-03-04T00:00:00.000Z""",21:00,23:59,false
psp:omluva:174:2078:2026-03-05:00:00:09:00,2078,"""2026-03-05T00:00:00.000Z""",00:00,09:00,false
psp:omluva:174:2078:2026-03-11:09:00:10:30,2078,"""2026-03-11T00:00:00.000Z""",09:00,10:30,false
psp:omluva:174:2078:2026-03-12:10:00:13:00,2078,"""2026-03-12T00:00:00.000Z""",10:00,13:00,false
psp:omluva:174:2078:2026-04-14:09:00:23:59,2078,"""2026-04-14T00:00:00.000Z""",09:00,23:59,false
psp:omluva:174:2078:2026-04-15:00:00:09:00,2078,"""2026-04-15T00:00:00.000Z""",00:00,09:00,false
psp:omluva:174:2078:2026-04-16:14:30:23:59,2078,"""2026-04-16T00:00:00.000Z""",14:30,23:59,false
psp:omluva:174:2078:2026-04-17:00:00:09:00,2078,"""2026-04-17T00:00:00.000Z""",00:00,09:00,false
psp:omluva:174:2078:2026-04-17:09:00:23:59,2078,"""2026-04-17T00:00:00.000Z""",09:00,23:59,false
psp:omluva:174:2078:2026-04-18:00:00:09:00,2078,"""2026-04-18T00:00:00.000Z""",00:00,09:00,false
psp:omluva:174:2078:2026-05-05:09:00:23:59,2078,"""2026-05-05T00:00:00.000Z""",09:00,23:59,false
psp:omluva:174:2078:2026-05-06:00:00:09:00,2078,"""2026-05-06T00:00:00.000Z""",00:00,09:00,false
psp:omluva:174:2078:2026-05-06:09:00:23:59,2078,"""2026-05-06T00:00:00.000Z""",09:00,23:59,false
psp:omluva:174:2078:2026-05-07:00:00:09:00,2078,"""2026-05-07T00:00:00.000Z""",00:00,09:00,false
psp:omluva:174:2078:2026-05-26:09:00:23:59,2078,"""2026-05-26T00:00:00.000Z""",09:00,23:59,false
psp:omluva:174:2078:2026-05-27:00:00:09:00,2078,"""2026-05-27T00:00:00.000Z""",00:00,09:00,false
psp:omluva:174:2078:2026-05-27:09:00:23:59,2078,"""2026-05-27T00:00:00.000Z""",09:00,23:59,false
psp:omluva:174:2078:2026-05-28:00:00:09:00,2078,"""2026-05-28T00:00:00.000Z""",00:00,09:00,false
psp:omluva:174:2078:2026-05-28:09:00:23:59,2078,"""2026-05-28T00:00:00.000Z""",09:00,23:59,false
psp:omluva:174:2078:2026-05-29:00:00:09:00,2078,"""2026-05-29T00:00:00.000Z""",00:00,09:00,false
psp:omluva:174:2078:2026-05-29:09:00:23:59,2078,"""2026-05-29T00:00:00.000Z""",09:00,23:59,false
psp:omluva:174:2078:2026-05-30:00:00:09:00,2078,"""2026-05-30T00:00:00.000Z""",00:00,09:00,false
psp:omluva:174:2079:2026-07-08:16:00:23:59,2079,"""2026-07-08T00:00:00.000Z""",16:00,23:59,false
psp:omluva:174:2079:2026-07-09:00:00:09:00,2079,"""2026-07-09T00:00:00.000Z""",00:00,09:00,false
psp:omluva:174:2080:2025-11-27:13:00:23:59,2080,"""2025-11-27T00:00:00.000Z""",13:00,23:59,false
psp:omluva:174:2080:2025-11-28:00:00:09:00,2080,"""2025-11-28T00:00:00.000Z""",00:00,09:00,false
psp:omluva:174:2080:2026-01-16:09:00:23:59,2080,"""2026-01-16T00:00:00.000Z""",09:00,23:59,false
psp:omluva:174:2080:2026-01-17:00:00:09:00,2080,"""2026-01-17T00:00:00.000Z""",00:00,09:00,false
psp:omluva:174:2080:2026-02-12:13:00:17:00,2080,"""2026-02-12T00:00:00.000Z""",13:00,17:00,false
psp:omluva:174:2080:2026-06-03:15:00:23:59,2080,"""2026-06-03T00:00:00.000Z""",15:00,23:59,false
psp:omluva:174:2080:2026-06-04:00:00:09:00,2080,"""2026-06-04T00:00:00.000Z""",00:00,09:00,false
psp:omluva:174:2080:2026-07-01:09:00:11:30,2080,"""2026-07-01T00:00:00.000Z""",09:00,11:30,false
psp:omluva:174:2081:2026-04-14:09:00:23:59,2081,"""2026-04-14T00:00:00.000Z""",09:00,23:59,false
psp:omluva:174:2081:2026-04-15:00:00:09:00,2081,"""2026-04-15T00:00:00.000Z""",00:00,09:00,false
psp:omluva:174:2081:2026-04-15:09:00:23:59,2081,"""2026-04-15T00:00:00.000Z""",09:00,23:59,false
psp:omluva:174:2081:2026-04-16:00:00:09:00,2081,"""2026-04-16T00:00:00.000Z""",00:00,09:00,false
psp:omluva:174:2081:2026-04-16:09:00:23:59,2081,"""2026-04-16T00:00:00.000Z""",09:00,23:59,false
psp:omluva:174:2081:2026-04-17:00:00:09:00,2081,"""2026-04-17T00:00:00.000Z""",00:00,09:00,false
psp:omluva:174:2081:2026-04-17:09:00:23:59,2081,"""2026-04-17T00:00:00.000Z""",09:00,23:59,false
psp:omluva:174:2081:2026-04-18:00:00:09:00,2081,"""2026-04-18T00:00:00.000Z""",00:00,09:00,false
psp:omluva:174:2081:2026-05-06:21:00:23:59,2081,"""2026-05-06T00:00:00.000Z""",21:00,23:59,false
psp:omluva:174:2081:2026-05-07:00:00:09:00,2081,"""2026-05-07T00:00:00.000Z""",00:00,09:00,false
psp:omluva:174:2081:2026-07-14:09:00:23:59,2081,"""2026-07-14T00:00:00.000Z""",09:00,23:59,false
psp:omluva:174:2081:2026-07-15:00:00:09:00,2081,"""2026-07-15T00:00:00.000Z""",00:00,09:00,false
psp:omluva:174:2082:2026-01-16:11:00:23:59,2082,"""2026-01-16T00:00:00.000Z""",11:00,23:59,false
psp:omluva:174:2082:2026-01-17:00:00:09:00,2082,"""2026-01-17T00:00:00.000Z""",00:00,09:00,false
psp:omluva:174:2082:2026-01-28:09:45:11:30,2082,"""2026-01-28T00:00:00.000Z""",09:45,11:30,false
psp:omluva:174:2082:2026-01-28:17:00:23:59,2082,"""2026-01-28T00:00:00.000Z""",17:00,23:59,false
psp:omluva:174:2082:2026-01-29:00:00:09:00,2082,"""2026-01-29T00:00:00.000Z""",00:00,09:00,false
psp:omluva:174:2082:2026-01-30:09:00:23:59,2082,"""2026-01-30T00:00:00.000Z""",09:00,23:59,false
psp:omluva:174:2082:2026-01-31:00:00:09:00,2082,"""2026-01-31T00:00:00.000Z""",00:00,09:00,false
psp:omluva:174:2082:2026-02-11:09:00:09:30,2082,"""2026-02-11T00:00:00.000Z""",09:00,09:30,false
psp:omluva:174:2082:2026-03-12:09:00:23:59,2082,"""2026-03-12T00:00:00.000Z""",09:00,23:59,false
psp:omluva:174:2082:2026-03-13:00:00:09:00,2082,"""2026-03-13T00:00:00.000Z""",00:00,09:00,false
psp:omluva:174:2082:2026-03-13:09:00:23:59,2082,"""2026-03-13T00:00:00.000Z""",09:00,23:59,false
psp:omluva:174:2082:2026-03-14:00:00:09:00,2082,"""2026-03-14T00:00:00.000Z""",00:00,09:00,false
psp:omluva:174:2082:2026-03-25:16:05:23:59,2082,"""2026-03-25T00:00:00.000Z""",16:05,23:59,false
psp:omluva:174:2082:2026-03-26:00:00:09:00,2082,"""2026-03-26T00:00:00.000Z""",00:00,09:00,false
psp:omluva:174:2082:2026-04-22:09:00:23:59,2082,"""2026-04-22T00:00:00.000Z""",09:00,23:59,false
psp:omluva:174:2082:2026-04-23:00:00:09:00,2082,"""2026-04-23T00:00:00.000Z""",00:00,09:00,false
psp:omluva:174:2082:2026-05-07:09:00:23:59,2082,"""2026-05-07T00:00:00.000Z""",09:00,23:59,false
psp:omluva:174:2082:2026-05-08:00:00:09:00,2082,"""2026-05-08T00:00:00.000Z""",00:00,09:00,false
psp:omluva:174:2082:2026-05-13:14:00:23:59,2082,"""2026-05-13T00:00:00.000Z""",14:00,23:59,false
psp:omluva:174:2082:2026-05-14:00:00:09:00,2082,"""2026-05-14T00:00:00.000Z""",00:00,09:00,false
psp:omluva:174:2082:2026-05-14:09:00:23:59,2082,"""2026-05-14T00:00:00.000Z""",09:00,23:59,false
psp:omluva:174:2082:2026-05-15:00:00:09:00,2082,"""2026-05-15T00:00:00.000Z""",00:00,09:00,false
psp:omluva:174:2082:2026-05-28:09:00:10:00,2082,"""2026-05-28T00:00:00.000Z""",09:00,10:00,false
psp:omluva:174:2082:2026-05-29:09:00:23:59,2082,"""2026-05-29T00:00:00.000Z""",09:00,23:59,false
psp:omluva:174:2082:2026-05-30:00:00:09:00,2082,"""2026-05-30T00:00:00.000Z""",00:00,09:00,false
psp:omluva:174:2082:2026-06-11:17:00:19:00,2082,"""2026-06-11T00:00:00.000Z""",17:00,19:00,false
psp:omluva:174:2082:2026-06-23:09:00:17:00,2082,"""2026-06-23T00:00:00.000Z""",09:00,17:00,false
psp:omluva:174:2082:2026-06-24:16:00:23:59,2082,"""2026-06-24T00:00:00.000Z""",16:00,23:59,false
psp:omluva:174:2082:2026-06-25:00:00:09:00,2082,"""2026-06-25T00:00:00.000Z""",00:00,09:00,false
psp:omluva:174:2082:2026-07-02:09:00:23:59,2082,"""2026-07-02T00:00:00.000Z""",09:00,23:59,false
psp:omluva:174:2082:2026-07-03:00:00:09:00,2082,"""2026-07-03T00:00:00.000Z""",00:00,09:00,false
psp:omluva:174:2082:2026-07-03:09:00:23:59,2082,"""2026-07-03T00:00:00.000Z""",09:00,23:59,false
psp:omluva:174:2082:2026-07-04:00:00:09:00,2082,"""2026-07-04T00:00:00.000Z""",00:00,09:00,false
psp:omluva:174:2083:2026-01-28:16:30:23:59,2083,"""2026-01-28T00:00:00.000Z""",16:30,23:59,false
psp:omluva:174:2083:2026-01-29:00:00:09:00,2083,"""2026-01-29T00:00:00.000Z""",00:00,09:00,false
psp:omluva:174:2083:2026-01-30:12:00:23:59,2083,"""2026-01-30T00:00:00.000Z""",12:00,23:59,false
psp:omluva:174:2083:2026-01-31:00:00:09:00,2083,"""2026-01-31T00:00:00.000Z""",00:00,09:00,false
psp:omluva:174:2083:2026-02-11:09:30:14:30,2083,"""2026-02-11T00:00:00.000Z""",09:30,14:30,false
psp:omluva:174:2083:2026-03-04:15:30:23:59,2083,"""2026-03-04T00:00:00.000Z""",15:30,23:59,false
psp:omluva:174:2083:2026-03-05:00:00:09:00,2083,"""2026-03-05T00:00:00.000Z""",00:00,09:00,false
psp:omluva:174:2083:2026-03-12:09:00:23:59,2083,"""2026-03-12T00:00:00.000Z""",09:00,23:59,false
psp:omluva:174:2083:2026-03-13:00:00:09:00,2083,"""2026-03-13T00:00:00.000Z""",00:00,09:00,false
psp:omluva:174:2083:2026-03-13:09:00:23:59,2083,"""2026-03-13T00:00:00.000Z""",09:00,23:59,false
psp:omluva:174:2083:2026-03-14:00:00:09:00,2083,"""2026-03-14T00:00:00.000Z""",00:00,09:00,false
psp:omluva:174:2083:2026-03-25:16:30:23:59,2083,"""2026-03-25T00:00:00.000Z""",16:30,23:59,false
psp:omluva:174:2083:2026-03-26:00:00:09:00,2083,"""2026-03-26T00:00:00.000Z""",00:00,09:00,false
psp:omluva:174:2083:2026-04-15:19:00:23:59,2083,"""2026-04-15T00:00:00.000Z""",19:00,23:59,false
psp:omluva:174:2083:2026-04-16:00:00:09:00,2083,"""2026-04-16T00:00:00.000Z""",00:00,09:00,false
psp:omluva:174:2083:2026-04-23:09:00:23:59,2083,"""2026-04-23T00:00:00.000Z""",09:00,23:59,false
psp:omluva:174:2083:2026-04-24:00:00:09:00,2083,"""2026-04-24T00:00:00.000Z""",00:00,09:00,false
psp:omluva:174:2083:2026-05-06:09:00:23:59,2083,"""2026-05-06T00:00:00.000Z""",09:00,23:59,false
psp:omluva:174:2083:2026-05-07:00:00:09:00,2083,"""2026-05-07T00:00:00.000Z""",00:00,09:00,false
psp:omluva:174:2083:2026-05-13:18:30:23:59,2083,"""2026-05-13T00:00:00.000Z""",18:30,23:59,false
psp:omluva:174:2083:2026-05-14:00:00:09:00,2083,"""2026-05-14T00:00:00.000Z""",00:00,09:00,false
psp:omluva:174:2083:2026-05-15:11:00:23:59,2083,"""2026-05-15T00:00:00.000Z""",11:00,23:59,false
psp:omluva:174:2083:2026-05-27:14:30:23:59,2083,"""2026-05-27T00:00:00.000Z""",14:30,23:59,false
psp:omluva:174:2083:2026-05-28:00:00:09:00,2083,"""2026-05-28T00:00:00.000Z""",00:00,09:00,false
psp:omluva:174:2083:2026-05-28:09:00:23:59,2083,"""2026-05-28T00:00:00.000Z""",09:00,23:59,false
psp:omluva:174:2083:2026-05-29:00:00:09:00,2083,"""2026-05-29T00:00:00.000Z""",00:00,09:00,false
psp:omluva:174:2083:2026-05-29:09:00:23:59,2083,"""2026-05-29T00:00:00.000Z""",09:00,23:59,false
psp:omluva:174:2083:2026-05-30:00:00:09:00,2083,"""2026-05-30T00:00:00.000Z""",00:00,09:00,false
psp:omluva:174:2083:2026-06-04:09:00:10:00,2083,"""2026-06-04T00:00:00.000Z""",09:00,10:00,false
psp:omluva:174:2083:2026-06-11:17:00:23:59,2083,"""2026-06-11T00:00:00.000Z""",17:00,23:59,false
psp:omluva:174:2083:2026-06-12:00:00:09:00,2083,"""2026-06-12T00:00:00.000Z""",00:00,09:00,false
psp:omluva:174:2083:2026-06-25:09:00:11:00,2083,"""2026-06-25T00:00:00.000Z""",09:00,11:00,false
psp:omluva:174:2083:2026-07-01:16:30:23:59,2083,"""2026-07-01T00:00:00.000Z""",16:30,23:59,false
psp:omluva:174:2083:2026-07-02:00:00:09:00,2083,"""2026-07-02T00:00:00.000Z""",00:00,09:00,false
psp:omluva:174:2083:2026-07-02:09:00:23:59,2083,"""2026-07-02T00:00:00.000Z""",09:00,23:59,false
psp:omluva:174:2083:2026-07-03:00:00:09:00,2083,"""2026-07-03T00:00:00.000Z""",00:00,09:00,false
psp:omluva:174:2083:2026-07-03:09:00:23:59,2083,"""2026-07-03T00:00:00.000Z""",09:00,23:59,false
psp:omluva:174:2083:2026-07-04:00:00:09:00,2083,"""2026-07-04T00:00:00.000Z""",00:00,09:00,false
psp:omluva:174:2083:2026-07-07:09:00:17:00,2083,"""2026-07-07T00:00:00.000Z""",09:00,17:00,false
psp:omluva:174:2083:2026-07-08:12:00:23:00,2083,"""2026-07-08T00:00:00.000Z""",12:00,23:00,false
psp:omluva:174:2083:2026-07-09:09:00:23:59,2083,"""2026-07-09T00:00:00.000Z""",09:00,23:59,false
psp:omluva:174:2083:2026-07-10:00:00:09:00,2083,"""2026-07-10T00:00:00.000Z""",00:00,09:00,false
psp:omluva:174:2083:2026-07-10:09:00:23:59,2083,"""2026-07-10T00:00:00.000Z""",09:00,23:59,false
psp:omluva:174:2083:2026-07-11:00:00:09:00,2083,"""2026-07-11T00:00:00.000Z""",00:00,09:00,false
psp:omluva:174:2083:2026-07-14:09:00:23:59,2083,"""2026-07-14T00:00:00.000Z""",09:00,23:59,false
psp:omluva:174:2083:2026-07-15:00:00:09:00,2083,"""2026-07-15T00:00:00.000Z""",00:00,09:00,false
psp:omluva:174:2083:2026-07-15:09:00:23:59,2083,"""2026-07-15T00:00:00.000Z""",09:00,23:59,false
psp:omluva:174:2083:2026-07-16:00:00:09:00,2083,"""2026-07-16T00:00:00.000Z""",00:00,09:00,false
psp:omluva:174:2083:2026-07-16:09:00:23:59,2083,"""2026-07-16T00:00:00.000Z""",09:00,23:59,false
psp:omluva:174:2083:2026-07-17:00:00:09:00,2083,"""2026-07-17T00:00:00.000Z""",00:00,09:00,false
psp:omluva:174:2083:2026-07-17:09:00:23:59,2083,"""2026-07-17T00:00:00.000Z""",09:00,23:59,false
psp:omluva:174:2083:2026-07-18:00:00:09:00,2083,"""2026-07-18T00:00:00.000Z""",00:00,09:00,false
psp:omluva:174:2084:2025-11-11:16:30:23:59,2084,"""2025-11-11T00:00:00.000Z""",16:30,23:59,false
psp:omluva:174:2084:2025-11-12:00:00:09:00,2084,"""2025-11-12T00:00:00.000Z""",00:00,09:00,false
psp:omluva:174:2084:2025-11-26:10:30:11:30,2084,"""2025-11-26T00:00:00.000Z""",10:30,11:30,false
psp:omluva:174:2084:2025-11-26:15:00:17:30,2084,"""2025-11-26T00:00:00.000Z""",15:00,17:30,false
psp:omluva:174:2084:2026-01-15:09:00:10:50,2084,"""2026-01-15T00:00:00.000Z""",09:00,10:50,false
psp:omluva:174:2084:2026-01-28:12:00:13:45,2084,"""2026-01-28T00:00:00.000Z""",12:00,13:45,false
psp:omluva:174:2084:2026-01-28:16:45:19:00,2084,"""2026-01-28T00:00:00.000Z""",16:45,19:00,false
psp:omluva:174:2084:2026-01-29:11:45:16:30,2084,"""2026-01-29T00:00:00.000Z""",11:45,16:30,false
psp:omluva:174:2084:2026-01-29:16:30:17:30,2084,"""2026-01-29T00:00:00.000Z""",16:30,17:30,false
psp:omluva:174:2084:2026-02-10:09:00:23:59,2084,"""2026-02-10T00:00:00.000Z""",09:00,23:59,false
psp:omluva:174:2084:2026-02-11:00:00:09:00,2084,"""2026-02-11T00:00:00.000Z""",00:00,09:00,false
psp:omluva:174:2084:2026-02-11:09:00:23:59,2084,"""2026-02-11T00:00:00.000Z""",09:00,23:59,false
psp:omluva:174:2084:2026-02-12:00:00:09:00,2084,"""2026-02-12T00:00:00.000Z""",00:00,09:00,false
psp:omluva:174:2084:2026-02-12:09:00:23:59,2084,"""2026-02-12T00:00:00.000Z""",09:00,23:59,false
psp:omluva:174:2084:2026-02-13:00:00:09:00,2084,"""2026-02-13T00:00:00.000Z""",00:00,09:00,false
psp:omluva:174:2084:2026-02-13:09:00:23:59,2084,"""2026-02-13T00:00:00.000Z""",09:00,23:59,false
psp:omluva:174:2084:2026-02-14:00:00:09:00,2084,"""2026-02-14T00:00:00.000Z""",00:00,09:00,false
psp:omluva:174:2084:2026-03-05:12:15:16:30,2084,"""2026-03-05T00:00:00.000Z""",12:15,16:30,false
psp:omluva:174:2084:2026-03-13:09:00:23:59,2084,"""2026-03-13T00:00:00.000Z""",09:00,23:59,false
psp:omluva:174:2084:2026-03-14:00:00:09:00,2084,"""2026-03-14T00:00:00.000Z""",00:00,09:00,false
psp:omluva:174:2084:2026-03-24:20:30:23:59,2084,"""2026-03-24T00:00:00.000Z""",20:30,23:59,false
psp:omluva:174:2084:2026-03-25:00:00:09:00,2084,"""2026-03-25T00:00:00.000Z""",00:00,09:00,false
psp:omluva:174:2084:2026-03-25:17:00:18:00,2084,"""2026-03-25T00:00:00.000Z""",17:00,18:00,false
psp:omluva:174:2084:2026-04-17:10:00:12:00,2084,"""2026-04-17T00:00:00.000Z""",10:00,12:00,false
psp:omluva:174:2084:2026-04-17:13:00:23:59,2084,"""2026-04-17T00:00:00.000Z""",13:00,23:59,false
psp:omluva:174:2084:2026-04-18:00:00:09:00,2084,"""2026-04-18T00:00:00.000Z""",00:00,09:00,false
psp:omluva:174:2084:2026-04-22:16:30:16:45,2084,"""2026-04-22T00:00:00.000Z""",16:30,16:45,false
psp:omluva:174:2084:2026-04-23:12:00:13:00,2084,"""2026-04-23T00:00:00.000Z""",12:00,13:00,false
psp:omluva:174:2084:2026-04-24:09:00:23:59,2084,"""2026-04-24T00:00:00.000Z""",09:00,23:59,false
psp:omluva:174:2084:2026-04-25:00:00:09:00,2084,"""2026-04-25T00:00:00.000Z""",00:00,09:00,false
psp:omluva:174:2084:2026-05-13:15:00:17:00,2084,"""2026-05-13T00:00:00.000Z""",15:00,17:00,false
psp:omluva:174:2084:2026-05-13:18:45:22:30,2084,"""2026-05-13T00:00:00.000Z""",18:45,22:30,false
psp:omluva:174:2084:2026-05-14:09:00:23:59,2084,"""2026-05-14T00:00:00.000Z""",09:00,23:59,false
psp:omluva:174:2084:2026-05-15:00:00:09:00,2084,"""2026-05-15T00:00:00.000Z""",00:00,09:00,false
psp:omluva:174:2084:2026-05-27:18:15:23:59,2084,"""2026-05-27T00:00:00.000Z""",18:15,23:59,false
psp:omluva:174:2084:2026-05-28:00:00:09:00,2084,"""2026-05-28T00:00:00.000Z""",00:00,09:00,false
psp:omluva:174:2084:2026-05-28:09:00:11:00,2084,"""2026-05-28T00:00:00.000Z""",09:00,11:00,false
psp:omluva:174:2084:2026-05-28:18:00:23:59,2084,"""2026-05-28T00:00:00.000Z""",18:00,23:59,false
psp:omluva:174:2084:2026-05-29:00:00:09:00,2084,"""2026-05-29T00:00:00.000Z""",00:00,09:00,false
psp:omluva:174:2084:2026-05-29:13:45:23:59,2084,"""2026-05-29T00:00:00.000Z""",13:45,23:59,false
psp:omluva:174:2084:2026-05-30:00:00:09:00,2084,"""2026-05-30T00:00:00.000Z""",00:00,09:00,false
psp:omluva:174:2084:2026-06-02:09:00:23:59,2084,"""2026-06-02T00:00:00.000Z""",09:00,23:59,false
psp:omluva:174:2084:2026-06-03:00:00:09:00,2084,"""2026-06-03T00:00:00.000Z""",00:00,09:00,false
psp:omluva:174:2084:2026-06-03:14:30:15:00,2084,"""2026-06-03T00:00:00.000Z""",14:30,15:00,false
psp:omluva:174:2084:2026-06-03:18:45:21:00,2084,"""2026-06-03T00:00:00.000Z""",18:45,21:00,false
psp:omluva:174:2084:2026-06-03:21:00:21:30,2084,"""2026-06-03T00:00:00.000Z""",21:00,21:30,false
psp:omluva:174:2084:2026-06-04:09:00:10:00,2084,"""2026-06-04T00:00:00.000Z""",09:00,10:00,false
psp:omluva:174:2084:2026-06-11:15:50:23:59,2084,"""2026-06-11T00:00:00.000Z""",15:50,23:59,false
psp:omluva:174:2084:2026-06-12:00:00:09:00,2084,"""2026-06-12T00:00:00.000Z""",00:00,09:00,false
psp:omluva:174:2084:2026-06-24:11:00:14:00,2084,"""2026-06-24T00:00:00.000Z""",11:00,14:00,false
psp:omluva:174:2084:2026-06-24:14:00:23:59,2084,"""2026-06-24T00:00:00.000Z""",14:00,23:59,false
psp:omluva:174:2084:2026-06-25:00:00:09:00,2084,"""2026-06-25T00:00:00.000Z""",00:00,09:00,false
psp:omluva:174:2084:2026-06-25:09:00:10:00,2084,"""2026-06-25T00:00:00.000Z""",09:00,10:00,false
psp:omluva:174:2084:2026-06-30:09:00:16:00,2084,"""2026-06-30T00:00:00.000Z""",09:00,16:00,false
psp:omluva:174:2084:2026-07-01:17:30:18:00,2084,"""2026-07-01T00:00:00.000Z""",17:30,18:00,false
psp:omluva:174:2084:2026-07-02:09:00:10:00,2084,"""2026-07-02T00:00:00.000Z""",09:00,10:00,false
psp:omluva:174:2085:2026-01-14:19:30:23:59,2085,"""2026-01-14T00:00:00.000Z""",19:30,23:59,false
psp:omluva:174:2085:2026-01-15:00:00:09:00,2085,"""2026-01-15T00:00:00.000Z""",00:00,09:00,false
psp:omluva:174:2085:2026-04-22:09:00:14:00,2085,"""2026-04-22T00:00:00.000Z""",09:00,14:00,false
psp:omluva:174:2085:2026-05-06:13:00:23:59,2085,"""2026-05-06T00:00:00.000Z""",13:00,23:59,false
psp:omluva:174:2085:2026-05-07:00:00:09:00,2085,"""2026-05-07T00:00:00.000Z""",00:00,09:00,false
psp:omluva:174:2085:2026-05-07:09:00:23:59,2085,"""2026-05-07T00:00:00.000Z""",09:00,23:59,false
psp:omluva:174:2085:2026-05-08:00:00:09:00,2085,"""2026-05-08T00:00:00.000Z""",00:00,09:00,false
psp:omluva:174:2085:2026-05-14:13:30:23:00,2085,"""2026-05-14T00:00:00.000Z""",13:30,23:00,false
psp:omluva:174:2085:2026-05-29:09:00:11:30,2085,"""2026-05-29T00:00:00.000Z""",09:00,11:30,false
psp:omluva:174:2085:2026-06-02:14:00:20:00,2085,"""2026-06-02T00:00:00.000Z""",14:00,20:00,false
psp:omluva:174:2085:2026-06-04:09:00:11:00,2085,"""2026-06-04T00:00:00.000Z""",09:00,11:00,false
psp:omluva:174:2086:2026-01-27:09:00:23:59,2086,"""2026-01-27T00:00:00.000Z""",09:00,23:59,false
psp:omluva:174:2086:2026-01-28:00:00:09:00,2086,"""2026-01-28T00:00:00.000Z""",00:00,09:00,false
psp:omluva:174:2086:2026-01-28:16:30:23:59,2086,"""2026-01-28T00:00:00.000Z""",16:30,23:59,false
psp:omluva:174:2086:2026-01-29:00:00:09:00,2086,"""2026-01-29T00:00:00.000Z""",00:00,09:00,false
psp:omluva:174:2086:2026-02-13:09:00:23:59,2086,"""2026-02-13T00:00:00.000Z""",09:00,23:59,false
psp:omluva:174:2086:2026-02-14:00:00:09:00,2086,"""2026-02-14T00:00:00.000Z""",00:00,09:00,false
psp:omluva:174:2086:2026-03-06:09:00:23:59,2086,"""2026-03-06T00:00:00.000Z""",09:00,23:59,false
psp:omluva:174:2086:2026-03-07:00:00:09:00,2086,"""2026-03-07T00:00:00.000Z""",00:00,09:00,false
psp:omluva:174:2086:2026-03-24:09:00:23:59,2086,"""2026-03-24T00:00:00.000Z""",09:00,23:59,false
psp:omluva:174:2086:2026-03-25:00:00:09:00,2086,"""2026-03-25T00:00:00.000Z""",00:00,09:00,false
psp:omluva:174:2086:2026-04-22:16:00:21:00,2086,"""2026-04-22T00:00:00.000Z""",16:00,21:00,false
psp:omluva:174:2086:2026-05-06:09:00:23:59,2086,"""2026-05-06T00:00:00.000Z""",09:00,23:59,false
psp:omluva:174:2086:2026-05-07:00:00:09:00,2086,"""2026-05-07T00:00:00.000Z""",00:00,09:00,false
psp:omluva:174:2086:2026-07-07:09:00:14:00,2086,"""2026-07-07T00:00:00.000Z""",09:00,14:00,false
psp:omluva:174:2086:2026-07-08:09:00:23:59,2086,"""2026-07-08T00:00:00.000Z""",09:00,23:59,false
psp:omluva:174:2086:2026-07-09:00:00:09:00,2086,"""2026-07-09T00:00:00.000Z""",00:00,09:00,false
psp:omluva:174:2086:2026-07-09:09:00:23:59,2086,"""2026-07-09T00:00:00.000Z""",09:00,23:59,false
psp:omluva:174:2086:2026-07-10:00:00:09:00,2086,"""2026-07-10T00:00:00.000Z""",00:00,09:00,false
psp:omluva:174:2086:2026-07-10:09:00:11:30,2086,"""2026-07-10T00:00:00.000Z""",09:00,11:30,false
psp:omluva:174:2086:2026-07-14:14:00:19:00,2086,"""2026-07-14T00:00:00.000Z""",14:00,19:00,false
psp:omluva:174:2087:2025-11-11:14:00:16:30,2087,"""2025-11-11T00:00:00.000Z""",14:00,16:30,false
psp:omluva:174:2087:2026-01-14:09:00:10:00,2087,"""2026-01-14T00:00:00.000Z""",09:00,10:00,false
psp:omluva:174:2087:2026-02-13:09:00:09:30,2087,"""2026-02-13T00:00:00.000Z""",09:00,09:30,false
psp:omluva:174:2087:2026-02-13:09:30:23:59,2087,"""2026-02-13T00:00:00.000Z""",09:30,23:59,false
psp:omluva:174:2087:2026-02-14:00:00:09:00,2087,"""2026-02-14T00:00:00.000Z""",00:00,09:00,false
psp:omluva:174:2087:2026-03-24:18:30:19:45,2087,"""2026-03-24T00:00:00.000Z""",18:30,19:45,false
psp:omluva:174:2087:2026-03-25:09:00:11:30,2087,"""2026-03-25T00:00:00.000Z""",09:00,11:30,false
psp:omluva:174:2087:2026-03-25:11:30:12:30,2087,"""2026-03-25T00:00:00.000Z""",11:30,12:30,false
psp:omluva:174:2087:2026-04-23:11:00:14:30,2087,"""2026-04-23T00:00:00.000Z""",11:00,14:30,false
psp:omluva:174:2087:2026-05-06:09:00:14:00,2087,"""2026-05-06T00:00:00.000Z""",09:00,14:00,false
psp:omluva:174:2087:2026-05-14:09:00:23:59,2087,"""2026-05-14T00:00:00.000Z""",09:00,23:59,false
psp:omluva:174:2087:2026-05-15:00:00:09:00,2087,"""2026-05-15T00:00:00.000Z""",00:00,09:00,false
psp:omluva:174:2087:2026-05-15:09:00:09:30,2087,"""2026-05-15T00:00:00.000Z""",09:00,09:30,false
psp:omluva:174:2087:2026-05-26:14:00:16:00,2087,"""2026-05-26T00:00:00.000Z""",14:00,16:00,false
psp:omluva:174:2087:2026-05-29:09:00:23:59,2087,"""2026-05-29T00:00:00.000Z""",09:00,23:59,false
psp:omluva:174:2087:2026-05-30:00:00:09:00,2087,"""2026-05-30T00:00:00.000Z""",00:00,09:00,false
psp:omluva:174:2087:2026-06-24:09:00:11:00,2087,"""2026-06-24T00:00:00.000Z""",09:00,11:00,false
psp:omluva:174:2087:2026-07-08:09:00:11:00,2087,"""2026-07-08T00:00:00.000Z""",09:00,11:00,false
psp:omluva:174:2087:2026-07-14:09:00:23:59,2087,"""2026-07-14T00:00:00.000Z""",09:00,23:59,false
psp:omluva:174:2087:2026-07-15:00:00:09:00,2087,"""2026-07-15T00:00:00.000Z""",00:00,09:00,false
psp:omluva:174:2088:2026-01-29:17:00:23:59,2088,"""2026-01-29T00:00:00.000Z""",17:00,23:59,false
psp:omluva:174:2088:2026-01-30:00:00:09:00,2088,"""2026-01-30T00:00:00.000Z""",00:00,09:00,false
psp:omluva:174:2088:2026-01-30:09:00:23:59,2088,"""2026-01-30T00:00:00.000Z""",09:00,23:59,false
psp:omluva:174:2088:2026-01-31:00:00:09:00,2088,"""2026-01-31T00:00:00.000Z""",00:00,09:00,false
psp:omluva:174:2088:2026-02-03:19:00:20:30,2088,"""2026-02-03T00:00:00.000Z""",19:00,20:30,false
psp:omluva:174:2088:2026-03-04:09:00:11:00,2088,"""2026-03-04T00:00:00.000Z""",09:00,11:00,false
psp:omluva:174:2088:2026-03-06:12:30:23:59,2088,"""2026-03-06T00:00:00.000Z""",12:30,23:59,false
psp:omluva:174:2088:2026-03-07:00:00:09:00,2088,"""2026-03-07T00:00:00.000Z""",00:00,09:00,false
psp:omluva:174:2088:2026-03-24:18:45:23:59,2088,"""2026-03-24T00:00:00.000Z""",18:45,23:59,false
psp:omluva:174:2088:2026-03-25:00:00:09:00,2088,"""2026-03-25T00:00:00.000Z""",00:00,09:00,false
psp:omluva:174:2088:2026-04-15:19:00:23:59,2088,"""2026-04-15T00:00:00.000Z""",19:00,23:59,false
psp:omluva:174:2088:2026-04-16:00:00:09:00,2088,"""2026-04-16T00:00:00.000Z""",00:00,09:00,false
psp:omluva:174:2088:2026-04-16:09:00:12:00,2088,"""2026-04-16T00:00:00.000Z""",09:00,12:00,false
psp:omluva:174:2088:2026-05-06:09:00:23:59,2088,"""2026-05-06T00:00:00.000Z""",09:00,23:59,false
psp:omluva:174:2088:2026-05-07:00:00:09:00,2088,"""2026-05-07T00:00:00.000Z""",00:00,09:00,false
psp:omluva:174:2088:2026-05-07:09:00:23:59,2088,"""2026-05-07T00:00:00.000Z""",09:00,23:59,false
psp:omluva:174:2088:2026-05-08:00:00:09:00,2088,"""2026-05-08T00:00:00.000Z""",00:00,09:00,false
psp:omluva:174:2088:2026-06-25:09:00:13:30,2088,"""2026-06-25T00:00:00.000Z""",09:00,13:30,false
psp:omluva:174:2088:2026-07-01:21:00:23:59,2088,"""2026-07-01T00:00:00.000Z""",21:00,23:59,false
psp:omluva:174:2088:2026-07-02:00:00:09:00,2088,"""2026-07-02T00:00:00.000Z""",00:00,09:00,false
psp:omluva:174:2088:2026-07-02:09:00:11:00,2088,"""2026-07-02T00:00:00.000Z""",09:00,11:00,false
psp:omluva:174:2088:2026-07-07:09:00:11:30,2088,"""2026-07-07T00:00:00.000Z""",09:00,11:30,false
psp:omluva:174:2089:2026-01-14:09:00:23:59,2089,"""2026-01-14T00:00:00.000Z""",09:00,23:59,false
psp:omluva:174:2089:2026-01-15:00:00:09:00,2089,"""2026-01-15T00:00:00.000Z""",00:00,09:00,false
psp:omluva:174:2089:2026-01-28:09:00:23:59,2089,"""2026-01-28T00:00:00.000Z""",09:00,23:59,false
psp:omluva:174:2089:2026-01-29:00:00:09:00,2089,"""2026-01-29T00:00:00.000Z""",00:00,09:00,false
psp:omluva:174:2089:2026-01-29:09:00:23:59,2089,"""2026-01-29T00:00:00.000Z""",09:00,23:59,false
psp:omluva:174:2089:2026-01-30:00:00:09:00,2089,"""2026-01-30T00:00:00.000Z""",00:00,09:00,false
psp:omluva:174:2089:2026-01-30:09:00:23:59,2089,"""2026-01-30T00:00:00.000Z""",09:00,23:59,false
psp:omluva:174:2089:2026-01-31:00:00:09:00,2089,"""2026-01-31T00:00:00.000Z""",00:00,09:00,false
psp:omluva:174:2089:2026-02-12:12:30:13:10,2089,"""2026-02-12T00:00:00.000Z""",12:30,13:10,false
psp:omluva:174:2089:2026-02-12:14:50:23:59,2089,"""2026-02-12T00:00:00.000Z""",14:50,23:59,false
psp:omluva:174:2089:2026-02-13:00:00:09:00,2089,"""2026-02-13T00:00:00.000Z""",00:00,09:00,false
psp:omluva:174:2089:2026-03-12:13:50:16:00,2089,"""2026-03-12T00:00:00.000Z""",13:50,16:00,false
psp:omluva:174:2089:2026-03-13:12:00:23:59,2089,"""2026-03-13T00:00:00.000Z""",12:00,23:59,false
psp:omluva:174:2089:2026-03-14:00:00:09:00,2089,"""2026-03-14T00:00:00.000Z""",00:00,09:00,false
psp:omluva:174:2089:2026-03-24:09:00:23:59,2089,"""2026-03-24T00:00:00.000Z""",09:00,23:59,false
psp:omluva:174:2089:2026-03-25:00:00:09:00,2089,"""2026-03-25T00:00:00.000Z""",00:00,09:00,false
psp:omluva:174:2089:2026-03-25:09:00:23:59,2089,"""2026-03-25T00:00:00.000Z""",09:00,23:59,false
psp:omluva:174:2089:2026-03-26:00:00:09:00,2089,"""2026-03-26T00:00:00.000Z""",00:00,09:00,false
psp:omluva:174:2089:2026-04-17:12:15:23:59,2089,"""2026-04-17T00:00:00.000Z""",12:15,23:59,false
psp:omluva:174:2089:2026-04-18:00:00:09:00,2089,"""2026-04-18T00:00:00.000Z""",00:00,09:00,false
psp:omluva:174:2089:2026-04-22:18:30:23:59,2089,"""2026-04-22T00:00:00.000Z""",18:30,23:59,false
psp:omluva:174:2089:2026-04-23:00:00:09:00,2089,"""2026-04-23T00:00:00.000Z""",00:00,09:00,false
psp:omluva:174:2089:2026-04-24:09:00:23:59,2089,"""2026-04-24T00:00:00.000Z""",09:00,23:59,false
psp:omluva:174:2089:2026-04-25:00:00:09:00,2089,"""2026-04-25T00:00:00.000Z""",00:00,09:00,false
psp:omluva:174:2089:2026-05-05:16:30:23:59,2089,"""2026-05-05T00:00:00.000Z""",16:30,23:59,false
psp:omluva:174:2089:2026-05-06:00:00:09:00,2089,"""2026-05-06T00:00:00.000Z""",00:00,09:00,false
psp:omluva:174:2089:2026-05-13:09:30:14:50,2089,"""2026-05-13T00:00:00.000Z""",09:30,14:50,false
psp:omluva:174:2089:2026-05-14:09:00:23:59,2089,"""2026-05-14T00:00:00.000Z""",09:00,23:59,false
psp:omluva:174:2089:2026-05-15:00:00:09:00,2089,"""2026-05-15T00:00:00.000Z""",00:00,09:00,false
psp:omluva:174:2089:2026-05-27:16:30:23:59,2089,"""2026-05-27T00:00:00.000Z""",16:30,23:59,false
psp:omluva:174:2089:2026-05-28:00:00:09:00,2089,"""2026-05-28T00:00:00.000Z""",00:00,09:00,false
psp:omluva:174:2089:2026-05-28:09:00:23:59,2089,"""2026-05-28T00:00:00.000Z""",09:00,23:59,false
psp:omluva:174:2089:2026-05-29:00:00:09:00,2089,"""2026-05-29T00:00:00.000Z""",00:00,09:00,false
psp:omluva:174:2089:2026-05-29:09:00:23:59,2089,"""2026-05-29T00:00:00.000Z""",09:00,23:59,false
psp:omluva:174:2089:2026-05-30:00:00:09:00,2089,"""2026-05-30T00:00:00.000Z""",00:00,09:00,false
psp:omluva:174:2089:2026-06-05:09:00:23:59,2089,"""2026-06-05T00:00:00.000Z""",09:00,23:59,false
psp:omluva:174:2089:2026-06-06:00:00:09:00,2089,"""2026-06-06T00:00:00.000Z""",00:00,09:00,false
psp:omluva:174:2089:2026-06-11:09:00:15:00,2089,"""2026-06-11T00:00:00.000Z""",09:00,15:00,false
psp:omluva:174:2089:2026-06-25:09:00:23:59,2089,"""2026-06-25T00:00:00.000Z""",09:00,23:59,false
psp:omluva:174:2089:2026-06-26:00:00:09:00,2089,"""2026-06-26T00:00:00.000Z""",00:00,09:00,false
psp:omluva:174:2089:2026-07-08:10:30:15:00,2089,"""2026-07-08T00:00:00.000Z""",10:30,15:00,false
psp:omluva:174:2089:2026-07-14:09:00:23:59,2089,"""2026-07-14T00:00:00.000Z""",09:00,23:59,false
psp:omluva:174:2089:2026-07-15:00:00:09:00,2089,"""2026-07-15T00:00:00.000Z""",00:00,09:00,false
psp:omluva:174:2089:2026-07-15:09:00:23:59,2089,"""2026-07-15T00:00:00.000Z""",09:00,23:59,false
psp:omluva:174:2089:2026-07-16:00:00:09:00,2089,"""2026-07-16T00:00:00.000Z""",00:00,09:00,false
psp:omluva:174:2089:2026-07-16:09:00:23:59,2089,"""2026-07-16T00:00:00.000Z""",09:00,23:59,false
psp:omluva:174:2089:2026-07-17:00:00:09:00,2089,"""2026-07-17T00:00:00.000Z""",00:00,09:00,false
psp:omluva:174:2090:2026-05-14:09:00:23:59,2090,"""2026-05-14T00:00:00.000Z""",09:00,23:59,false
psp:omluva:174:2090:2026-05-15:00:00:09:00,2090,"""2026-05-15T00:00:00.000Z""",00:00,09:00,false
psp:omluva:174:2090:2026-05-15:09:00:23:59,2090,"""2026-05-15T00:00:00.000Z""",09:00,23:59,false
psp:omluva:174:2090:2026-05-16:00:00:09:00,2090,"""2026-05-16T00:00:00.000Z""",00:00,09:00,false
psp:omluva:174:2090:2026-07-10:09:00:23:59,2090,"""2026-07-10T00:00:00.000Z""",09:00,23:59,false
psp:omluva:174:2090:2026-07-11:00:00:09:00,2090,"""2026-07-11T00:00:00.000Z""",00:00,09:00,false
psp:omluva:174:2091:2026-01-16:12:30:23:59,2091,"""2026-01-16T00:00:00.000Z""",12:30,23:59,false
psp:omluva:174:2091:2026-01-17:00:00:09:00,2091,"""2026-01-17T00:00:00.000Z""",00:00,09:00,false
psp:omluva:174:2091:2026-01-30:09:00:23:59,2091,"""2026-01-30T00:00:00.000Z""",09:00,23:59,false
psp:omluva:174:2091:2026-01-31:00:00:09:00,2091,"""2026-01-31T00:00:00.000Z""",00:00,09:00,false
psp:omluva:174:2091:2026-02-04:09:00:15:00,2091,"""2026-02-04T00:00:00.000Z""",09:00,15:00,false
psp:omluva:174:2091:2026-02-10:19:00:23:59,2091,"""2026-02-10T00:00:00.000Z""",19:00,23:59,false
psp:omluva:174:2091:2026-02-11:00:00:09:00,2091,"""2026-02-11T00:00:00.000Z""",00:00,09:00,false
psp:omluva:174:2091:2026-02-12:09:00:14:30,2091,"""2026-02-12T00:00:00.000Z""",09:00,14:30,false
psp:omluva:174:2091:2026-03-06:09:00:23:59,2091,"""2026-03-06T00:00:00.000Z""",09:00,23:59,false
psp:omluva:174:2091:2026-03-07:00:00:09:00,2091,"""2026-03-07T00:00:00.000Z""",00:00,09:00,false
psp:omluva:174:2091:2026-03-10:09:00:23:59,2091,"""2026-03-10T00:00:00.000Z""",09:00,23:59,false
psp:omluva:174:2091:2026-03-11:00:00:09:00,2091,"""2026-03-11T00:00:00.000Z""",00:00,09:00,false
psp:omluva:174:2091:2026-03-12:13:00:23:59,2091,"""2026-03-12T00:00:00.000Z""",13:00,23:59,false
psp:omluva:174:2091:2026-03-13:00:00:09:00,2091,"""2026-03-13T00:00:00.000Z""",00:00,09:00,false
psp:omluva:174:2091:2026-03-13:09:00:23:59,2091,"""2026-03-13T00:00:00.000Z""",09:00,23:59,false
psp:omluva:174:2091:2026-03-14:00:00:09:00,2091,"""2026-03-14T00:00:00.000Z""",00:00,09:00,false
psp:omluva:174:2091:2026-03-25:11:00:12:30,2091,"""2026-03-25T00:00:00.000Z""",11:00,12:30,false
psp:omluva:174:2091:2026-04-17:09:00:23:59,2091,"""2026-04-17T00:00:00.000Z""",09:00,23:59,false
psp:omluva:174:2091:2026-04-18:00:00:09:00,2091,"""2026-04-18T00:00:00.000Z""",00:00,09:00,false
psp:omluva:174:2091:2026-04-22:09:00:12:00,2091,"""2026-04-22T00:00:00.000Z""",09:00,12:00,false
psp:omluva:174:2091:2026-04-22:09:00:13:00,2091,"""2026-04-22T00:00:00.000Z""",09:00,13:00,false
psp:omluva:174:2091:2026-04-23:14:30:23:59,2091,"""2026-04-23T00:00:00.000Z""",14:30,23:59,false
psp:omluva:174:2091:2026-04-24:00:00:09:00,2091,"""2026-04-24T00:00:00.000Z""",00:00,09:00,false
psp:omluva:174:2091:2026-05-06:09:00:23:59,2091,"""2026-05-06T00:00:00.000Z""",09:00,23:59,false
psp:omluva:174:2091:2026-05-07:00:00:09:00,2091,"""2026-05-07T00:00:00.000Z""",00:00,09:00,false
psp:omluva:174:2091:2026-05-13:09:00:18:15,2091,"""2026-05-13T00:00:00.000Z""",09:00,18:15,false
psp:omluva:174:2091:2026-05-13:12:15:14:30,2091,"""2026-05-13T00:00:00.000Z""",12:15,14:30,false
psp:omluva:174:2091:2026-05-13:15:15:17:00,2091,"""2026-05-13T00:00:00.000Z""",15:15,17:00,false
psp:omluva:174:2091:2026-05-14:09:00:23:59,2091,"""2026-05-14T00:00:00.000Z""",09:00,23:59,false
psp:omluva:174:2091:2026-05-15:00:00:09:00,2091,"""2026-05-15T00:00:00.000Z""",00:00,09:00,false
psp:omluva:174:2091:2026-05-27:09:00:11:00,2091,"""2026-05-27T00:00:00.000Z""",09:00,11:00,false
psp:omluva:174:2091:2026-05-27:11:00:13:00,2091,"""2026-05-27T00:00:00.000Z""",11:00,13:00,false
psp:omluva:174:2091:2026-05-27:16:00:23:59,2091,"""2026-05-27T00:00:00.000Z""",16:00,23:59,false
psp:omluva:174:2091:2026-05-28:00:00:09:00,2091,"""2026-05-28T00:00:00.000Z""",00:00,09:00,false
psp:omluva:174:2091:2026-05-28:09:00:23:59,2091,"""2026-05-28T00:00:00.000Z""",09:00,23:59,false
psp:omluva:174:2091:2026-05-29:00:00:09:00,2091,"""2026-05-29T00:00:00.000Z""",00:00,09:00,false
psp:omluva:174:2091:2026-05-29:10:30:23:59,2091,"""2026-05-29T00:00:00.000Z""",10:30,23:59,false
psp:omluva:174:2091:2026-05-30:00:00:09:00,2091,"""2026-05-30T00:00:00.000Z""",00:00,09:00,false
psp:omluva:174:2091:2026-06-03:09:00:23:59,2091,"""2026-06-03T00:00:00.000Z""",09:00,23:59,false
psp:omluva:174:2091:2026-06-04:00:00:09:00,2091,"""2026-06-04T00:00:00.000Z""",00:00,09:00,false
psp:omluva:174:2091:2026-06-04:09:00:23:59,2091,"""2026-06-04T00:00:00.000Z""",09:00,23:59,false
psp:omluva:174:2091:2026-06-05:00:00:09:00,2091,"""2026-06-05T00:00:00.000Z""",00:00,09:00,false
psp:omluva:174:2091:2026-06-05:09:00:11:00,2091,"""2026-06-05T00:00:00.000Z""",09:00,11:00,false
psp:omluva:174:2091:2026-06-23:09:00:15:30,2091,"""2026-06-23T00:00:00.000Z""",09:00,15:30,false
psp:omluva:174:2091:2026-06-23:17:15:23:59,2091,"""2026-06-23T00:00:00.000Z""",17:15,23:59,false
psp:omluva:174:2091:2026-06-24:00:00:09:00,2091,"""2026-06-24T00:00:00.000Z""",00:00,09:00,false
psp:omluva:174:2091:2026-06-24:17:00:23:59,2091,"""2026-06-24T00:00:00.000Z""",17:00,23:59,false
psp:omluva:174:2091:2026-06-25:00:00:09:00,2091,"""2026-06-25T00:00:00.000Z""",00:00,09:00,false
psp:omluva:174:2091:2026-06-25:09:00:11:00,2091,"""2026-06-25T00:00:00.000Z""",09:00,11:00,false
psp:omluva:174:2091:2026-06-26:09:00:12:00,2091,"""2026-06-26T00:00:00.000Z""",09:00,12:00,false
psp:omluva:174:2091:2026-06-26:09:00:23:59,2091,"""2026-06-26T00:00:00.000Z""",09:00,23:59,false
psp:omluva:174:2091:2026-06-27:00:00:09:00,2091,"""2026-06-27T00:00:00.000Z""",00:00,09:00,false
psp:omluva:174:2091:2026-06-30:20:00:23:59,2091,"""2026-06-30T00:00:00.000Z""",20:00,23:59,false
psp:omluva:174:2091:2026-07-01:00:00:09:00,2091,"""2026-07-01T00:00:00.000Z""",00:00,09:00,false
psp:omluva:174:2091:2026-07-01:09:00:13:00,2091,"""2026-07-01T00:00:00.000Z""",09:00,13:00,false
psp:omluva:174:2091:2026-07-02:09:00:23:59,2091,"""2026-07-02T00:00:00.000Z""",09:00,23:59,false
psp:omluva:174:2091:2026-07-03:00:00:09:00,2091,"""2026-07-03T00:00:00.000Z""",00:00,09:00,false
psp:omluva:174:2091:2026-07-03:09:00:11:00,2091,"""2026-07-03T00:00:00.000Z""",09:00,11:00,false
psp:omluva:174:2091:2026-07-07:09:00:11:00,2091,"""2026-07-07T00:00:00.000Z""",09:00,11:00,false
psp:omluva:174:2091:2026-07-08:14:15:17:00,2091,"""2026-07-08T00:00:00.000Z""",14:15,17:00,false
psp:omluva:174:2091:2026-07-14:09:00:23:59,2091,"""2026-07-14T00:00:00.000Z""",09:00,23:59,false
psp:omluva:174:2091:2026-07-15:00:00:09:00,2091,"""2026-07-15T00:00:00.000Z""",00:00,09:00,false
psp:omluva:174:2091:2026-07-15:09:00:23:59,2091,"""2026-07-15T00:00:00.000Z""",09:00,23:59,false
psp:omluva:174:2091:2026-07-16:00:00:09:00,2091,"""2026-07-16T00:00:00.000Z""",00:00,09:00,false
psp:omluva:174:2092:2026-03-24:15:00:17:00,2092,"""2026-03-24T00:00:00.000Z""",15:00,17:00,false
psp:omluva:174:2093:2026-03-04:09:00:10:00,2093,"""2026-03-04T00:00:00.000Z""",09:00,10:00,false
psp:omluva:174:2093:2026-03-12:09:00:14:00,2093,"""2026-03-12T00:00:00.000Z""",09:00,14:00,false
psp:omluva:174:2093:2026-04-23:09:00:10:00,2093,"""2026-04-23T00:00:00.000Z""",09:00,10:00,false
psp:omluva:174:2093:2026-05-13:13:00:23:59,2093,"""2026-05-13T00:00:00.000Z""",13:00,23:59,false
psp:omluva:174:2093:2026-05-14:00:00:09:00,2093,"""2026-05-14T00:00:00.000Z""",00:00,09:00,false
psp:omluva:174:2093:2026-05-14:09:00:23:59,2093,"""2026-05-14T00:00:00.000Z""",09:00,23:59,false
psp:omluva:174:2093:2026-05-15:00:00:09:00,2093,"""2026-05-15T00:00:00.000Z""",00:00,09:00,false
psp:omluva:174:2093:2026-05-15:09:00:23:59,2093,"""2026-05-15T00:00:00.000Z""",09:00,23:59,false
psp:omluva:174:2093:2026-05-16:00:00:09:00,2093,"""2026-05-16T00:00:00.000Z""",00:00,09:00,false
psp:omluva:174:2093:2026-05-28:09:00:23:59,2093,"""2026-05-28T00:00:00.000Z""",09:00,23:59,false
psp:omluva:174:2093:2026-05-29:00:00:09:00,2093,"""2026-05-29T00:00:00.000Z""",00:00,09:00,false
psp:omluva:174:2093:2026-06-04:09:00:10:00,2093,"""2026-06-04T00:00:00.000Z""",09:00,10:00,false
psp:omluva:174:2093:2026-06-25:09:00:10:00,2093,"""2026-06-25T00:00:00.000Z""",09:00,10:00,false
psp:omluva:174:2093:2026-07-02:09:00:23:59,2093,"""2026-07-02T00:00:00.000Z""",09:00,23:59,false
psp:omluva:174:2093:2026-07-03:00:00:09:00,2093,"""2026-07-03T00:00:00.000Z""",00:00,09:00,false
psp:omluva:174:2093:2026-07-08:11:00:23:59,2093,"""2026-07-08T00:00:00.000Z""",11:00,23:59,false
psp:omluva:174:2093:2026-07-09:00:00:09:00,2093,"""2026-07-09T00:00:00.000Z""",00:00,09:00,false
psp:omluva:174:2093:2026-07-10:09:00:23:59,2093,"""2026-07-10T00:00:00.000Z""",09:00,23:59,false
psp:omluva:174:2093:2026-07-11:00:00:09:00,2093,"""2026-07-11T00:00:00.000Z""",00:00,09:00,false
psp:omluva:174:2093:2026-07-14:09:00:23:59,2093,"""2026-07-14T00:00:00.000Z""",09:00,23:59,false
psp:omluva:174:2093:2026-07-15:00:00:09:00,2093,"""2026-07-15T00:00:00.000Z""",00:00,09:00,false
psp:omluva:174:2093:2026-07-15:09:00:23:59,2093,"""2026-07-15T00:00:00.000Z""",09:00,23:59,false
psp:omluva:174:2093:2026-07-16:00:00:09:00,2093,"""2026-07-16T00:00:00.000Z""",00:00,09:00,false
psp:omluva:174:2094:2026-03-13:11:30:19:00,2094,"""2026-03-13T00:00:00.000Z""",11:30,19:00,false
psp:omluva:174:2095:2026-01-27:09:00:23:59,2095,"""2026-01-27T00:00:00.000Z""",09:00,23:59,false
psp:omluva:174:2095:2026-01-28:00:00:09:00,2095,"""2026-01-28T00:00:00.000Z""",00:00,09:00,false
psp:omluva:174:2096:2025-11-27:17:00:18:00,2096,"""2025-11-27T00:00:00.000Z""",17:00,18:00,false
psp:omluva:174:2096:2026-01-28:17:30:23:59,2096,"""2026-01-28T00:00:00.000Z""",17:30,23:59,false
psp:omluva:174:2096:2026-01-29:00:00:09:00,2096,"""2026-01-29T00:00:00.000Z""",00:00,09:00,false
psp:omluva:174:2096:2026-03-03:19:00:23:59,2096,"""2026-03-03T00:00:00.000Z""",19:00,23:59,false
psp:omluva:174:2096:2026-03-04:00:00:09:00,2096,"""2026-03-04T00:00:00.000Z""",00:00,09:00,false
psp:omluva:174:2096:2026-03-04:09:00:12:00,2096,"""2026-03-04T00:00:00.000Z""",09:00,12:00,false
psp:omluva:174:2096:2026-03-06:09:00:09:30,2096,"""2026-03-06T00:00:00.000Z""",09:00,09:30,false
psp:omluva:174:2096:2026-03-10:09:00:23:59,2096,"""2026-03-10T00:00:00.000Z""",09:00,23:59,false
psp:omluva:174:2096:2026-03-11:00:00:09:00,2096,"""2026-03-11T00:00:00.000Z""",00:00,09:00,false
psp:omluva:174:2096:2026-03-11:09:00:23:59,2096,"""2026-03-11T00:00:00.000Z""",09:00,23:59,false
psp:omluva:174:2096:2026-03-12:00:00:09:00,2096,"""2026-03-12T00:00:00.000Z""",00:00,09:00,false
psp:omluva:174:2096:2026-03-12:09:00:23:59,2096,"""2026-03-12T00:00:00.000Z""",09:00,23:59,false
psp:omluva:174:2096:2026-03-13:00:00:09:00,2096,"""2026-03-13T00:00:00.000Z""",00:00,09:00,false
psp:omluva:174:2096:2026-03-13:09:00:23:59,2096,"""2026-03-13T00:00:00.000Z""",09:00,23:59,false
psp:omluva:174:2096:2026-03-14:00:00:09:00,2096,"""2026-03-14T00:00:00.000Z""",00:00,09:00,false
psp:omluva:174:2096:2026-03-25:16:30:23:59,2096,"""2026-03-25T00:00:00.000Z""",16:30,23:59,false
psp:omluva:174:2096:2026-03-26:00:00:09:00,2096,"""2026-03-26T00:00:00.000Z""",00:00,09:00,false
psp:omluva:174:2096:2026-04-15:19:30:23:59,2096,"""2026-04-15T00:00:00.000Z""",19:30,23:59,false
psp:omluva:174:2096:2026-04-16:00:00:09:00,2096,"""2026-04-16T00:00:00.000Z""",00:00,09:00,false
psp:omluva:174:2096:2026-04-17:12:15:23:59,2096,"""2026-04-17T00:00:00.000Z""",12:15,23:59,false
psp:omluva:174:2096:2026-04-18:00:00:09:00,2096,"""2026-04-18T00:00:00.000Z""",00:00,09:00,false
psp:omluva:174:2096:2026-04-21:17:30:19:30,2096,"""2026-04-21T00:00:00.000Z""",17:30,19:30,false
psp:omluva:174:2096:2026-04-22:14:00:23:59,2096,"""2026-04-22T00:00:00.000Z""",14:00,23:59,false
psp:omluva:174:2096:2026-04-23:00:00:09:00,2096,"""2026-04-23T00:00:00.000Z""",00:00,09:00,false
psp:omluva:174:2096:2026-04-23:16:30:23:59,2096,"""2026-04-23T00:00:00.000Z""",16:30,23:59,false
psp:omluva:174:2096:2026-04-24:00:00:09:00,2096,"""2026-04-24T00:00:00.000Z""",00:00,09:00,false
psp:omluva:174:2096:2026-05-06:18:00:23:59,2096,"""2026-05-06T00:00:00.000Z""",18:00,23:59,false
psp:omluva:174:2096:2026-05-07:00:00:09:00,2096,"""2026-05-07T00:00:00.000Z""",00:00,09:00,false
psp:omluva:174:2096:2026-05-14:09:00:23:59,2096,"""2026-05-14T00:00:00.000Z""",09:00,23:59,false
psp:omluva:174:2096:2026-05-15:00:00:09:00,2096,"""2026-05-15T00:00:00.000Z""",00:00,09:00,false
psp:omluva:174:2096:2026-06-02:09:00:23:59,2096,"""2026-06-02T00:00:00.000Z""",09:00,23:59,false
psp:omluva:174:2096:2026-06-03:00:00:09:00,2096,"""2026-06-03T00:00:00.000Z""",00:00,09:00,false
psp:omluva:174:2096:2026-06-30:19:00:23:59,2096,"""2026-06-30T00:00:00.000Z""",19:00,23:59,false
psp:omluva:174:2096:2026-07-01:00:00:09:00,2096,"""2026-07-01T00:00:00.000Z""",00:00,09:00,false
psp:omluva:174:2096:2026-07-02:09:00:13:00,2096,"""2026-07-02T00:00:00.000Z""",09:00,13:00,false
psp:omluva:174:2096:2026-07-07:09:00:14:00,2096,"""2026-07-07T00:00:00.000Z""",09:00,14:00,false
psp:omluva:174:2096:2026-07-08:16:30:23:59,2096,"""2026-07-08T00:00:00.000Z""",16:30,23:59,false
psp:omluva:174:2096:2026-07-09:00:00:09:00,2096,"""2026-07-09T00:00:00.000Z""",00:00,09:00,false
psp:omluva:174:2096:2026-07-13:09:00:23:59,2096,"""2026-07-13T00:00:00.000Z""",09:00,23:59,false
psp:omluva:174:2096:2026-07-14:00:00:09:00,2096,"""2026-07-14T00:00:00.000Z""",00:00,09:00,false
psp:omluva:174:2096:2026-07-14:09:00:23:59,2096,"""2026-07-14T00:00:00.000Z""",09:00,23:59,false
psp:omluva:174:2096:2026-07-15:00:00:09:00,2096,"""2026-07-15T00:00:00.000Z""",00:00,09:00,false
psp:omluva:174:2096:2026-07-15:09:00:23:59,2096,"""2026-07-15T00:00:00.000Z""",09:00,23:59,false
psp:omluva:174:2096:2026-07-16:00:00:09:00,2096,"""2026-07-16T00:00:00.000Z""",00:00,09:00,false
psp:omluva:174:2096:2026-07-16:09:00:23:59,2096,"""2026-07-16T00:00:00.000Z""",09:00,23:59,false
psp:omluva:174:2096:2026-07-17:00:00:09:00,2096,"""2026-07-17T00:00:00.000Z""",00:00,09:00,false
psp:omluva:174:2096:2026-07-17:09:00:23:59,2096,"""2026-07-17T00:00:00.000Z""",09:00,23:59,false
psp:omluva:174:2096:2026-07-18:00:00:09:00,2096,"""2026-07-18T00:00:00.000Z""",00:00,09:00,false
psp:omluva:174:2097:2025-11-27:09:00:23:59,2097,"""2025-11-27T00:00:00.000Z""",09:00,23:59,false
psp:omluva:174:2097:2025-11-28:00:00:09:00,2097,"""2025-11-28T00:00:00.000Z""",00:00,09:00,false
psp:omluva:174:2097:2026-01-13:09:00:23:59,2097,"""2026-01-13T00:00:00.000Z""",09:00,23:59,false
psp:omluva:174:2097:2026-01-14:00:00:09:00,2097,"""2026-01-14T00:00:00.000Z""",00:00,09:00,false
psp:omluva:174:2097:2026-01-14:09:00:23:59,2097,"""2026-01-14T00:00:00.000Z""",09:00,23:59,false
psp:omluva:174:2097:2026-01-15:00:00:09:00,2097,"""2026-01-15T00:00:00.000Z""",00:00,09:00,false
psp:omluva:174:2097:2026-01-15:09:00:23:59,2097,"""2026-01-15T00:00:00.000Z""",09:00,23:59,false
psp:omluva:174:2097:2026-01-16:00:00:09:00,2097,"""2026-01-16T00:00:00.000Z""",00:00,09:00,false
psp:omluva:174:2097:2026-01-16:09:00:23:59,2097,"""2026-01-16T00:00:00.000Z""",09:00,23:59,false
psp:omluva:174:2097:2026-01-17:00:00:09:00,2097,"""2026-01-17T00:00:00.000Z""",00:00,09:00,false
psp:omluva:174:2097:2026-01-27:09:00:23:59,2097,"""2026-01-27T00:00:00.000Z""",09:00,23:59,false
psp:omluva:174:2097:2026-01-28:00:00:09:00,2097,"""2026-01-28T00:00:00.000Z""",00:00,09:00,false
psp:omluva:174:2097:2026-01-30:18:00:23:59,2097,"""2026-01-30T00:00:00.000Z""",18:00,23:59,false
psp:omluva:174:2097:2026-01-31:00:00:09:00,2097,"""2026-01-31T00:00:00.000Z""",00:00,09:00,false
psp:omluva:174:2097:2026-02-11:09:00:10:30,2097,"""2026-02-11T00:00:00.000Z""",09:00,10:30,false
psp:omluva:174:2097:2026-02-11:10:45:11:30,2097,"""2026-02-11T00:00:00.000Z""",10:45,11:30,false
psp:omluva:174:2097:2026-02-11:22:00:23:59,2097,"""2026-02-11T00:00:00.000Z""",22:00,23:59,false
psp:omluva:174:2097:2026-02-12:00:00:09:00,2097,"""2026-02-12T00:00:00.000Z""",00:00,09:00,false
psp:omluva:174:2097:2026-03-03:20:00:23:59,2097,"""2026-03-03T00:00:00.000Z""",20:00,23:59,false
psp:omluva:174:2097:2026-03-04:00:00:09:00,2097,"""2026-03-04T00:00:00.000Z""",00:00,09:00,false
psp:omluva:174:2097:2026-03-04:09:00:10:00,2097,"""2026-03-04T00:00:00.000Z""",09:00,10:00,false
psp:omluva:174:2097:2026-03-10:09:00:23:59,2097,"""2026-03-10T00:00:00.000Z""",09:00,23:59,false
psp:omluva:174:2097:2026-03-11:00:00:09:00,2097,"""2026-03-11T00:00:00.000Z""",00:00,09:00,false
psp:omluva:174:2097:2026-03-25:15:30:23:59,2097,"""2026-03-25T00:00:00.000Z""",15:30,23:59,false
psp:omluva:174:2097:2026-03-26:00:00:09:00,2097,"""2026-03-26T00:00:00.000Z""",00:00,09:00,false
psp:omluva:174:2097:2026-04-21:21:00:23:59,2097,"""2026-04-21T00:00:00.000Z""",21:00,23:59,false
psp:omluva:174:2097:2026-04-22:00:00:09:00,2097,"""2026-04-22T00:00:00.000Z""",00:00,09:00,false
psp:omluva:174:2097:2026-04-24:09:00:10:00,2097,"""2026-04-24T00:00:00.000Z""",09:00,10:00,false
psp:omluva:174:2097:2026-05-05:20:30:23:59,2097,"""2026-05-05T00:00:00.000Z""",20:30,23:59,false
psp:omluva:174:2097:2026-05-06:00:00:09:00,2097,"""2026-05-06T00:00:00.000Z""",00:00,09:00,false
psp:omluva:174:2097:2026-05-14:09:00:23:59,2097,"""2026-05-14T00:00:00.000Z""",09:00,23:59,false
psp:omluva:174:2097:2026-05-15:00:00:09:00,2097,"""2026-05-15T00:00:00.000Z""",00:00,09:00,false
psp:omluva:174:2097:2026-05-15:09:00:09:30,2097,"""2026-05-15T00:00:00.000Z""",09:00,09:30,false
psp:omluva:174:2097:2026-05-27:16:00:23:59,2097,"""2026-05-27T00:00:00.000Z""",16:00,23:59,false
psp:omluva:174:2097:2026-05-28:00:00:09:00,2097,"""2026-05-28T00:00:00.000Z""",00:00,09:00,false
psp:omluva:174:2097:2026-05-28:09:00:12:00,2097,"""2026-05-28T00:00:00.000Z""",09:00,12:00,false
psp:omluva:174:2097:2026-05-28:09:00:14:00,2097,"""2026-05-28T00:00:00.000Z""",09:00,14:00,false
psp:omluva:174:2097:2026-05-29:09:00:14:00,2097,"""2026-05-29T00:00:00.000Z""",09:00,14:00,false
psp:omluva:174:2097:2026-06-02:14:00:16:45,2097,"""2026-06-02T00:00:00.000Z""",14:00,16:45,false
psp:omluva:174:2097:2026-07-03:09:00:23:59,2097,"""2026-07-03T00:00:00.000Z""",09:00,23:59,false
psp:omluva:174:2097:2026-07-04:00:00:09:00,2097,"""2026-07-04T00:00:00.000Z""",00:00,09:00,false
psp:omluva:174:2097:2026-07-07:10:00:14:00,2097,"""2026-07-07T00:00:00.000Z""",10:00,14:00,false
psp:omluva:174:2097:2026-07-14:09:00:13:00,2097,"""2026-07-14T00:00:00.000Z""",09:00,13:00,false
psp:omluva:174:2097:2026-07-14:14:00:23:59,2097,"""2026-07-14T00:00:00.000Z""",14:00,23:59,false
psp:omluva:174:2097:2026-07-15:00:00:09:00,2097,"""2026-07-15T00:00:00.000Z""",00:00,09:00,false
psp:omluva:174:2098:2025-11-26:09:00:23:59,2098,"""2025-11-26T00:00:00.000Z""",09:00,23:59,false
psp:omluva:174:2098:2025-11-27:00:00:09:00,2098,"""2025-11-27T00:00:00.000Z""",00:00,09:00,false
psp:omluva:174:2098:2025-11-27:09:00:23:59,2098,"""2025-11-27T00:00:00.000Z""",09:00,23:59,false
psp:omluva:174:2098:2025-11-28:00:00:09:00,2098,"""2025-11-28T00:00:00.000Z""",00:00,09:00,false
psp:omluva:174:2098:2026-01-14:11:00:13:30,2098,"""2026-01-14T00:00:00.000Z""",11:00,13:30,false
psp:omluva:174:2098:2026-01-30:14:00:23:59,2098,"""2026-01-30T00:00:00.000Z""",14:00,23:59,false
psp:omluva:174:2098:2026-01-31:00:00:09:00,2098,"""2026-01-31T00:00:00.000Z""",00:00,09:00,false
psp:omluva:174:2098:2026-03-24:19:30:23:59,2098,"""2026-03-24T00:00:00.000Z""",19:30,23:59,false
psp:omluva:174:2098:2026-03-25:00:00:09:00,2098,"""2026-03-25T00:00:00.000Z""",00:00,09:00,false
psp:omluva:174:2098:2026-03-25:16:30:23:59,2098,"""2026-03-25T00:00:00.000Z""",16:30,23:59,false
psp:omluva:174:2098:2026-03-26:00:00:09:00,2098,"""2026-03-26T00:00:00.000Z""",00:00,09:00,false
psp:omluva:174:2098:2026-04-15:11:00:13:00,2098,"""2026-04-15T00:00:00.000Z""",11:00,13:00,false
psp:omluva:174:2098:2026-04-15:13:00:14:00,2098,"""2026-04-15T00:00:00.000Z""",13:00,14:00,false
psp:omluva:174:2098:2026-04-15:19:00:23:59,2098,"""2026-04-15T00:00:00.000Z""",19:00,23:59,false
psp:omluva:174:2098:2026-04-16:00:00:09:00,2098,"""2026-04-16T00:00:00.000Z""",00:00,09:00,false
psp:omluva:174:2098:2026-04-16:17:00:23:59,2098,"""2026-04-16T00:00:00.000Z""",17:00,23:59,false
psp:omluva:174:2098:2026-04-17:00:00:09:00,2098,"""2026-04-17T00:00:00.000Z""",00:00,09:00,false
psp:omluva:174:2098:2026-04-17:13:00:23:59,2098,"""2026-04-17T00:00:00.000Z""",13:00,23:59,false
psp:omluva:174:2098:2026-04-18:00:00:09:00,2098,"""2026-04-18T00:00:00.000Z""",00:00,09:00,false
psp:omluva:174:2098:2026-04-21:21:45:23:59,2098,"""2026-04-21T00:00:00.000Z""",21:45,23:59,false
psp:omluva:174:2098:2026-04-22:00:00:09:00,2098,"""2026-04-22T00:00:00.000Z""",00:00,09:00,false
psp:omluva:174:2098:2026-04-23:09:00:11:00,2098,"""2026-04-23T00:00:00.000Z""",09:00,11:00,false
psp:omluva:174:2098:2026-04-24:11:30:23:59,2098,"""2026-04-24T00:00:00.000Z""",11:30,23:59,false
psp:omluva:174:2098:2026-04-25:00:00:09:00,2098,"""2026-04-25T00:00:00.000Z""",00:00,09:00,false
psp:omluva:174:2098:2026-05-05:22:00:23:59,2098,"""2026-05-05T00:00:00.000Z""",22:00,23:59,false
psp:omluva:174:2098:2026-05-06:00:00:09:00,2098,"""2026-05-06T00:00:00.000Z""",00:00,09:00,false
psp:omluva:174:2098:2026-05-14:09:00:23:59,2098,"""2026-05-14T00:00:00.000Z""",09:00,23:59,false
psp:omluva:174:2098:2026-05-15:00:00:09:00,2098,"""2026-05-15T00:00:00.000Z""",00:00,09:00,false
psp:omluva:174:2098:2026-05-26:09:00:23:59,2098,"""2026-05-26T00:00:00.000Z""",09:00,23:59,false
psp:omluva:174:2098:2026-05-27:00:00:09:00,2098,"""2026-05-27T00:00:00.000Z""",00:00,09:00,false
psp:omluva:174:2098:2026-05-27:09:00:23:59,2098,"""2026-05-27T00:00:00.000Z""",09:00,23:59,false
psp:omluva:174:2098:2026-05-28:00:00:09:00,2098,"""2026-05-28T00:00:00.000Z""",00:00,09:00,false
psp:omluva:174:2098:2026-05-28:09:00:10:30,2098,"""2026-05-28T00:00:00.000Z""",09:00,10:30,false
psp:omluva:174:2098:2026-05-28:21:30:23:59,2098,"""2026-05-28T00:00:00.000Z""",21:30,23:59,false
psp:omluva:174:2098:2026-05-29:00:00:09:00,2098,"""2026-05-29T00:00:00.000Z""",00:00,09:00,false
psp:omluva:174:2098:2026-06-04:18:30:23:59,2098,"""2026-06-04T00:00:00.000Z""",18:30,23:59,false
psp:omluva:174:2098:2026-06-05:00:00:09:00,2098,"""2026-06-05T00:00:00.000Z""",00:00,09:00,false
psp:omluva:174:2098:2026-06-24:17:00:23:59,2098,"""2026-06-24T00:00:00.000Z""",17:00,23:59,false
psp:omluva:174:2098:2026-06-25:00:00:09:00,2098,"""2026-06-25T00:00:00.000Z""",00:00,09:00,false
psp:omluva:174:2098:2026-06-25:09:00:23:59,2098,"""2026-06-25T00:00:00.000Z""",09:00,23:59,false
psp:omluva:174:2098:2026-06-26:00:00:09:00,2098,"""2026-06-26T00:00:00.000Z""",00:00,09:00,false
psp:omluva:174:2098:2026-06-26:09:00:23:59,2098,"""2026-06-26T00:00:00.000Z""",09:00,23:59,false
psp:omluva:174:2098:2026-06-27:00:00:09:00,2098,"""2026-06-27T00:00:00.000Z""",00:00,09:00,false
psp:omluva:174:2098:2026-06-30:20:00:23:59,2098,"""2026-06-30T00:00:00.000Z""",20:00,23:59,false
psp:omluva:174:2098:2026-07-01:00:00:09:00,2098,"""2026-07-01T00:00:00.000Z""",00:00,09:00,false
psp:omluva:174:2098:2026-07-10:09:00:11:30,2098,"""2026-07-10T00:00:00.000Z""",09:00,11:30,false
psp:omluva:174:2098:2026-07-15:11:45:23:59,2098,"""2026-07-15T00:00:00.000Z""",11:45,23:59,false
psp:omluva:174:2098:2026-07-16:00:00:09:00,2098,"""2026-07-16T00:00:00.000Z""",00:00,09:00,false
psp:omluva:174:2099:2025-11-27:18:00:23:59,2099,"""2025-11-27T00:00:00.000Z""",18:00,23:59,false
psp:omluva:174:2099:2025-11-28:00:00:09:00,2099,"""2025-11-28T00:00:00.000Z""",00:00,09:00,false
psp:omluva:174:2099:2026-01-14:10:30:11:30,2099,"""2026-01-14T00:00:00.000Z""",10:30,11:30,false
psp:omluva:174:2099:2026-01-16:09:00:13:30,2099,"""2026-01-16T00:00:00.000Z""",09:00,13:30,false
psp:omluva:174:2099:2026-02-10:09:00:23:59,2099,"""2026-02-10T00:00:00.000Z""",09:00,23:59,false
psp:omluva:174:2099:2026-02-11:00:00:09:00,2099,"""2026-02-11T00:00:00.000Z""",00:00,09:00,false
psp:omluva:174:2099:2026-02-11:09:00:23:59,2099,"""2026-02-11T00:00:00.000Z""",09:00,23:59,false
psp:omluva:174:2099:2026-02-12:00:00:09:00,2099,"""2026-02-12T00:00:00.000Z""",00:00,09:00,false
psp:omluva:174:2099:2026-03-06:09:00:23:59,2099,"""2026-03-06T00:00:00.000Z""",09:00,23:59,false
psp:omluva:174:2099:2026-03-07:00:00:09:00,2099,"""2026-03-07T00:00:00.000Z""",00:00,09:00,false
psp:omluva:174:2099:2026-03-13:09:00:23:59,2099,"""2026-03-13T00:00:00.000Z""",09:00,23:59,false
psp:omluva:174:2099:2026-03-14:00:00:09:00,2099,"""2026-03-14T00:00:00.000Z""",00:00,09:00,false
psp:omluva:174:2099:2026-04-16:09:00:23:59,2099,"""2026-04-16T00:00:00.000Z""",09:00,23:59,false
psp:omluva:174:2099:2026-04-17:00:00:09:00,2099,"""2026-04-17T00:00:00.000Z""",00:00,09:00,false
psp:omluva:174:2099:2026-05-14:09:00:23:59,2099,"""2026-05-14T00:00:00.000Z""",09:00,23:59,false
psp:omluva:174:2099:2026-05-15:00:00:09:00,2099,"""2026-05-15T00:00:00.000Z""",00:00,09:00,false
psp:omluva:174:2099:2026-05-15:10:00:23:59,2099,"""2026-05-15T00:00:00.000Z""",10:00,23:59,false
psp:omluva:174:2099:2026-05-16:00:00:09:00,2099,"""2026-05-16T00:00:00.000Z""",00:00,09:00,false
psp:omluva:174:2099:2026-06-26:11:30:23:59,2099,"""2026-06-26T00:00:00.000Z""",11:30,23:59,false
psp:omluva:174:2099:2026-06-27:00:00:09:00,2099,"""2026-06-27T00:00:00.000Z""",00:00,09:00,false
psp:omluva:174:2099:2026-07-03:09:00:23:59,2099,"""2026-07-03T00:00:00.000Z""",09:00,23:59,false
psp:omluva:174:2099:2026-07-04:00:00:09:00,2099,"""2026-07-04T00:00:00.000Z""",00:00,09:00,false
psp:omluva:174:2100:2025-11-05:09:00:09:30,2100,"""2025-11-05T00:00:00.000Z""",09:00,09:30,false
psp:omluva:174:2100:2025-11-26:09:00:23:59,2100,"""2025-11-26T00:00:00.000Z""",09:00,23:59,false
psp:omluva:174:2100:2025-11-27:00:00:09:00,2100,"""2025-11-27T00:00:00.000Z""",00:00,09:00,false
psp:omluva:174:2100:2025-11-27:09:00:23:59,2100,"""2025-11-27T00:00:00.000Z""",09:00,23:59,false
psp:omluva:174:2100:2025-11-28:00:00:09:00,2100,"""2025-11-28T00:00:00.000Z""",00:00,09:00,false
psp:omluva:174:2100:2026-01-14:12:00:23:59,2100,"""2026-01-14T00:00:00.000Z""",12:00,23:59,false
psp:omluva:174:2100:2026-01-15:00:00:09:00,2100,"""2026-01-15T00:00:00.000Z""",00:00,09:00,false
psp:omluva:174:2100:2026-01-27:09:00:23:59,2100,"""2026-01-27T00:00:00.000Z""",09:00,23:59,false
psp:omluva:174:2100:2026-01-28:00:00:09:00,2100,"""2026-01-28T00:00:00.000Z""",00:00,09:00,false
psp:omluva:174:2100:2026-01-28:09:00:23:59,2100,"""2026-01-28T00:00:00.000Z""",09:00,23:59,false
psp:omluva:174:2100:2026-01-29:00:00:09:00,2100,"""2026-01-29T00:00:00.000Z""",00:00,09:00,false
psp:omluva:174:2100:2026-01-29:09:00:23:59,2100,"""2026-01-29T00:00:00.000Z""",09:00,23:59,false
psp:omluva:174:2100:2026-01-30:00:00:09:00,2100,"""2026-01-30T00:00:00.000Z""",00:00,09:00,false
psp:omluva:174:2100:2026-02-10:09:00:23:59,2100,"""2026-02-10T00:00:00.000Z""",09:00,23:59,false
psp:omluva:174:2100:2026-02-11:00:00:09:00,2100,"""2026-02-11T00:00:00.000Z""",00:00,09:00,false
psp:omluva:174:2100:2026-02-11:09:00:23:59,2100,"""2026-02-11T00:00:00.000Z""",09:00,23:59,false
psp:omluva:174:2100:2026-02-12:00:00:09:00,2100,"""2026-02-12T00:00:00.000Z""",00:00,09:00,false
psp:omluva:174:2100:2026-02-12:09:00:23:59,2100,"""2026-02-12T00:00:00.000Z""",09:00,23:59,false
psp:omluva:174:2100:2026-02-13:00:00:09:00,2100,"""2026-02-13T00:00:00.000Z""",00:00,09:00,false
psp:omluva:174:2100:2026-02-13:09:00:23:59,2100,"""2026-02-13T00:00:00.000Z""",09:00,23:59,false
psp:omluva:174:2100:2026-02-14:00:00:09:00,2100,"""2026-02-14T00:00:00.000Z""",00:00,09:00,false
psp:omluva:174:2100:2026-03-10:09:00:12:00,2100,"""2026-03-10T00:00:00.000Z""",09:00,12:00,false
psp:omluva:174:2100:2026-03-13:09:00:23:59,2100,"""2026-03-13T00:00:00.000Z""",09:00,23:59,false
psp:omluva:174:2100:2026-03-14:00:00:09:00,2100,"""2026-03-14T00:00:00.000Z""",00:00,09:00,false
psp:omluva:174:2100:2026-04-16:11:00:16:00,2100,"""2026-04-16T00:00:00.000Z""",11:00,16:00,false
psp:omluva:174:2100:2026-04-21:20:00:23:00,2100,"""2026-04-21T00:00:00.000Z""",20:00,23:00,false
psp:omluva:174:2100:2026-04-22:16:00:23:59,2100,"""2026-04-22T00:00:00.000Z""",16:00,23:59,false
psp:omluva:174:2100:2026-04-23:00:00:09:00,2100,"""2026-04-23T00:00:00.000Z""",00:00,09:00,false
psp:omluva:174:2100:2026-04-23:09:00:23:59,2100,"""2026-04-23T00:00:00.000Z""",09:00,23:59,false
psp:omluva:174:2100:2026-04-24:00:00:09:00,2100,"""2026-04-24T00:00:00.000Z""",00:00,09:00,false
psp:omluva:174:2100:2026-04-24:09:00:23:59,2100,"""2026-04-24T00:00:00.000Z""",09:00,23:59,false
psp:omluva:174:2100:2026-04-25:00:00:09:00,2100,"""2026-04-25T00:00:00.000Z""",00:00,09:00,false
psp:omluva:174:2100:2026-05-05:09:00:23:59,2100,"""2026-05-05T00:00:00.000Z""",09:00,23:59,false
psp:omluva:174:2100:2026-05-06:00:00:09:00,2100,"""2026-05-06T00:00:00.000Z""",00:00,09:00,false
psp:omluva:174:2100:2026-05-06:09:00:23:59,2100,"""2026-05-06T00:00:00.000Z""",09:00,23:59,false
psp:omluva:174:2100:2026-05-07:00:00:09:00,2100,"""2026-05-07T00:00:00.000Z""",00:00,09:00,false
psp:omluva:174:2100:2026-05-14:09:00:23:59,2100,"""2026-05-14T00:00:00.000Z""",09:00,23:59,false
psp:omluva:174:2100:2026-05-15:00:00:09:00,2100,"""2026-05-15T00:00:00.000Z""",00:00,09:00,false
psp:omluva:174:2100:2026-06-02:09:00:23:59,2100,"""2026-06-02T00:00:00.000Z""",09:00,23:59,false
psp:omluva:174:2100:2026-06-03:00:00:09:00,2100,"""2026-06-03T00:00:00.000Z""",00:00,09:00,false
psp:omluva:174:2100:2026-06-03:09:00:23:59,2100,"""2026-06-03T00:00:00.000Z""",09:00,23:59,false
psp:omluva:174:2100:2026-06-04:00:00:09:00,2100,"""2026-06-04T00:00:00.000Z""",00:00,09:00,false
psp:omluva:174:2100:2026-06-05:09:00:23:59,2100,"""2026-06-05T00:00:00.000Z""",09:00,23:59,false
psp:omluva:174:2100:2026-06-06:00:00:09:00,2100,"""2026-06-06T00:00:00.000Z""",00:00,09:00,false
psp:omluva:174:2100:2026-06-11:09:00:23:59,2100,"""2026-06-11T00:00:00.000Z""",09:00,23:59,false
psp:omluva:174:2100:2026-06-12:00:00:09:00,2100,"""2026-06-12T00:00:00.000Z""",00:00,09:00,false
psp:omluva:174:2100:2026-06-12:09:00:23:59,2100,"""2026-06-12T00:00:00.000Z""",09:00,23:59,false
psp:omluva:174:2100:2026-06-13:00:00:09:00,2100,"""2026-06-13T00:00:00.000Z""",00:00,09:00,false
psp:omluva:174:2100:2026-06-24:09:00:23:59,2100,"""2026-06-24T00:00:00.000Z""",09:00,23:59,false
psp:omluva:174:2100:2026-06-25:00:00:09:00,2100,"""2026-06-25T00:00:00.000Z""",00:00,09:00,false
psp:omluva:174:2100:2026-06-25:09:00:23:59,2100,"""2026-06-25T00:00:00.000Z""",09:00,23:59,false
psp:omluva:174:2100:2026-06-26:00:00:09:00,2100,"""2026-06-26T00:00:00.000Z""",00:00,09:00,false
psp:omluva:174:2100:2026-06-26:09:00:23:59,2100,"""2026-06-26T00:00:00.000Z""",09:00,23:59,false
psp:omluva:174:2100:2026-06-27:00:00:09:00,2100,"""2026-06-27T00:00:00.000Z""",00:00,09:00,false
psp:omluva:174:2100:2026-07-02:09:00:14:00,2100,"""2026-07-02T00:00:00.000Z""",09:00,14:00,false
psp:omluva:174:2100:2026-07-08:09:00:14:00,2100,"""2026-07-08T00:00:00.000Z""",09:00,14:00,false
psp:omluva:174:2100:2026-07-10:09:00:11:30,2100,"""2026-07-10T00:00:00.000Z""",09:00,11:30,false
psp:omluva:174:2100:2026-07-14:09:00:23:59,2100,"""2026-07-14T00:00:00.000Z""",09:00,23:59,false
psp:omluva:174:2100:2026-07-15:00:00:09:00,2100,"""2026-07-15T00:00:00.000Z""",00:00,09:00,false
psp:omluva:174:2101:2026-03-03:14:00:23:59,2101,"""2026-03-03T00:00:00.000Z""",14:00,23:59,false
psp:omluva:174:2101:2026-03-04:00:00:09:00,2101,"""2026-03-04T00:00:00.000Z""",00:00,09:00,false
psp:omluva:174:2101:2026-03-24:09:00:15:30,2101,"""2026-03-24T00:00:00.000Z""",09:00,15:30,false
psp:omluva:174:2101:2026-03-25:15:50:17:00,2101,"""2026-03-25T00:00:00.000Z""",15:50,17:00,false
psp:omluva:174:2101:2026-06-23:09:00:23:59,2101,"""2026-06-23T00:00:00.000Z""",09:00,23:59,false
psp:omluva:174:2101:2026-06-24:00:00:09:00,2101,"""2026-06-24T00:00:00.000Z""",00:00,09:00,false
psp:omluva:174:2101:2026-06-24:09:00:23:59,2101,"""2026-06-24T00:00:00.000Z""",09:00,23:59,false
psp:omluva:174:2101:2026-06-25:00:00:09:00,2101,"""2026-06-25T00:00:00.000Z""",00:00,09:00,false
psp:omluva:174:2101:2026-06-30:09:00:23:59,2101,"""2026-06-30T00:00:00.000Z""",09:00,23:59,false
psp:omluva:174:2101:2026-07-01:00:00:09:00,2101,"""2026-07-01T00:00:00.000Z""",00:00,09:00,false
psp:omluva:174:2102:2026-01-30:11:15:23:59,2102,"""2026-01-30T00:00:00.000Z""",11:15,23:59,false
psp:omluva:174:2102:2026-01-31:00:00:09:00,2102,"""2026-01-31T00:00:00.000Z""",00:00,09:00,false
psp:omluva:174:2102:2026-03-06:09:00:23:59,2102,"""2026-03-06T00:00:00.000Z""",09:00,23:59,false
psp:omluva:174:2102:2026-03-07:00:00:09:00,2102,"""2026-03-07T00:00:00.000Z""",00:00,09:00,false
psp:omluva:174:2102:2026-03-24:09:00:15:00,2102,"""2026-03-24T00:00:00.000Z""",09:00,15:00,false
psp:omluva:174:2102:2026-03-25:09:00:23:59,2102,"""2026-03-25T00:00:00.000Z""",09:00,23:59,false
psp:omluva:174:2102:2026-03-26:00:00:09:00,2102,"""2026-03-26T00:00:00.000Z""",00:00,09:00,false
psp:omluva:174:2102:2026-04-14:17:45:23:59,2102,"""2026-04-14T00:00:00.000Z""",17:45,23:59,false
psp:omluva:174:2102:2026-04-15:00:00:09:00,2102,"""2026-04-15T00:00:00.000Z""",00:00,09:00,false
psp:omluva:174:2102:2026-05-14:09:00:23:59,2102,"""2026-05-14T00:00:00.000Z""",09:00,23:59,false
psp:omluva:174:2102:2026-05-15:00:00:09:00,2102,"""2026-05-15T00:00:00.000Z""",00:00,09:00,false
psp:omluva:174:2102:2026-05-26:09:00:23:59,2102,"""2026-05-26T00:00:00.000Z""",09:00,23:59,false
psp:omluva:174:2102:2026-05-27:00:00:09:00,2102,"""2026-05-27T00:00:00.000Z""",00:00,09:00,false
psp:omluva:174:2102:2026-05-28:09:00:13:00,2102,"""2026-05-28T00:00:00.000Z""",09:00,13:00,false
psp:omluva:174:2102:2026-06-03:12:00:14:30,2102,"""2026-06-03T00:00:00.000Z""",12:00,14:30,false
psp:omluva:174:2102:2026-06-04:09:00:11:00,2102,"""2026-06-04T00:00:00.000Z""",09:00,11:00,false
psp:omluva:174:2102:2026-06-26:11:00:23:59,2102,"""2026-06-26T00:00:00.000Z""",11:00,23:59,false
psp:omluva:174:2102:2026-06-27:00:00:09:00,2102,"""2026-06-27T00:00:00.000Z""",00:00,09:00,false
psp:omluva:174:2102:2026-07-02:14:30:23:59,2102,"""2026-07-02T00:00:00.000Z""",14:30,23:59,false
psp:omluva:174:2102:2026-07-03:00:00:09:00,2102,"""2026-07-03T00:00:00.000Z""",00:00,09:00,false
psp:omluva:174:2102:2026-07-07:09:00:23:59,2102,"""2026-07-07T00:00:00.000Z""",09:00,23:59,false
psp:omluva:174:2102:2026-07-08:00:00:09:00,2102,"""2026-07-08T00:00:00.000Z""",00:00,09:00,false
psp:omluva:174:2102:2026-07-14:09:00:10:30,2102,"""2026-07-14T00:00:00.000Z""",09:00,10:30,false
psp:omluva:174:2103:2026-01-30:17:45:19:30,2103,"""2026-01-30T00:00:00.000Z""",17:45,19:30,false
psp:omluva:174:2103:2026-03-12:11:00:11:20,2103,"""2026-03-12T00:00:00.000Z""",11:00,11:20,false
psp:omluva:174:2103:2026-03-13:09:40:10:15,2103,"""2026-03-13T00:00:00.000Z""",09:40,10:15,false
psp:omluva:174:2103:2026-04-16:12:00:13:30,2103,"""2026-04-16T00:00:00.000Z""",12:00,13:30,false
psp:omluva:174:2103:2026-04-22:10:00:11:00,2103,"""2026-04-22T00:00:00.000Z""",10:00,11:00,false
psp:omluva:174:2103:2026-04-23:09:00:14:30,2103,"""2026-04-23T00:00:00.000Z""",09:00,14:30,false
psp:omluva:174:2103:2026-04-23:09:00:15:00,2103,"""2026-04-23T00:00:00.000Z""",09:00,15:00,false
psp:omluva:174:2103:2026-04-24:09:00:09:15,2103,"""2026-04-24T00:00:00.000Z""",09:00,09:15,false
psp:omluva:174:2103:2026-05-05:09:00:22:00,2103,"""2026-05-05T00:00:00.000Z""",09:00,22:00,false
psp:omluva:174:2103:2026-05-28:11:00:23:59,2103,"""2026-05-28T00:00:00.000Z""",11:00,23:59,false
psp:omluva:174:2103:2026-05-29:00:00:09:00,2103,"""2026-05-29T00:00:00.000Z""",00:00,09:00,false
psp:omluva:174:2103:2026-05-29:09:00:12:00,2103,"""2026-05-29T00:00:00.000Z""",09:00,12:00,false
psp:omluva:174:2103:2026-06-24:15:30:18:00,2103,"""2026-06-24T00:00:00.000Z""",15:30,18:00,false
psp:omluva:174:2103:2026-06-24:18:00:19:15,2103,"""2026-06-24T00:00:00.000Z""",18:00,19:15,false
psp:omluva:174:2103:2026-06-30:15:00:16:30,2103,"""2026-06-30T00:00:00.000Z""",15:00,16:30,false
psp:omluva:174:2103:2026-06-30:19:00:23:59,2103,"""2026-06-30T00:00:00.000Z""",19:00,23:59,false
psp:omluva:174:2103:2026-07-01:00:00:09:00,2103,"""2026-07-01T00:00:00.000Z""",00:00,09:00,false
psp:omluva:174:2103:2026-07-01:09:00:23:59,2103,"""2026-07-01T00:00:00.000Z""",09:00,23:59,false
psp:omluva:174:2103:2026-07-02:00:00:09:00,2103,"""2026-07-02T00:00:00.000Z""",00:00,09:00,false
psp:omluva:174:2103:2026-07-02:09:00:14:00,2103,"""2026-07-02T00:00:00.000Z""",09:00,14:00,false
psp:omluva:174:2103:2026-07-03:09:00:23:59,2103,"""2026-07-03T00:00:00.000Z""",09:00,23:59,false
psp:omluva:174:2103:2026-07-04:00:00:09:00,2103,"""2026-07-04T00:00:00.000Z""",00:00,09:00,false
psp:omluva:174:2103:2026-07-10:09:00:23:59,2103,"""2026-07-10T00:00:00.000Z""",09:00,23:59,false
psp:omluva:174:2103:2026-07-11:00:00:09:00,2103,"""2026-07-11T00:00:00.000Z""",00:00,09:00,false
psp:omluva:174:2103:2026-07-14:12:00:13:00,2103,"""2026-07-14T00:00:00.000Z""",12:00,13:00,false
psp:omluva:174:2104:2026-01-15:12:00:15:30,2104,"""2026-01-15T00:00:00.000Z""",12:00,15:30,false
psp:omluva:174:2104:2026-01-28:10:00:11:00,2104,"""2026-01-28T00:00:00.000Z""",10:00,11:00,false
psp:omluva:174:2104:2026-01-29:12:30:23:59,2104,"""2026-01-29T00:00:00.000Z""",12:30,23:59,false
psp:omluva:174:2104:2026-01-30:00:00:09:00,2104,"""2026-01-30T00:00:00.000Z""",00:00,09:00,false
psp:omluva:174:2104:2026-01-30:09:00:23:59,2104,"""2026-01-30T00:00:00.000Z""",09:00,23:59,false
psp:omluva:174:2104:2026-01-31:00:00:09:00,2104,"""2026-01-31T00:00:00.000Z""",00:00,09:00,false
psp:omluva:174:2104:2026-02-10:15:30:17:30,2104,"""2026-02-10T00:00:00.000Z""",15:30,17:30,false
psp:omluva:174:2104:2026-02-11:11:00:11:40,2104,"""2026-02-11T00:00:00.000Z""",11:00,11:40,false
psp:omluva:174:2104:2026-02-12:09:00:12:30,2104,"""2026-02-12T00:00:00.000Z""",09:00,12:30,false
psp:omluva:174:2104:2026-03-04:11:15:13:30,2104,"""2026-03-04T00:00:00.000Z""",11:15,13:30,false
psp:omluva:174:2104:2026-03-04:21:00:23:59,2104,"""2026-03-04T00:00:00.000Z""",21:00,23:59,false
psp:omluva:174:2104:2026-03-05:00:00:09:00,2104,"""2026-03-05T00:00:00.000Z""",00:00,09:00,false
psp:omluva:174:2104:2026-03-05:14:00:15:30,2104,"""2026-03-05T00:00:00.000Z""",14:00,15:30,false
psp:omluva:174:2104:2026-03-10:09:00:23:59,2104,"""2026-03-10T00:00:00.000Z""",09:00,23:59,false
psp:omluva:174:2104:2026-03-11:00:00:09:00,2104,"""2026-03-11T00:00:00.000Z""",00:00,09:00,false
psp:omluva:174:2104:2026-03-11:09:00:23:59,2104,"""2026-03-11T00:00:00.000Z""",09:00,23:59,false
psp:omluva:174:2104:2026-03-12:00:00:09:00,2104,"""2026-03-12T00:00:00.000Z""",00:00,09:00,false
psp:omluva:174:2104:2026-03-12:09:00:23:59,2104,"""2026-03-12T00:00:00.000Z""",09:00,23:59,false
psp:omluva:174:2104:2026-03-13:00:00:09:00,2104,"""2026-03-13T00:00:00.000Z""",00:00,09:00,false
psp:omluva:174:2104:2026-03-13:09:00:23:59,2104,"""2026-03-13T00:00:00.000Z""",09:00,23:59,false
psp:omluva:174:2104:2026-03-14:00:00:09:00,2104,"""2026-03-14T00:00:00.000Z""",00:00,09:00,false
psp:omluva:174:2104:2026-04-15:13:00:15:00,2104,"""2026-04-15T00:00:00.000Z""",13:00,15:00,false
psp:omluva:174:2104:2026-04-16:09:00:11:30,2104,"""2026-04-16T00:00:00.000Z""",09:00,11:30,false
psp:omluva:174:2104:2026-04-22:15:00:16:00,2104,"""2026-04-22T00:00:00.000Z""",15:00,16:00,false
psp:omluva:174:2104:2026-04-23:11:00:12:00,2104,"""2026-04-23T00:00:00.000Z""",11:00,12:00,false
psp:omluva:174:2104:2026-05-06:00:30:09:00,2104,"""2026-05-06T00:00:00.000Z""",00:30,09:00,false
psp:omluva:174:2104:2026-05-06:11:30:13:00,2104,"""2026-05-06T00:00:00.000Z""",11:30,13:00,false
psp:omluva:174:2104:2026-05-13:09:00:23:59,2104,"""2026-05-13T00:00:00.000Z""",09:00,23:59,false
psp:omluva:174:2104:2026-05-14:00:00:09:00,2104,"""2026-05-14T00:00:00.000Z""",00:00,09:00,false
psp:omluva:174:2104:2026-05-14:09:00:23:59,2104,"""2026-05-14T00:00:00.000Z""",09:00,23:59,false
psp:omluva:174:2104:2026-05-15:00:00:09:00,2104,"""2026-05-15T00:00:00.000Z""",00:00,09:00,false
psp:omluva:174:2104:2026-05-15:09:00:23:59,2104,"""2026-05-15T00:00:00.000Z""",09:00,23:59,false
psp:omluva:174:2104:2026-05-16:00:00:09:00,2104,"""2026-05-16T00:00:00.000Z""",00:00,09:00,false
psp:omluva:174:2104:2026-05-28:11:00:11:30,2104,"""2026-05-28T00:00:00.000Z""",11:00,11:30,false
psp:omluva:174:2105:2026-01-15:09:00:11:00,2105,"""2026-01-15T00:00:00.000Z""",09:00,11:00,false
psp:omluva:174:2105:2026-01-28:12:30:14:30,2105,"""2026-01-28T00:00:00.000Z""",12:30,14:30,false
psp:omluva:174:2105:2026-04-15:18:00:20:30,2105,"""2026-04-15T00:00:00.000Z""",18:00,20:30,false
psp:omluva:174:2105:2026-04-16:19:00:23:59,2105,"""2026-04-16T00:00:00.000Z""",19:00,23:59,false
psp:omluva:174:2105:2026-04-17:00:00:09:00,2105,"""2026-04-17T00:00:00.000Z""",00:00,09:00,false
psp:omluva:174:2105:2026-04-21:17:15:19:15,2105,"""2026-04-21T00:00:00.000Z""",17:15,19:15,false
psp:omluva:174:2105:2026-04-23:09:00:11:00,2105,"""2026-04-23T00:00:00.000Z""",09:00,11:00,false
psp:omluva:174:2105:2026-04-23:09:30:10:00,2105,"""2026-04-23T00:00:00.000Z""",09:30,10:00,false
psp:omluva:174:2105:2026-04-24:09:00:23:59,2105,"""2026-04-24T00:00:00.000Z""",09:00,23:59,false
psp:omluva:174:2105:2026-04-25:00:00:09:00,2105,"""2026-04-25T00:00:00.000Z""",00:00,09:00,false
psp:omluva:174:2105:2026-05-06:18:00:20:00,2105,"""2026-05-06T00:00:00.000Z""",18:00,20:00,false
psp:omluva:174:2105:2026-05-13:21:20:23:30,2105,"""2026-05-13T00:00:00.000Z""",21:20,23:30,false
psp:omluva:174:2105:2026-05-14:13:30:23:59,2105,"""2026-05-14T00:00:00.000Z""",13:30,23:59,false
psp:omluva:174:2105:2026-05-15:00:00:09:00,2105,"""2026-05-15T00:00:00.000Z""",00:00,09:00,false
psp:omluva:174:2105:2026-05-26:19:00:21:30,2105,"""2026-05-26T00:00:00.000Z""",19:00,21:30,false
psp:omluva:174:2105:2026-05-27:16:30:19:30,2105,"""2026-05-27T00:00:00.000Z""",16:30,19:30,false
psp:omluva:174:2105:2026-05-27:19:30:23:59,2105,"""2026-05-27T00:00:00.000Z""",19:30,23:59,false
psp:omluva:174:2105:2026-05-28:00:00:09:00,2105,"""2026-05-28T00:00:00.000Z""",00:00,09:00,false
psp:omluva:174:2105:2026-06-23:18:30:21:30,2105,"""2026-06-23T00:00:00.000Z""",18:30,21:30,false
psp:omluva:174:2105:2026-06-24:13:30:16:00,2105,"""2026-06-24T00:00:00.000Z""",13:30,16:00,false
psp:omluva:174:2105:2026-07-03:09:00:23:59,2105,"""2026-07-03T00:00:00.000Z""",09:00,23:59,false
psp:omluva:174:2105:2026-07-04:00:00:09:00,2105,"""2026-07-04T00:00:00.000Z""",00:00,09:00,false
psp:omluva:174:2105:2026-07-14:12:30:23:59,2105,"""2026-07-14T00:00:00.000Z""",12:30,23:59,false
psp:omluva:174:2105:2026-07-15:00:00:09:00,2105,"""2026-07-15T00:00:00.000Z""",00:00,09:00,false
psp:omluva:174:2106:2026-01-15:15:30:18:00,2106,"""2026-01-15T00:00:00.000Z""",15:30,18:00,false
psp:omluva:174:2106:2026-01-27:09:00:23:59,2106,"""2026-01-27T00:00:00.000Z""",09:00,23:59,false
psp:omluva:174:2106:2026-01-28:00:00:09:00,2106,"""2026-01-28T00:00:00.000Z""",00:00,09:00,false
psp:omluva:174:2106:2026-01-28:09:00:23:59,2106,"""2026-01-28T00:00:00.000Z""",09:00,23:59,false
psp:omluva:174:2106:2026-01-29:00:00:09:00,2106,"""2026-01-29T00:00:00.000Z""",00:00,09:00,false
psp:omluva:174:2106:2026-01-29:09:00:23:59,2106,"""2026-01-29T00:00:00.000Z""",09:00,23:59,false
psp:omluva:174:2106:2026-01-30:00:00:09:00,2106,"""2026-01-30T00:00:00.000Z""",00:00,09:00,false
psp:omluva:174:2106:2026-01-30:18:00:23:59,2106,"""2026-01-30T00:00:00.000Z""",18:00,23:59,false
psp:omluva:174:2106:2026-01-31:00:00:09:00,2106,"""2026-01-31T00:00:00.000Z""",00:00,09:00,false
psp:omluva:174:2106:2026-03-05:09:15:11:30,2106,"""2026-03-05T00:00:00.000Z""",09:15,11:30,false
psp:omluva:174:2106:2026-03-12:09:00:23:59,2106,"""2026-03-12T00:00:00.000Z""",09:00,23:59,false
psp:omluva:174:2106:2026-03-13:00:00:09:00,2106,"""2026-03-13T00:00:00.000Z""",00:00,09:00,false
psp:omluva:174:2106:2026-03-13:09:00:11:00,2106,"""2026-03-13T00:00:00.000Z""",09:00,11:00,false
psp:omluva:174:2106:2026-04-14:09:00:23:59,2106,"""2026-04-14T00:00:00.000Z""",09:00,23:59,false
psp:omluva:174:2106:2026-04-15:00:00:09:00,2106,"""2026-04-15T00:00:00.000Z""",00:00,09:00,false
psp:omluva:174:2106:2026-04-15:09:00:23:59,2106,"""2026-04-15T00:00:00.000Z""",09:00,23:59,false
psp:omluva:174:2106:2026-04-16:00:00:09:00,2106,"""2026-04-16T00:00:00.000Z""",00:00,09:00,false
psp:omluva:174:2106:2026-04-21:09:00:23:59,2106,"""2026-04-21T00:00:00.000Z""",09:00,23:59,false
psp:omluva:174:2106:2026-04-22:00:00:09:00,2106,"""2026-04-22T00:00:00.000Z""",00:00,09:00,false
psp:omluva:174:2106:2026-04-22:09:00:23:59,2106,"""2026-04-22T00:00:00.000Z""",09:00,23:59,false
psp:omluva:174:2106:2026-04-23:00:00:09:00,2106,"""2026-04-23T00:00:00.000Z""",00:00,09:00,false
psp:omluva:174:2106:2026-05-13:09:00:23:59,2106,"""2026-05-13T00:00:00.000Z""",09:00,23:59,false
psp:omluva:174:2106:2026-05-14:00:00:09:00,2106,"""2026-05-14T00:00:00.000Z""",00:00,09:00,false
psp:omluva:174:2106:2026-05-14:09:00:23:59,2106,"""2026-05-14T00:00:00.000Z""",09:00,23:59,false
psp:omluva:174:2106:2026-05-15:00:00:09:00,2106,"""2026-05-15T00:00:00.000Z""",00:00,09:00,false
psp:omluva:174:2106:2026-05-15:09:00:23:59,2106,"""2026-05-15T00:00:00.000Z""",09:00,23:59,false
psp:omluva:174:2106:2026-05-16:00:00:09:00,2106,"""2026-05-16T00:00:00.000Z""",00:00,09:00,false
psp:omluva:174:2106:2026-06-03:19:00:21:00,2106,"""2026-06-03T00:00:00.000Z""",19:00,21:00,false
psp:omluva:174:2106:2026-06-23:09:00:23:59,2106,"""2026-06-23T00:00:00.000Z""",09:00,23:59,false
psp:omluva:174:2106:2026-06-24:00:00:09:00,2106,"""2026-06-24T00:00:00.000Z""",00:00,09:00,false
psp:omluva:174:2106:2026-06-24:09:00:23:59,2106,"""2026-06-24T00:00:00.000Z""",09:00,23:59,false
psp:omluva:174:2106:2026-06-25:00:00:09:00,2106,"""2026-06-25T00:00:00.000Z""",00:00,09:00,false
psp:omluva:174:2106:2026-07-03:09:00:23:59,2106,"""2026-07-03T00:00:00.000Z""",09:00,23:59,false
psp:omluva:174:2106:2026-07-04:00:00:09:00,2106,"""2026-07-04T00:00:00.000Z""",00:00,09:00,false
psp:omluva:174:2106:2026-07-07:09:00:23:59,2106,"""2026-07-07T00:00:00.000Z""",09:00,23:59,false
psp:omluva:174:2106:2026-07-08:00:00:09:00,2106,"""2026-07-08T00:00:00.000Z""",00:00,09:00,false
psp:omluva:174:2106:2026-07-10:09:00:23:59,2106,"""2026-07-10T00:00:00.000Z""",09:00,23:59,false
psp:omluva:174:2106:2026-07-11:00:00:09:00,2106,"""2026-07-11T00:00:00.000Z""",00:00,09:00,false
psp:omluva:174:2107:2026-02-03:18:00:21:00,2107,"""2026-02-03T00:00:00.000Z""",18:00,21:00,false
psp:omluva:174:2107:2026-02-10:19:00:23:59,2107,"""2026-02-10T00:00:00.000Z""",19:00,23:59,false
psp:omluva:174:2107:2026-02-11:00:00:09:00,2107,"""2026-02-11T00:00:00.000Z""",00:00,09:00,false
psp:omluva:174:2107:2026-03-05:09:00:13:30,2107,"""2026-03-05T00:00:00.000Z""",09:00,13:30,false
psp:omluva:174:2107:2026-03-12:10:00:11:30,2107,"""2026-03-12T00:00:00.000Z""",10:00,11:30,false
psp:omluva:174:2107:2026-03-13:09:00:23:59,2107,"""2026-03-13T00:00:00.000Z""",09:00,23:59,false
psp:omluva:174:2107:2026-03-14:00:00:09:00,2107,"""2026-03-14T00:00:00.000Z""",00:00,09:00,false
psp:omluva:174:2107:2026-04-15:19:00:23:59,2107,"""2026-04-15T00:00:00.000Z""",19:00,23:59,false
psp:omluva:174:2107:2026-04-16:00:00:09:00,2107,"""2026-04-16T00:00:00.000Z""",00:00,09:00,false
psp:omluva:174:2107:2026-04-16:15:30:23:59,2107,"""2026-04-16T00:00:00.000Z""",15:30,23:59,false
psp:omluva:174:2107:2026-04-17:00:00:09:00,2107,"""2026-04-17T00:00:00.000Z""",00:00,09:00,false
psp:omluva:174:2107:2026-04-17:12:00:23:59,2107,"""2026-04-17T00:00:00.000Z""",12:00,23:59,false
psp:omluva:174:2107:2026-04-18:00:00:09:00,2107,"""2026-04-18T00:00:00.000Z""",00:00,09:00,false
psp:omluva:174:2107:2026-04-23:09:00:23:59,2107,"""2026-04-23T00:00:00.000Z""",09:00,23:59,false
psp:omluva:174:2107:2026-04-24:00:00:09:00,2107,"""2026-04-24T00:00:00.000Z""",00:00,09:00,false
psp:omluva:174:2107:2026-04-24:09:00:23:59,2107,"""2026-04-24T00:00:00.000Z""",09:00,23:59,false
psp:omluva:174:2107:2026-04-25:00:00:09:00,2107,"""2026-04-25T00:00:00.000Z""",00:00,09:00,false
psp:omluva:174:2107:2026-05-06:18:00:23:59,2107,"""2026-05-06T00:00:00.000Z""",18:00,23:59,false
psp:omluva:174:2107:2026-05-07:00:00:09:00,2107,"""2026-05-07T00:00:00.000Z""",00:00,09:00,false
psp:omluva:174:2107:2026-05-13:09:00:23:59,2107,"""2026-05-13T00:00:00.000Z""",09:00,23:59,false
psp:omluva:174:2107:2026-05-14:00:00:09:00,2107,"""2026-05-14T00:00:00.000Z""",00:00,09:00,false
psp:omluva:174:2107:2026-05-14:09:00:23:59,2107,"""2026-05-14T00:00:00.000Z""",09:00,23:59,false
psp:omluva:174:2107:2026-05-15:00:00:09:00,2107,"""2026-05-15T00:00:00.000Z""",00:00,09:00,false
psp:omluva:174:2107:2026-05-15:09:00:23:59,2107,"""2026-05-15T00:00:00.000Z""",09:00,23:59,false
psp:omluva:174:2107:2026-05-16:00:00:09:00,2107,"""2026-05-16T00:00:00.000Z""",00:00,09:00,false
psp:omluva:174:2107:2026-05-27:20:00:23:59,2107,"""2026-05-27T00:00:00.000Z""",20:00,23:59,false
psp:omluva:174:2107:2026-05-28:00:00:09:00,2107,"""2026-05-28T00:00:00.000Z""",00:00,09:00,false
psp:omluva:174:2107:2026-05-28:17:00:22:00,2107,"""2026-05-28T00:00:00.000Z""",17:00,22:00,false
psp:omluva:174:2107:2026-06-23:19:00:23:59,2107,"""2026-06-23T00:00:00.000Z""",19:00,23:59,false
psp:omluva:174:2107:2026-06-24:00:00:09:00,2107,"""2026-06-24T00:00:00.000Z""",00:00,09:00,false
psp:omluva:174:2107:2026-06-24:09:00:23:59,2107,"""2026-06-24T00:00:00.000Z""",09:00,23:59,false
psp:omluva:174:2107:2026-06-25:00:00:09:00,2107,"""2026-06-25T00:00:00.000Z""",00:00,09:00,false
psp:omluva:174:2107:2026-06-25:09:00:23:59,2107,"""2026-06-25T00:00:00.000Z""",09:00,23:59,false
psp:omluva:174:2107:2026-06-26:00:00:09:00,2107,"""2026-06-26T00:00:00.000Z""",00:00,09:00,false
psp:omluva:174:2107:2026-06-26:09:00:23:59,2107,"""2026-06-26T00:00:00.000Z""",09:00,23:59,false
psp:omluva:174:2107:2026-06-27:00:00:09:00,2107,"""2026-06-27T00:00:00.000Z""",00:00,09:00,false
psp:omluva:174:2107:2026-07-01:09:00:23:59,2107,"""2026-07-01T00:00:00.000Z""",09:00,23:59,false
psp:omluva:174:2107:2026-07-02:00:00:09:00,2107,"""2026-07-02T00:00:00.000Z""",00:00,09:00,false
psp:omluva:174:2107:2026-07-14:09:00:23:59,2107,"""2026-07-14T00:00:00.000Z""",09:00,23:59,false
psp:omluva:174:2107:2026-07-15:00:00:09:00,2107,"""2026-07-15T00:00:00.000Z""",00:00,09:00,false
psp:omluva:174:2107:2026-07-15:09:00:23:59,2107,"""2026-07-15T00:00:00.000Z""",09:00,23:59,false
psp:omluva:174:2107:2026-07-16:00:00:09:00,2107,"""2026-07-16T00:00:00.000Z""",00:00,09:00,false
psp:omluva:174:2108:2026-04-22:09:00:15:00,2108,"""2026-04-22T00:00:00.000Z""",09:00,15:00,false
psp:omluva:174:2108:2026-04-23:15:00:23:59,2108,"""2026-04-23T00:00:00.000Z""",15:00,23:59,false
psp:omluva:174:2108:2026-04-24:00:00:09:00,2108,"""2026-04-24T00:00:00.000Z""",00:00,09:00,false
psp:omluva:174:2108:2026-06-04:09:00:11:00,2108,"""2026-06-04T00:00:00.000Z""",09:00,11:00,false
psp:omluva:174:2108:2026-06-26:09:00:23:59,2108,"""2026-06-26T00:00:00.000Z""",09:00,23:59,false
psp:omluva:174:2108:2026-06-27:00:00:09:00,2108,"""2026-06-27T00:00:00.000Z""",00:00,09:00,false
psp:omluva:174:2109:2026-02-13:09:00:23:59,2109,"""2026-02-13T00:00:00.000Z""",09:00,23:59,false
psp:omluva:174:2109:2026-02-14:00:00:09:00,2109,"""2026-02-14T00:00:00.000Z""",00:00,09:00,false
psp:omluva:174:2109:2026-03-06:09:00:23:59,2109,"""2026-03-06T00:00:00.000Z""",09:00,23:59,false
psp:omluva:174:2109:2026-03-07:00:00:09:00,2109,"""2026-03-07T00:00:00.000Z""",00:00,09:00,false
psp:omluva:174:2109:2026-03-12:09:00:23:59,2109,"""2026-03-12T00:00:00.000Z""",09:00,23:59,false
psp:omluva:174:2109:2026-03-13:00:00:09:00,2109,"""2026-03-13T00:00:00.000Z""",00:00,09:00,false
psp:omluva:174:2109:2026-05-15:09:00:23:59,2109,"""2026-05-15T00:00:00.000Z""",09:00,23:59,false
psp:omluva:174:2109:2026-05-16:00:00:09:00,2109,"""2026-05-16T00:00:00.000Z""",00:00,09:00,false
psp:omluva:174:2109:2026-05-28:09:00:23:59,2109,"""2026-05-28T00:00:00.000Z""",09:00,23:59,false
psp:omluva:174:2109:2026-05-29:00:00:09:00,2109,"""2026-05-29T00:00:00.000Z""",00:00,09:00,false
psp:omluva:174:2109:2026-06-25:09:00:11:00,2109,"""2026-06-25T00:00:00.000Z""",09:00,11:00,false
psp:omluva:174:2109:2026-07-08:15:00:23:59,2109,"""2026-07-08T00:00:00.000Z""",15:00,23:59,false
psp:omluva:174:2109:2026-07-09:00:00:09:00,2109,"""2026-07-09T00:00:00.000Z""",00:00,09:00,false
psp:omluva:174:2109:2026-07-14:16:00:18:00,2109,"""2026-07-14T00:00:00.000Z""",16:00,18:00,false
psp:omluva:174:2110:2026-04-16:19:00:23:59,2110,"""2026-04-16T00:00:00.000Z""",19:00,23:59,false
psp:omluva:174:2110:2026-04-17:00:00:09:00,2110,"""2026-04-17T00:00:00.000Z""",00:00,09:00,false
psp:omluva:174:2110:2026-04-17:09:00:23:59,2110,"""2026-04-17T00:00:00.000Z""",09:00,23:59,false
psp:omluva:174:2110:2026-04-18:00:00:09:00,2110,"""2026-04-18T00:00:00.000Z""",00:00,09:00,false
psp:omluva:174:2110:2026-04-21:09:00:23:59,2110,"""2026-04-21T00:00:00.000Z""",09:00,23:59,false
psp:omluva:174:2110:2026-04-22:00:00:09:00,2110,"""2026-04-22T00:00:00.000Z""",00:00,09:00,false
psp:omluva:174:2110:2026-04-22:09:00:23:59,2110,"""2026-04-22T00:00:00.000Z""",09:00,23:59,false
psp:omluva:174:2110:2026-04-23:00:00:09:00,2110,"""2026-04-23T00:00:00.000Z""",00:00,09:00,false
psp:omluva:174:2110:2026-04-23:09:00:23:59,2110,"""2026-04-23T00:00:00.000Z""",09:00,23:59,false
psp:omluva:174:2110:2026-04-24:00:00:09:00,2110,"""2026-04-24T00:00:00.000Z""",00:00,09:00,false
psp:omluva:174:2110:2026-04-24:09:00:23:59,2110,"""2026-04-24T00:00:00.000Z""",09:00,23:59,false
psp:omluva:174:2110:2026-04-25:00:00:09:00,2110,"""2026-04-25T00:00:00.000Z""",00:00,09:00,false
psp:omluva:174:2110:2026-05-14:14:15:23:59,2110,"""2026-05-14T00:00:00.000Z""",14:15,23:59,false
psp:omluva:174:2110:2026-05-15:00:00:09:00,2110,"""2026-05-15T00:00:00.000Z""",00:00,09:00,false
psp:omluva:174:2110:2026-05-27:18:30:23:59,2110,"""2026-05-27T00:00:00.000Z""",18:30,23:59,false
psp:omluva:174:2110:2026-05-28:00:00:09:00,2110,"""2026-05-28T00:00:00.000Z""",00:00,09:00,false
psp:omluva:174:2110:2026-06-11:15:00:15:30,2110,"""2026-06-11T00:00:00.000Z""",15:00,15:30,false
psp:omluva:174:2110:2026-06-11:17:00:23:59,2110,"""2026-06-11T00:00:00.000Z""",17:00,23:59,false
psp:omluva:174:2110:2026-06-12:00:00:09:00,2110,"""2026-06-12T00:00:00.000Z""",00:00,09:00,false
psp:omluva:174:2111:2026-01-30:09:00:11:00,2111,"""2026-01-30T00:00:00.000Z""",09:00,11:00,false
psp:omluva:174:2111:2026-02-10:09:00:17:00,2111,"""2026-02-10T00:00:00.000Z""",09:00,17:00,false
psp:omluva:174:2111:2026-02-12:14:00:23:59,2111,"""2026-02-12T00:00:00.000Z""",14:00,23:59,false
psp:omluva:174:2111:2026-02-13:00:00:09:00,2111,"""2026-02-13T00:00:00.000Z""",00:00,09:00,false
psp:omluva:174:2111:2026-02-13:09:00:11:00,2111,"""2026-02-13T00:00:00.000Z""",09:00,11:00,false
psp:omluva:174:2111:2026-03-03:19:00:22:00,2111,"""2026-03-03T00:00:00.000Z""",19:00,22:00,false
psp:omluva:174:2111:2026-03-12:12:00:23:59,2111,"""2026-03-12T00:00:00.000Z""",12:00,23:59,false
psp:omluva:174:2111:2026-03-13:00:00:09:00,2111,"""2026-03-13T00:00:00.000Z""",00:00,09:00,false
psp:omluva:174:2111:2026-03-13:12:00:23:59,2111,"""2026-03-13T00:00:00.000Z""",12:00,23:59,false
psp:omluva:174:2111:2026-03-14:00:00:09:00,2111,"""2026-03-14T00:00:00.000Z""",00:00,09:00,false
psp:omluva:174:2111:2026-03-24:20:00:23:59,2111,"""2026-03-24T00:00:00.000Z""",20:00,23:59,false
psp:omluva:174:2111:2026-03-25:00:00:09:00,2111,"""2026-03-25T00:00:00.000Z""",00:00,09:00,false
psp:omluva:174:2111:2026-04-14:20:15:23:59,2111,"""2026-04-14T00:00:00.000Z""",20:15,23:59,false
psp:omluva:174:2111:2026-04-15:00:00:09:00,2111,"""2026-04-15T00:00:00.000Z""",00:00,09:00,false
psp:omluva:174:2111:2026-04-16:11:00:12:00,2111,"""2026-04-16T00:00:00.000Z""",11:00,12:00,false
psp:omluva:174:2111:2026-04-21:19:30:23:59,2111,"""2026-04-21T00:00:00.000Z""",19:30,23:59,false
psp:omluva:174:2111:2026-04-22:00:00:09:00,2111,"""2026-04-22T00:00:00.000Z""",00:00,09:00,false
psp:omluva:174:2111:2026-04-22:14:00:23:59,2111,"""2026-04-22T00:00:00.000Z""",14:00,23:59,false
psp:omluva:174:2111:2026-04-23:00:00:09:00,2111,"""2026-04-23T00:00:00.000Z""",00:00,09:00,false
psp:omluva:174:2111:2026-05-06:09:00:12:00,2111,"""2026-05-06T00:00:00.000Z""",09:00,12:00,false
psp:omluva:174:2111:2026-05-06:16:00:23:59,2111,"""2026-05-06T00:00:00.000Z""",16:00,23:59,false
psp:omluva:174:2111:2026-05-07:00:00:09:00,2111,"""2026-05-07T00:00:00.000Z""",00:00,09:00,false
psp:omluva:174:2111:2026-05-13:09:00:23:59,2111,"""2026-05-13T00:00:00.000Z""",09:00,23:59,false
psp:omluva:174:2111:2026-05-14:00:00:09:00,2111,"""2026-05-14T00:00:00.000Z""",00:00,09:00,false
psp:omluva:174:2111:2026-05-14:09:00:23:59,2111,"""2026-05-14T00:00:00.000Z""",09:00,23:59,false
psp:omluva:174:2111:2026-05-15:00:00:09:00,2111,"""2026-05-15T00:00:00.000Z""",00:00,09:00,false
psp:omluva:174:2111:2026-05-26:14:30:15:30,2111,"""2026-05-26T00:00:00.000Z""",14:30,15:30,false
psp:omluva:174:2111:2026-05-29:09:00:23:59,2111,"""2026-05-29T00:00:00.000Z""",09:00,23:59,false
psp:omluva:174:2111:2026-05-30:00:00:09:00,2111,"""2026-05-30T00:00:00.000Z""",00:00,09:00,false
psp:omluva:174:2111:2026-06-25:16:00:23:59,2111,"""2026-06-25T00:00:00.000Z""",16:00,23:59,false
psp:omluva:174:2111:2026-06-26:00:00:09:00,2111,"""2026-06-26T00:00:00.000Z""",00:00,09:00,false
psp:omluva:174:2111:2026-06-26:09:00:23:59,2111,"""2026-06-26T00:00:00.000Z""",09:00,23:59,false
psp:omluva:174:2111:2026-06-27:00:00:09:00,2111,"""2026-06-27T00:00:00.000Z""",00:00,09:00,false
psp:omluva:174:2111:2026-06-30:21:30:23:59,2111,"""2026-06-30T00:00:00.000Z""",21:30,23:59,false
psp:omluva:174:2111:2026-07-01:00:00:09:00,2111,"""2026-07-01T00:00:00.000Z""",00:00,09:00,false
psp:omluva:174:2111:2026-07-03:09:00:23:59,2111,"""2026-07-03T00:00:00.000Z""",09:00,23:59,false
psp:omluva:174:2111:2026-07-04:00:00:09:00,2111,"""2026-07-04T00:00:00.000Z""",00:00,09:00,false
psp:omluva:174:2111:2026-07-07:09:00:11:00,2111,"""2026-07-07T00:00:00.000Z""",09:00,11:00,false
psp:omluva:174:2111:2026-07-07:20:00:23:00,2111,"""2026-07-07T00:00:00.000Z""",20:00,23:00,false
psp:omluva:174:2111:2026-07-14:09:00:12:00,2111,"""2026-07-14T00:00:00.000Z""",09:00,12:00,false
psp:omluva:174:2112:2026-01-27:15:45:17:15,2112,"""2026-01-27T00:00:00.000Z""",15:45,17:15,false
psp:omluva:174:2112:2026-02-10:09:00:23:59,2112,"""2026-02-10T00:00:00.000Z""",09:00,23:59,false
psp:omluva:174:2112:2026-02-11:00:00:09:00,2112,"""2026-02-11T00:00:00.000Z""",00:00,09:00,false
psp:omluva:174:2112:2026-03-13:09:00:23:59,2112,"""2026-03-13T00:00:00.000Z""",09:00,23:59,false
psp:omluva:174:2112:2026-03-14:00:00:09:00,2112,"""2026-03-14T00:00:00.000Z""",00:00,09:00,false
psp:omluva:174:2112:2026-04-17:11:00:13:00,2112,"""2026-04-17T00:00:00.000Z""",11:00,13:00,false
psp:omluva:174:2112:2026-04-24:09:00:23:59,2112,"""2026-04-24T00:00:00.000Z""",09:00,23:59,false
psp:omluva:174:2112:2026-04-25:00:00:09:00,2112,"""2026-04-25T00:00:00.000Z""",00:00,09:00,false
psp:omluva:174:2112:2026-05-28:09:00:12:00,2112,"""2026-05-28T00:00:00.000Z""",09:00,12:00,false
psp:omluva:174:2112:2026-06-24:14:00:16:00,2112,"""2026-06-24T00:00:00.000Z""",14:00,16:00,false
psp:omluva:174:2112:2026-06-25:13:00:14:30,2112,"""2026-06-25T00:00:00.000Z""",13:00,14:30,false
psp:omluva:174:2112:2026-07-01:18:30:23:59,2112,"""2026-07-01T00:00:00.000Z""",18:30,23:59,false
psp:omluva:174:2112:2026-07-02:00:00:09:00,2112,"""2026-07-02T00:00:00.000Z""",00:00,09:00,false
psp:omluva:174:2112:2026-07-03:09:00:23:59,2112,"""2026-07-03T00:00:00.000Z""",09:00,23:59,false
psp:omluva:174:2112:2026-07-04:00:00:09:00,2112,"""2026-07-04T00:00:00.000Z""",00:00,09:00,false
psp:omluva:174:2112:2026-07-07:09:00:17:00,2112,"""2026-07-07T00:00:00.000Z""",09:00,17:00,false
psp:omluva:174:2112:2026-07-10:10:30:23:59,2112,"""2026-07-10T00:00:00.000Z""",10:30,23:59,false
psp:omluva:174:2112:2026-07-11:00:00:09:00,2112,"""2026-07-11T00:00:00.000Z""",00:00,09:00,false
psp:omluva:174:2112:2026-07-14:09:00:23:59,2112,"""2026-07-14T00:00:00.000Z""",09:00,23:59,false
psp:omluva:174:2112:2026-07-15:00:00:09:00,2112,"""2026-07-15T00:00:00.000Z""",00:00,09:00,false
psp:omluva:174:2112:2026-07-15:09:00:23:59,2112,"""2026-07-15T00:00:00.000Z""",09:00,23:59,false
psp:omluva:174:2112:2026-07-16:00:00:09:00,2112,"""2026-07-16T00:00:00.000Z""",00:00,09:00,false
psp:omluva:174:2113:2025-11-27:20:00:23:59,2113,"""2025-11-27T00:00:00.000Z""",20:00,23:59,false
psp:omluva:174:2113:2025-11-28:00:00:09:00,2113,"""2025-11-28T00:00:00.000Z""",00:00,09:00,false
psp:omluva:174:2113:2026-04-23:16:15:17:15,2113,"""2026-04-23T00:00:00.000Z""",16:15,17:15,false
psp:omluva:174:2113:2026-06-23:16:45:19:00,2113,"""2026-06-23T00:00:00.000Z""",16:45,19:00,false
psp:omluva:174:2113:2026-06-25:15:45:18:00,2113,"""2026-06-25T00:00:00.000Z""",15:45,18:00,false
psp:omluva:174:2113:2026-07-02:17:00:23:59,2113,"""2026-07-02T00:00:00.000Z""",17:00,23:59,false
psp:omluva:174:2113:2026-07-03:00:00:09:00,2113,"""2026-07-03T00:00:00.000Z""",00:00,09:00,false
psp:omluva:174:2114:2025-11-05:09:00:12:00,2114,"""2025-11-05T00:00:00.000Z""",09:00,12:00,false
psp:omluva:174:2114:2025-11-11:17:00:23:59,2114,"""2025-11-11T00:00:00.000Z""",17:00,23:59,false
psp:omluva:174:2114:2025-11-12:00:00:09:00,2114,"""2025-11-12T00:00:00.000Z""",00:00,09:00,false
psp:omluva:174:2114:2025-11-14:11:00:23:59,2114,"""2025-11-14T00:00:00.000Z""",11:00,23:59,false
psp:omluva:174:2114:2025-11-15:00:00:09:00,2114,"""2025-11-15T00:00:00.000Z""",00:00,09:00,false
psp:omluva:174:2114:2025-11-26:21:00:23:00,2114,"""2025-11-26T00:00:00.000Z""",21:00,23:00,false
psp:omluva:174:2114:2026-01-14:09:00:10:00,2114,"""2026-01-14T00:00:00.000Z""",09:00,10:00,false
psp:omluva:174:2114:2026-01-29:12:00:23:59,2114,"""2026-01-29T00:00:00.000Z""",12:00,23:59,false
psp:omluva:174:2114:2026-01-30:00:00:09:00,2114,"""2026-01-30T00:00:00.000Z""",00:00,09:00,false
psp:omluva:174:2114:2026-01-30:09:00:23:59,2114,"""2026-01-30T00:00:00.000Z""",09:00,23:59,false
psp:omluva:174:2114:2026-01-31:00:00:09:00,2114,"""2026-01-31T00:00:00.000Z""",00:00,09:00,false
psp:omluva:174:2114:2026-02-12:14:00:16:00,2114,"""2026-02-12T00:00:00.000Z""",14:00,16:00,false
psp:omluva:174:2114:2026-03-04:17:00:19:00,2114,"""2026-03-04T00:00:00.000Z""",17:00,19:00,false
psp:omluva:174:2114:2026-03-13:10:00:23:59,2114,"""2026-03-13T00:00:00.000Z""",10:00,23:59,false
psp:omluva:174:2114:2026-03-14:00:00:09:00,2114,"""2026-03-14T00:00:00.000Z""",00:00,09:00,false
psp:omluva:174:2114:2026-04-14:09:00:23:59,2114,"""2026-04-14T00:00:00.000Z""",09:00,23:59,false
psp:omluva:174:2114:2026-04-15:00:00:09:00,2114,"""2026-04-15T00:00:00.000Z""",00:00,09:00,false
psp:omluva:174:2114:2026-04-17:10:45:12:00,2114,"""2026-04-17T00:00:00.000Z""",10:45,12:00,false
psp:omluva:174:2114:2026-04-17:13:00:23:59,2114,"""2026-04-17T00:00:00.000Z""",13:00,23:59,false
psp:omluva:174:2114:2026-04-18:00:00:09:00,2114,"""2026-04-18T00:00:00.000Z""",00:00,09:00,false
psp:omluva:174:2114:2026-04-21:19:00:21:00,2114,"""2026-04-21T00:00:00.000Z""",19:00,21:00,false
psp:omluva:174:2114:2026-04-24:09:00:23:59,2114,"""2026-04-24T00:00:00.000Z""",09:00,23:59,false
psp:omluva:174:2114:2026-04-25:00:00:09:00,2114,"""2026-04-25T00:00:00.000Z""",00:00,09:00,false
psp:omluva:174:2114:2026-05-06:15:00:16:30,2114,"""2026-05-06T00:00:00.000Z""",15:00,16:30,false
psp:omluva:174:2114:2026-05-13:16:00:18:00,2114,"""2026-05-13T00:00:00.000Z""",16:00,18:00,false
psp:omluva:174:2114:2026-05-14:13:30:16:00,2114,"""2026-05-14T00:00:00.000Z""",13:30,16:00,false
psp:omluva:174:2114:2026-05-27:17:15:19:00,2114,"""2026-05-27T00:00:00.000Z""",17:15,19:00,false
psp:omluva:174:2114:2026-06-03:14:00:23:59,2114,"""2026-06-03T00:00:00.000Z""",14:00,23:59,false
psp:omluva:174:2114:2026-06-04:00:00:09:00,2114,"""2026-06-04T00:00:00.000Z""",00:00,09:00,false
psp:omluva:174:2114:2026-06-04:14:00:23:59,2114,"""2026-06-04T00:00:00.000Z""",14:00,23:59,false
psp:omluva:174:2114:2026-06-05:00:00:09:00,2114,"""2026-06-05T00:00:00.000Z""",00:00,09:00,false
psp:omluva:174:2114:2026-06-11:16:15:23:59,2114,"""2026-06-11T00:00:00.000Z""",16:15,23:59,false
psp:omluva:174:2114:2026-06-12:00:00:09:00,2114,"""2026-06-12T00:00:00.000Z""",00:00,09:00,false
psp:omluva:174:2114:2026-06-23:09:00:23:59,2114,"""2026-06-23T00:00:00.000Z""",09:00,23:59,false
psp:omluva:174:2114:2026-06-24:00:00:09:00,2114,"""2026-06-24T00:00:00.000Z""",00:00,09:00,false
psp:omluva:174:2114:2026-06-24:09:00:10:00,2114,"""2026-06-24T00:00:00.000Z""",09:00,10:00,false
psp:omluva:174:2114:2026-06-24:15:00:16:00,2114,"""2026-06-24T00:00:00.000Z""",15:00,16:00,false
psp:omluva:174:2114:2026-06-25:12:15:13:00,2114,"""2026-06-25T00:00:00.000Z""",12:15,13:00,false
psp:omluva:174:2114:2026-07-02:09:00:11:00,2114,"""2026-07-02T00:00:00.000Z""",09:00,11:00,false
psp:omluva:174:2114:2026-07-03:09:00:23:59,2114,"""2026-07-03T00:00:00.000Z""",09:00,23:59,false
psp:omluva:174:2114:2026-07-04:00:00:09:00,2114,"""2026-07-04T00:00:00.000Z""",00:00,09:00,false
psp:omluva:174:2114:2026-07-07:14:00:18:00,2114,"""2026-07-07T00:00:00.000Z""",14:00,18:00,false
psp:omluva:174:2114:2026-07-08:14:00:18:00,2114,"""2026-07-08T00:00:00.000Z""",14:00,18:00,false
psp:omluva:174:2115:2025-11-11:09:00:23:59,2115,"""2025-11-11T00:00:00.000Z""",09:00,23:59,false
psp:omluva:174:2115:2025-11-12:00:00:09:00,2115,"""2025-11-12T00:00:00.000Z""",00:00,09:00,false
psp:omluva:174:2115:2026-02-03:19:00:23:59,2115,"""2026-02-03T00:00:00.000Z""",19:00,23:59,false
psp:omluva:174:2115:2026-02-04:00:00:09:00,2115,"""2026-02-04T00:00:00.000Z""",00:00,09:00,false
psp:omluva:174:2115:2026-02-04:09:00:12:00,2115,"""2026-02-04T00:00:00.000Z""",09:00,12:00,false
psp:omluva:174:2115:2026-02-04:12:00:17:00,2115,"""2026-02-04T00:00:00.000Z""",12:00,17:00,false
psp:omluva:174:2115:2026-02-12:09:00:12:00,2115,"""2026-02-12T00:00:00.000Z""",09:00,12:00,false
psp:omluva:174:2115:2026-03-03:09:00:23:59,2115,"""2026-03-03T00:00:00.000Z""",09:00,23:59,false
psp:omluva:174:2115:2026-03-04:00:00:09:00,2115,"""2026-03-04T00:00:00.000Z""",00:00,09:00,false
psp:omluva:174:2115:2026-03-05:09:00:13:30,2115,"""2026-03-05T00:00:00.000Z""",09:00,13:30,false
psp:omluva:174:2115:2026-03-06:09:00:23:59,2115,"""2026-03-06T00:00:00.000Z""",09:00,23:59,false
psp:omluva:174:2115:2026-03-07:00:00:09:00,2115,"""2026-03-07T00:00:00.000Z""",00:00,09:00,false
psp:omluva:174:2115:2026-04-15:15:00:16:30,2115,"""2026-04-15T00:00:00.000Z""",15:00,16:30,false
psp:omluva:174:2115:2026-04-17:12:00:23:59,2115,"""2026-04-17T00:00:00.000Z""",12:00,23:59,false
psp:omluva:174:2115:2026-04-18:00:00:09:00,2115,"""2026-04-18T00:00:00.000Z""",00:00,09:00,false
psp:omluva:174:2115:2026-04-21:18:00:20:00,2115,"""2026-04-21T00:00:00.000Z""",18:00,20:00,false
psp:omluva:174:2115:2026-04-24:09:00:23:59,2115,"""2026-04-24T00:00:00.000Z""",09:00,23:59,false
psp:omluva:174:2115:2026-04-25:00:00:09:00,2115,"""2026-04-25T00:00:00.000Z""",00:00,09:00,false
psp:omluva:174:2115:2026-05-06:20:00:23:59,2115,"""2026-05-06T00:00:00.000Z""",20:00,23:59,false
psp:omluva:174:2115:2026-05-07:00:00:09:00,2115,"""2026-05-07T00:00:00.000Z""",00:00,09:00,false
psp:omluva:174:2115:2026-05-14:13:30:23:59,2115,"""2026-05-14T00:00:00.000Z""",13:30,23:59,false
psp:omluva:174:2115:2026-05-15:00:00:09:00,2115,"""2026-05-15T00:00:00.000Z""",00:00,09:00,false
psp:omluva:174:2115:2026-05-27:13:00:23:59,2115,"""2026-05-27T00:00:00.000Z""",13:00,23:59,false
psp:omluva:174:2115:2026-05-28:00:00:09:00,2115,"""2026-05-28T00:00:00.000Z""",00:00,09:00,false
psp:omluva:174:2115:2026-05-28:09:00:23:59,2115,"""2026-05-28T00:00:00.000Z""",09:00,23:59,false
psp:omluva:174:2115:2026-05-29:00:00:09:00,2115,"""2026-05-29T00:00:00.000Z""",00:00,09:00,false
psp:omluva:174:2115:2026-05-29:09:00:23:59,2115,"""2026-05-29T00:00:00.000Z""",09:00,23:59,false
psp:omluva:174:2115:2026-05-30:00:00:09:00,2115,"""2026-05-30T00:00:00.000Z""",00:00,09:00,false
psp:omluva:174:2115:2026-06-25:09:00:23:59,2115,"""2026-06-25T00:00:00.000Z""",09:00,23:59,false
psp:omluva:174:2115:2026-06-26:00:00:09:00,2115,"""2026-06-26T00:00:00.000Z""",00:00,09:00,false
psp:omluva:174:2115:2026-06-26:09:00:23:59,2115,"""2026-06-26T00:00:00.000Z""",09:00,23:59,false
psp:omluva:174:2115:2026-06-27:00:00:09:00,2115,"""2026-06-27T00:00:00.000Z""",00:00,09:00,false
psp:omluva:174:2115:2026-07-07:09:00:23:59,2115,"""2026-07-07T00:00:00.000Z""",09:00,23:59,false
psp:omluva:174:2115:2026-07-08:00:00:09:00,2115,"""2026-07-08T00:00:00.000Z""",00:00,09:00,false
psp:omluva:174:2115:2026-07-08:09:00:23:59,2115,"""2026-07-08T00:00:00.000Z""",09:00,23:59,false
psp:omluva:174:2115:2026-07-09:00:00:09:00,2115,"""2026-07-09T00:00:00.000Z""",00:00,09:00,false
psp:omluva:174:2116:2025-11-03:09:00:23:59,2116,"""2025-11-03T00:00:00.000Z""",09:00,23:59,false
psp:omluva:174:2116:2025-11-04:00:00:09:00,2116,"""2025-11-04T00:00:00.000Z""",00:00,09:00,false
psp:omluva:174:2116:2026-01-16:09:00:23:59,2116,"""2026-01-16T00:00:00.000Z""",09:00,23:59,false
psp:omluva:174:2116:2026-01-17:00:00:09:00,2116,"""2026-01-17T00:00:00.000Z""",00:00,09:00,false
psp:omluva:174:2116:2026-02-11:15:20:23:59,2116,"""2026-02-11T00:00:00.000Z""",15:20,23:59,false
psp:omluva:174:2116:2026-02-12:00:00:09:00,2116,"""2026-02-12T00:00:00.000Z""",00:00,09:00,false
psp:omluva:174:2116:2026-03-10:09:00:23:59,2116,"""2026-03-10T00:00:00.000Z""",09:00,23:59,false
psp:omluva:174:2116:2026-03-11:00:00:09:00,2116,"""2026-03-11T00:00:00.000Z""",00:00,09:00,false
psp:omluva:174:2116:2026-03-13:09:00:23:59,2116,"""2026-03-13T00:00:00.000Z""",09:00,23:59,false
psp:omluva:174:2116:2026-03-14:00:00:09:00,2116,"""2026-03-14T00:00:00.000Z""",00:00,09:00,false
psp:omluva:174:2116:2026-04-15:12:00:14:30,2116,"""2026-04-15T00:00:00.000Z""",12:00,14:30,false
psp:omluva:174:2116:2026-04-16:17:00:23:59,2116,"""2026-04-16T00:00:00.000Z""",17:00,23:59,false
psp:omluva:174:2116:2026-04-17:00:00:09:00,2116,"""2026-04-17T00:00:00.000Z""",00:00,09:00,false
psp:omluva:174:2116:2026-04-24:14:25:23:59,2116,"""2026-04-24T00:00:00.000Z""",14:25,23:59,false
psp:omluva:174:2116:2026-04-25:00:00:09:00,2116,"""2026-04-25T00:00:00.000Z""",00:00,09:00,false
psp:omluva:174:2116:2026-05-05:09:00:23:59,2116,"""2026-05-05T00:00:00.000Z""",09:00,23:59,false
psp:omluva:174:2116:2026-05-06:00:00:09:00,2116,"""2026-05-06T00:00:00.000Z""",00:00,09:00,false
psp:omluva:174:2116:2026-05-06:09:00:23:59,2116,"""2026-05-06T00:00:00.000Z""",09:00,23:59,false
psp:omluva:174:2116:2026-05-07:00:00:09:00,2116,"""2026-05-07T00:00:00.000Z""",00:00,09:00,false
psp:omluva:174:2116:2026-05-14:09:00:23:59,2116,"""2026-05-14T00:00:00.000Z""",09:00,23:59,false
psp:omluva:174:2116:2026-05-15:00:00:09:00,2116,"""2026-05-15T00:00:00.000Z""",00:00,09:00,false
psp:omluva:174:2116:2026-05-26:14:00:16:00,2116,"""2026-05-26T00:00:00.000Z""",14:00,16:00,false
psp:omluva:174:2116:2026-06-02:09:00:23:59,2116,"""2026-06-02T00:00:00.000Z""",09:00,23:59,false
psp:omluva:174:2116:2026-06-03:00:00:09:00,2116,"""2026-06-03T00:00:00.000Z""",00:00,09:00,false
psp:omluva:174:2116:2026-06-03:16:40:23:59,2116,"""2026-06-03T00:00:00.000Z""",16:40,23:59,false
psp:omluva:174:2116:2026-06-04:00:00:09:00,2116,"""2026-06-04T00:00:00.000Z""",00:00,09:00,false
psp:omluva:174:2116:2026-06-11:17:30:23:59,2116,"""2026-06-11T00:00:00.000Z""",17:30,23:59,false
psp:omluva:174:2116:2026-06-12:00:00:09:00,2116,"""2026-06-12T00:00:00.000Z""",00:00,09:00,false
psp:omluva:174:2116:2026-06-25:09:00:23:59,2116,"""2026-06-25T00:00:00.000Z""",09:00,23:59,false
psp:omluva:174:2116:2026-06-26:00:00:09:00,2116,"""2026-06-26T00:00:00.000Z""",00:00,09:00,false
psp:omluva:174:2116:2026-06-26:09:00:23:59,2116,"""2026-06-26T00:00:00.000Z""",09:00,23:59,false
psp:omluva:174:2116:2026-06-27:00:00:09:00,2116,"""2026-06-27T00:00:00.000Z""",00:00,09:00,false
psp:omluva:174:2116:2026-07-01:11:00:23:59,2116,"""2026-07-01T00:00:00.000Z""",11:00,23:59,false
psp:omluva:174:2116:2026-07-02:00:00:09:00,2116,"""2026-07-02T00:00:00.000Z""",00:00,09:00,false
psp:omluva:174:2116:2026-07-02:11:00:12:30,2116,"""2026-07-02T00:00:00.000Z""",11:00,12:30,false
psp:omluva:174:2116:2026-07-03:12:25:23:59,2116,"""2026-07-03T00:00:00.000Z""",12:25,23:59,false
psp:omluva:174:2116:2026-07-04:00:00:09:00,2116,"""2026-07-04T00:00:00.000Z""",00:00,09:00,false
psp:omluva:174:2116:2026-07-10:09:00:23:59,2116,"""2026-07-10T00:00:00.000Z""",09:00,23:59,false
psp:omluva:174:2116:2026-07-11:00:00:09:00,2116,"""2026-07-11T00:00:00.000Z""",00:00,09:00,false
psp:omluva:174:2116:2026-07-14:09:00:23:59,2116,"""2026-07-14T00:00:00.000Z""",09:00,23:59,false
psp:omluva:174:2116:2026-07-15:00:00:09:00,2116,"""2026-07-15T00:00:00.000Z""",00:00,09:00,false
psp:omluva:174:2117:2026-02-13:09:00:23:59,2117,"""2026-02-13T00:00:00.000Z""",09:00,23:59,false
psp:omluva:174:2117:2026-02-14:00:00:09:00,2117,"""2026-02-14T00:00:00.000Z""",00:00,09:00,false
psp:omluva:174:2117:2026-03-13:09:00:23:59,2117,"""2026-03-13T00:00:00.000Z""",09:00,23:59,false
psp:omluva:174:2117:2026-03-14:00:00:09:00,2117,"""2026-03-14T00:00:00.000Z""",00:00,09:00,false
psp:omluva:174:2117:2026-03-24:09:00:23:59,2117,"""2026-03-24T00:00:00.000Z""",09:00,23:59,false
psp:omluva:174:2117:2026-03-25:00:00:09:00,2117,"""2026-03-25T00:00:00.000Z""",00:00,09:00,false
psp:omluva:174:2117:2026-04-16:18:30:23:59,2117,"""2026-04-16T00:00:00.000Z""",18:30,23:59,false
psp:omluva:174:2117:2026-04-17:00:00:09:00,2117,"""2026-04-17T00:00:00.000Z""",00:00,09:00,false
psp:omluva:174:2117:2026-04-17:09:00:23:59,2117,"""2026-04-17T00:00:00.000Z""",09:00,23:59,false
psp:omluva:174:2117:2026-04-18:00:00:09:00,2117,"""2026-04-18T00:00:00.000Z""",00:00,09:00,false
psp:omluva:174:2117:2026-05-14:09:00:23:59,2117,"""2026-05-14T00:00:00.000Z""",09:00,23:59,false
psp:omluva:174:2117:2026-05-15:00:00:09:00,2117,"""2026-05-15T00:00:00.000Z""",00:00,09:00,false
psp:omluva:174:2117:2026-05-28:09:00:23:59,2117,"""2026-05-28T00:00:00.000Z""",09:00,23:59,false
psp:omluva:174:2117:2026-05-29:00:00:09:00,2117,"""2026-05-29T00:00:00.000Z""",00:00,09:00,false
psp:omluva:174:2117:2026-05-29:09:00:23:59,2117,"""2026-05-29T00:00:00.000Z""",09:00,23:59,false
psp:omluva:174:2117:2026-05-30:00:00:09:00,2117,"""2026-05-30T00:00:00.000Z""",00:00,09:00,false
psp:omluva:174:2117:2026-06-02:09:00:23:59,2117,"""2026-06-02T00:00:00.000Z""",09:00,23:59,false
psp:omluva:174:2117:2026-06-03:00:00:09:00,2117,"""2026-06-03T00:00:00.000Z""",00:00,09:00,false
psp:omluva:174:2117:2026-06-03:09:00:23:59,2117,"""2026-06-03T00:00:00.000Z""",09:00,23:59,false
psp:omluva:174:2117:2026-06-04:00:00:09:00,2117,"""2026-06-04T00:00:00.000Z""",00:00,09:00,false
psp:omluva:174:2117:2026-06-11:09:00:23:59,2117,"""2026-06-11T00:00:00.000Z""",09:00,23:59,false
psp:omluva:174:2117:2026-06-12:00:00:09:00,2117,"""2026-06-12T00:00:00.000Z""",00:00,09:00,false
psp:omluva:174:2117:2026-06-25:09:00:23:59,2117,"""2026-06-25T00:00:00.000Z""",09:00,23:59,false
psp:omluva:174:2117:2026-06-26:00:00:09:00,2117,"""2026-06-26T00:00:00.000Z""",00:00,09:00,false
psp:omluva:174:2117:2026-06-26:09:00:23:59,2117,"""2026-06-26T00:00:00.000Z""",09:00,23:59,false
psp:omluva:174:2117:2026-06-27:00:00:09:00,2117,"""2026-06-27T00:00:00.000Z""",00:00,09:00,false
psp:omluva:174:2117:2026-07-03:09:00:23:59,2117,"""2026-07-03T00:00:00.000Z""",09:00,23:59,false
psp:omluva:174:2117:2026-07-04:00:00:09:00,2117,"""2026-07-04T00:00:00.000Z""",00:00,09:00,false
psp:omluva:174:2117:2026-07-10:09:00:23:59,2117,"""2026-07-10T00:00:00.000Z""",09:00,23:59,false
psp:omluva:174:2117:2026-07-11:00:00:09:00,2117,"""2026-07-11T00:00:00.000Z""",00:00,09:00,false
psp:omluva:174:2117:2026-07-14:09:00:23:59,2117,"""2026-07-14T00:00:00.000Z""",09:00,23:59,false
psp:omluva:174:2117:2026-07-15:00:00:09:00,2117,"""2026-07-15T00:00:00.000Z""",00:00,09:00,false
psp:omluva:174:2117:2026-07-15:09:00:23:59,2117,"""2026-07-15T00:00:00.000Z""",09:00,23:59,false
psp:omluva:174:2117:2026-07-16:00:00:09:00,2117,"""2026-07-16T00:00:00.000Z""",00:00,09:00,false
psp:omluva:174:2118:2026-04-14:09:00:23:59,2118,"""2026-04-14T00:00:00.000Z""",09:00,23:59,false
psp:omluva:174:2118:2026-04-15:00:00:09:00,2118,"""2026-04-15T00:00:00.000Z""",00:00,09:00,false
psp:omluva:174:2119:2026-01-29:13:00:14:30,2119,"""2026-01-29T00:00:00.000Z""",13:00,14:30,false
psp:omluva:174:2119:2026-02-12:09:00:23:59,2119,"""2026-02-12T00:00:00.000Z""",09:00,23:59,false
psp:omluva:174:2119:2026-02-13:00:00:09:00,2119,"""2026-02-13T00:00:00.000Z""",00:00,09:00,false
psp:omluva:174:2120:2025-11-26:17:00:20:00,2120,"""2025-11-26T00:00:00.000Z""",17:00,20:00,false
psp:omluva:174:2120:2026-03-03:19:15:23:59,2120,"""2026-03-03T00:00:00.000Z""",19:15,23:59,false
psp:omluva:174:2120:2026-03-04:00:00:09:00,2120,"""2026-03-04T00:00:00.000Z""",00:00,09:00,false
psp:omluva:174:2120:2026-03-04:09:15:10:30,2120,"""2026-03-04T00:00:00.000Z""",09:15,10:30,false
psp:omluva:174:2120:2026-03-05:09:00:16:00,2120,"""2026-03-05T00:00:00.000Z""",09:00,16:00,false
psp:omluva:174:2120:2026-03-06:11:30:13:00,2120,"""2026-03-06T00:00:00.000Z""",11:30,13:00,false
psp:omluva:174:2120:2026-03-12:09:00:10:30,2120,"""2026-03-12T00:00:00.000Z""",09:00,10:30,false
psp:omluva:174:2120:2026-03-13:12:00:23:59,2120,"""2026-03-13T00:00:00.000Z""",12:00,23:59,false
psp:omluva:174:2120:2026-03-14:00:00:09:00,2120,"""2026-03-14T00:00:00.000Z""",00:00,09:00,false
psp:omluva:174:2120:2026-03-25:15:30:23:59,2120,"""2026-03-25T00:00:00.000Z""",15:30,23:59,false
psp:omluva:174:2120:2026-03-26:00:00:09:00,2120,"""2026-03-26T00:00:00.000Z""",00:00,09:00,false
psp:omluva:174:2120:2026-04-14:09:00:23:59,2120,"""2026-04-14T00:00:00.000Z""",09:00,23:59,false
psp:omluva:174:2120:2026-04-15:00:00:09:00,2120,"""2026-04-15T00:00:00.000Z""",00:00,09:00,false
psp:omluva:174:2120:2026-04-15:09:00:23:59,2120,"""2026-04-15T00:00:00.000Z""",09:00,23:59,false
psp:omluva:174:2120:2026-04-16:00:00:09:00,2120,"""2026-04-16T00:00:00.000Z""",00:00,09:00,false
psp:omluva:174:2120:2026-04-16:09:00:23:59,2120,"""2026-04-16T00:00:00.000Z""",09:00,23:59,false
psp:omluva:174:2120:2026-04-17:00:00:09:00,2120,"""2026-04-17T00:00:00.000Z""",00:00,09:00,false
psp:omluva:174:2120:2026-04-17:09:00:23:59,2120,"""2026-04-17T00:00:00.000Z""",09:00,23:59,false
psp:omluva:174:2120:2026-04-18:00:00:09:00,2120,"""2026-04-18T00:00:00.000Z""",00:00,09:00,false
psp:omluva:174:2120:2026-04-23:09:00:11:00,2120,"""2026-04-23T00:00:00.000Z""",09:00,11:00,false
psp:omluva:174:2120:2026-05-13:10:40:23:59,2120,"""2026-05-13T00:00:00.000Z""",10:40,23:59,false
psp:omluva:174:2120:2026-05-14:00:00:09:00,2120,"""2026-05-14T00:00:00.000Z""",00:00,09:00,false
psp:omluva:174:2120:2026-05-14:09:00:23:59,2120,"""2026-05-14T00:00:00.000Z""",09:00,23:59,false
psp:omluva:174:2120:2026-05-15:00:00:09:00,2120,"""2026-05-15T00:00:00.000Z""",00:00,09:00,false
psp:omluva:174:2120:2026-05-15:09:00:23:59,2120,"""2026-05-15T00:00:00.000Z""",09:00,23:59,false
psp:omluva:174:2120:2026-05-16:00:00:09:00,2120,"""2026-05-16T00:00:00.000Z""",00:00,09:00,false
psp:omluva:174:2120:2026-05-27:14:30:23:59,2120,"""2026-05-27T00:00:00.000Z""",14:30,23:59,false
psp:omluva:174:2120:2026-05-28:00:00:09:00,2120,"""2026-05-28T00:00:00.000Z""",00:00,09:00,false
psp:omluva:174:2120:2026-05-28:09:00:23:59,2120,"""2026-05-28T00:00:00.000Z""",09:00,23:59,false
psp:omluva:174:2120:2026-05-29:00:00:09:00,2120,"""2026-05-29T00:00:00.000Z""",00:00,09:00,false
psp:omluva:174:2120:2026-05-29:09:00:23:59,2120,"""2026-05-29T00:00:00.000Z""",09:00,23:59,false
psp:omluva:174:2120:2026-05-30:00:00:09:00,2120,"""2026-05-30T00:00:00.000Z""",00:00,09:00,false
psp:omluva:174:2120:2026-06-02:09:00:19:00,2120,"""2026-06-02T00:00:00.000Z""",09:00,19:00,false
psp:omluva:174:2120:2026-06-23:09:00:23:59,2120,"""2026-06-23T00:00:00.000Z""",09:00,23:59,false
psp:omluva:174:2120:2026-06-24:00:00:09:00,2120,"""2026-06-24T00:00:00.000Z""",00:00,09:00,false
psp:omluva:174:2120:2026-06-24:09:00:23:59,2120,"""2026-06-24T00:00:00.000Z""",09:00,23:59,false
psp:omluva:174:2120:2026-06-25:00:00:09:00,2120,"""2026-06-25T00:00:00.000Z""",00:00,09:00,false
psp:omluva:174:2120:2026-06-25:09:00:23:59,2120,"""2026-06-25T00:00:00.000Z""",09:00,23:59,false
psp:omluva:174:2120:2026-06-26:00:00:09:00,2120,"""2026-06-26T00:00:00.000Z""",00:00,09:00,false
psp:omluva:174:2120:2026-06-26:09:00:23:59,2120,"""2026-06-26T00:00:00.000Z""",09:00,23:59,false
psp:omluva:174:2120:2026-06-27:00:00:09:00,2120,"""2026-06-27T00:00:00.000Z""",00:00,09:00,false
psp:omluva:174:2120:2026-06-30:09:00:23:59,2120,"""2026-06-30T00:00:00.000Z""",09:00,23:59,false
psp:omluva:174:2120:2026-07-01:00:00:09:00,2120,"""2026-07-01T00:00:00.000Z""",00:00,09:00,false
psp:omluva:174:2120:2026-07-01:09:00:23:59,2120,"""2026-07-01T00:00:00.000Z""",09:00,23:59,false
psp:omluva:174:2120:2026-07-02:00:00:09:00,2120,"""2026-07-02T00:00:00.000Z""",00:00,09:00,false
psp:omluva:174:2120:2026-07-02:09:00:23:59,2120,"""2026-07-02T00:00:00.000Z""",09:00,23:59,false
psp:omluva:174:2120:2026-07-03:00:00:09:00,2120,"""2026-07-03T00:00:00.000Z""",00:00,09:00,false
psp:omluva:174:2120:2026-07-03:09:00:23:59,2120,"""2026-07-03T00:00:00.000Z""",09:00,23:59,false
psp:omluva:174:2120:2026-07-04:00:00:09:00,2120,"""2026-07-04T00:00:00.000Z""",00:00,09:00,false
psp:omluva:174:2120:2026-07-07:09:00:10:30,2120,"""2026-07-07T00:00:00.000Z""",09:00,10:30,false
psp:omluva:174:2120:2026-07-07:20:30:23:59,2120,"""2026-07-07T00:00:00.000Z""",20:30,23:59,false
psp:omluva:174:2120:2026-07-08:00:00:01:15,2120,"""2026-07-08T00:00:00.000Z""",00:00,01:15,false
psp:omluva:174:2120:2026-07-08:09:00:23:59,2120,"""2026-07-08T00:00:00.000Z""",09:00,23:59,false
psp:omluva:174:2120:2026-07-09:00:00:09:00,2120,"""2026-07-09T00:00:00.000Z""",00:00,09:00,false
psp:omluva:174:2120:2026-07-14:09:00:23:59,2120,"""2026-07-14T00:00:00.000Z""",09:00,23:59,false
psp:omluva:174:2120:2026-07-15:00:00:09:00,2120,"""2026-07-15T00:00:00.000Z""",00:00,09:00,false
psp:omluva:174:2121:2026-01-27:15:00:23:59,2121,"""2026-01-27T00:00:00.000Z""",15:00,23:59,false
psp:omluva:174:2121:2026-01-28:00:00:09:00,2121,"""2026-01-28T00:00:00.000Z""",00:00,09:00,false
psp:omluva:174:2121:2026-01-28:09:00:23:59,2121,"""2026-01-28T00:00:00.000Z""",09:00,23:59,false
psp:omluva:174:2121:2026-01-29:00:00:09:00,2121,"""2026-01-29T00:00:00.000Z""",00:00,09:00,false
psp:omluva:174:2121:2026-01-29:09:00:23:59,2121,"""2026-01-29T00:00:00.000Z""",09:00,23:59,false
psp:omluva:174:2121:2026-01-30:00:00:09:00,2121,"""2026-01-30T00:00:00.000Z""",00:00,09:00,false
psp:omluva:174:2121:2026-01-30:09:00:23:59,2121,"""2026-01-30T00:00:00.000Z""",09:00,23:59,false
psp:omluva:174:2121:2026-01-31:00:00:09:00,2121,"""2026-01-31T00:00:00.000Z""",00:00,09:00,false
psp:omluva:174:2121:2026-02-03:09:00:23:59,2121,"""2026-02-03T00:00:00.000Z""",09:00,23:59,false
psp:omluva:174:2121:2026-02-04:00:00:09:00,2121,"""2026-02-04T00:00:00.000Z""",00:00,09:00,false
psp:omluva:174:2121:2026-02-04:09:00:12:00,2121,"""2026-02-04T00:00:00.000Z""",09:00,12:00,false
psp:omluva:174:2121:2026-02-04:12:00:13:00,2121,"""2026-02-04T00:00:00.000Z""",12:00,13:00,false
psp:omluva:174:2121:2026-02-11:09:00:16:00,2121,"""2026-02-11T00:00:00.000Z""",09:00,16:00,false
psp:omluva:174:2121:2026-02-11:09:00:17:00,2121,"""2026-02-11T00:00:00.000Z""",09:00,17:00,false
psp:omluva:174:2121:2026-02-12:09:00:23:59,2121,"""2026-02-12T00:00:00.000Z""",09:00,23:59,false
psp:omluva:174:2121:2026-02-13:00:00:09:00,2121,"""2026-02-13T00:00:00.000Z""",00:00,09:00,false
psp:omluva:174:2121:2026-02-13:09:00:23:59,2121,"""2026-02-13T00:00:00.000Z""",09:00,23:59,false
psp:omluva:174:2121:2026-02-14:00:00:09:00,2121,"""2026-02-14T00:00:00.000Z""",00:00,09:00,false
psp:omluva:174:2121:2026-03-04:09:00:20:30,2121,"""2026-03-04T00:00:00.000Z""",09:00,20:30,false
psp:omluva:174:2121:2026-03-04:19:30:23:59,2121,"""2026-03-04T00:00:00.000Z""",19:30,23:59,false
psp:omluva:174:2121:2026-03-05:00:00:09:00,2121,"""2026-03-05T00:00:00.000Z""",00:00,09:00,false
psp:omluva:174:2121:2026-03-05:09:00:09:30,2121,"""2026-03-05T00:00:00.000Z""",09:00,09:30,false
psp:omluva:174:2121:2026-03-13:11:45:13:00,2121,"""2026-03-13T00:00:00.000Z""",11:45,13:00,false
psp:omluva:174:2121:2026-03-24:14:30:17:30,2121,"""2026-03-24T00:00:00.000Z""",14:30,17:30,false
psp:omluva:174:2121:2026-03-25:12:30:23:59,2121,"""2026-03-25T00:00:00.000Z""",12:30,23:59,false
psp:omluva:174:2121:2026-03-26:00:00:09:00,2121,"""2026-03-26T00:00:00.000Z""",00:00,09:00,false
psp:omluva:174:2121:2026-04-14:09:00:23:59,2121,"""2026-04-14T00:00:00.000Z""",09:00,23:59,false
psp:omluva:174:2121:2026-04-15:00:00:09:00,2121,"""2026-04-15T00:00:00.000Z""",00:00,09:00,false
psp:omluva:174:2121:2026-04-15:09:00:10:00,2121,"""2026-04-15T00:00:00.000Z""",09:00,10:00,false
psp:omluva:174:2121:2026-04-16:09:00:13:30,2121,"""2026-04-16T00:00:00.000Z""",09:00,13:30,false
psp:omluva:174:2121:2026-04-16:17:00:19:00,2121,"""2026-04-16T00:00:00.000Z""",17:00,19:00,false
psp:omluva:174:2121:2026-04-21:09:00:23:59,2121,"""2026-04-21T00:00:00.000Z""",09:00,23:59,false
psp:omluva:174:2121:2026-04-22:00:00:09:00,2121,"""2026-04-22T00:00:00.000Z""",00:00,09:00,false
psp:omluva:174:2121:2026-04-22:15:00:23:59,2121,"""2026-04-22T00:00:00.000Z""",15:00,23:59,false
psp:omluva:174:2121:2026-04-23:00:00:09:00,2121,"""2026-04-23T00:00:00.000Z""",00:00,09:00,false
psp:omluva:174:2121:2026-04-23:09:00:23:59,2121,"""2026-04-23T00:00:00.000Z""",09:00,23:59,false
psp:omluva:174:2121:2026-04-24:00:00:09:00,2121,"""2026-04-24T00:00:00.000Z""",00:00,09:00,false
psp:omluva:174:2121:2026-04-24:09:00:10:30,2121,"""2026-04-24T00:00:00.000Z""",09:00,10:30,false
psp:omluva:174:2121:2026-05-05:19:00:22:00,2121,"""2026-05-05T00:00:00.000Z""",19:00,22:00,false
psp:omluva:174:2121:2026-05-05:22:00:23:59,2121,"""2026-05-05T00:00:00.000Z""",22:00,23:59,false
psp:omluva:174:2121:2026-05-05:23:59:23:59,2121,"""2026-05-05T00:00:00.000Z""",23:59,23:59,false
psp:omluva:174:2121:2026-05-06:00:00:09:00,2121,"""2026-05-06T00:00:00.000Z""",00:00,09:00,false
psp:omluva:174:2121:2026-05-13:10:00:14:00,2121,"""2026-05-13T00:00:00.000Z""",10:00,14:00,false
psp:omluva:174:2121:2026-05-14:09:00:23:59,2121,"""2026-05-14T00:00:00.000Z""",09:00,23:59,false
psp:omluva:174:2121:2026-05-15:00:00:09:00,2121,"""2026-05-15T00:00:00.000Z""",00:00,09:00,false
psp:omluva:174:2121:2026-05-15:09:00:23:59,2121,"""2026-05-15T00:00:00.000Z""",09:00,23:59,false
psp:omluva:174:2121:2026-05-16:00:00:09:00,2121,"""2026-05-16T00:00:00.000Z""",00:00,09:00,false
psp:omluva:174:2121:2026-05-26:09:00:23:59,2121,"""2026-05-26T00:00:00.000Z""",09:00,23:59,false
psp:omluva:174:2121:2026-05-27:00:00:09:00,2121,"""2026-05-27T00:00:00.000Z""",00:00,09:00,false
psp:omluva:174:2121:2026-05-27:09:00:23:59,2121,"""2026-05-27T00:00:00.000Z""",09:00,23:59,false
psp:omluva:174:2121:2026-05-28:00:00:09:00,2121,"""2026-05-28T00:00:00.000Z""",00:00,09:00,false
psp:omluva:174:2121:2026-05-28:09:00:23:59,2121,"""2026-05-28T00:00:00.000Z""",09:00,23:59,false
psp:omluva:174:2121:2026-05-29:00:00:09:00,2121,"""2026-05-29T00:00:00.000Z""",00:00,09:00,false
psp:omluva:174:2121:2026-05-29:09:00:23:59,2121,"""2026-05-29T00:00:00.000Z""",09:00,23:59,false
psp:omluva:174:2121:2026-05-30:00:00:09:00,2121,"""2026-05-30T00:00:00.000Z""",00:00,09:00,false
psp:omluva:174:2121:2026-06-03:09:00:23:59,2121,"""2026-06-03T00:00:00.000Z""",09:00,23:59,false
psp:omluva:174:2121:2026-06-04:00:00:09:00,2121,"""2026-06-04T00:00:00.000Z""",00:00,09:00,false
psp:omluva:174:2121:2026-06-04:09:00:23:59,2121,"""2026-06-04T00:00:00.000Z""",09:00,23:59,false
psp:omluva:174:2121:2026-06-05:00:00:09:00,2121,"""2026-06-05T00:00:00.000Z""",00:00,09:00,false
psp:omluva:174:2121:2026-06-11:15:00:16:30,2121,"""2026-06-11T00:00:00.000Z""",15:00,16:30,false
psp:omluva:174:2121:2026-06-25:11:00:12:30,2121,"""2026-06-25T00:00:00.000Z""",11:00,12:30,false
psp:omluva:174:2121:2026-06-30:20:15:23:59,2121,"""2026-06-30T00:00:00.000Z""",20:15,23:59,false
psp:omluva:174:2121:2026-07-01:00:00:09:00,2121,"""2026-07-01T00:00:00.000Z""",00:00,09:00,false
psp:omluva:174:2121:2026-07-01:09:00:10:00,2121,"""2026-07-01T00:00:00.000Z""",09:00,10:00,false
psp:omluva:174:2121:2026-07-01:15:00:23:59,2121,"""2026-07-01T00:00:00.000Z""",15:00,23:59,false
psp:omluva:174:2121:2026-07-02:00:00:09:00,2121,"""2026-07-02T00:00:00.000Z""",00:00,09:00,false
psp:omluva:174:2121:2026-07-02:09:00:23:59,2121,"""2026-07-02T00:00:00.000Z""",09:00,23:59,false
psp:omluva:174:2121:2026-07-03:00:00:09:00,2121,"""2026-07-03T00:00:00.000Z""",00:00,09:00,false
psp:omluva:174:2121:2026-07-03:09:00:23:59,2121,"""2026-07-03T00:00:00.000Z""",09:00,23:59,false
psp:omluva:174:2121:2026-07-04:00:00:09:00,2121,"""2026-07-04T00:00:00.000Z""",00:00,09:00,false
psp:omluva:174:2121:2026-07-07:09:00:23:59,2121,"""2026-07-07T00:00:00.000Z""",09:00,23:59,false
psp:omluva:174:2121:2026-07-08:00:00:09:00,2121,"""2026-07-08T00:00:00.000Z""",00:00,09:00,false
psp:omluva:174:2121:2026-07-08:09:00:23:59,2121,"""2026-07-08T00:00:00.000Z""",09:00,23:59,false
psp:omluva:174:2121:2026-07-09:00:00:09:00,2121,"""2026-07-09T00:00:00.000Z""",00:00,09:00,false
psp:omluva:174:2121:2026-07-10:09:00:23:59,2121,"""2026-07-10T00:00:00.000Z""",09:00,23:59,false
psp:omluva:174:2121:2026-07-11:00:00:09:00,2121,"""2026-07-11T00:00:00.000Z""",00:00,09:00,false
psp:omluva:174:2121:2026-07-14:09:00:23:59,2121,"""2026-07-14T00:00:00.000Z""",09:00,23:59,false
psp:omluva:174:2121:2026-07-15:00:00:09:00,2121,"""2026-07-15T00:00:00.000Z""",00:00,09:00,false
psp:omluva:174:2122:2025-11-14:09:00:12:00,2122,"""2025-11-14T00:00:00.000Z""",09:00,12:00,false
psp:omluva:174:2122:2026-01-15:09:00:10:25,2122,"""2026-01-15T00:00:00.000Z""",09:00,10:25,false
psp:omluva:174:2122:2026-01-29:17:15:23:59,2122,"""2026-01-29T00:00:00.000Z""",17:15,23:59,false
psp:omluva:174:2122:2026-01-30:00:00:09:00,2122,"""2026-01-30T00:00:00.000Z""",00:00,09:00,false
psp:omluva:174:2122:2026-02-03:20:00:23:59,2122,"""2026-02-03T00:00:00.000Z""",20:00,23:59,false
psp:omluva:174:2122:2026-02-04:00:00:09:00,2122,"""2026-02-04T00:00:00.000Z""",00:00,09:00,false
psp:omluva:174:2122:2026-02-04:09:00:23:59,2122,"""2026-02-04T00:00:00.000Z""",09:00,23:59,false
psp:omluva:174:2122:2026-02-05:00:00:09:00,2122,"""2026-02-05T00:00:00.000Z""",00:00,09:00,false
psp:omluva:174:2122:2026-02-10:09:00:23:59,2122,"""2026-02-10T00:00:00.000Z""",09:00,23:59,false
psp:omluva:174:2122:2026-02-11:00:00:09:00,2122,"""2026-02-11T00:00:00.000Z""",00:00,09:00,false
psp:omluva:174:2122:2026-02-11:09:00:23:59,2122,"""2026-02-11T00:00:00.000Z""",09:00,23:59,false
psp:omluva:174:2122:2026-02-12:00:00:09:00,2122,"""2026-02-12T00:00:00.000Z""",00:00,09:00,false
psp:omluva:174:2122:2026-03-04:09:00:23:59,2122,"""2026-03-04T00:00:00.000Z""",09:00,23:59,false
psp:omluva:174:2122:2026-03-05:00:00:09:00,2122,"""2026-03-05T00:00:00.000Z""",00:00,09:00,false
psp:omluva:174:2122:2026-03-11:09:00:11:00,2122,"""2026-03-11T00:00:00.000Z""",09:00,11:00,false
psp:omluva:174:2122:2026-03-25:15:00:16:15,2122,"""2026-03-25T00:00:00.000Z""",15:00,16:15,false
psp:omluva:174:2122:2026-05-14:09:00:23:59,2122,"""2026-05-14T00:00:00.000Z""",09:00,23:59,false
psp:omluva:174:2122:2026-05-15:00:00:09:00,2122,"""2026-05-15T00:00:00.000Z""",00:00,09:00,false
psp:omluva:174:2122:2026-06-23:14:30:18:30,2122,"""2026-06-23T00:00:00.000Z""",14:30,18:30,false
psp:omluva:174:2122:2026-06-25:09:00:23:59,2122,"""2026-06-25T00:00:00.000Z""",09:00,23:59,false
psp:omluva:174:2122:2026-06-26:00:00:09:00,2122,"""2026-06-26T00:00:00.000Z""",00:00,09:00,false
psp:omluva:174:2122:2026-06-26:09:00:23:59,2122,"""2026-06-26T00:00:00.000Z""",09:00,23:59,false
psp:omluva:174:2122:2026-06-27:00:00:09:00,2122,"""2026-06-27T00:00:00.000Z""",00:00,09:00,false
psp:omluva:174:2122:2026-07-07:16:00:23:59,2122,"""2026-07-07T00:00:00.000Z""",16:00,23:59,false
psp:omluva:174:2122:2026-07-08:00:00:09:00,2122,"""2026-07-08T00:00:00.000Z""",00:00,09:00,false
psp:omluva:174:2122:2026-07-08:13:00:14:00,2122,"""2026-07-08T00:00:00.000Z""",13:00,14:00,false
psp:omluva:174:2122:2026-07-14:09:00:23:59,2122,"""2026-07-14T00:00:00.000Z""",09:00,23:59,false
psp:omluva:174:2122:2026-07-15:00:00:09:00,2122,"""2026-07-15T00:00:00.000Z""",00:00,09:00,false
psp:omluva:174:2123:2026-03-24:09:00:23:59,2123,"""2026-03-24T00:00:00.000Z""",09:00,23:59,false
psp:omluva:174:2123:2026-03-25:00:00:09:00,2123,"""2026-03-25T00:00:00.000Z""",00:00,09:00,false
psp:omluva:174:2123:2026-03-25:09:00:23:59,2123,"""2026-03-25T00:00:00.000Z""",09:00,23:59,false
psp:omluva:174:2123:2026-03-26:00:00:09:00,2123,"""2026-03-26T00:00:00.000Z""",00:00,09:00,false
psp:omluva:174:2123:2026-06-11:09:00:23:59,2123,"""2026-06-11T00:00:00.000Z""",09:00,23:59,false
psp:omluva:174:2123:2026-06-12:00:00:09:00,2123,"""2026-06-12T00:00:00.000Z""",00:00,09:00,false
psp:omluva:174:2123:2026-06-25:09:00:23:59,2123,"""2026-06-25T00:00:00.000Z""",09:00,23:59,false
psp:omluva:174:2123:2026-06-26:00:00:09:00,2123,"""2026-06-26T00:00:00.000Z""",00:00,09:00,false
psp:omluva:174:2123:2026-06-26:09:00:23:59,2123,"""2026-06-26T00:00:00.000Z""",09:00,23:59,false
psp:omluva:174:2123:2026-06-27:00:00:09:00,2123,"""2026-06-27T00:00:00.000Z""",00:00,09:00,false
psp:omluva:174:2123:2026-06-30:09:00:23:59,2123,"""2026-06-30T00:00:00.000Z""",09:00,23:59,false
psp:omluva:174:2123:2026-07-01:00:00:09:00,2123,"""2026-07-01T00:00:00.000Z""",00:00,09:00,false
psp:omluva:174:2123:2026-07-01:09:00:23:59,2123,"""2026-07-01T00:00:00.000Z""",09:00,23:59,false
psp:omluva:174:2123:2026-07-02:00:00:09:00,2123,"""2026-07-02T00:00:00.000Z""",00:00,09:00,false
psp:omluva:174:2123:2026-07-02:09:00:23:59,2123,"""2026-07-02T00:00:00.000Z""",09:00,23:59,false
psp:omluva:174:2123:2026-07-03:00:00:09:00,2123,"""2026-07-03T00:00:00.000Z""",00:00,09:00,false
psp:omluva:174:2123:2026-07-03:09:00:23:59,2123,"""2026-07-03T00:00:00.000Z""",09:00,23:59,false
psp:omluva:174:2123:2026-07-04:00:00:09:00,2123,"""2026-07-04T00:00:00.000Z""",00:00,09:00,false
psp:omluva:174:2124:2025-11-27:09:00:19:45,2124,"""2025-11-27T00:00:00.000Z""",09:00,19:45,false
psp:omluva:174:2124:2026-01-29:09:00:23:59,2124,"""2026-01-29T00:00:00.000Z""",09:00,23:59,false
psp:omluva:174:2124:2026-01-29:16:30:23:59,2124,"""2026-01-29T00:00:00.000Z""",16:30,23:59,false
psp:omluva:174:2124:2026-01-30:00:00:09:00,2124,"""2026-01-30T00:00:00.000Z""",00:00,09:00,false
psp:omluva:174:2124:2026-01-30:17:00:23:59,2124,"""2026-01-30T00:00:00.000Z""",17:00,23:59,false
psp:omluva:174:2124:2026-01-31:00:00:09:00,2124,"""2026-01-31T00:00:00.000Z""",00:00,09:00,false
psp:omluva:174:2124:2026-02-03:09:00:23:59,2124,"""2026-02-03T00:00:00.000Z""",09:00,23:59,false
psp:omluva:174:2124:2026-02-04:00:00:09:00,2124,"""2026-02-04T00:00:00.000Z""",00:00,09:00,false
psp:omluva:174:2124:2026-02-10:09:00:23:59,2124,"""2026-02-10T00:00:00.000Z""",09:00,23:59,false
psp:omluva:174:2124:2026-02-11:00:00:09:00,2124,"""2026-02-11T00:00:00.000Z""",00:00,09:00,false
psp:omluva:174:2124:2026-02-13:09:00:23:59,2124,"""2026-02-13T00:00:00.000Z""",09:00,23:59,false
psp:omluva:174:2124:2026-02-14:00:00:09:00,2124,"""2026-02-14T00:00:00.000Z""",00:00,09:00,false
psp:omluva:174:2124:2026-03-03:09:00:23:59,2124,"""2026-03-03T00:00:00.000Z""",09:00,23:59,false
psp:omluva:174:2124:2026-03-04:00:00:09:00,2124,"""2026-03-04T00:00:00.000Z""",00:00,09:00,false
psp:omluva:174:2124:2026-03-04:09:00:23:59,2124,"""2026-03-04T00:00:00.000Z""",09:00,23:59,false
psp:omluva:174:2124:2026-03-05:00:00:09:00,2124,"""2026-03-05T00:00:00.000Z""",00:00,09:00,false
psp:omluva:174:2124:2026-03-05:09:00:23:59,2124,"""2026-03-05T00:00:00.000Z""",09:00,23:59,false
psp:omluva:174:2124:2026-03-06:00:00:09:00,2124,"""2026-03-06T00:00:00.000Z""",00:00,09:00,false
psp:omluva:174:2124:2026-03-06:09:00:23:59,2124,"""2026-03-06T00:00:00.000Z""",09:00,23:59,false
psp:omluva:174:2124:2026-03-07:00:00:09:00,2124,"""2026-03-07T00:00:00.000Z""",00:00,09:00,false
psp:omluva:174:2124:2026-03-10:09:00:23:59,2124,"""2026-03-10T00:00:00.000Z""",09:00,23:59,false
psp:omluva:174:2124:2026-03-11:00:00:09:00,2124,"""2026-03-11T00:00:00.000Z""",00:00,09:00,false
psp:omluva:174:2124:2026-03-11:09:00:23:59,2124,"""2026-03-11T00:00:00.000Z""",09:00,23:59,false
psp:omluva:174:2124:2026-03-12:00:00:09:00,2124,"""2026-03-12T00:00:00.000Z""",00:00,09:00,false
psp:omluva:174:2124:2026-03-12:09:00:23:59,2124,"""2026-03-12T00:00:00.000Z""",09:00,23:59,false
psp:omluva:174:2124:2026-03-13:00:00:09:00,2124,"""2026-03-13T00:00:00.000Z""",00:00,09:00,false
psp:omluva:174:2124:2026-03-13:09:00:23:59,2124,"""2026-03-13T00:00:00.000Z""",09:00,23:59,false
psp:omluva:174:2124:2026-03-14:00:00:09:00,2124,"""2026-03-14T00:00:00.000Z""",00:00,09:00,false
psp:omluva:174:2124:2026-03-24:09:00:23:59,2124,"""2026-03-24T00:00:00.000Z""",09:00,23:59,false
psp:omluva:174:2124:2026-03-25:00:00:09:00,2124,"""2026-03-25T00:00:00.000Z""",00:00,09:00,false
psp:omluva:174:2124:2026-03-25:09:00:23:59,2124,"""2026-03-25T00:00:00.000Z""",09:00,23:59,false
psp:omluva:174:2124:2026-03-26:00:00:09:00,2124,"""2026-03-26T00:00:00.000Z""",00:00,09:00,false
psp:omluva:174:2124:2026-04-15:09:00:23:59,2124,"""2026-04-15T00:00:00.000Z""",09:00,23:59,false
psp:omluva:174:2124:2026-04-16:00:00:09:00,2124,"""2026-04-16T00:00:00.000Z""",00:00,09:00,false
psp:omluva:174:2124:2026-04-16:09:00:23:59,2124,"""2026-04-16T00:00:00.000Z""",09:00,23:59,false
psp:omluva:174:2124:2026-04-17:00:00:09:00,2124,"""2026-04-17T00:00:00.000Z""",00:00,09:00,false
psp:omluva:174:2124:2026-04-23:09:00:10:30,2124,"""2026-04-23T00:00:00.000Z""",09:00,10:30,false
psp:omluva:174:2124:2026-04-23:09:00:23:59,2124,"""2026-04-23T00:00:00.000Z""",09:00,23:59,false
psp:omluva:174:2124:2026-04-24:00:00:09:00,2124,"""2026-04-24T00:00:00.000Z""",00:00,09:00,false
psp:omluva:174:2124:2026-04-24:09:00:23:59,2124,"""2026-04-24T00:00:00.000Z""",09:00,23:59,false
psp:omluva:174:2124:2026-04-25:00:00:09:00,2124,"""2026-04-25T00:00:00.000Z""",00:00,09:00,false
psp:omluva:174:2124:2026-05-06:09:00:10:00,2124,"""2026-05-06T00:00:00.000Z""",09:00,10:00,false
psp:omluva:174:2124:2026-05-14:09:00:23:59,2124,"""2026-05-14T00:00:00.000Z""",09:00,23:59,false
psp:omluva:174:2124:2026-05-15:00:00:09:00,2124,"""2026-05-15T00:00:00.000Z""",00:00,09:00,false
psp:omluva:174:2124:2026-05-26:09:00:23:59,2124,"""2026-05-26T00:00:00.000Z""",09:00,23:59,false
psp:omluva:174:2124:2026-05-27:00:00:09:00,2124,"""2026-05-27T00:00:00.000Z""",00:00,09:00,false
psp:omluva:174:2124:2026-05-27:09:00:23:59,2124,"""2026-05-27T00:00:00.000Z""",09:00,23:59,false
psp:omluva:174:2124:2026-05-28:00:00:09:00,2124,"""2026-05-28T00:00:00.000Z""",00:00,09:00,false
psp:omluva:174:2124:2026-05-28:09:00:23:59,2124,"""2026-05-28T00:00:00.000Z""",09:00,23:59,false
psp:omluva:174:2124:2026-05-29:00:00:09:00,2124,"""2026-05-29T00:00:00.000Z""",00:00,09:00,false
psp:omluva:174:2124:2026-05-29:09:00:23:59,2124,"""2026-05-29T00:00:00.000Z""",09:00,23:59,false
psp:omluva:174:2124:2026-05-30:00:00:09:00,2124,"""2026-05-30T00:00:00.000Z""",00:00,09:00,false
psp:omluva:174:2124:2026-06-02:09:00:23:59,2124,"""2026-06-02T00:00:00.000Z""",09:00,23:59,false
psp:omluva:174:2124:2026-06-03:00:00:09:00,2124,"""2026-06-03T00:00:00.000Z""",00:00,09:00,false
psp:omluva:174:2124:2026-06-23:20:00:23:59,2124,"""2026-06-23T00:00:00.000Z""",20:00,23:59,false
psp:omluva:174:2124:2026-06-24:00:00:09:00,2124,"""2026-06-24T00:00:00.000Z""",00:00,09:00,false
psp:omluva:174:2124:2026-06-24:09:00:23:59,2124,"""2026-06-24T00:00:00.000Z""",09:00,23:59,false
psp:omluva:174:2124:2026-06-25:00:00:09:00,2124,"""2026-06-25T00:00:00.000Z""",00:00,09:00,false
psp:omluva:174:2124:2026-06-25:09:00:23:59,2124,"""2026-06-25T00:00:00.000Z""",09:00,23:59,false
psp:omluva:174:2124:2026-06-26:00:00:09:00,2124,"""2026-06-26T00:00:00.000Z""",00:00,09:00,false
psp:omluva:174:2124:2026-06-30:09:00:23:59,2124,"""2026-06-30T00:00:00.000Z""",09:00,23:59,false
psp:omluva:174:2124:2026-07-01:00:00:09:00,2124,"""2026-07-01T00:00:00.000Z""",00:00,09:00,false
psp:omluva:174:2124:2026-07-01:09:00:23:59,2124,"""2026-07-01T00:00:00.000Z""",09:00,23:59,false
psp:omluva:174:2124:2026-07-02:00:00:09:00,2124,"""2026-07-02T00:00:00.000Z""",00:00,09:00,false
psp:omluva:174:2124:2026-07-02:09:00:23:59,2124,"""2026-07-02T00:00:00.000Z""",09:00,23:59,false
psp:omluva:174:2124:2026-07-03:00:00:09:00,2124,"""2026-07-03T00:00:00.000Z""",00:00,09:00,false
psp:omluva:174:2124:2026-07-03:12:00:23:59,2124,"""2026-07-03T00:00:00.000Z""",12:00,23:59,false
psp:omluva:174:2124:2026-07-04:00:00:09:00,2124,"""2026-07-04T00:00:00.000Z""",00:00,09:00,false
psp:omluva:174:2125:2026-02-11:09:00:11:00,2125,"""2026-02-11T00:00:00.000Z""",09:00,11:00,false
psp:omluva:174:2125:2026-03-24:09:00:23:59,2125,"""2026-03-24T00:00:00.000Z""",09:00,23:59,false
psp:omluva:174:2125:2026-03-25:00:00:09:00,2125,"""2026-03-25T00:00:00.000Z""",00:00,09:00,false
psp:omluva:174:2125:2026-03-25:09:00:23:59,2125,"""2026-03-25T00:00:00.000Z""",09:00,23:59,false
psp:omluva:174:2125:2026-03-26:00:00:09:00,2125,"""2026-03-26T00:00:00.000Z""",00:00,09:00,false
psp:omluva:174:2125:2026-05-05:09:00:23:59,2125,"""2026-05-05T00:00:00.000Z""",09:00,23:59,false
psp:omluva:174:2125:2026-05-06:00:00:09:00,2125,"""2026-05-06T00:00:00.000Z""",00:00,09:00,false
psp:omluva:174:2125:2026-06-05:09:00:23:59,2125,"""2026-06-05T00:00:00.000Z""",09:00,23:59,false
psp:omluva:174:2125:2026-06-06:00:00:09:00,2125,"""2026-06-06T00:00:00.000Z""",00:00,09:00,false
psp:omluva:174:2125:2026-06-24:09:00:23:59,2125,"""2026-06-24T00:00:00.000Z""",09:00,23:59,false
psp:omluva:174:2125:2026-06-25:00:00:09:00,2125,"""2026-06-25T00:00:00.000Z""",00:00,09:00,false
psp:omluva:174:2125:2026-06-26:09:00:23:59,2125,"""2026-06-26T00:00:00.000Z""",09:00,23:59,false
psp:omluva:174:2125:2026-06-27:00:00:09:00,2125,"""2026-06-27T00:00:00.000Z""",00:00,09:00,false
psp:omluva:174:2125:2026-06-30:20:00:23:59,2125,"""2026-06-30T00:00:00.000Z""",20:00,23:59,false
psp:omluva:174:2125:2026-07-01:00:00:09:00,2125,"""2026-07-01T00:00:00.000Z""",00:00,09:00,false
psp:omluva:174:2126:2026-03-03:18:45:23:59,2126,"""2026-03-03T00:00:00.000Z""",18:45,23:59,false
psp:omluva:174:2126:2026-03-04:00:00:09:00,2126,"""2026-03-04T00:00:00.000Z""",00:00,09:00,false
psp:omluva:174:2126:2026-03-10:18:00:23:59,2126,"""2026-03-10T00:00:00.000Z""",18:00,23:59,false
psp:omluva:174:2126:2026-03-11:00:00:09:00,2126,"""2026-03-11T00:00:00.000Z""",00:00,09:00,false
psp:omluva:174:2126:2026-03-12:09:00:23:59,2126,"""2026-03-12T00:00:00.000Z""",09:00,23:59,false
psp:omluva:174:2126:2026-03-13:00:00:09:00,2126,"""2026-03-13T00:00:00.000Z""",00:00,09:00,false
psp:omluva:174:2126:2026-03-13:09:00:23:59,2126,"""2026-03-13T00:00:00.000Z""",09:00,23:59,false
psp:omluva:174:2126:2026-03-14:00:00:09:00,2126,"""2026-03-14T00:00:00.000Z""",00:00,09:00,false
psp:omluva:174:2126:2026-03-25:10:00:12:00,2126,"""2026-03-25T00:00:00.000Z""",10:00,12:00,false
psp:omluva:174:2126:2026-03-25:18:30:23:59,2126,"""2026-03-25T00:00:00.000Z""",18:30,23:59,false
psp:omluva:174:2126:2026-03-26:00:00:09:00,2126,"""2026-03-26T00:00:00.000Z""",00:00,09:00,false
psp:omluva:174:2126:2026-04-14:14:30:16:30,2126,"""2026-04-14T00:00:00.000Z""",14:30,16:30,false
psp:omluva:174:2126:2026-04-16:12:30:14:30,2126,"""2026-04-16T00:00:00.000Z""",12:30,14:30,false
psp:omluva:174:2126:2026-04-22:12:00:13:00,2126,"""2026-04-22T00:00:00.000Z""",12:00,13:00,false
psp:omluva:174:2126:2026-05-05:09:00:23:59,2126,"""2026-05-05T00:00:00.000Z""",09:00,23:59,false
psp:omluva:174:2126:2026-05-06:00:00:09:00,2126,"""2026-05-06T00:00:00.000Z""",00:00,09:00,false
psp:omluva:174:2126:2026-05-06:09:00:23:59,2126,"""2026-05-06T00:00:00.000Z""",09:00,23:59,false
psp:omluva:174:2126:2026-05-07:00:00:09:00,2126,"""2026-05-07T00:00:00.000Z""",00:00,09:00,false
psp:omluva:174:2126:2026-05-13:09:30:11:45,2126,"""2026-05-13T00:00:00.000Z""",09:30,11:45,false
psp:omluva:174:2126:2026-05-14:09:00:23:59,2126,"""2026-05-14T00:00:00.000Z""",09:00,23:59,false
psp:omluva:174:2126:2026-05-15:00:00:09:00,2126,"""2026-05-15T00:00:00.000Z""",00:00,09:00,false
psp:omluva:174:2126:2026-05-26:22:00:23:59,2126,"""2026-05-26T00:00:00.000Z""",22:00,23:59,false
psp:omluva:174:2126:2026-05-27:00:00:09:00,2126,"""2026-05-27T00:00:00.000Z""",00:00,09:00,false
psp:omluva:174:2126:2026-05-27:20:00:23:59,2126,"""2026-05-27T00:00:00.000Z""",20:00,23:59,false
psp:omluva:174:2126:2026-05-28:00:00:09:00,2126,"""2026-05-28T00:00:00.000Z""",00:00,09:00,false
psp:omluva:174:2126:2026-05-28:20:30:23:59,2126,"""2026-05-28T00:00:00.000Z""",20:30,23:59,false
psp:omluva:174:2126:2026-05-29:00:00:09:00,2126,"""2026-05-29T00:00:00.000Z""",00:00,09:00,false
psp:omluva:174:2126:2026-06-03:09:00:11:00,2126,"""2026-06-03T00:00:00.000Z""",09:00,11:00,false
psp:omluva:174:2126:2026-06-03:21:00:23:59,2126,"""2026-06-03T00:00:00.000Z""",21:00,23:59,false
psp:omluva:174:2126:2026-06-04:00:00:09:00,2126,"""2026-06-04T00:00:00.000Z""",00:00,09:00,false
psp:omluva:174:2126:2026-06-23:20:45:23:59,2126,"""2026-06-23T00:00:00.000Z""",20:45,23:59,false
psp:omluva:174:2126:2026-06-24:00:00:09:00,2126,"""2026-06-24T00:00:00.000Z""",00:00,09:00,false
psp:omluva:174:2126:2026-06-24:09:00:11:00,2126,"""2026-06-24T00:00:00.000Z""",09:00,11:00,false
psp:omluva:174:2126:2026-06-24:11:00:13:30,2126,"""2026-06-24T00:00:00.000Z""",11:00,13:30,false
psp:omluva:174:2126:2026-07-02:09:00:23:59,2126,"""2026-07-02T00:00:00.000Z""",09:00,23:59,false
psp:omluva:174:2126:2026-07-03:00:00:09:00,2126,"""2026-07-03T00:00:00.000Z""",00:00,09:00,false
psp:omluva:174:2126:2026-07-03:09:00:23:59,2126,"""2026-07-03T00:00:00.000Z""",09:00,23:59,false
psp:omluva:174:2126:2026-07-04:00:00:09:00,2126,"""2026-07-04T00:00:00.000Z""",00:00,09:00,false
psp:omluva:174:2126:2026-07-07:20:30:21:30,2126,"""2026-07-07T00:00:00.000Z""",20:30,21:30,false
psp:omluva:174:2127:2025-11-26:13:00:16:00,2127,"""2025-11-26T00:00:00.000Z""",13:00,16:00,false
psp:omluva:174:2127:2026-01-15:09:00:11:00,2127,"""2026-01-15T00:00:00.000Z""",09:00,11:00,false
psp:omluva:174:2127:2026-01-28:19:00:23:59,2127,"""2026-01-28T00:00:00.000Z""",19:00,23:59,false
psp:omluva:174:2127:2026-01-29:00:00:09:00,2127,"""2026-01-29T00:00:00.000Z""",00:00,09:00,false
psp:omluva:174:2127:2026-01-29:15:30:23:59,2127,"""2026-01-29T00:00:00.000Z""",15:30,23:59,false
psp:omluva:174:2127:2026-01-30:00:00:09:00,2127,"""2026-01-30T00:00:00.000Z""",00:00,09:00,false
psp:omluva:174:2127:2026-01-30:09:00:09:30,2127,"""2026-01-30T00:00:00.000Z""",09:00,09:30,false
psp:omluva:174:2127:2026-02-04:09:00:10:00,2127,"""2026-02-04T00:00:00.000Z""",09:00,10:00,false
psp:omluva:174:2127:2026-02-10:19:00:20:10,2127,"""2026-02-10T00:00:00.000Z""",19:00,20:10,false
psp:omluva:174:2127:2026-02-12:16:00:23:59,2127,"""2026-02-12T00:00:00.000Z""",16:00,23:59,false
psp:omluva:174:2127:2026-02-13:00:00:09:00,2127,"""2026-02-13T00:00:00.000Z""",00:00,09:00,false
psp:omluva:174:2127:2026-03-12:09:00:23:59,2127,"""2026-03-12T00:00:00.000Z""",09:00,23:59,false
psp:omluva:174:2127:2026-03-13:00:00:09:00,2127,"""2026-03-13T00:00:00.000Z""",00:00,09:00,false
psp:omluva:174:2127:2026-04-15:09:00:09:30,2127,"""2026-04-15T00:00:00.000Z""",09:00,09:30,false
psp:omluva:174:2127:2026-04-15:09:00:09:43,2127,"""2026-04-15T00:00:00.000Z""",09:00,09:43,false
psp:omluva:174:2127:2026-04-15:19:00:20:15,2127,"""2026-04-15T00:00:00.000Z""",19:00,20:15,false
psp:omluva:174:2127:2026-04-21:23:40:23:59,2127,"""2026-04-21T00:00:00.000Z""",23:40,23:59,false
psp:omluva:174:2127:2026-04-22:00:00:09:00,2127,"""2026-04-22T00:00:00.000Z""",00:00,09:00,false
psp:omluva:174:2127:2026-04-22:09:00:09:30,2127,"""2026-04-22T00:00:00.000Z""",09:00,09:30,false
psp:omluva:174:2127:2026-04-23:09:00:13:00,2127,"""2026-04-23T00:00:00.000Z""",09:00,13:00,false
psp:omluva:174:2127:2026-04-24:09:00:23:59,2127,"""2026-04-24T00:00:00.000Z""",09:00,23:59,false
psp:omluva:174:2127:2026-04-25:00:00:09:00,2127,"""2026-04-25T00:00:00.000Z""",00:00,09:00,false
psp:omluva:174:2127:2026-05-05:14:30:15:30,2127,"""2026-05-05T00:00:00.000Z""",14:30,15:30,false
psp:omluva:174:2127:2026-05-06:09:00:09:30,2127,"""2026-05-06T00:00:00.000Z""",09:00,09:30,false
psp:omluva:174:2127:2026-05-13:09:00:09:45,2127,"""2026-05-13T00:00:00.000Z""",09:00,09:45,false
psp:omluva:174:2127:2026-05-14:09:00:23:59,2127,"""2026-05-14T00:00:00.000Z""",09:00,23:59,false
psp:omluva:174:2127:2026-05-15:00:00:09:00,2127,"""2026-05-15T00:00:00.000Z""",00:00,09:00,false
psp:omluva:174:2127:2026-05-28:09:00:11:30,2127,"""2026-05-28T00:00:00.000Z""",09:00,11:30,false
psp:omluva:174:2127:2026-05-28:17:00:23:59,2127,"""2026-05-28T00:00:00.000Z""",17:00,23:59,false
psp:omluva:174:2127:2026-05-29:00:00:09:00,2127,"""2026-05-29T00:00:00.000Z""",00:00,09:00,false
psp:omluva:174:2127:2026-05-29:09:00:10:30,2127,"""2026-05-29T00:00:00.000Z""",09:00,10:30,false
psp:omluva:174:2127:2026-06-03:19:00:21:00,2127,"""2026-06-03T00:00:00.000Z""",19:00,21:00,false
psp:omluva:174:2127:2026-06-24:16:30:23:59,2127,"""2026-06-24T00:00:00.000Z""",16:30,23:59,false
psp:omluva:174:2127:2026-06-25:00:00:09:00,2127,"""2026-06-25T00:00:00.000Z""",00:00,09:00,false
psp:omluva:174:2127:2026-06-25:09:00:13:00,2127,"""2026-06-25T00:00:00.000Z""",09:00,13:00,false
psp:omluva:174:2127:2026-07-01:09:00:09:45,2127,"""2026-07-01T00:00:00.000Z""",09:00,09:45,false
psp:omluva:174:2127:2026-07-01:16:01:23:59,2127,"""2026-07-01T00:00:00.000Z""",16:01,23:59,false
psp:omluva:174:2127:2026-07-02:00:00:09:00,2127,"""2026-07-02T00:00:00.000Z""",00:00,09:00,false
psp:omluva:174:2127:2026-07-03:09:00:09:15,2127,"""2026-07-03T00:00:00.000Z""",09:00,09:15,false
psp:omluva:174:2127:2026-07-08:09:00:10:15,2127,"""2026-07-08T00:00:00.000Z""",09:00,10:15,false
psp:omluva:174:2128:2025-11-11:09:00:23:59,2128,"""2025-11-11T00:00:00.000Z""",09:00,23:59,false
psp:omluva:174:2128:2025-11-12:00:00:09:00,2128,"""2025-11-12T00:00:00.000Z""",00:00,09:00,false
psp:omluva:174:2128:2026-01-27:18:15:23:59,2128,"""2026-01-27T00:00:00.000Z""",18:15,23:59,false
psp:omluva:174:2128:2026-01-28:00:00:09:00,2128,"""2026-01-28T00:00:00.000Z""",00:00,09:00,false
psp:omluva:174:2128:2026-03-06:09:00:23:59,2128,"""2026-03-06T00:00:00.000Z""",09:00,23:59,false
psp:omluva:174:2128:2026-03-07:00:00:09:00,2128,"""2026-03-07T00:00:00.000Z""",00:00,09:00,false
psp:omluva:174:2128:2026-04-14:09:00:17:30,2128,"""2026-04-14T00:00:00.000Z""",09:00,17:30,false
psp:omluva:174:2128:2026-04-15:20:45:23:59,2128,"""2026-04-15T00:00:00.000Z""",20:45,23:59,false
psp:omluva:174:2128:2026-04-16:00:00:09:00,2128,"""2026-04-16T00:00:00.000Z""",00:00,09:00,false
psp:omluva:174:2128:2026-04-21:14:15:16:30,2128,"""2026-04-21T00:00:00.000Z""",14:15,16:30,false
psp:omluva:174:2128:2026-05-05:14:16:16:30,2128,"""2026-05-05T00:00:00.000Z""",14:16,16:30,false
psp:omluva:174:2128:2026-05-14:13:30:23:59,2128,"""2026-05-14T00:00:00.000Z""",13:30,23:59,false
psp:omluva:174:2128:2026-05-15:00:00:09:00,2128,"""2026-05-15T00:00:00.000Z""",00:00,09:00,false
psp:omluva:174:2128:2026-05-15:09:00:23:59,2128,"""2026-05-15T00:00:00.000Z""",09:00,23:59,false
psp:omluva:174:2128:2026-05-16:00:00:09:00,2128,"""2026-05-16T00:00:00.000Z""",00:00,09:00,false
psp:omluva:174:2128:2026-06-23:09:00:23:59,2128,"""2026-06-23T00:00:00.000Z""",09:00,23:59,false
psp:omluva:174:2128:2026-06-24:00:00:09:00,2128,"""2026-06-24T00:00:00.000Z""",00:00,09:00,false
psp:omluva:174:2128:2026-06-24:09:00:23:59,2128,"""2026-06-24T00:00:00.000Z""",09:00,23:59,false
psp:omluva:174:2128:2026-06-25:00:00:09:00,2128,"""2026-06-25T00:00:00.000Z""",00:00,09:00,false
psp:omluva:174:2128:2026-07-02:14:20:23:59,2128,"""2026-07-02T00:00:00.000Z""",14:20,23:59,false
psp:omluva:174:2128:2026-07-03:00:00:09:00,2128,"""2026-07-03T00:00:00.000Z""",00:00,09:00,false
psp:omluva:174:2128:2026-07-03:09:00:23:59,2128,"""2026-07-03T00:00:00.000Z""",09:00,23:59,false
psp:omluva:174:2128:2026-07-04:00:00:09:00,2128,"""2026-07-04T00:00:00.000Z""",00:00,09:00,false
psp:omluva:174:2129:2026-01-13:13:30:23:59,2129,"""2026-01-13T00:00:00.000Z""",13:30,23:59,false
psp:omluva:174:2129:2026-01-14:00:00:09:00,2129,"""2026-01-14T00:00:00.000Z""",00:00,09:00,false
psp:omluva:174:2129:2026-01-14:20:00:21:00,2129,"""2026-01-14T00:00:00.000Z""",20:00,21:00,false
psp:omluva:174:2129:2026-01-28:19:30:21:00,2129,"""2026-01-28T00:00:00.000Z""",19:30,21:00,false
psp:omluva:174:2129:2026-01-30:09:00:23:59,2129,"""2026-01-30T00:00:00.000Z""",09:00,23:59,false
psp:omluva:174:2129:2026-01-31:00:00:09:00,2129,"""2026-01-31T00:00:00.000Z""",00:00,09:00,false
psp:omluva:174:2129:2026-02-10:09:00:23:59,2129,"""2026-02-10T00:00:00.000Z""",09:00,23:59,false
psp:omluva:174:2129:2026-02-11:00:00:09:00,2129,"""2026-02-11T00:00:00.000Z""",00:00,09:00,false
psp:omluva:174:2129:2026-02-11:09:00:23:59,2129,"""2026-02-11T00:00:00.000Z""",09:00,23:59,false
psp:omluva:174:2129:2026-02-12:00:00:09:00,2129,"""2026-02-12T00:00:00.000Z""",00:00,09:00,false
psp:omluva:174:2129:2026-02-12:09:00:23:59,2129,"""2026-02-12T00:00:00.000Z""",09:00,23:59,false
psp:omluva:174:2129:2026-02-13:00:00:09:00,2129,"""2026-02-13T00:00:00.000Z""",00:00,09:00,false
psp:omluva:174:2129:2026-02-13:09:00:23:59,2129,"""2026-02-13T00:00:00.000Z""",09:00,23:59,false
psp:omluva:174:2129:2026-02-14:00:00:09:00,2129,"""2026-02-14T00:00:00.000Z""",00:00,09:00,false
psp:omluva:174:2129:2026-03-04:15:15:16:15,2129,"""2026-03-04T00:00:00.000Z""",15:15,16:15,false
psp:omluva:174:2129:2026-03-13:09:00:23:59,2129,"""2026-03-13T00:00:00.000Z""",09:00,23:59,false
psp:omluva:174:2129:2026-03-14:00:00:09:00,2129,"""2026-03-14T00:00:00.000Z""",00:00,09:00,false
psp:omluva:174:2129:2026-04-14:20:15:21:45,2129,"""2026-04-14T00:00:00.000Z""",20:15,21:45,false
psp:omluva:174:2129:2026-04-16:17:30:21:00,2129,"""2026-04-16T00:00:00.000Z""",17:30,21:00,false
psp:omluva:174:2129:2026-04-21:14:00:23:59,2129,"""2026-04-21T00:00:00.000Z""",14:00,23:59,false
psp:omluva:174:2129:2026-04-22:00:00:09:00,2129,"""2026-04-22T00:00:00.000Z""",00:00,09:00,false
psp:omluva:174:2129:2026-04-22:09:00:23:59,2129,"""2026-04-22T00:00:00.000Z""",09:00,23:59,false
psp:omluva:174:2129:2026-04-23:00:00:09:00,2129,"""2026-04-23T00:00:00.000Z""",00:00,09:00,false
psp:omluva:174:2129:2026-05-05:19:00:20:45,2129,"""2026-05-05T00:00:00.000Z""",19:00,20:45,false
psp:omluva:174:2129:2026-05-06:19:00:21:00,2129,"""2026-05-06T00:00:00.000Z""",19:00,21:00,false
psp:omluva:174:2129:2026-05-13:20:00:21:15,2129,"""2026-05-13T00:00:00.000Z""",20:00,21:15,false
psp:omluva:174:2129:2026-05-14:09:00:23:59,2129,"""2026-05-14T00:00:00.000Z""",09:00,23:59,false
psp:omluva:174:2129:2026-05-15:00:00:09:00,2129,"""2026-05-15T00:00:00.000Z""",00:00,09:00,false
psp:omluva:174:2129:2026-05-26:09:00:23:59,2129,"""2026-05-26T00:00:00.000Z""",09:00,23:59,false
psp:omluva:174:2129:2026-05-27:00:00:09:00,2129,"""2026-05-27T00:00:00.000Z""",00:00,09:00,false
psp:omluva:174:2129:2026-05-27:09:00:23:59,2129,"""2026-05-27T00:00:00.000Z""",09:00,23:59,false
psp:omluva:174:2129:2026-05-28:00:00:09:00,2129,"""2026-05-28T00:00:00.000Z""",00:00,09:00,false
psp:omluva:174:2129:2026-05-28:09:00:23:59,2129,"""2026-05-28T00:00:00.000Z""",09:00,23:59,false
psp:omluva:174:2129:2026-05-29:00:00:09:00,2129,"""2026-05-29T00:00:00.000Z""",00:00,09:00,false
psp:omluva:174:2129:2026-05-29:09:00:23:59,2129,"""2026-05-29T00:00:00.000Z""",09:00,23:59,false
psp:omluva:174:2129:2026-05-30:00:00:09:00,2129,"""2026-05-30T00:00:00.000Z""",00:00,09:00,false
psp:omluva:174:2129:2026-06-04:15:00:23:59,2129,"""2026-06-04T00:00:00.000Z""",15:00,23:59,false
psp:omluva:174:2129:2026-06-05:00:00:09:00,2129,"""2026-06-05T00:00:00.000Z""",00:00,09:00,false
psp:omluva:174:2129:2026-06-11:19:00:23:59,2129,"""2026-06-11T00:00:00.000Z""",19:00,23:59,false
psp:omluva:174:2129:2026-06-12:00:00:09:00,2129,"""2026-06-12T00:00:00.000Z""",00:00,09:00,false
psp:omluva:174:2129:2026-06-24:14:45:16:45,2129,"""2026-06-24T00:00:00.000Z""",14:45,16:45,false
psp:omluva:174:2129:2026-06-25:11:35:12:15,2129,"""2026-06-25T00:00:00.000Z""",11:35,12:15,false
psp:omluva:174:2129:2026-06-30:18:10:23:59,2129,"""2026-06-30T00:00:00.000Z""",18:10,23:59,false
psp:omluva:174:2129:2026-07-01:00:00:09:00,2129,"""2026-07-01T00:00:00.000Z""",00:00,09:00,false
psp:omluva:174:2129:2026-07-08:09:45:11:15,2129,"""2026-07-08T00:00:00.000Z""",09:45,11:15,false
psp:omluva:174:2129:2026-07-14:09:00:23:59,2129,"""2026-07-14T00:00:00.000Z""",09:00,23:59,false
psp:omluva:174:2129:2026-07-15:00:00:09:00,2129,"""2026-07-15T00:00:00.000Z""",00:00,09:00,false
psp:omluva:174:2130:2026-01-30:14:00:23:59,2130,"""2026-01-30T00:00:00.000Z""",14:00,23:59,false
psp:omluva:174:2130:2026-01-31:00:00:09:00,2130,"""2026-01-31T00:00:00.000Z""",00:00,09:00,false
psp:omluva:174:2130:2026-02-13:09:00:23:59,2130,"""2026-02-13T00:00:00.000Z""",09:00,23:59,false
psp:omluva:174:2130:2026-02-14:00:00:09:00,2130,"""2026-02-14T00:00:00.000Z""",00:00,09:00,false
psp:omluva:174:2130:2026-03-03:09:00:23:59,2130,"""2026-03-03T00:00:00.000Z""",09:00,23:59,false
psp:omluva:174:2130:2026-03-04:00:00:09:00,2130,"""2026-03-04T00:00:00.000Z""",00:00,09:00,false
psp:omluva:174:2130:2026-03-04:09:00:23:59,2130,"""2026-03-04T00:00:00.000Z""",09:00,23:59,false
psp:omluva:174:2130:2026-03-05:00:00:09:00,2130,"""2026-03-05T00:00:00.000Z""",00:00,09:00,false
psp:omluva:174:2130:2026-03-05:09:00:23:59,2130,"""2026-03-05T00:00:00.000Z""",09:00,23:59,false
psp:omluva:174:2130:2026-03-06:00:00:09:00,2130,"""2026-03-06T00:00:00.000Z""",00:00,09:00,false
psp:omluva:174:2130:2026-03-06:09:00:23:59,2130,"""2026-03-06T00:00:00.000Z""",09:00,23:59,false
psp:omluva:174:2130:2026-03-07:00:00:09:00,2130,"""2026-03-07T00:00:00.000Z""",00:00,09:00,false
psp:omluva:174:2130:2026-03-10:09:00:23:59,2130,"""2026-03-10T00:00:00.000Z""",09:00,23:59,false
psp:omluva:174:2130:2026-03-11:00:00:09:00,2130,"""2026-03-11T00:00:00.000Z""",00:00,09:00,false
psp:omluva:174:2130:2026-03-11:09:00:23:59,2130,"""2026-03-11T00:00:00.000Z""",09:00,23:59,false
psp:omluva:174:2130:2026-03-12:00:00:09:00,2130,"""2026-03-12T00:00:00.000Z""",00:00,09:00,false
psp:omluva:174:2130:2026-03-12:09:00:23:59,2130,"""2026-03-12T00:00:00.000Z""",09:00,23:59,false
psp:omluva:174:2130:2026-03-13:00:00:09:00,2130,"""2026-03-13T00:00:00.000Z""",00:00,09:00,false
psp:omluva:174:2130:2026-03-13:09:00:23:59,2130,"""2026-03-13T00:00:00.000Z""",09:00,23:59,false
psp:omluva:174:2130:2026-03-14:00:00:09:00,2130,"""2026-03-14T00:00:00.000Z""",00:00,09:00,false
psp:omluva:174:2130:2026-03-24:09:00:23:59,2130,"""2026-03-24T00:00:00.000Z""",09:00,23:59,false
psp:omluva:174:2130:2026-03-25:00:00:09:00,2130,"""2026-03-25T00:00:00.000Z""",00:00,09:00,false
psp:omluva:174:2130:2026-03-25:09:00:23:59,2130,"""2026-03-25T00:00:00.000Z""",09:00,23:59,false
psp:omluva:174:2130:2026-03-26:00:00:09:00,2130,"""2026-03-26T00:00:00.000Z""",00:00,09:00,false
psp:omluva:174:2130:2026-04-14:09:00:23:59,2130,"""2026-04-14T00:00:00.000Z""",09:00,23:59,false
psp:omluva:174:2130:2026-04-15:00:00:09:00,2130,"""2026-04-15T00:00:00.000Z""",00:00,09:00,false
psp:omluva:174:2130:2026-04-15:09:00:23:59,2130,"""2026-04-15T00:00:00.000Z""",09:00,23:59,false
psp:omluva:174:2130:2026-04-16:00:00:09:00,2130,"""2026-04-16T00:00:00.000Z""",00:00,09:00,false
psp:omluva:174:2130:2026-04-16:09:00:23:59,2130,"""2026-04-16T00:00:00.000Z""",09:00,23:59,false
psp:omluva:174:2130:2026-04-17:00:00:09:00,2130,"""2026-04-17T00:00:00.000Z""",00:00,09:00,false
psp:omluva:174:2130:2026-04-17:09:00:23:59,2130,"""2026-04-17T00:00:00.000Z""",09:00,23:59,false
psp:omluva:174:2130:2026-04-18:00:00:09:00,2130,"""2026-04-18T00:00:00.000Z""",00:00,09:00,false
psp:omluva:174:2130:2026-05-06:18:30:23:59,2130,"""2026-05-06T00:00:00.000Z""",18:30,23:59,false
psp:omluva:174:2130:2026-05-07:00:00:09:00,2130,"""2026-05-07T00:00:00.000Z""",00:00,09:00,false
psp:omluva:174:2130:2026-05-14:09:00:23:59,2130,"""2026-05-14T00:00:00.000Z""",09:00,23:59,false
psp:omluva:174:2130:2026-05-15:00:00:09:00,2130,"""2026-05-15T00:00:00.000Z""",00:00,09:00,false
psp:omluva:174:2130:2026-05-26:14:00:16:00,2130,"""2026-05-26T00:00:00.000Z""",14:00,16:00,false
psp:omluva:174:2130:2026-06-04:09:00:23:59,2130,"""2026-06-04T00:00:00.000Z""",09:00,23:59,false
psp:omluva:174:2130:2026-06-05:00:00:09:00,2130,"""2026-06-05T00:00:00.000Z""",00:00,09:00,false
psp:omluva:174:2130:2026-06-11:09:00:23:59,2130,"""2026-06-11T00:00:00.000Z""",09:00,23:59,false
psp:omluva:174:2130:2026-06-12:00:00:09:00,2130,"""2026-06-12T00:00:00.000Z""",00:00,09:00,false
psp:omluva:174:2130:2026-06-23:09:00:23:59,2130,"""2026-06-23T00:00:00.000Z""",09:00,23:59,false
psp:omluva:174:2130:2026-06-24:00:00:09:00,2130,"""2026-06-24T00:00:00.000Z""",00:00,09:00,false
psp:omluva:174:2130:2026-06-24:09:00:23:59,2130,"""2026-06-24T00:00:00.000Z""",09:00,23:59,false
psp:omluva:174:2130:2026-06-25:00:00:09:00,2130,"""2026-06-25T00:00:00.000Z""",00:00,09:00,false
psp:omluva:174:2130:2026-06-25:09:00:23:59,2130,"""2026-06-25T00:00:00.000Z""",09:00,23:59,false
psp:omluva:174:2130:2026-06-26:00:00:09:00,2130,"""2026-06-26T00:00:00.000Z""",00:00,09:00,false
psp:omluva:174:2130:2026-06-26:09:00:23:59,2130,"""2026-06-26T00:00:00.000Z""",09:00,23:59,false
psp:omluva:174:2130:2026-06-27:00:00:09:00,2130,"""2026-06-27T00:00:00.000Z""",00:00,09:00,false
psp:omluva:174:2130:2026-07-02:09:00:23:59,2130,"""2026-07-02T00:00:00.000Z""",09:00,23:59,false
psp:omluva:174:2130:2026-07-03:00:00:09:00,2130,"""2026-07-03T00:00:00.000Z""",00:00,09:00,false
psp:omluva:174:2131:2026-01-13:11:00:11:10,2131,"""2026-01-13T00:00:00.000Z""",11:00,11:10,false
psp:omluva:174:2131:2026-01-15:14:00:15:30,2131,"""2026-01-15T00:00:00.000Z""",14:00,15:30,false
psp:omluva:174:2131:2026-01-15:16:00:17:00,2131,"""2026-01-15T00:00:00.000Z""",16:00,17:00,false
psp:omluva:174:2131:2026-01-28:16:00:23:59,2131,"""2026-01-28T00:00:00.000Z""",16:00,23:59,false
psp:omluva:174:2131:2026-01-29:00:00:09:00,2131,"""2026-01-29T00:00:00.000Z""",00:00,09:00,false
psp:omluva:174:2131:2026-02-03:15:00:18:00,2131,"""2026-02-03T00:00:00.000Z""",15:00,18:00,false
psp:omluva:174:2131:2026-02-10:09:00:23:59,2131,"""2026-02-10T00:00:00.000Z""",09:00,23:59,false
psp:omluva:174:2131:2026-02-11:00:00:09:00,2131,"""2026-02-11T00:00:00.000Z""",00:00,09:00,false
psp:omluva:174:2131:2026-02-12:11:00:11:30,2131,"""2026-02-12T00:00:00.000Z""",11:00,11:30,false
psp:omluva:174:2131:2026-02-12:14:30:23:59,2131,"""2026-02-12T00:00:00.000Z""",14:30,23:59,false
psp:omluva:174:2131:2026-02-13:00:00:09:00,2131,"""2026-02-13T00:00:00.000Z""",00:00,09:00,false
psp:omluva:174:2131:2026-03-12:09:00:23:59,2131,"""2026-03-12T00:00:00.000Z""",09:00,23:59,false
psp:omluva:174:2131:2026-03-13:00:00:09:00,2131,"""2026-03-13T00:00:00.000Z""",00:00,09:00,false
psp:omluva:174:2131:2026-03-13:09:00:23:59,2131,"""2026-03-13T00:00:00.000Z""",09:00,23:59,false
psp:omluva:174:2131:2026-03-14:00:00:09:00,2131,"""2026-03-14T00:00:00.000Z""",00:00,09:00,false
psp:omluva:174:2131:2026-04-14:14:30:17:30,2131,"""2026-04-14T00:00:00.000Z""",14:30,17:30,false
psp:omluva:174:2131:2026-04-15:19:00:23:59,2131,"""2026-04-15T00:00:00.000Z""",19:00,23:59,false
psp:omluva:174:2131:2026-04-16:00:00:09:00,2131,"""2026-04-16T00:00:00.000Z""",00:00,09:00,false
psp:omluva:174:2131:2026-04-16:16:00:23:59,2131,"""2026-04-16T00:00:00.000Z""",16:00,23:59,false
psp:omluva:174:2131:2026-04-17:00:00:09:00,2131,"""2026-04-17T00:00:00.000Z""",00:00,09:00,false
psp:omluva:174:2131:2026-05-06:14:30:16:00,2131,"""2026-05-06T00:00:00.000Z""",14:30,16:00,false
psp:omluva:174:2131:2026-05-14:09:00:23:59,2131,"""2026-05-14T00:00:00.000Z""",09:00,23:59,false
psp:omluva:174:2131:2026-05-15:00:00:09:00,2131,"""2026-05-15T00:00:00.000Z""",00:00,09:00,false
psp:omluva:174:2131:2026-05-15:09:00:09:45,2131,"""2026-05-15T00:00:00.000Z""",09:00,09:45,false
psp:omluva:174:2131:2026-05-27:09:00:23:59,2131,"""2026-05-27T00:00:00.000Z""",09:00,23:59,false
psp:omluva:174:2131:2026-05-28:00:00:09:00,2131,"""2026-05-28T00:00:00.000Z""",00:00,09:00,false
psp:omluva:174:2131:2026-05-28:09:00:23:59,2131,"""2026-05-28T00:00:00.000Z""",09:00,23:59,false
psp:omluva:174:2131:2026-05-29:00:00:09:00,2131,"""2026-05-29T00:00:00.000Z""",00:00,09:00,false
psp:omluva:174:2131:2026-05-29:09:00:23:59,2131,"""2026-05-29T00:00:00.000Z""",09:00,23:59,false
psp:omluva:174:2131:2026-05-30:00:00:09:00,2131,"""2026-05-30T00:00:00.000Z""",00:00,09:00,false
psp:omluva:174:2131:2026-06-04:09:00:11:00,2131,"""2026-06-04T00:00:00.000Z""",09:00,11:00,false
psp:omluva:174:2131:2026-06-05:09:30:10:30,2131,"""2026-06-05T00:00:00.000Z""",09:30,10:30,false
psp:omluva:174:2131:2026-06-23:09:00:23:59,2131,"""2026-06-23T00:00:00.000Z""",09:00,23:59,false
psp:omluva:174:2131:2026-06-24:00:00:09:00,2131,"""2026-06-24T00:00:00.000Z""",00:00,09:00,false
psp:omluva:174:2131:2026-06-24:14:30:16:00,2131,"""2026-06-24T00:00:00.000Z""",14:30,16:00,false
psp:omluva:174:2131:2026-06-24:16:30:23:59,2131,"""2026-06-24T00:00:00.000Z""",16:30,23:59,false
psp:omluva:174:2131:2026-06-25:00:00:09:00,2131,"""2026-06-25T00:00:00.000Z""",00:00,09:00,false
psp:omluva:174:2131:2026-07-03:09:00:23:59,2131,"""2026-07-03T00:00:00.000Z""",09:00,23:59,false
psp:omluva:174:2131:2026-07-04:00:00:09:00,2131,"""2026-07-04T00:00:00.000Z""",00:00,09:00,false
psp:omluva:174:2131:2026-07-08:12:00:12:30,2131,"""2026-07-08T00:00:00.000Z""",12:00,12:30,false
psp:omluva:174:2131:2026-07-14:09:00:23:59,2131,"""2026-07-14T00:00:00.000Z""",09:00,23:59,false
psp:omluva:174:2131:2026-07-15:00:00:09:00,2131,"""2026-07-15T00:00:00.000Z""",00:00,09:00,false
psp:omluva:174:2131:2026-07-15:09:00:23:59,2131,"""2026-07-15T00:00:00.000Z""",09:00,23:59,false
psp:omluva:174:2131:2026-07-16:00:00:09:00,2131,"""2026-07-16T00:00:00.000Z""",00:00,09:00,false
psp:omluva:174:2132:2026-03-10:09:00:23:59,2132,"""2026-03-10T00:00:00.000Z""",09:00,23:59,false
psp:omluva:174:2132:2026-03-11:00:00:09:00,2132,"""2026-03-11T00:00:00.000Z""",00:00,09:00,false
psp:omluva:174:2132:2026-03-11:09:00:23:59,2132,"""2026-03-11T00:00:00.000Z""",09:00,23:59,false
psp:omluva:174:2132:2026-03-12:00:00:09:00,2132,"""2026-03-12T00:00:00.000Z""",00:00,09:00,false
psp:omluva:174:2132:2026-03-12:09:00:23:59,2132,"""2026-03-12T00:00:00.000Z""",09:00,23:59,false
psp:omluva:174:2132:2026-03-13:00:00:09:00,2132,"""2026-03-13T00:00:00.000Z""",00:00,09:00,false
psp:omluva:174:2132:2026-03-13:09:00:23:59,2132,"""2026-03-13T00:00:00.000Z""",09:00,23:59,false
psp:omluva:174:2132:2026-03-14:00:00:09:00,2132,"""2026-03-14T00:00:00.000Z""",00:00,09:00,false
psp:omluva:174:2132:2026-04-21:09:00:23:59,2132,"""2026-04-21T00:00:00.000Z""",09:00,23:59,false
psp:omluva:174:2132:2026-04-22:00:00:09:00,2132,"""2026-04-22T00:00:00.000Z""",00:00,09:00,false
psp:omluva:174:2132:2026-04-22:09:00:23:59,2132,"""2026-04-22T00:00:00.000Z""",09:00,23:59,false
psp:omluva:174:2132:2026-04-23:00:00:09:00,2132,"""2026-04-23T00:00:00.000Z""",00:00,09:00,false
psp:omluva:174:2132:2026-06-26:09:00:23:59,2132,"""2026-06-26T00:00:00.000Z""",09:00,23:59,false
psp:omluva:174:2132:2026-06-27:00:00:09:00,2132,"""2026-06-27T00:00:00.000Z""",00:00,09:00,false
psp:omluva:174:2133:2026-01-29:10:00:23:59,2133,"""2026-01-29T00:00:00.000Z""",10:00,23:59,false
psp:omluva:174:2133:2026-01-30:00:00:09:00,2133,"""2026-01-30T00:00:00.000Z""",00:00,09:00,false
psp:omluva:174:2133:2026-01-30:09:00:23:59,2133,"""2026-01-30T00:00:00.000Z""",09:00,23:59,false
psp:omluva:174:2133:2026-01-31:00:00:09:00,2133,"""2026-01-31T00:00:00.000Z""",00:00,09:00,false
psp:omluva:174:2133:2026-03-06:09:00:23:59,2133,"""2026-03-06T00:00:00.000Z""",09:00,23:59,false
psp:omluva:174:2133:2026-03-07:00:00:09:00,2133,"""2026-03-07T00:00:00.000Z""",00:00,09:00,false
psp:omluva:174:2133:2026-04-15:17:00:23:59,2133,"""2026-04-15T00:00:00.000Z""",17:00,23:59,false
psp:omluva:174:2133:2026-04-16:00:00:09:00,2133,"""2026-04-16T00:00:00.000Z""",00:00,09:00,false
psp:omluva:174:2133:2026-04-16:09:00:23:59,2133,"""2026-04-16T00:00:00.000Z""",09:00,23:59,false
psp:omluva:174:2133:2026-04-17:00:00:09:00,2133,"""2026-04-17T00:00:00.000Z""",00:00,09:00,false
psp:omluva:174:2133:2026-05-13:17:30:23:59,2133,"""2026-05-13T00:00:00.000Z""",17:30,23:59,false
psp:omluva:174:2133:2026-05-14:00:00:09:00,2133,"""2026-05-14T00:00:00.000Z""",00:00,09:00,false
psp:omluva:174:2133:2026-05-14:09:00:23:59,2133,"""2026-05-14T00:00:00.000Z""",09:00,23:59,false
psp:omluva:174:2133:2026-05-15:00:00:09:00,2133,"""2026-05-15T00:00:00.000Z""",00:00,09:00,false
psp:omluva:174:2133:2026-05-15:09:00:23:59,2133,"""2026-05-15T00:00:00.000Z""",09:00,23:59,false
psp:omluva:174:2133:2026-05-16:00:00:09:00,2133,"""2026-05-16T00:00:00.000Z""",00:00,09:00,false
psp:omluva:174:2133:2026-06-02:17:15:23:59,2133,"""2026-06-02T00:00:00.000Z""",17:15,23:59,false
psp:omluva:174:2133:2026-06-03:00:00:09:00,2133,"""2026-06-03T00:00:00.000Z""",00:00,09:00,false
psp:omluva:174:2133:2026-06-03:09:00:23:59,2133,"""2026-06-03T00:00:00.000Z""",09:00,23:59,false
psp:omluva:174:2133:2026-06-04:00:00:09:00,2133,"""2026-06-04T00:00:00.000Z""",00:00,09:00,false
psp:omluva:174:2133:2026-06-04:09:00:11:30,2133,"""2026-06-04T00:00:00.000Z""",09:00,11:30,false
psp:omluva:174:2133:2026-06-04:11:30:11:55,2133,"""2026-06-04T00:00:00.000Z""",11:30,11:55,false
psp:omluva:174:2133:2026-06-25:10:00:11:30,2133,"""2026-06-25T00:00:00.000Z""",10:00,11:30,false
psp:omluva:174:2133:2026-07-07:09:00:11:30,2133,"""2026-07-07T00:00:00.000Z""",09:00,11:30,false
psp:omluva:174:2133:2026-07-08:15:30:23:59,2133,"""2026-07-08T00:00:00.000Z""",15:30,23:59,false
psp:omluva:174:2133:2026-07-09:00:00:09:00,2133,"""2026-07-09T00:00:00.000Z""",00:00,09:00,false
psp:omluva:174:2134:2026-01-30:09:00:23:59,2134,"""2026-01-30T00:00:00.000Z""",09:00,23:59,false
psp:omluva:174:2134:2026-01-31:00:00:09:00,2134,"""2026-01-31T00:00:00.000Z""",00:00,09:00,false
psp:omluva:174:2134:2026-02-10:09:00:23:59,2134,"""2026-02-10T00:00:00.000Z""",09:00,23:59,false
psp:omluva:174:2134:2026-02-11:00:00:09:00,2134,"""2026-02-11T00:00:00.000Z""",00:00,09:00,false
psp:omluva:174:2134:2026-02-13:09:00:23:59,2134,"""2026-02-13T00:00:00.000Z""",09:00,23:59,false
psp:omluva:174:2134:2026-02-14:00:00:09:00,2134,"""2026-02-14T00:00:00.000Z""",00:00,09:00,false
psp:omluva:174:2134:2026-03-04:11:00:15:00,2134,"""2026-03-04T00:00:00.000Z""",11:00,15:00,false
psp:omluva:174:2134:2026-04-17:09:00:12:30,2134,"""2026-04-17T00:00:00.000Z""",09:00,12:30,false
psp:omluva:174:2134:2026-04-21:09:00:23:59,2134,"""2026-04-21T00:00:00.000Z""",09:00,23:59,false
psp:omluva:174:2134:2026-04-22:00:00:09:00,2134,"""2026-04-22T00:00:00.000Z""",00:00,09:00,false
psp:omluva:174:2134:2026-05-05:09:00:23:59,2134,"""2026-05-05T00:00:00.000Z""",09:00,23:59,false
psp:omluva:174:2134:2026-05-06:00:00:09:00,2134,"""2026-05-06T00:00:00.000Z""",00:00,09:00,false
psp:omluva:174:2134:2026-05-14:09:00:23:59,2134,"""2026-05-14T00:00:00.000Z""",09:00,23:59,false
psp:omluva:174:2134:2026-05-15:00:00:09:00,2134,"""2026-05-15T00:00:00.000Z""",00:00,09:00,false
psp:omluva:174:2134:2026-05-27:18:00:23:59,2134,"""2026-05-27T00:00:00.000Z""",18:00,23:59,false
psp:omluva:174:2134:2026-05-28:00:00:09:00,2134,"""2026-05-28T00:00:00.000Z""",00:00,09:00,false
psp:omluva:174:2134:2026-05-29:09:00:13:00,2134,"""2026-05-29T00:00:00.000Z""",09:00,13:00,false
psp:omluva:174:2134:2026-06-11:13:00:23:59,2134,"""2026-06-11T00:00:00.000Z""",13:00,23:59,false
psp:omluva:174:2134:2026-06-12:00:00:09:00,2134,"""2026-06-12T00:00:00.000Z""",00:00,09:00,false
psp:omluva:174:2134:2026-06-24:09:00:23:59,2134,"""2026-06-24T00:00:00.000Z""",09:00,23:59,false
psp:omluva:174:2134:2026-06-25:00:00:09:00,2134,"""2026-06-25T00:00:00.000Z""",00:00,09:00,false
psp:omluva:174:2134:2026-06-25:09:00:23:59,2134,"""2026-06-25T00:00:00.000Z""",09:00,23:59,false
psp:omluva:174:2134:2026-06-26:00:00:09:00,2134,"""2026-06-26T00:00:00.000Z""",00:00,09:00,false
psp:omluva:174:2134:2026-07-01:09:00:13:00,2134,"""2026-07-01T00:00:00.000Z""",09:00,13:00,false
psp:omluva:174:2134:2026-07-01:16:00:23:59,2134,"""2026-07-01T00:00:00.000Z""",16:00,23:59,false
psp:omluva:174:2134:2026-07-02:00:00:09:00,2134,"""2026-07-02T00:00:00.000Z""",00:00,09:00,false
psp:omluva:174:2134:2026-07-07:20:30:23:59,2134,"""2026-07-07T00:00:00.000Z""",20:30,23:59,false
psp:omluva:174:2134:2026-07-08:00:00:09:00,2134,"""2026-07-08T00:00:00.000Z""",00:00,09:00,false
psp:omluva:174:2134:2026-07-08:12:00:16:00,2134,"""2026-07-08T00:00:00.000Z""",12:00,16:00,false
psp:omluva:174:2134:2026-07-14:09:00:23:59,2134,"""2026-07-14T00:00:00.000Z""",09:00,23:59,false
psp:omluva:174:2134:2026-07-15:00:00:09:00,2134,"""2026-07-15T00:00:00.000Z""",00:00,09:00,false
psp:omluva:174:2135:2026-01-16:10:00:23:59,2135,"""2026-01-16T00:00:00.000Z""",10:00,23:59,false
psp:omluva:174:2135:2026-01-17:00:00:09:00,2135,"""2026-01-17T00:00:00.000Z""",00:00,09:00,false
psp:omluva:174:2136:2026-05-06:21:00:23:59,2136,"""2026-05-06T00:00:00.000Z""",21:00,23:59,false
psp:omluva:174:2136:2026-05-07:00:00:09:00,2136,"""2026-05-07T00:00:00.000Z""",00:00,09:00,false
psp:omluva:174:2136:2026-05-13:09:00:23:59,2136,"""2026-05-13T00:00:00.000Z""",09:00,23:59,false
psp:omluva:174:2136:2026-05-14:00:00:09:00,2136,"""2026-05-14T00:00:00.000Z""",00:00,09:00,false
psp:omluva:174:2136:2026-05-14:09:00:23:59,2136,"""2026-05-14T00:00:00.000Z""",09:00,23:59,false
psp:omluva:174:2136:2026-05-15:00:00:09:00,2136,"""2026-05-15T00:00:00.000Z""",00:00,09:00,false
psp:omluva:174:2136:2026-05-15:09:00:23:59,2136,"""2026-05-15T00:00:00.000Z""",09:00,23:59,false
psp:omluva:174:2136:2026-05-16:00:00:09:00,2136,"""2026-05-16T00:00:00.000Z""",00:00,09:00,false
psp:omluva:174:2136:2026-06-05:09:00:23:59,2136,"""2026-06-05T00:00:00.000Z""",09:00,23:59,false
psp:omluva:174:2136:2026-06-06:00:00:09:00,2136,"""2026-06-06T00:00:00.000Z""",00:00,09:00,false
psp:omluva:174:2136:2026-07-03:09:00:23:59,2136,"""2026-07-03T00:00:00.000Z""",09:00,23:59,false
psp:omluva:174:2136:2026-07-04:00:00:09:00,2136,"""2026-07-04T00:00:00.000Z""",00:00,09:00,false
psp:omluva:174:2136:2026-07-07:09:00:15:00,2136,"""2026-07-07T00:00:00.000Z""",09:00,15:00,false
psp:omluva:174:2136:2026-07-08:09:00:23:59,2136,"""2026-07-08T00:00:00.000Z""",09:00,23:59,false
psp:omluva:174:2136:2026-07-09:00:00:09:00,2136,"""2026-07-09T00:00:00.000Z""",00:00,09:00,false
psp:omluva:174:2136:2026-07-14:09:00:23:59,2136,"""2026-07-14T00:00:00.000Z""",09:00,23:59,false
psp:omluva:174:2136:2026-07-15:00:00:09:00,2136,"""2026-07-15T00:00:00.000Z""",00:00,09:00,false
psp:omluva:174:2137:2026-01-28:16:00:23:59,2137,"""2026-01-28T00:00:00.000Z""",16:00,23:59,false
psp:omluva:174:2137:2026-01-29:00:00:09:00,2137,"""2026-01-29T00:00:00.000Z""",00:00,09:00,false
psp:omluva:174:2137:2026-01-29:09:00:10:00,2137,"""2026-01-29T00:00:00.000Z""",09:00,10:00,false
psp:omluva:174:2137:2026-01-29:16:20:23:59,2137,"""2026-01-29T00:00:00.000Z""",16:20,23:59,false
psp:omluva:174:2137:2026-01-30:00:00:09:00,2137,"""2026-01-30T00:00:00.000Z""",00:00,09:00,false
psp:omluva:174:2137:2026-01-30:14:20:23:59,2137,"""2026-01-30T00:00:00.000Z""",14:20,23:59,false
psp:omluva:174:2137:2026-01-31:00:00:09:00,2137,"""2026-01-31T00:00:00.000Z""",00:00,09:00,false
psp:omluva:174:2137:2026-02-04:09:00:11:00,2137,"""2026-02-04T00:00:00.000Z""",09:00,11:00,false
psp:omluva:174:2137:2026-02-04:11:00:21:00,2137,"""2026-02-04T00:00:00.000Z""",11:00,21:00,false
psp:omluva:174:2137:2026-02-10:09:00:23:59,2137,"""2026-02-10T00:00:00.000Z""",09:00,23:59,false
psp:omluva:174:2137:2026-02-11:00:00:09:00,2137,"""2026-02-11T00:00:00.000Z""",00:00,09:00,false
psp:omluva:174:2137:2026-02-11:09:00:23:59,2137,"""2026-02-11T00:00:00.000Z""",09:00,23:59,false
psp:omluva:174:2137:2026-02-12:00:00:09:00,2137,"""2026-02-12T00:00:00.000Z""",00:00,09:00,false
psp:omluva:174:2137:2026-02-12:09:00:23:59,2137,"""2026-02-12T00:00:00.000Z""",09:00,23:59,false
psp:omluva:174:2137:2026-02-13:00:00:09:00,2137,"""2026-02-13T00:00:00.000Z""",00:00,09:00,false
psp:omluva:174:2137:2026-02-13:09:00:23:59,2137,"""2026-02-13T00:00:00.000Z""",09:00,23:59,false
psp:omluva:174:2137:2026-02-14:00:00:09:00,2137,"""2026-02-14T00:00:00.000Z""",00:00,09:00,false
psp:omluva:174:2137:2026-03-06:09:00:11:00,2137,"""2026-03-06T00:00:00.000Z""",09:00,11:00,false
psp:omluva:174:2137:2026-03-10:09:00:23:59,2137,"""2026-03-10T00:00:00.000Z""",09:00,23:59,false
psp:omluva:174:2137:2026-03-11:00:00:09:00,2137,"""2026-03-11T00:00:00.000Z""",00:00,09:00,false
psp:omluva:174:2137:2026-03-11:09:00:11:00,2137,"""2026-03-11T00:00:00.000Z""",09:00,11:00,false
psp:omluva:174:2137:2026-03-12:09:00:14:30,2137,"""2026-03-12T00:00:00.000Z""",09:00,14:30,false
psp:omluva:174:2137:2026-03-13:09:00:23:59,2137,"""2026-03-13T00:00:00.000Z""",09:00,23:59,false
psp:omluva:174:2137:2026-03-14:00:00:09:00,2137,"""2026-03-14T00:00:00.000Z""",00:00,09:00,false
psp:omluva:174:2137:2026-03-24:17:30:23:59,2137,"""2026-03-24T00:00:00.000Z""",17:30,23:59,false
psp:omluva:174:2137:2026-03-25:00:00:09:00,2137,"""2026-03-25T00:00:00.000Z""",00:00,09:00,false
psp:omluva:174:2137:2026-03-25:09:00:14:00,2137,"""2026-03-25T00:00:00.000Z""",09:00,14:00,false
psp:omluva:174:2137:2026-04-14:09:00:23:59,2137,"""2026-04-14T00:00:00.000Z""",09:00,23:59,false
psp:omluva:174:2137:2026-04-15:00:00:09:00,2137,"""2026-04-15T00:00:00.000Z""",00:00,09:00,false
psp:omluva:174:2137:2026-04-15:09:00:14:00,2137,"""2026-04-15T00:00:00.000Z""",09:00,14:00,false
psp:omluva:174:2137:2026-04-15:14:00:23:59,2137,"""2026-04-15T00:00:00.000Z""",14:00,23:59,false
psp:omluva:174:2137:2026-04-16:00:00:09:00,2137,"""2026-04-16T00:00:00.000Z""",00:00,09:00,false
psp:omluva:174:2137:2026-04-16:17:00:23:59,2137,"""2026-04-16T00:00:00.000Z""",17:00,23:59,false
psp:omluva:174:2137:2026-04-17:00:00:09:00,2137,"""2026-04-17T00:00:00.000Z""",00:00,09:00,false
psp:omluva:174:2137:2026-04-17:09:00:23:59,2137,"""2026-04-17T00:00:00.000Z""",09:00,23:59,false
psp:omluva:174:2137:2026-04-18:00:00:09:00,2137,"""2026-04-18T00:00:00.000Z""",00:00,09:00,false
psp:omluva:174:2137:2026-04-21:09:00:23:59,2137,"""2026-04-21T00:00:00.000Z""",09:00,23:59,false
psp:omluva:174:2137:2026-04-22:00:00:09:00,2137,"""2026-04-22T00:00:00.000Z""",00:00,09:00,false
psp:omluva:174:2137:2026-04-22:09:00:23:59,2137,"""2026-04-22T00:00:00.000Z""",09:00,23:59,false
psp:omluva:174:2137:2026-04-23:00:00:09:00,2137,"""2026-04-23T00:00:00.000Z""",00:00,09:00,false
psp:omluva:174:2137:2026-04-23:09:00:23:59,2137,"""2026-04-23T00:00:00.000Z""",09:00,23:59,false
psp:omluva:174:2137:2026-04-24:00:00:09:00,2137,"""2026-04-24T00:00:00.000Z""",00:00,09:00,false
psp:omluva:174:2137:2026-04-24:09:00:23:59,2137,"""2026-04-24T00:00:00.000Z""",09:00,23:59,false
psp:omluva:174:2137:2026-04-25:00:00:09:00,2137,"""2026-04-25T00:00:00.000Z""",00:00,09:00,false
psp:omluva:174:2137:2026-05-05:09:00:23:59,2137,"""2026-05-05T00:00:00.000Z""",09:00,23:59,false
psp:omluva:174:2137:2026-05-06:00:00:09:00,2137,"""2026-05-06T00:00:00.000Z""",00:00,09:00,false
psp:omluva:174:2137:2026-05-06:09:00:23:59,2137,"""2026-05-06T00:00:00.000Z""",09:00,23:59,false
psp:omluva:174:2137:2026-05-07:00:00:09:00,2137,"""2026-05-07T00:00:00.000Z""",00:00,09:00,false
psp:omluva:174:2137:2026-05-13:09:00:23:59,2137,"""2026-05-13T00:00:00.000Z""",09:00,23:59,false
psp:omluva:174:2137:2026-05-14:00:00:09:00,2137,"""2026-05-14T00:00:00.000Z""",00:00,09:00,false
psp:omluva:174:2137:2026-05-14:09:00:23:59,2137,"""2026-05-14T00:00:00.000Z""",09:00,23:59,false
psp:omluva:174:2137:2026-05-15:00:00:09:00,2137,"""2026-05-15T00:00:00.000Z""",00:00,09:00,false
psp:omluva:174:2137:2026-05-26:09:00:23:59,2137,"""2026-05-26T00:00:00.000Z""",09:00,23:59,false
psp:omluva:174:2137:2026-05-27:00:00:09:00,2137,"""2026-05-27T00:00:00.000Z""",00:00,09:00,false
psp:omluva:174:2137:2026-05-27:09:00:23:59,2137,"""2026-05-27T00:00:00.000Z""",09:00,23:59,false
psp:omluva:174:2137:2026-05-28:00:00:09:00,2137,"""2026-05-28T00:00:00.000Z""",00:00,09:00,false
psp:omluva:174:2137:2026-05-28:09:00:14:30,2137,"""2026-05-28T00:00:00.000Z""",09:00,14:30,false
psp:omluva:174:2137:2026-05-28:16:30:23:59,2137,"""2026-05-28T00:00:00.000Z""",16:30,23:59,false
psp:omluva:174:2137:2026-05-29:00:00:09:00,2137,"""2026-05-29T00:00:00.000Z""",00:00,09:00,false
psp:omluva:174:2137:2026-05-29:09:00:23:59,2137,"""2026-05-29T00:00:00.000Z""",09:00,23:59,false
psp:omluva:174:2137:2026-05-30:00:00:09:00,2137,"""2026-05-30T00:00:00.000Z""",00:00,09:00,false
psp:omluva:174:2137:2026-06-02:09:00:23:59,2137,"""2026-06-02T00:00:00.000Z""",09:00,23:59,false
psp:omluva:174:2137:2026-06-03:00:00:09:00,2137,"""2026-06-03T00:00:00.000Z""",00:00,09:00,false
psp:omluva:174:2137:2026-06-03:09:00:23:59,2137,"""2026-06-03T00:00:00.000Z""",09:00,23:59,false
psp:omluva:174:2137:2026-06-04:00:00:09:00,2137,"""2026-06-04T00:00:00.000Z""",00:00,09:00,false
psp:omluva:174:2137:2026-06-04:09:00:11:00,2137,"""2026-06-04T00:00:00.000Z""",09:00,11:00,false
psp:omluva:174:2137:2026-06-04:14:30:23:59,2137,"""2026-06-04T00:00:00.000Z""",14:30,23:59,false
psp:omluva:174:2137:2026-06-05:00:00:09:00,2137,"""2026-06-05T00:00:00.000Z""",00:00,09:00,false
psp:omluva:174:2137:2026-06-05:09:00:23:59,2137,"""2026-06-05T00:00:00.000Z""",09:00,23:59,false
psp:omluva:174:2137:2026-06-06:00:00:09:00,2137,"""2026-06-06T00:00:00.000Z""",00:00,09:00,false
psp:omluva:174:2137:2026-06-11:09:00:23:59,2137,"""2026-06-11T00:00:00.000Z""",09:00,23:59,false
psp:omluva:174:2137:2026-06-12:00:00:09:00,2137,"""2026-06-12T00:00:00.000Z""",00:00,09:00,false
psp:omluva:174:2137:2026-06-23:09:00:23:59,2137,"""2026-06-23T00:00:00.000Z""",09:00,23:59,false
psp:omluva:174:2137:2026-06-24:00:00:09:00,2137,"""2026-06-24T00:00:00.000Z""",00:00,09:00,false
psp:omluva:174:2137:2026-06-24:09:00:23:59,2137,"""2026-06-24T00:00:00.000Z""",09:00,23:59,false
psp:omluva:174:2137:2026-06-25:00:00:09:00,2137,"""2026-06-25T00:00:00.000Z""",00:00,09:00,false
psp:omluva:174:2137:2026-06-25:09:00:23:59,2137,"""2026-06-25T00:00:00.000Z""",09:00,23:59,false
psp:omluva:174:2137:2026-06-26:00:00:09:00,2137,"""2026-06-26T00:00:00.000Z""",00:00,09:00,false
psp:omluva:174:2137:2026-06-26:09:00:23:59,2137,"""2026-06-26T00:00:00.000Z""",09:00,23:59,false
psp:omluva:174:2137:2026-06-27:00:00:09:00,2137,"""2026-06-27T00:00:00.000Z""",00:00,09:00,false
psp:omluva:174:2137:2026-06-30:09:00:23:59,2137,"""2026-06-30T00:00:00.000Z""",09:00,23:59,false
psp:omluva:174:2137:2026-07-01:00:00:09:00,2137,"""2026-07-01T00:00:00.000Z""",00:00,09:00,false
psp:omluva:174:2137:2026-07-01:09:00:23:59,2137,"""2026-07-01T00:00:00.000Z""",09:00,23:59,false
psp:omluva:174:2137:2026-07-02:00:00:09:00,2137,"""2026-07-02T00:00:00.000Z""",00:00,09:00,false
psp:omluva:174:2137:2026-07-02:09:00:14:30,2137,"""2026-07-02T00:00:00.000Z""",09:00,14:30,false
psp:omluva:174:2137:2026-07-03:09:00:23:59,2137,"""2026-07-03T00:00:00.000Z""",09:00,23:59,false
psp:omluva:174:2137:2026-07-04:00:00:09:00,2137,"""2026-07-04T00:00:00.000Z""",00:00,09:00,false
psp:omluva:174:2137:2026-07-07:09:00:23:59,2137,"""2026-07-07T00:00:00.000Z""",09:00,23:59,false
psp:omluva:174:2137:2026-07-08:00:00:09:00,2137,"""2026-07-08T00:00:00.000Z""",00:00,09:00,false
psp:omluva:174:2137:2026-07-08:09:00:23:59,2137,"""2026-07-08T00:00:00.000Z""",09:00,23:59,false
psp:omluva:174:2137:2026-07-09:00:00:09:00,2137,"""2026-07-09T00:00:00.000Z""",00:00,09:00,false
psp:omluva:174:2137:2026-07-14:09:00:23:59,2137,"""2026-07-14T00:00:00.000Z""",09:00,23:59,false
psp:omluva:174:2137:2026-07-15:00:00:09:00,2137,"""2026-07-15T00:00:00.000Z""",00:00,09:00,false
psp:omluva:174:2137:2026-07-15:09:00:23:59,2137,"""2026-07-15T00:00:00.000Z""",09:00,23:59,false
psp:omluva:174:2137:2026-07-16:00:00:09:00,2137,"""2026-07-16T00:00:00.000Z""",00:00,09:00,false
psp:omluva:174:2138:2026-02-10:09:00:23:59,2138,"""2026-02-10T00:00:00.000Z""",09:00,23:59,false
psp:omluva:174:2138:2026-02-11:00:00:09:00,2138,"""2026-02-11T00:00:00.000Z""",00:00,09:00,false
psp:omluva:174:2138:2026-02-12:09:00:23:59,2138,"""2026-02-12T00:00:00.000Z""",09:00,23:59,false
psp:omluva:174:2138:2026-02-13:00:00:09:00,2138,"""2026-02-13T00:00:00.000Z""",00:00,09:00,false
psp:omluva:174:2138:2026-04-21:09:00:15:00,2138,"""2026-04-21T00:00:00.000Z""",09:00,15:00,false
psp:omluva:174:2138:2026-05-29:09:00:09:45,2138,"""2026-05-29T00:00:00.000Z""",09:00,09:45,false
psp:omluva:174:2138:2026-06-05:09:00:23:59,2138,"""2026-06-05T00:00:00.000Z""",09:00,23:59,false
psp:omluva:174:2138:2026-06-06:00:00:09:00,2138,"""2026-06-06T00:00:00.000Z""",00:00,09:00,false
psp:omluva:174:2138:2026-07-02:15:00:23:59,2138,"""2026-07-02T00:00:00.000Z""",15:00,23:59,false
psp:omluva:174:2138:2026-07-03:00:00:09:00,2138,"""2026-07-03T00:00:00.000Z""",00:00,09:00,false
psp:omluva:174:2138:2026-07-03:09:00:23:59,2138,"""2026-07-03T00:00:00.000Z""",09:00,23:59,false
psp:omluva:174:2138:2026-07-04:00:00:09:00,2138,"""2026-07-04T00:00:00.000Z""",00:00,09:00,false
psp:omluva:174:2139:2025-11-26:09:00:23:59,2139,"""2025-11-26T00:00:00.000Z""",09:00,23:59,false
psp:omluva:174:2139:2025-11-27:00:00:09:00,2139,"""2025-11-27T00:00:00.000Z""",00:00,09:00,false
psp:omluva:174:2139:2025-11-27:09:00:23:59,2139,"""2025-11-27T00:00:00.000Z""",09:00,23:59,false
psp:omluva:174:2139:2025-11-28:00:00:09:00,2139,"""2025-11-28T00:00:00.000Z""",00:00,09:00,false
psp:omluva:174:2139:2026-02-03:09:00:18:00,2139,"""2026-02-03T00:00:00.000Z""",09:00,18:00,false
psp:omluva:174:2139:2026-02-10:09:00:23:59,2139,"""2026-02-10T00:00:00.000Z""",09:00,23:59,false
psp:omluva:174:2139:2026-02-11:00:00:09:00,2139,"""2026-02-11T00:00:00.000Z""",00:00,09:00,false
psp:omluva:174:2139:2026-02-11:09:00:23:59,2139,"""2026-02-11T00:00:00.000Z""",09:00,23:59,false
psp:omluva:174:2139:2026-02-12:00:00:09:00,2139,"""2026-02-12T00:00:00.000Z""",00:00,09:00,false
psp:omluva:174:2139:2026-02-12:09:00:23:59,2139,"""2026-02-12T00:00:00.000Z""",09:00,23:59,false
psp:omluva:174:2139:2026-02-13:00:00:09:00,2139,"""2026-02-13T00:00:00.000Z""",00:00,09:00,false
psp:omluva:174:2139:2026-02-13:09:00:23:59,2139,"""2026-02-13T00:00:00.000Z""",09:00,23:59,false
psp:omluva:174:2139:2026-02-14:00:00:09:00,2139,"""2026-02-14T00:00:00.000Z""",00:00,09:00,false
psp:omluva:174:2139:2026-03-25:16:45:23:59,2139,"""2026-03-25T00:00:00.000Z""",16:45,23:59,false
psp:omluva:174:2139:2026-03-26:00:00:09:00,2139,"""2026-03-26T00:00:00.000Z""",00:00,09:00,false
psp:omluva:174:2139:2026-04-21:14:00:18:00,2139,"""2026-04-21T00:00:00.000Z""",14:00,18:00,false
psp:omluva:174:2139:2026-04-22:16:00:23:59,2139,"""2026-04-22T00:00:00.000Z""",16:00,23:59,false
psp:omluva:174:2139:2026-04-23:00:00:09:00,2139,"""2026-04-23T00:00:00.000Z""",00:00,09:00,false
psp:omluva:174:2139:2026-05-06:18:00:23:59,2139,"""2026-05-06T00:00:00.000Z""",18:00,23:59,false
psp:omluva:174:2139:2026-05-07:00:00:09:00,2139,"""2026-05-07T00:00:00.000Z""",00:00,09:00,false
psp:omluva:174:2139:2026-05-14:09:00:23:59,2139,"""2026-05-14T00:00:00.000Z""",09:00,23:59,false
psp:omluva:174:2139:2026-05-15:00:00:09:00,2139,"""2026-05-15T00:00:00.000Z""",00:00,09:00,false
psp:omluva:174:2139:2026-05-27:18:00:23:59,2139,"""2026-05-27T00:00:00.000Z""",18:00,23:59,false
psp:omluva:174:2139:2026-05-28:00:00:09:00,2139,"""2026-05-28T00:00:00.000Z""",00:00,09:00,false
psp:omluva:174:2139:2026-05-28:18:00:23:59,2139,"""2026-05-28T00:00:00.000Z""",18:00,23:59,false
psp:omluva:174:2139:2026-05-29:00:00:09:00,2139,"""2026-05-29T00:00:00.000Z""",00:00,09:00,false
psp:omluva:174:2139:2026-05-29:12:00:23:59,2139,"""2026-05-29T00:00:00.000Z""",12:00,23:59,false
psp:omluva:174:2139:2026-05-30:00:00:09:00,2139,"""2026-05-30T00:00:00.000Z""",00:00,09:00,false
psp:omluva:174:2139:2026-06-11:09:00:23:59,2139,"""2026-06-11T00:00:00.000Z""",09:00,23:59,false
psp:omluva:174:2139:2026-06-12:00:00:09:00,2139,"""2026-06-12T00:00:00.000Z""",00:00,09:00,false
psp:omluva:174:2139:2026-07-14:09:00:23:59,2139,"""2026-07-14T00:00:00.000Z""",09:00,23:59,false
psp:omluva:174:2139:2026-07-15:00:00:09:00,2139,"""2026-07-15T00:00:00.000Z""",00:00,09:00,false
psp:omluva:174:2139:2026-07-15:09:00:23:59,2139,"""2026-07-15T00:00:00.000Z""",09:00,23:59,false
psp:omluva:174:2139:2026-07-16:00:00:09:00,2139,"""2026-07-16T00:00:00.000Z""",00:00,09:00,false
psp:omluva:174:2140:2026-02-03:17:00:23:59,2140,"""2026-02-03T00:00:00.000Z""",17:00,23:59,false
psp:omluva:174:2140:2026-02-04:00:00:09:00,2140,"""2026-02-04T00:00:00.000Z""",00:00,09:00,false
psp:omluva:174:2140:2026-02-10:09:00:23:59,2140,"""2026-02-10T00:00:00.000Z""",09:00,23:59,false
psp:omluva:174:2140:2026-02-11:00:00:09:00,2140,"""2026-02-11T00:00:00.000Z""",00:00,09:00,false
psp:omluva:174:2140:2026-02-11:09:00:23:59,2140,"""2026-02-11T00:00:00.000Z""",09:00,23:59,false
psp:omluva:174:2140:2026-02-12:00:00:09:00,2140,"""2026-02-12T00:00:00.000Z""",00:00,09:00,false
psp:omluva:174:2140:2026-02-12:09:00:23:59,2140,"""2026-02-12T00:00:00.000Z""",09:00,23:59,false
psp:omluva:174:2140:2026-02-13:00:00:09:00,2140,"""2026-02-13T00:00:00.000Z""",00:00,09:00,false
psp:omluva:174:2140:2026-02-13:09:00:23:59,2140,"""2026-02-13T00:00:00.000Z""",09:00,23:59,false
psp:omluva:174:2140:2026-02-14:00:00:09:00,2140,"""2026-02-14T00:00:00.000Z""",00:00,09:00,false
psp:omluva:174:2140:2026-03-12:14:30:23:59,2140,"""2026-03-12T00:00:00.000Z""",14:30,23:59,false
psp:omluva:174:2140:2026-03-13:00:00:09:00,2140,"""2026-03-13T00:00:00.000Z""",00:00,09:00,false
psp:omluva:174:2140:2026-04-17:11:30:23:59,2140,"""2026-04-17T00:00:00.000Z""",11:30,23:59,false
psp:omluva:174:2140:2026-04-18:00:00:09:00,2140,"""2026-04-18T00:00:00.000Z""",00:00,09:00,false
psp:omluva:174:2140:2026-04-23:14:30:23:59,2140,"""2026-04-23T00:00:00.000Z""",14:30,23:59,false
psp:omluva:174:2140:2026-04-24:00:00:09:00,2140,"""2026-04-24T00:00:00.000Z""",00:00,09:00,false
psp:omluva:174:2140:2026-05-06:17:30:23:59,2140,"""2026-05-06T00:00:00.000Z""",17:30,23:59,false
psp:omluva:174:2140:2026-05-07:00:00:09:00,2140,"""2026-05-07T00:00:00.000Z""",00:00,09:00,false
psp:omluva:174:2140:2026-05-07:09:00:23:59,2140,"""2026-05-07T00:00:00.000Z""",09:00,23:59,false
psp:omluva:174:2140:2026-05-08:00:00:09:00,2140,"""2026-05-08T00:00:00.000Z""",00:00,09:00,false
psp:omluva:174:2140:2026-05-13:19:00:23:59,2140,"""2026-05-13T00:00:00.000Z""",19:00,23:59,false
psp:omluva:174:2140:2026-05-14:00:00:09:00,2140,"""2026-05-14T00:00:00.000Z""",00:00,09:00,false
psp:omluva:174:2140:2026-05-27:19:00:23:59,2140,"""2026-05-27T00:00:00.000Z""",19:00,23:59,false
psp:omluva:174:2140:2026-05-28:00:00:09:00,2140,"""2026-05-28T00:00:00.000Z""",00:00,09:00,false
psp:omluva:174:2140:2026-05-28:09:00:23:59,2140,"""2026-05-28T00:00:00.000Z""",09:00,23:59,false
psp:omluva:174:2140:2026-05-29:00:00:09:00,2140,"""2026-05-29T00:00:00.000Z""",00:00,09:00,false
psp:omluva:174:2140:2026-05-29:14:00:23:59,2140,"""2026-05-29T00:00:00.000Z""",14:00,23:59,false
psp:omluva:174:2140:2026-05-30:00:00:09:00,2140,"""2026-05-30T00:00:00.000Z""",00:00,09:00,false
psp:omluva:174:2140:2026-06-04:09:00:10:30,2140,"""2026-06-04T00:00:00.000Z""",09:00,10:30,false
psp:omluva:174:2140:2026-06-30:20:00:23:59,2140,"""2026-06-30T00:00:00.000Z""",20:00,23:59,false
psp:omluva:174:2140:2026-07-01:00:00:09:00,2140,"""2026-07-01T00:00:00.000Z""",00:00,09:00,false
psp:omluva:174:2140:2026-07-02:14:30:23:59,2140,"""2026-07-02T00:00:00.000Z""",14:30,23:59,false
psp:omluva:174:2140:2026-07-03:00:00:09:00,2140,"""2026-07-03T00:00:00.000Z""",00:00,09:00,false
psp:omluva:174:2140:2026-07-03:13:30:23:59,2140,"""2026-07-03T00:00:00.000Z""",13:30,23:59,false
psp:omluva:174:2140:2026-07-04:00:00:09:00,2140,"""2026-07-04T00:00:00.000Z""",00:00,09:00,false
psp:omluva:174:2140:2026-07-08:14:30:23:59,2140,"""2026-07-08T00:00:00.000Z""",14:30,23:59,false
psp:omluva:174:2140:2026-07-09:00:00:09:00,2140,"""2026-07-09T00:00:00.000Z""",00:00,09:00,false
psp:omluva:174:2141:2026-01-14:10:00:13:00,2141,"""2026-01-14T00:00:00.000Z""",10:00,13:00,false
psp:omluva:174:2141:2026-01-27:09:00:23:59,2141,"""2026-01-27T00:00:00.000Z""",09:00,23:59,false
psp:omluva:174:2141:2026-01-28:00:00:09:00,2141,"""2026-01-28T00:00:00.000Z""",00:00,09:00,false
psp:omluva:174:2141:2026-01-28:18:30:23:59,2141,"""2026-01-28T00:00:00.000Z""",18:30,23:59,false
psp:omluva:174:2141:2026-01-29:00:00:09:00,2141,"""2026-01-29T00:00:00.000Z""",00:00,09:00,false
psp:omluva:174:2141:2026-02-04:09:00:10:00,2141,"""2026-02-04T00:00:00.000Z""",09:00,10:00,false
psp:omluva:174:2141:2026-02-11:09:00:23:59,2141,"""2026-02-11T00:00:00.000Z""",09:00,23:59,false
psp:omluva:174:2141:2026-02-12:00:00:09:00,2141,"""2026-02-12T00:00:00.000Z""",00:00,09:00,false
psp:omluva:174:2141:2026-03-03:19:00:23:59,2141,"""2026-03-03T00:00:00.000Z""",19:00,23:59,false
psp:omluva:174:2141:2026-03-04:00:00:09:00,2141,"""2026-03-04T00:00:00.000Z""",00:00,09:00,false
psp:omluva:174:2141:2026-03-04:09:00:11:00,2141,"""2026-03-04T00:00:00.000Z""",09:00,11:00,false
psp:omluva:174:2141:2026-04-24:09:00:23:59,2141,"""2026-04-24T00:00:00.000Z""",09:00,23:59,false
psp:omluva:174:2141:2026-04-25:00:00:09:00,2141,"""2026-04-25T00:00:00.000Z""",00:00,09:00,false
psp:omluva:174:2141:2026-05-13:09:00:14:00,2141,"""2026-05-13T00:00:00.000Z""",09:00,14:00,false
psp:omluva:174:2141:2026-05-14:09:00:23:59,2141,"""2026-05-14T00:00:00.000Z""",09:00,23:59,false
psp:omluva:174:2141:2026-05-15:00:00:09:00,2141,"""2026-05-15T00:00:00.000Z""",00:00,09:00,false
psp:omluva:174:2141:2026-05-15:09:00:23:59,2141,"""2026-05-15T00:00:00.000Z""",09:00,23:59,false
psp:omluva:174:2141:2026-05-16:00:00:09:00,2141,"""2026-05-16T00:00:00.000Z""",00:00,09:00,false
psp:omluva:174:2141:2026-05-27:09:00:23:59,2141,"""2026-05-27T00:00:00.000Z""",09:00,23:59,false
psp:omluva:174:2141:2026-05-28:00:00:09:00,2141,"""2026-05-28T00:00:00.000Z""",00:00,09:00,false
psp:omluva:174:2141:2026-05-28:21:00:23:00,2141,"""2026-05-28T00:00:00.000Z""",21:00,23:00,false
psp:omluva:174:2141:2026-05-29:14:00:23:59,2141,"""2026-05-29T00:00:00.000Z""",14:00,23:59,false
psp:omluva:174:2141:2026-05-30:00:00:09:00,2141,"""2026-05-30T00:00:00.000Z""",00:00,09:00,false
psp:omluva:174:2141:2026-06-11:15:00:23:59,2141,"""2026-06-11T00:00:00.000Z""",15:00,23:59,false
psp:omluva:174:2141:2026-06-12:00:00:09:00,2141,"""2026-06-12T00:00:00.000Z""",00:00,09:00,false
psp:omluva:174:2141:2026-06-23:14:00:14:30,2141,"""2026-06-23T00:00:00.000Z""",14:00,14:30,false
psp:omluva:174:2141:2026-06-24:15:00:23:59,2141,"""2026-06-24T00:00:00.000Z""",15:00,23:59,false
psp:omluva:174:2141:2026-06-25:00:00:09:00,2141,"""2026-06-25T00:00:00.000Z""",00:00,09:00,false
psp:omluva:174:2141:2026-06-25:12:00:14:30,2141,"""2026-06-25T00:00:00.000Z""",12:00,14:30,false
psp:omluva:174:2141:2026-06-30:21:00:23:59,2141,"""2026-06-30T00:00:00.000Z""",21:00,23:59,false
psp:omluva:174:2141:2026-07-01:00:00:09:00,2141,"""2026-07-01T00:00:00.000Z""",00:00,09:00,false
psp:omluva:174:2141:2026-07-02:09:00:23:59,2141,"""2026-07-02T00:00:00.000Z""",09:00,23:59,false
psp:omluva:174:2141:2026-07-03:00:00:09:00,2141,"""2026-07-03T00:00:00.000Z""",00:00,09:00,false
psp:omluva:174:2141:2026-07-03:09:00:23:59,2141,"""2026-07-03T00:00:00.000Z""",09:00,23:59,false
psp:omluva:174:2141:2026-07-04:00:00:09:00,2141,"""2026-07-04T00:00:00.000Z""",00:00,09:00,false
psp:omluva:174:2141:2026-07-07:11:30:14:00,2141,"""2026-07-07T00:00:00.000Z""",11:30,14:00,false
psp:omluva:174:2141:2026-07-07:14:00:23:30,2141,"""2026-07-07T00:00:00.000Z""",14:00,23:30,false
psp:omluva:174:2141:2026-07-08:10:15:14:00,2141,"""2026-07-08T00:00:00.000Z""",10:15,14:00,false
psp:omluva:174:2141:2026-07-15:09:00:10:30,2141,"""2026-07-15T00:00:00.000Z""",09:00,10:30,false
psp:omluva:174:2142:2026-02-04:09:00:23:59,2142,"""2026-02-04T00:00:00.000Z""",09:00,23:59,false
psp:omluva:174:2142:2026-02-05:00:00:09:00,2142,"""2026-02-05T00:00:00.000Z""",00:00,09:00,false
psp:omluva:174:2142:2026-02-10:17:30:23:59,2142,"""2026-02-10T00:00:00.000Z""",17:30,23:59,false
psp:omluva:174:2142:2026-02-11:00:00:09:00,2142,"""2026-02-11T00:00:00.000Z""",00:00,09:00,false
psp:omluva:174:2142:2026-02-12:16:30:23:59,2142,"""2026-02-12T00:00:00.000Z""",16:30,23:59,false
psp:omluva:174:2142:2026-02-13:00:00:09:00,2142,"""2026-02-13T00:00:00.000Z""",00:00,09:00,false
psp:omluva:174:2142:2026-03-04:09:30:12:00,2142,"""2026-03-04T00:00:00.000Z""",09:30,12:00,false
psp:omluva:174:2142:2026-03-05:10:30:17:00,2142,"""2026-03-05T00:00:00.000Z""",10:30,17:00,false
psp:omluva:174:2142:2026-03-10:17:30:23:59,2142,"""2026-03-10T00:00:00.000Z""",17:30,23:59,false
psp:omluva:174:2142:2026-03-11:00:00:09:00,2142,"""2026-03-11T00:00:00.000Z""",00:00,09:00,false
psp:omluva:174:2142:2026-03-13:11:45:23:59,2142,"""2026-03-13T00:00:00.000Z""",11:45,23:59,false
psp:omluva:174:2142:2026-03-14:00:00:09:00,2142,"""2026-03-14T00:00:00.000Z""",00:00,09:00,false
psp:omluva:174:2142:2026-04-17:12:00:13:00,2142,"""2026-04-17T00:00:00.000Z""",12:00,13:00,false
psp:omluva:174:2142:2026-04-22:18:30:23:59,2142,"""2026-04-22T00:00:00.000Z""",18:30,23:59,false
psp:omluva:174:2142:2026-04-23:00:00:09:00,2142,"""2026-04-23T00:00:00.000Z""",00:00,09:00,false
psp:omluva:174:2142:2026-05-05:09:00:23:59,2142,"""2026-05-05T00:00:00.000Z""",09:00,23:59,false
psp:omluva:174:2142:2026-05-06:00:00:09:00,2142,"""2026-05-06T00:00:00.000Z""",00:00,09:00,false
psp:omluva:174:2142:2026-05-06:09:00:23:59,2142,"""2026-05-06T00:00:00.000Z""",09:00,23:59,false
psp:omluva:174:2142:2026-05-07:00:00:09:00,2142,"""2026-05-07T00:00:00.000Z""",00:00,09:00,false
psp:omluva:174:2142:2026-05-27:09:00:10:15,2142,"""2026-05-27T00:00:00.000Z""",09:00,10:15,false
psp:omluva:174:2142:2026-05-28:18:00:23:59,2142,"""2026-05-28T00:00:00.000Z""",18:00,23:59,false
psp:omluva:174:2142:2026-05-29:00:00:09:00,2142,"""2026-05-29T00:00:00.000Z""",00:00,09:00,false
psp:omluva:174:2142:2026-05-29:09:00:23:59,2142,"""2026-05-29T00:00:00.000Z""",09:00,23:59,false
psp:omluva:174:2142:2026-05-30:00:00:09:00,2142,"""2026-05-30T00:00:00.000Z""",00:00,09:00,false
psp:omluva:174:2142:2026-06-03:20:45:23:59,2142,"""2026-06-03T00:00:00.000Z""",20:45,23:59,false
psp:omluva:174:2142:2026-06-04:00:00:09:00,2142,"""2026-06-04T00:00:00.000Z""",00:00,09:00,false
psp:omluva:174:2142:2026-06-04:11:00:13:00,2142,"""2026-06-04T00:00:00.000Z""",11:00,13:00,false
psp:omluva:174:2142:2026-06-04:14:30:23:59,2142,"""2026-06-04T00:00:00.000Z""",14:30,23:59,false
psp:omluva:174:2142:2026-06-05:00:00:09:00,2142,"""2026-06-05T00:00:00.000Z""",00:00,09:00,false
psp:omluva:174:2142:2026-06-24:09:00:12:00,2142,"""2026-06-24T00:00:00.000Z""",09:00,12:00,false
psp:omluva:174:2142:2026-07-01:17:20:23:59,2142,"""2026-07-01T00:00:00.000Z""",17:20,23:59,false
psp:omluva:174:2142:2026-07-02:00:00:09:00,2142,"""2026-07-02T00:00:00.000Z""",00:00,09:00,false
psp:omluva:174:2142:2026-07-02:14:30:23:59,2142,"""2026-07-02T00:00:00.000Z""",14:30,23:59,false
psp:omluva:174:2142:2026-07-03:00:00:09:00,2142,"""2026-07-03T00:00:00.000Z""",00:00,09:00,false
psp:omluva:174:2142:2026-07-03:09:00:23:59,2142,"""2026-07-03T00:00:00.000Z""",09:00,23:59,false
psp:omluva:174:2142:2026-07-04:00:00:09:00,2142,"""2026-07-04T00:00:00.000Z""",00:00,09:00,false
psp:omluva:174:2142:2026-07-14:09:00:14:00,2142,"""2026-07-14T00:00:00.000Z""",09:00,14:00,false
psp:omluva:174:2143:2025-11-14:09:00:23:59,2143,"""2025-11-14T00:00:00.000Z""",09:00,23:59,false
psp:omluva:174:2143:2025-11-15:00:00:09:00,2143,"""2025-11-15T00:00:00.000Z""",00:00,09:00,false
psp:omluva:174:2143:2026-01-29:09:00:23:59,2143,"""2026-01-29T00:00:00.000Z""",09:00,23:59,false
psp:omluva:174:2143:2026-01-30:00:00:09:00,2143,"""2026-01-30T00:00:00.000Z""",00:00,09:00,false
psp:omluva:174:2143:2026-01-30:09:00:23:59,2143,"""2026-01-30T00:00:00.000Z""",09:00,23:59,false
psp:omluva:174:2143:2026-01-31:00:00:09:00,2143,"""2026-01-31T00:00:00.000Z""",00:00,09:00,false
psp:omluva:174:2143:2026-02-04:09:30:11:30,2143,"""2026-02-04T00:00:00.000Z""",09:30,11:30,false
psp:omluva:174:2143:2026-03-03:17:30:19:30,2143,"""2026-03-03T00:00:00.000Z""",17:30,19:30,false
psp:omluva:174:2143:2026-03-04:15:00:16:30,2143,"""2026-03-04T00:00:00.000Z""",15:00,16:30,false
psp:omluva:174:2143:2026-03-12:09:00:23:59,2143,"""2026-03-12T00:00:00.000Z""",09:00,23:59,false
psp:omluva:174:2143:2026-03-13:00:00:09:00,2143,"""2026-03-13T00:00:00.000Z""",00:00,09:00,false
psp:omluva:174:2143:2026-03-13:09:00:23:59,2143,"""2026-03-13T00:00:00.000Z""",09:00,23:59,false
psp:omluva:174:2143:2026-03-14:00:00:09:00,2143,"""2026-03-14T00:00:00.000Z""",00:00,09:00,false
psp:omluva:174:2143:2026-04-17:09:00:23:59,2143,"""2026-04-17T00:00:00.000Z""",09:00,23:59,false
psp:omluva:174:2143:2026-04-18:00:00:09:00,2143,"""2026-04-18T00:00:00.000Z""",00:00,09:00,false
psp:omluva:174:2143:2026-04-23:09:00:23:59,2143,"""2026-04-23T00:00:00.000Z""",09:00,23:59,false
psp:omluva:174:2143:2026-04-24:00:00:09:00,2143,"""2026-04-24T00:00:00.000Z""",00:00,09:00,false
psp:omluva:174:2143:2026-04-24:09:00:23:59,2143,"""2026-04-24T00:00:00.000Z""",09:00,23:59,false
psp:omluva:174:2143:2026-04-25:00:00:09:00,2143,"""2026-04-25T00:00:00.000Z""",00:00,09:00,false
psp:omluva:174:2143:2026-05-05:22:00:23:59,2143,"""2026-05-05T00:00:00.000Z""",22:00,23:59,false
psp:omluva:174:2143:2026-05-06:00:00:09:00,2143,"""2026-05-06T00:00:00.000Z""",00:00,09:00,false
psp:omluva:174:2143:2026-05-14:09:00:23:59,2143,"""2026-05-14T00:00:00.000Z""",09:00,23:59,false
psp:omluva:174:2143:2026-05-15:00:00:09:00,2143,"""2026-05-15T00:00:00.000Z""",00:00,09:00,false
psp:omluva:174:2143:2026-05-26:20:45:23:59,2143,"""2026-05-26T00:00:00.000Z""",20:45,23:59,false
psp:omluva:174:2143:2026-05-27:00:00:09:00,2143,"""2026-05-27T00:00:00.000Z""",00:00,09:00,false
psp:omluva:174:2143:2026-05-28:09:00:10:00,2143,"""2026-05-28T00:00:00.000Z""",09:00,10:00,false
psp:omluva:174:2143:2026-05-28:14:30:18:00,2143,"""2026-05-28T00:00:00.000Z""",14:30,18:00,false
psp:omluva:174:2143:2026-05-29:09:00:14:00,2143,"""2026-05-29T00:00:00.000Z""",09:00,14:00,false
psp:omluva:174:2143:2026-06-11:14:45:23:59,2143,"""2026-06-11T00:00:00.000Z""",14:45,23:59,false
psp:omluva:174:2143:2026-06-12:00:00:09:00,2143,"""2026-06-12T00:00:00.000Z""",00:00,09:00,false
psp:omluva:174:2143:2026-06-24:15:00:17:00,2143,"""2026-06-24T00:00:00.000Z""",15:00,17:00,false
psp:omluva:174:2143:2026-06-30:09:00:23:59,2143,"""2026-06-30T00:00:00.000Z""",09:00,23:59,false
psp:omluva:174:2143:2026-07-01:00:00:09:00,2143,"""2026-07-01T00:00:00.000Z""",00:00,09:00,false
psp:omluva:174:2143:2026-07-08:09:00:10:30,2143,"""2026-07-08T00:00:00.000Z""",09:00,10:30,false
psp:omluva:174:2143:2026-07-14:09:00:23:59,2143,"""2026-07-14T00:00:00.000Z""",09:00,23:59,false
psp:omluva:174:2143:2026-07-15:00:00:09:00,2143,"""2026-07-15T00:00:00.000Z""",00:00,09:00,false
psp:omluva:174:2144:2025-11-14:12:04:23:59,2144,"""2025-11-14T00:00:00.000Z""",12:04,23:59,false
psp:omluva:174:2144:2025-11-15:00:00:09:00,2144,"""2025-11-15T00:00:00.000Z""",00:00,09:00,false
psp:omluva:174:2144:2025-11-27:17:00:23:59,2144,"""2025-11-27T00:00:00.000Z""",17:00,23:59,false
psp:omluva:174:2144:2025-11-28:00:00:09:00,2144,"""2025-11-28T00:00:00.000Z""",00:00,09:00,false
psp:omluva:174:2144:2026-03-05:09:00:23:59,2144,"""2026-03-05T00:00:00.000Z""",09:00,23:59,false
psp:omluva:174:2144:2026-03-06:00:00:09:00,2144,"""2026-03-06T00:00:00.000Z""",00:00,09:00,false
psp:omluva:174:2144:2026-03-10:14:00:16:00,2144,"""2026-03-10T00:00:00.000Z""",14:00,16:00,false
psp:omluva:174:2144:2026-03-25:17:00:23:59,2144,"""2026-03-25T00:00:00.000Z""",17:00,23:59,false
psp:omluva:174:2144:2026-03-26:00:00:09:00,2144,"""2026-03-26T00:00:00.000Z""",00:00,09:00,false
psp:omluva:174:2144:2026-04-16:11:00:13:00,2144,"""2026-04-16T00:00:00.000Z""",11:00,13:00,false
psp:omluva:174:2144:2026-04-23:09:00:23:59,2144,"""2026-04-23T00:00:00.000Z""",09:00,23:59,false
psp:omluva:174:2144:2026-04-24:00:00:09:00,2144,"""2026-04-24T00:00:00.000Z""",00:00,09:00,false
psp:omluva:174:2144:2026-05-06:14:30:23:59,2144,"""2026-05-06T00:00:00.000Z""",14:30,23:59,false
psp:omluva:174:2144:2026-05-07:00:00:09:00,2144,"""2026-05-07T00:00:00.000Z""",00:00,09:00,false
psp:omluva:174:2144:2026-05-13:09:00:23:59,2144,"""2026-05-13T00:00:00.000Z""",09:00,23:59,false
psp:omluva:174:2144:2026-05-14:00:00:09:00,2144,"""2026-05-14T00:00:00.000Z""",00:00,09:00,false
psp:omluva:174:2144:2026-05-14:09:00:23:59,2144,"""2026-05-14T00:00:00.000Z""",09:00,23:59,false
psp:omluva:174:2144:2026-05-15:00:00:09:00,2144,"""2026-05-15T00:00:00.000Z""",00:00,09:00,false
psp:omluva:174:2144:2026-06-02:09:00:23:59,2144,"""2026-06-02T00:00:00.000Z""",09:00,23:59,false
psp:omluva:174:2144:2026-06-03:00:00:09:00,2144,"""2026-06-03T00:00:00.000Z""",00:00,09:00,false
psp:omluva:174:2144:2026-06-11:09:00:23:59,2144,"""2026-06-11T00:00:00.000Z""",09:00,23:59,false
psp:omluva:174:2144:2026-06-12:00:00:09:00,2144,"""2026-06-12T00:00:00.000Z""",00:00,09:00,false
psp:omluva:174:2144:2026-06-30:14:00:16:00,2144,"""2026-06-30T00:00:00.000Z""",14:00,16:00,false
psp:omluva:174:2144:2026-07-07:09:00:11:00,2144,"""2026-07-07T00:00:00.000Z""",09:00,11:00,false
psp:omluva:174:2144:2026-07-14:09:00:23:59,2144,"""2026-07-14T00:00:00.000Z""",09:00,23:59,false
psp:omluva:174:2144:2026-07-15:00:00:09:00,2144,"""2026-07-15T00:00:00.000Z""",00:00,09:00,false
psp:omluva:174:2145:2026-02-03:09:00:23:59,2145,"""2026-02-03T00:00:00.000Z""",09:00,23:59,false
psp:omluva:174:2145:2026-02-04:00:00:09:00,2145,"""2026-02-04T00:00:00.000Z""",00:00,09:00,false
psp:omluva:174:2145:2026-02-04:09:00:23:59,2145,"""2026-02-04T00:00:00.000Z""",09:00,23:59,false
psp:omluva:174:2145:2026-02-05:00:00:09:00,2145,"""2026-02-05T00:00:00.000Z""",00:00,09:00,false
psp:omluva:174:2145:2026-03-13:09:00:23:59,2145,"""2026-03-13T00:00:00.000Z""",09:00,23:59,false
psp:omluva:174:2145:2026-03-14:00:00:09:00,2145,"""2026-03-14T00:00:00.000Z""",00:00,09:00,false
psp:omluva:174:2145:2026-05-06:20:30:23:59,2145,"""2026-05-06T00:00:00.000Z""",20:30,23:59,false
psp:omluva:174:2145:2026-05-07:00:00:09:00,2145,"""2026-05-07T00:00:00.000Z""",00:00,09:00,false
psp:omluva:174:2145:2026-05-13:12:45:14:45,2145,"""2026-05-13T00:00:00.000Z""",12:45,14:45,false
psp:omluva:174:2145:2026-05-28:11:30:23:59,2145,"""2026-05-28T00:00:00.000Z""",11:30,23:59,false
psp:omluva:174:2145:2026-05-29:00:00:09:00,2145,"""2026-05-29T00:00:00.000Z""",00:00,09:00,false
psp:omluva:174:2145:2026-05-29:09:00:23:59,2145,"""2026-05-29T00:00:00.000Z""",09:00,23:59,false
psp:omluva:174:2145:2026-05-30:00:00:09:00,2145,"""2026-05-30T00:00:00.000Z""",00:00,09:00,false
psp:omluva:174:2145:2026-06-03:09:00:12:00,2145,"""2026-06-03T00:00:00.000Z""",09:00,12:00,false
psp:omluva:174:2145:2026-06-26:09:00:23:59,2145,"""2026-06-26T00:00:00.000Z""",09:00,23:59,false
psp:omluva:174:2145:2026-06-27:00:00:09:00,2145,"""2026-06-27T00:00:00.000Z""",00:00,09:00,false
psp:omluva:174:2146:2026-01-28:09:00:09:15,2146,"""2026-01-28T00:00:00.000Z""",09:00,09:15,false
psp:omluva:174:2146:2026-01-29:09:00:09:30,2146,"""2026-01-29T00:00:00.000Z""",09:00,09:30,false
psp:omluva:174:2146:2026-01-29:09:30:10:15,2146,"""2026-01-29T00:00:00.000Z""",09:30,10:15,false
psp:omluva:174:2146:2026-01-30:09:00:10:15,2146,"""2026-01-30T00:00:00.000Z""",09:00,10:15,false
psp:omluva:174:2146:2026-02-04:09:00:11:30,2146,"""2026-02-04T00:00:00.000Z""",09:00,11:30,false
psp:omluva:174:2146:2026-02-10:18:00:23:59,2146,"""2026-02-10T00:00:00.000Z""",18:00,23:59,false
psp:omluva:174:2146:2026-02-11:00:00:09:00,2146,"""2026-02-11T00:00:00.000Z""",00:00,09:00,false
psp:omluva:174:2146:2026-02-11:09:00:23:59,2146,"""2026-02-11T00:00:00.000Z""",09:00,23:59,false
psp:omluva:174:2146:2026-02-12:00:00:09:00,2146,"""2026-02-12T00:00:00.000Z""",00:00,09:00,false
psp:omluva:174:2146:2026-02-12:09:00:23:59,2146,"""2026-02-12T00:00:00.000Z""",09:00,23:59,false
psp:omluva:174:2146:2026-02-13:00:00:09:00,2146,"""2026-02-13T00:00:00.000Z""",00:00,09:00,false
psp:omluva:174:2146:2026-02-13:09:00:23:59,2146,"""2026-02-13T00:00:00.000Z""",09:00,23:59,false
psp:omluva:174:2146:2026-02-14:00:00:09:00,2146,"""2026-02-14T00:00:00.000Z""",00:00,09:00,false
psp:omluva:174:2146:2026-03-05:09:00:10:30,2146,"""2026-03-05T00:00:00.000Z""",09:00,10:30,false
psp:omluva:174:2146:2026-03-05:12:00:13:00,2146,"""2026-03-05T00:00:00.000Z""",12:00,13:00,false
psp:omluva:174:2146:2026-03-11:09:00:10:00,2146,"""2026-03-11T00:00:00.000Z""",09:00,10:00,false
psp:omluva:174:2146:2026-03-12:09:00:11:10,2146,"""2026-03-12T00:00:00.000Z""",09:00,11:10,false
psp:omluva:174:2146:2026-03-24:19:30:23:59,2146,"""2026-03-24T00:00:00.000Z""",19:30,23:59,false
psp:omluva:174:2146:2026-03-25:00:00:09:00,2146,"""2026-03-25T00:00:00.000Z""",00:00,09:00,false
psp:omluva:174:2146:2026-04-17:09:00:10:30,2146,"""2026-04-17T00:00:00.000Z""",09:00,10:30,false
psp:omluva:174:2146:2026-04-21:20:20:23:30,2146,"""2026-04-21T00:00:00.000Z""",20:20,23:30,false
psp:omluva:174:2146:2026-04-22:09:00:11:00,2146,"""2026-04-22T00:00:00.000Z""",09:00,11:00,false
psp:omluva:174:2146:2026-04-22:11:10:14:00,2146,"""2026-04-22T00:00:00.000Z""",11:10,14:00,false
psp:omluva:174:2146:2026-04-24:09:00:09:40,2146,"""2026-04-24T00:00:00.000Z""",09:00,09:40,false
psp:omluva:174:2146:2026-05-05:19:10:21:30,2146,"""2026-05-05T00:00:00.000Z""",19:10,21:30,false
psp:omluva:174:2146:2026-05-06:09:30:11:30,2146,"""2026-05-06T00:00:00.000Z""",09:30,11:30,false
psp:omluva:174:2146:2026-05-06:17:30:23:59,2146,"""2026-05-06T00:00:00.000Z""",17:30,23:59,false
psp:omluva:174:2146:2026-05-07:00:00:09:00,2146,"""2026-05-07T00:00:00.000Z""",00:00,09:00,false
psp:omluva:174:2146:2026-05-15:09:00:10:10,2146,"""2026-05-15T00:00:00.000Z""",09:00,10:10,false
psp:omluva:174:2146:2026-05-27:18:05:20:00,2146,"""2026-05-27T00:00:00.000Z""",18:05,20:00,false
psp:omluva:174:2146:2026-05-27:20:00:22:00,2146,"""2026-05-27T00:00:00.000Z""",20:00,22:00,false
psp:omluva:174:2146:2026-05-27:22:00:23:00,2146,"""2026-05-27T00:00:00.000Z""",22:00,23:00,false
psp:omluva:174:2146:2026-05-28:21:00:22:30,2146,"""2026-05-28T00:00:00.000Z""",21:00,22:30,false
psp:omluva:174:2146:2026-05-28:22:30:23:00,2146,"""2026-05-28T00:00:00.000Z""",22:30,23:00,false
psp:omluva:174:2146:2026-06-02:09:00:14:45,2146,"""2026-06-02T00:00:00.000Z""",09:00,14:45,false
psp:omluva:174:2146:2026-06-02:14:45:15:20,2146,"""2026-06-02T00:00:00.000Z""",14:45,15:20,false
psp:omluva:174:2146:2026-06-03:09:00:23:59,2146,"""2026-06-03T00:00:00.000Z""",09:00,23:59,false
psp:omluva:174:2146:2026-06-04:00:00:09:00,2146,"""2026-06-04T00:00:00.000Z""",00:00,09:00,false
psp:omluva:174:2146:2026-06-24:09:00:11:30,2146,"""2026-06-24T00:00:00.000Z""",09:00,11:30,false
psp:omluva:174:2146:2026-07-03:09:00:23:59,2146,"""2026-07-03T00:00:00.000Z""",09:00,23:59,false
psp:omluva:174:2146:2026-07-04:00:00:09:00,2146,"""2026-07-04T00:00:00.000Z""",00:00,09:00,false
psp:omluva:174:2146:2026-07-14:12:25:23:59,2146,"""2026-07-14T00:00:00.000Z""",12:25,23:59,false
psp:omluva:174:2146:2026-07-15:00:00:09:00,2146,"""2026-07-15T00:00:00.000Z""",00:00,09:00,false
psp:omluva:174:2147:2025-11-26:23:00:23:30,2147,"""2025-11-26T00:00:00.000Z""",23:00,23:30,false
psp:omluva:174:2147:2026-01-29:12:00:12:30,2147,"""2026-01-29T00:00:00.000Z""",12:00,12:30,false
psp:omluva:174:2147:2026-01-30:17:00:23:59,2147,"""2026-01-30T00:00:00.000Z""",17:00,23:59,false
psp:omluva:174:2147:2026-01-31:00:00:09:00,2147,"""2026-01-31T00:00:00.000Z""",00:00,09:00,false
psp:omluva:174:2147:2026-02-03:15:15:15:30,2147,"""2026-02-03T00:00:00.000Z""",15:15,15:30,false
psp:omluva:174:2147:2026-02-13:09:00:23:59,2147,"""2026-02-13T00:00:00.000Z""",09:00,23:59,false
psp:omluva:174:2147:2026-02-14:00:00:09:00,2147,"""2026-02-14T00:00:00.000Z""",00:00,09:00,false
psp:omluva:174:2147:2026-03-04:09:00:10:00,2147,"""2026-03-04T00:00:00.000Z""",09:00,10:00,false
psp:omluva:174:2147:2026-03-05:09:00:10:00,2147,"""2026-03-05T00:00:00.000Z""",09:00,10:00,false
psp:omluva:174:2147:2026-03-05:12:00:13:00,2147,"""2026-03-05T00:00:00.000Z""",12:00,13:00,false
psp:omluva:174:2147:2026-03-24:14:00:15:00,2147,"""2026-03-24T00:00:00.000Z""",14:00,15:00,false
psp:omluva:174:2147:2026-03-25:09:00:23:59,2147,"""2026-03-25T00:00:00.000Z""",09:00,23:59,false
psp:omluva:174:2147:2026-03-26:00:00:09:00,2147,"""2026-03-26T00:00:00.000Z""",00:00,09:00,false
psp:omluva:174:2147:2026-04-14:20:00:21:00,2147,"""2026-04-14T00:00:00.000Z""",20:00,21:00,false
psp:omluva:174:2147:2026-04-15:09:00:14:00,2147,"""2026-04-15T00:00:00.000Z""",09:00,14:00,false
psp:omluva:174:2147:2026-04-17:10:00:11:00,2147,"""2026-04-17T00:00:00.000Z""",10:00,11:00,false
psp:omluva:174:2147:2026-04-21:18:10:23:59,2147,"""2026-04-21T00:00:00.000Z""",18:10,23:59,false
psp:omluva:174:2147:2026-04-22:00:00:09:00,2147,"""2026-04-22T00:00:00.000Z""",00:00,09:00,false
psp:omluva:174:2147:2026-04-22:16:45:17:00,2147,"""2026-04-22T00:00:00.000Z""",16:45,17:00,false
psp:omluva:174:2147:2026-04-23:09:15:10:15,2147,"""2026-04-23T00:00:00.000Z""",09:15,10:15,false
psp:omluva:174:2147:2026-04-23:12:00:13:30,2147,"""2026-04-23T00:00:00.000Z""",12:00,13:30,false
psp:omluva:174:2147:2026-04-24:09:00:10:00,2147,"""2026-04-24T00:00:00.000Z""",09:00,10:00,false
psp:omluva:174:2147:2026-04-24:14:00:15:00,2147,"""2026-04-24T00:00:00.000Z""",14:00,15:00,false
psp:omluva:174:2147:2026-05-05:20:00:20:20,2147,"""2026-05-05T00:00:00.000Z""",20:00,20:20,false
psp:omluva:174:2147:2026-05-05:23:30:23:59,2147,"""2026-05-05T00:00:00.000Z""",23:30,23:59,false
psp:omluva:174:2147:2026-05-06:00:00:01:00,2147,"""2026-05-06T00:00:00.000Z""",00:00,01:00,false
psp:omluva:174:2147:2026-05-06:21:00:21:30,2147,"""2026-05-06T00:00:00.000Z""",21:00,21:30,false
psp:omluva:174:2147:2026-05-13:09:00:09:45,2147,"""2026-05-13T00:00:00.000Z""",09:00,09:45,false
psp:omluva:174:2147:2026-05-14:09:00:23:59,2147,"""2026-05-14T00:00:00.000Z""",09:00,23:59,false
psp:omluva:174:2147:2026-05-15:00:00:09:00,2147,"""2026-05-15T00:00:00.000Z""",00:00,09:00,false
psp:omluva:174:2147:2026-05-15:09:00:23:59,2147,"""2026-05-15T00:00:00.000Z""",09:00,23:59,false
psp:omluva:174:2147:2026-05-16:00:00:09:00,2147,"""2026-05-16T00:00:00.000Z""",00:00,09:00,false
psp:omluva:174:2147:2026-05-26:09:00:23:59,2147,"""2026-05-26T00:00:00.000Z""",09:00,23:59,false
psp:omluva:174:2147:2026-05-27:00:00:09:00,2147,"""2026-05-27T00:00:00.000Z""",00:00,09:00,false
psp:omluva:174:2147:2026-05-27:09:00:23:59,2147,"""2026-05-27T00:00:00.000Z""",09:00,23:59,false
psp:omluva:174:2147:2026-05-28:00:00:09:00,2147,"""2026-05-28T00:00:00.000Z""",00:00,09:00,false
psp:omluva:174:2147:2026-05-28:09:00:23:59,2147,"""2026-05-28T00:00:00.000Z""",09:00,23:59,false
psp:omluva:174:2147:2026-05-29:00:00:09:00,2147,"""2026-05-29T00:00:00.000Z""",00:00,09:00,false
psp:omluva:174:2147:2026-05-29:09:00:23:59,2147,"""2026-05-29T00:00:00.000Z""",09:00,23:59,false
psp:omluva:174:2147:2026-05-30:00:00:09:00,2147,"""2026-05-30T00:00:00.000Z""",00:00,09:00,false
psp:omluva:174:2147:2026-06-03:09:00:23:59,2147,"""2026-06-03T00:00:00.000Z""",09:00,23:59,false
psp:omluva:174:2147:2026-06-04:00:00:09:00,2147,"""2026-06-04T00:00:00.000Z""",00:00,09:00,false
psp:omluva:174:2147:2026-06-04:09:00:10:00,2147,"""2026-06-04T00:00:00.000Z""",09:00,10:00,false
psp:omluva:174:2147:2026-06-11:19:00:20:00,2147,"""2026-06-11T00:00:00.000Z""",19:00,20:00,false
psp:omluva:174:2147:2026-06-24:09:00:11:00,2147,"""2026-06-24T00:00:00.000Z""",09:00,11:00,false
psp:omluva:174:2147:2026-06-24:15:00:15:30,2147,"""2026-06-24T00:00:00.000Z""",15:00,15:30,false
psp:omluva:174:2147:2026-06-24:17:30:18:00,2147,"""2026-06-24T00:00:00.000Z""",17:30,18:00,false
psp:omluva:174:2147:2026-06-25:12:11:13:01,2147,"""2026-06-25T00:00:00.000Z""",12:11,13:01,false
psp:omluva:174:2147:2026-07-03:09:00:23:59,2147,"""2026-07-03T00:00:00.000Z""",09:00,23:59,false
psp:omluva:174:2147:2026-07-04:00:00:09:00,2147,"""2026-07-04T00:00:00.000Z""",00:00,09:00,false
psp:omluva:174:2147:2026-07-07:10:00:10:30,2147,"""2026-07-07T00:00:00.000Z""",10:00,10:30,false
psp:omluva:174:2147:2026-07-14:09:00:23:59,2147,"""2026-07-14T00:00:00.000Z""",09:00,23:59,false
psp:omluva:174:2147:2026-07-15:00:00:09:00,2147,"""2026-07-15T00:00:00.000Z""",00:00,09:00,false
psp:omluva:174:2148:2026-03-03:09:00:23:59,2148,"""2026-03-03T00:00:00.000Z""",09:00,23:59,false
psp:omluva:174:2148:2026-03-04:00:00:09:00,2148,"""2026-03-04T00:00:00.000Z""",00:00,09:00,false
psp:omluva:174:2148:2026-03-04:09:00:23:59,2148,"""2026-03-04T00:00:00.000Z""",09:00,23:59,false
psp:omluva:174:2148:2026-03-05:00:00:09:00,2148,"""2026-03-05T00:00:00.000Z""",00:00,09:00,false
psp:omluva:174:2148:2026-03-05:09:00:23:59,2148,"""2026-03-05T00:00:00.000Z""",09:00,23:59,false
psp:omluva:174:2148:2026-03-06:00:00:09:00,2148,"""2026-03-06T00:00:00.000Z""",00:00,09:00,false
psp:omluva:174:2148:2026-03-06:09:00:23:59,2148,"""2026-03-06T00:00:00.000Z""",09:00,23:59,false
psp:omluva:174:2148:2026-03-07:00:00:09:00,2148,"""2026-03-07T00:00:00.000Z""",00:00,09:00,false
psp:omluva:174:2148:2026-05-13:22:30:23:59,2148,"""2026-05-13T00:00:00.000Z""",22:30,23:59,false
psp:omluva:174:2148:2026-05-14:00:00:09:00,2148,"""2026-05-14T00:00:00.000Z""",00:00,09:00,false
psp:omluva:174:2148:2026-05-27:19:00:23:59,2148,"""2026-05-27T00:00:00.000Z""",19:00,23:59,false
psp:omluva:174:2148:2026-05-28:00:00:09:00,2148,"""2026-05-28T00:00:00.000Z""",00:00,09:00,false
psp:omluva:174:2148:2026-06-11:09:00:23:59,2148,"""2026-06-11T00:00:00.000Z""",09:00,23:59,false
psp:omluva:174:2148:2026-06-12:00:00:09:00,2148,"""2026-06-12T00:00:00.000Z""",00:00,09:00,false
psp:omluva:174:2148:2026-07-02:15:15:23:59,2148,"""2026-07-02T00:00:00.000Z""",15:15,23:59,false
psp:omluva:174:2148:2026-07-03:00:00:09:00,2148,"""2026-07-03T00:00:00.000Z""",00:00,09:00,false
psp:omluva:174:2149:2026-01-30:17:10:23:59,2149,"""2026-01-30T00:00:00.000Z""",17:10,23:59,false
psp:omluva:174:2149:2026-01-31:00:00:09:00,2149,"""2026-01-31T00:00:00.000Z""",00:00,09:00,false
psp:omluva:174:2149:2026-02-03:09:00:11:25,2149,"""2026-02-03T00:00:00.000Z""",09:00,11:25,false
psp:omluva:174:2149:2026-05-14:09:00:23:59,2149,"""2026-05-14T00:00:00.000Z""",09:00,23:59,false
psp:omluva:174:2149:2026-05-15:00:00:09:00,2149,"""2026-05-15T00:00:00.000Z""",00:00,09:00,false
psp:omluva:174:2149:2026-06-26:09:00:23:59,2149,"""2026-06-26T00:00:00.000Z""",09:00,23:59,false
psp:omluva:174:2149:2026-06-27:00:00:09:00,2149,"""2026-06-27T00:00:00.000Z""",00:00,09:00,false
psp:omluva:174:2150:2026-02-03:09:00:23:59,2150,"""2026-02-03T00:00:00.000Z""",09:00,23:59,false
psp:omluva:174:2150:2026-02-04:00:00:09:00,2150,"""2026-02-04T00:00:00.000Z""",00:00,09:00,false
psp:omluva:174:2150:2026-02-04:09:00:23:59,2150,"""2026-02-04T00:00:00.000Z""",09:00,23:59,false
psp:omluva:174:2150:2026-02-05:00:00:09:00,2150,"""2026-02-05T00:00:00.000Z""",00:00,09:00,false
psp:omluva:174:2150:2026-02-13:09:00:23:59,2150,"""2026-02-13T00:00:00.000Z""",09:00,23:59,false
psp:omluva:174:2150:2026-02-14:00:00:09:00,2150,"""2026-02-14T00:00:00.000Z""",00:00,09:00,false
psp:omluva:174:2150:2026-06-05:09:00:23:59,2150,"""2026-06-05T00:00:00.000Z""",09:00,23:59,false
psp:omluva:174:2150:2026-06-06:00:00:09:00,2150,"""2026-06-06T00:00:00.000Z""",00:00,09:00,false
psp:omluva:174:2151:2026-03-04:10:30:12:30,2151,"""2026-03-04T00:00:00.000Z""",10:30,12:30,false
psp:omluva:174:2151:2026-03-24:09:00:23:59,2151,"""2026-03-24T00:00:00.000Z""",09:00,23:59,false
psp:omluva:174:2151:2026-03-25:00:00:09:00,2151,"""2026-03-25T00:00:00.000Z""",00:00,09:00,false
psp:omluva:174:2151:2026-03-25:09:00:15:00,2151,"""2026-03-25T00:00:00.000Z""",09:00,15:00,false
psp:omluva:174:2151:2026-04-14:19:00:23:59,2151,"""2026-04-14T00:00:00.000Z""",19:00,23:59,false
psp:omluva:174:2151:2026-04-15:00:00:09:00,2151,"""2026-04-15T00:00:00.000Z""",00:00,09:00,false
psp:omluva:174:2151:2026-04-15:09:00:13:00,2151,"""2026-04-15T00:00:00.000Z""",09:00,13:00,false
psp:omluva:174:2152:2026-05-14:09:00:23:59,2152,"""2026-05-14T00:00:00.000Z""",09:00,23:59,false
psp:omluva:174:2152:2026-05-15:00:00:09:00,2152,"""2026-05-15T00:00:00.000Z""",00:00,09:00,false
psp:omluva:174:2152:2026-05-28:10:30:12:30,2152,"""2026-05-28T00:00:00.000Z""",10:30,12:30,false
psp:omluva:174:2152:2026-06-11:09:00:23:59,2152,"""2026-06-11T00:00:00.000Z""",09:00,23:59,false
psp:omluva:174:2152:2026-06-12:00:00:09:00,2152,"""2026-06-12T00:00:00.000Z""",00:00,09:00,false
psp:omluva:174:2152:2026-06-23:15:00:23:59,2152,"""2026-06-23T00:00:00.000Z""",15:00,23:59,false
psp:omluva:174:2152:2026-06-24:00:00:09:00,2152,"""2026-06-24T00:00:00.000Z""",00:00,09:00,false
psp:omluva:174:2152:2026-06-24:09:00:13:45,2152,"""2026-06-24T00:00:00.000Z""",09:00,13:45,false
psp:omluva:174:2152:2026-07-10:09:00:23:59,2152,"""2026-07-10T00:00:00.000Z""",09:00,23:59,false
psp:omluva:174:2152:2026-07-11:00:00:09:00,2152,"""2026-07-11T00:00:00.000Z""",00:00,09:00,false
psp:omluva:174:2152:2026-07-14:11:50:23:59,2152,"""2026-07-14T00:00:00.000Z""",11:50,23:59,false
psp:omluva:174:2152:2026-07-15:00:00:09:00,2152,"""2026-07-15T00:00:00.000Z""",00:00,09:00,false
psp:omluva:174:2153:2026-01-30:15:00:23:59,2153,"""2026-01-30T00:00:00.000Z""",15:00,23:59,false
psp:omluva:174:2153:2026-01-31:00:00:09:00,2153,"""2026-01-31T00:00:00.000Z""",00:00,09:00,false
psp:omluva:174:2153:2026-02-04:09:00:16:30,2153,"""2026-02-04T00:00:00.000Z""",09:00,16:30,false
psp:omluva:174:2153:2026-02-10:19:00:23:59,2153,"""2026-02-10T00:00:00.000Z""",19:00,23:59,false
psp:omluva:174:2153:2026-02-11:00:00:09:00,2153,"""2026-02-11T00:00:00.000Z""",00:00,09:00,false
psp:omluva:174:2153:2026-02-11:09:00:23:59,2153,"""2026-02-11T00:00:00.000Z""",09:00,23:59,false
psp:omluva:174:2153:2026-02-12:00:00:09:00,2153,"""2026-02-12T00:00:00.000Z""",00:00,09:00,false
psp:omluva:174:2153:2026-02-12:09:00:23:59,2153,"""2026-02-12T00:00:00.000Z""",09:00,23:59,false
psp:omluva:174:2153:2026-02-13:00:00:09:00,2153,"""2026-02-13T00:00:00.000Z""",00:00,09:00,false
psp:omluva:174:2153:2026-02-13:09:00:23:59,2153,"""2026-02-13T00:00:00.000Z""",09:00,23:59,false
psp:omluva:174:2153:2026-02-14:00:00:09:00,2153,"""2026-02-14T00:00:00.000Z""",00:00,09:00,false
psp:omluva:174:2153:2026-03-06:09:00:23:59,2153,"""2026-03-06T00:00:00.000Z""",09:00,23:59,false
psp:omluva:174:2153:2026-03-07:00:00:09:00,2153,"""2026-03-07T00:00:00.000Z""",00:00,09:00,false
psp:omluva:174:2153:2026-03-10:09:00:23:59,2153,"""2026-03-10T00:00:00.000Z""",09:00,23:59,false
psp:omluva:174:2153:2026-03-11:00:00:09:00,2153,"""2026-03-11T00:00:00.000Z""",00:00,09:00,false
psp:omluva:174:2153:2026-03-24:09:00:23:59,2153,"""2026-03-24T00:00:00.000Z""",09:00,23:59,false
psp:omluva:174:2153:2026-03-25:00:00:09:00,2153,"""2026-03-25T00:00:00.000Z""",00:00,09:00,false
psp:omluva:174:2153:2026-03-25:09:00:23:59,2153,"""2026-03-25T00:00:00.000Z""",09:00,23:59,false
psp:omluva:174:2153:2026-03-26:00:00:09:00,2153,"""2026-03-26T00:00:00.000Z""",00:00,09:00,false
psp:omluva:174:2153:2026-04-23:09:00:23:59,2153,"""2026-04-23T00:00:00.000Z""",09:00,23:59,false
psp:omluva:174:2153:2026-04-24:00:00:09:00,2153,"""2026-04-24T00:00:00.000Z""",00:00,09:00,false
psp:omluva:174:2153:2026-05-13:19:00:21:30,2153,"""2026-05-13T00:00:00.000Z""",19:00,21:30,false
psp:omluva:174:2153:2026-05-14:13:30:23:59,2153,"""2026-05-14T00:00:00.000Z""",13:30,23:59,false
psp:omluva:174:2153:2026-05-15:00:00:09:00,2153,"""2026-05-15T00:00:00.000Z""",00:00,09:00,false
psp:omluva:174:2153:2026-05-15:09:00:23:59,2153,"""2026-05-15T00:00:00.000Z""",09:00,23:59,false
psp:omluva:174:2153:2026-05-16:00:00:09:00,2153,"""2026-05-16T00:00:00.000Z""",00:00,09:00,false
psp:omluva:174:2153:2026-05-26:21:00:22:40,2153,"""2026-05-26T00:00:00.000Z""",21:00,22:40,false
psp:omluva:174:2153:2026-05-27:19:30:23:59,2153,"""2026-05-27T00:00:00.000Z""",19:30,23:59,false
psp:omluva:174:2153:2026-05-28:00:00:09:00,2153,"""2026-05-28T00:00:00.000Z""",00:00,09:00,false
psp:omluva:174:2153:2026-05-28:09:00:23:59,2153,"""2026-05-28T00:00:00.000Z""",09:00,23:59,false
psp:omluva:174:2153:2026-05-29:00:00:09:00,2153,"""2026-05-29T00:00:00.000Z""",00:00,09:00,false
psp:omluva:174:2153:2026-05-29:09:00:23:59,2153,"""2026-05-29T00:00:00.000Z""",09:00,23:59,false
psp:omluva:174:2153:2026-05-30:00:00:09:00,2153,"""2026-05-30T00:00:00.000Z""",00:00,09:00,false
psp:omluva:174:2153:2026-06-11:17:00:23:59,2153,"""2026-06-11T00:00:00.000Z""",17:00,23:59,false
psp:omluva:174:2153:2026-06-12:00:00:09:00,2153,"""2026-06-12T00:00:00.000Z""",00:00,09:00,false
psp:omluva:174:2154:2026-06-11:09:00:23:59,2154,"""2026-06-11T00:00:00.000Z""",09:00,23:59,false
psp:omluva:174:2154:2026-06-12:00:00:09:00,2154,"""2026-06-12T00:00:00.000Z""",00:00,09:00,false
psp:omluva:174:2154:2026-06-25:09:00:19:30,2154,"""2026-06-25T00:00:00.000Z""",09:00,19:30,false
psp:omluva:174:2154:2026-07-02:09:00:10:00,2154,"""2026-07-02T00:00:00.000Z""",09:00,10:00,false
psp:omluva:174:2155:2026-05-07:09:00:23:59,2155,"""2026-05-07T00:00:00.000Z""",09:00,23:59,false
psp:omluva:174:2155:2026-05-08:00:00:09:00,2155,"""2026-05-08T00:00:00.000Z""",00:00,09:00,false
psp:omluva:174:2156:2026-02-03:11:00:13:00,2156,"""2026-02-03T00:00:00.000Z""",11:00,13:00,false
psp:omluva:174:2156:2026-07-03:09:00:23:59,2156,"""2026-07-03T00:00:00.000Z""",09:00,23:59,false
psp:omluva:174:2156:2026-07-04:00:00:09:00,2156,"""2026-07-04T00:00:00.000Z""",00:00,09:00,false
psp:omluva:174:2157:2026-01-30:17:00:23:59,2157,"""2026-01-30T00:00:00.000Z""",17:00,23:59,false
psp:omluva:174:2157:2026-01-31:00:00:09:00,2157,"""2026-01-31T00:00:00.000Z""",00:00,09:00,false
psp:omluva:174:2157:2026-04-15:10:30:12:30,2157,"""2026-04-15T00:00:00.000Z""",10:30,12:30,false
psp:omluva:174:2157:2026-04-22:17:00:23:59,2157,"""2026-04-22T00:00:00.000Z""",17:00,23:59,false
psp:omluva:174:2157:2026-04-23:00:00:09:00,2157,"""2026-04-23T00:00:00.000Z""",00:00,09:00,false
psp:omluva:174:2157:2026-04-23:16:30:23:59,2157,"""2026-04-23T00:00:00.000Z""",16:30,23:59,false
psp:omluva:174:2157:2026-04-24:00:00:09:00,2157,"""2026-04-24T00:00:00.000Z""",00:00,09:00,false
psp:omluva:174:2157:2026-04-24:09:00:23:59,2157,"""2026-04-24T00:00:00.000Z""",09:00,23:59,false
psp:omluva:174:2157:2026-04-25:00:00:09:00,2157,"""2026-04-25T00:00:00.000Z""",00:00,09:00,false
psp:omluva:174:2157:2026-05-06:13:00:23:59,2157,"""2026-05-06T00:00:00.000Z""",13:00,23:59,false
psp:omluva:174:2157:2026-05-07:00:00:09:00,2157,"""2026-05-07T00:00:00.000Z""",00:00,09:00,false
psp:omluva:174:2157:2026-05-07:09:00:23:59,2157,"""2026-05-07T00:00:00.000Z""",09:00,23:59,false
psp:omluva:174:2157:2026-05-08:00:00:09:00,2157,"""2026-05-08T00:00:00.000Z""",00:00,09:00,false
psp:omluva:174:2157:2026-05-13:09:00:10:30,2157,"""2026-05-13T00:00:00.000Z""",09:00,10:30,false
psp:omluva:174:2157:2026-05-13:18:45:21:30,2157,"""2026-05-13T00:00:00.000Z""",18:45,21:30,false
psp:omluva:174:2157:2026-05-14:13:30:23:59,2157,"""2026-05-14T00:00:00.000Z""",13:30,23:59,false
psp:omluva:174:2157:2026-05-15:00:00:09:00,2157,"""2026-05-15T00:00:00.000Z""",00:00,09:00,false
psp:omluva:174:2157:2026-05-15:09:00:23:59,2157,"""2026-05-15T00:00:00.000Z""",09:00,23:59,false
psp:omluva:174:2157:2026-05-16:00:00:09:00,2157,"""2026-05-16T00:00:00.000Z""",00:00,09:00,false
psp:omluva:174:2157:2026-06-02:09:00:23:59,2157,"""2026-06-02T00:00:00.000Z""",09:00,23:59,false
psp:omluva:174:2157:2026-06-03:00:00:09:00,2157,"""2026-06-03T00:00:00.000Z""",00:00,09:00,false
psp:omluva:174:2157:2026-06-03:09:00:23:59,2157,"""2026-06-03T00:00:00.000Z""",09:00,23:59,false
psp:omluva:174:2157:2026-06-04:00:00:09:00,2157,"""2026-06-04T00:00:00.000Z""",00:00,09:00,false
psp:omluva:174:2157:2026-06-11:15:00:23:59,2157,"""2026-06-11T00:00:00.000Z""",15:00,23:59,false
psp:omluva:174:2157:2026-06-12:00:00:09:00,2157,"""2026-06-12T00:00:00.000Z""",00:00,09:00,false
psp:omluva:174:2157:2026-06-26:11:00:23:59,2157,"""2026-06-26T00:00:00.000Z""",11:00,23:59,false
psp:omluva:174:2157:2026-06-27:00:00:09:00,2157,"""2026-06-27T00:00:00.000Z""",00:00,09:00,false
psp:omluva:174:2157:2026-07-03:12:00:23:59,2157,"""2026-07-03T00:00:00.000Z""",12:00,23:59,false
psp:omluva:174:2157:2026-07-04:00:00:09:00,2157,"""2026-07-04T00:00:00.000Z""",00:00,09:00,false
psp:omluva:174:2158:2026-03-25:16:30:19:00,2158,"""2026-03-25T00:00:00.000Z""",16:30,19:00,false
psp:omluva:174:2158:2026-03-25:19:00:20:00,2158,"""2026-03-25T00:00:00.000Z""",19:00,20:00,false
psp:omluva:174:2158:2026-03-26:09:00:23:59,2158,"""2026-03-26T00:00:00.000Z""",09:00,23:59,false
psp:omluva:174:2158:2026-03-27:00:00:09:00,2158,"""2026-03-27T00:00:00.000Z""",00:00,09:00,false
psp:omluva:174:2158:2026-04-14:17:30:19:30,2158,"""2026-04-14T00:00:00.000Z""",17:30,19:30,false
psp:omluva:174:2158:2026-04-15:09:00:10:30,2158,"""2026-04-15T00:00:00.000Z""",09:00,10:30,false
psp:omluva:174:2158:2026-04-16:17:30:20:00,2158,"""2026-04-16T00:00:00.000Z""",17:30,20:00,false
psp:omluva:174:2158:2026-04-21:17:00:19:00,2158,"""2026-04-21T00:00:00.000Z""",17:00,19:00,false
psp:omluva:174:2158:2026-04-22:16:30:18:00,2158,"""2026-04-22T00:00:00.000Z""",16:30,18:00,false
psp:omluva:174:2158:2026-04-23:09:00:10:15,2158,"""2026-04-23T00:00:00.000Z""",09:00,10:15,false
psp:omluva:174:2158:2026-04-23:16:00:20:00,2158,"""2026-04-23T00:00:00.000Z""",16:00,20:00,false
psp:omluva:174:2158:2026-05-27:16:30:20:30,2158,"""2026-05-27T00:00:00.000Z""",16:30,20:30,false
psp:omluva:174:2158:2026-05-27:20:30:21:30,2158,"""2026-05-27T00:00:00.000Z""",20:30,21:30,false
psp:omluva:174:2158:2026-05-28:18:00:21:30,2158,"""2026-05-28T00:00:00.000Z""",18:00,21:30,false
psp:omluva:174:2158:2026-06-04:15:00:23:59,2158,"""2026-06-04T00:00:00.000Z""",15:00,23:59,false
psp:omluva:174:2158:2026-06-05:00:00:09:00,2158,"""2026-06-05T00:00:00.000Z""",00:00,09:00,false
psp:omluva:174:2158:2026-06-11:16:00:21:00,2158,"""2026-06-11T00:00:00.000Z""",16:00,21:00,false
psp:omluva:174:2158:2026-06-24:15:00:18:00,2158,"""2026-06-24T00:00:00.000Z""",15:00,18:00,false
psp:omluva:174:2158:2026-06-25:15:30:23:59,2158,"""2026-06-25T00:00:00.000Z""",15:30,23:59,false
psp:omluva:174:2158:2026-06-26:00:00:09:00,2158,"""2026-06-26T00:00:00.000Z""",00:00,09:00,false
psp:omluva:174:2158:2026-06-30:15:45:17:15,2158,"""2026-06-30T00:00:00.000Z""",15:45,17:15,false
psp:omluva:174:2158:2026-07-07:12:00:14:00,2158,"""2026-07-07T00:00:00.000Z""",12:00,14:00,false
