id,kind,label,first_seen_pass,props
bloc:ano2011-spd-ms,bloc,ANO2011-SPD-MS Bloc,2,"{""rationale"":""ANO2011, SPD and MS agree with each other at 0.983-0.985 (ANO2011-SPD 0.985, ANO2011-MS 0.983, MS-SPD 0.974) while each agrees with every club outside this trio at only 0.369-0.457 (e.g. ANO2011-ODS 0.451, SPD-Piráti 0.399, MS-TOP09 0.369). Combined 84+16+14=114 seats, a chamber majority."",""control_timeline"":[{""month"":""2025-11"",""winRate"":1},{""month"":""2026-01"",""winRate"":0.99},{""month"":""2026-02"",""winRate"":0.98},{""month"":""2026-03"",""winRate"":0.98},{""month"":""2026-04"",""winRate"":0.99},{""month"":""2026-05"",""winRate"":0.99},{""month"":""2026-06"",""winRate"":0.96},{""month"":""2026-07"",""winRate"":0.99}],""overall_win_rate"":0.98,""cohesion_contested"":0.989,""control_provenance"":{""ref"":""agenda-control"",""pass"":6,""method"":""deterministic""},""opposition_rate_all"":0.62,""contested_provenance"":{""ref"":""contested"",""pass"":12,""method"":""deterministic""},""opposition_rate_contested"":0.998}"
bloc:ods-stan-pirati-kdu-top09,bloc,ODS-STAN-Piráti-KDU-ČSL-TOP09 Bloc,2,"{""rationale"":""These five clubs agree with each other across a 0.913-0.985 band (KDU-ČSL-TOP09 0.985, STAN-TOP09 0.977, KDU-ČSL-STAN 0.976, KDU-ČSL-Piráti 0.973, Piráti-TOP09 0.971, Piráti-STAN 0.970, KDU-ČSL-ODS 0.944, ODS-TOP09 0.939, ODS-STAN 0.934, ODS-Piráti 0.913), while agreement with ANO2011/SPD/MS never exceeds 0.457. Combined 27+22+19+16+9=93 seats."",""control_timeline"":[{""month"":""2025-11"",""winRate"":0.91},{""month"":""2026-01"",""winRate"":0.4},{""month"":""2026-02"",""winRate"":0.39},{""month"":""2026-03"",""winRate"":0.32},{""month"":""2026-04"",""winRate"":0.25},{""month"":""2026-05"",""winRate"":0.18},{""month"":""2026-06"",""winRate"":0.53},{""month"":""2026-07"",""winRate"":0.3}],""overall_win_rate"":0.38,""cohesion_contested"":0.945,""control_provenance"":{""ref"":""agenda-control"",""pass"":6,""method"":""deterministic""},""opposition_rate_all"":0.62,""contested_provenance"":{""ref"":""contested"",""pass"":12,""method"":""deterministic""},""opposition_rate_contested"":0.998}"
company:ico:01398717,company,MAS Nad Prahou o.p.s.,10,"{""ico"":""01398717"",""subsidies_count"":25,""subsidies_total_czk"":80389715.94}"
company:ico:01801261,company,"Hartenberg Holding, s.r.o.",10,"{""ico"":""01801261""}"
company:ico:02795281,company,"Operátor ICT, a.s.",10,"{""ico"":""02795281"",""subsidies_count"":3,""subsidies_total_czk"":160583}"
company:ico:04627695,company,OSVČ,10,"{""ico"":""04627695""}"
company:ico:04934482,company,Truhlářství Za farou s.r.o.,10,"{""ico"":""04934482"",""subsidies_count"":3,""subsidies_total_czk"":146445}"
company:ico:06386237,company,RAPAJA s.r.o.,10,"{""ico"":""06386237""}"
company:ico:06646042,company,"Akademie individuálních sportů Plzeňského kraje, z. s.",10,"{""ico"":""06646042"",""subsidies_count"":8,""subsidies_total_czk"":26700000}"
company:ico:06919511,company,SUTNAR - NADACE RADOSLAVA A ELAINE SUTNAROVÝCH,10,"{""ico"":""06919511"",""subsidies_count"":4,""subsidies_total_czk"":190000}"
company:ico:07739044,company,Krajská hospodářská komora v Plzeňském kraji,10,"{""ico"":""07739044""}"
company:ico:08160902,company,"Centrum lidských zdrojů Plzeňského kraje, z.ú.",10,"{""ico"":""08160902"",""subsidies_count"":3,""subsidies_total_czk"":37415947.41}"
company:ico:09187944,company,RMPJ s.r.o.,10,"{""ico"":""09187944"",""subsidies_count"":2,""subsidies_total_czk"":772985.22}"
company:ico:09925856,company,Nadační fond - NOVÉ LÉČEBNÉ POSTUPY CHIRURGIE RUKY,10,"{""ico"":""09925856""}"
company:ico:14612411,company,"CS CABOT, spol. s r.o.",10,"{""ico"":""14612411"",""subsidies_count"":8,""subsidies_total_czk"":115463049.6}"
company:ico:14704234,company,"Tenisový klub Vodní stavby Plzeň, z.s.",10,"{""ico"":""14704234"",""subsidies_count"":17,""subsidies_total_czk"":1248998}"
company:ico:15045838,company,"Sdružení Český ráj, z.s.",10,"{""ico"":""15045838"",""subsidies_count"":25,""subsidies_total_czk"":6122875.03}"
company:ico:24188581,company,Nadace AGROFERT,10,"{""ico"":""24188581""}"
company:ico:24227901,company,"Společenství vlastníků Vlastislavova 605/20, Praha 4",10,"{""ico"":""24227901""}"
company:ico:25124188,company,"MIKI TRAVEL PRAGUE, spol. s r.o.",10,"{""ico"":""25124188""}"
company:ico:25205625,company,VODÁRNA PLZEŇ a.s.,10,"{""ico"":""25205625"",""subsidies_count"":14,""subsidies_total_czk"":577766108.9}"
company:ico:25220683,company,"Plzeňské městské dopravní podniky, a.s.",10,"{""ico"":""25220683"",""subsidies_count"":25,""subsidies_total_czk"":1162872610.04}"
company:ico:25224662,company,"Plzeňská filharmonie, obecně prospěšná společnost",10,"{""ico"":""25224662"",""subsidies_count"":25,""subsidies_total_czk"":36121000}"
company:ico:25234994,company,"Galerie města Plzně, o.p.s.",10,"{""ico"":""25234994"",""subsidies_count"":25,""subsidies_total_czk"":5459000}"
company:ico:25245091,company,"Regionální rozvojová agentura Plzeňského kraje, obecně prospěšná společnost",10,"{""ico"":""25245091"",""subsidies_count"":9,""subsidies_total_czk"":9968159.629999999}"
company:ico:25643461,company,MEBIUS s.r.o.,10,"{""ico"":""25643461""}"
company:ico:25713817,company,SPARING MB s.r.o.,10,"{""ico"":""25713817""}"
company:ico:26014343,company,"SynBiol, a.s.",10,"{""ico"":""26014343""}"
company:ico:26124459,company,"IMOBA, a.s.",10,"{""ico"":""26124459""}"
company:ico:26141761,company,GEKO SPORT s.r.o.,10,"{""ico"":""26141761"",""subsidies_count"":1,""subsidies_total_czk"":1350000}"
company:ico:26185610,company,"AGROFERT, a.s.",10,"{""ico"":""26185610"",""subsidies_count"":19,""subsidies_total_czk"":37793745}"
company:ico:26350416,company,"STYLE PD, s.r.o.",10,"{""ico"":""26350416""}"
company:ico:26396645,company,Techmania Science Center o.p.s.,10,"{""ico"":""26396645"",""subsidies_count"":25,""subsidies_total_czk"":41816186.019999996}"
company:ico:26419050,company,"Společenství vlastníků jednotek v domě čp. 2122, Na Folimance 13, Praha 2 - Vinohrady",10,"{""ico"":""26419050""}"
company:ico:26419068,company,Nadační fond Českého rozhlasu,10,"{""ico"":""26419068"",""subsidies_count"":11,""subsidies_total_czk"":9194375}"
company:ico:26822105,company,Nemocnice AGEL Valašské Meziříčí a.s.,10,"{""ico"":""26822105"",""subsidies_count"":25,""subsidies_total_czk"":99015793.69}"
company:ico:26872307,company,PRECHEZA a.s.,10,"{""ico"":""26872307""}"
company:ico:26997355,company,"Baculus, o.p.s.",10,"{""ico"":""26997355"",""subsidies_count"":25,""subsidies_total_czk"":83838807.33000001}"
company:ico:27082857,company,Nadační fond manželů Livie a Václava Klausových,10,"{""ico"":""27082857""}"
company:ico:27145433,company,U Machtů s.r.o.,10,"{""ico"":""27145433"",""subsidies_count"":6,""subsidies_total_czk"":1171239.1}"
company:ico:27149994,company,Nadace Věry a Vladimíra Janouškových,10,"{""ico"":""27149994"",""subsidies_count"":9,""subsidies_total_czk"":885000}"
company:ico:27251918,company,"Obecní dům, a.s.",10,"{""ico"":""27251918"",""subsidies_count"":12,""subsidies_total_czk"":40919642.65}"
company:ico:27256456,company,"Oblastní nemocnice Mladá Boleslav, a.s., nemocnice Středočeského kraje",10,"{""ico"":""27256456"",""subsidies_count"":25,""subsidies_total_czk"":61238487.13000001}"
company:ico:27341313,company,CHOMUTOVSKÁ BYTOVÁ a.s.,10,"{""ico"":""27341313"",""subsidies_count"":1,""subsidies_total_czk"":60000}"
company:ico:27465021,company,"Fatra, a.s.",10,"{""ico"":""27465021"",""subsidies_count"":25,""subsidies_total_czk"":67236585.63}"
company:ico:27693058,company,Prostějov venkov o.p.s.,10,"{""ico"":""27693058"",""subsidies_count"":25,""subsidies_total_czk"":29032658.64}"
company:ico:27771245,company,PROFROST a.s.,10,"{""ico"":""27771245""}"
company:ico:28168151,company,"Městská společnost sportovní a rekreační areály, s.r.o.",10,"{""ico"":""28168151"",""subsidies_count"":9,""subsidies_total_czk"":215074558.92999998}"
company:ico:28406354,company,Japa Foods s.r.o.,10,"{""ico"":""28406354""}"
company:ico:29054117,company,F.M.S. Consulting s.r.o.,10,"{""ico"":""29054117""}"
company:ico:29118336,company,Chronos Vejprnice o.p.s.,10,"{""ico"":""29118336"",""subsidies_count"":7,""subsidies_total_czk"":132000}"
company:ico:29123348,company,"Akademie HK PK, o.p.s.",10,"{""ico"":""29123348""}"
company:ico:29123747,company,"DOMOVINKA - sociální služby, o.p.s.",10,"{""ico"":""29123747"",""subsidies_count"":25,""subsidies_total_czk"":6525165.930000001}"
company:ico:41197518,company,VŠEOBECNÁ ZDRAVOTNÍ POJIŠŤOVNA ČESKÉ REPUBLIKY,10,"{""ico"":""41197518"",""subsidies_count"":25,""subsidies_total_czk"":1822212}"
company:ico:45332657,company,Nadace 700 let města Plzně,10,"{""ico"":""45332657""}"
company:ico:45534306,company,"ČSOB Pojišťovna, a. s., člen holdingu ČSOB",10,"{""ico"":""45534306"",""subsidies_count"":25,""subsidies_total_czk"":2266691.4}"
company:ico:46900411,company,Kostelecké uzeniny a.s.,10,"{""ico"":""46900411""}"
company:ico:47674652,company,"Vodovody a kanalizace Vsetín, a.s.",10,"{""ico"":""47674652"",""subsidies_count"":25,""subsidies_total_czk"":301663870.9}"
company:ico:47795808,company,"Sportovní klub policie Kadaň, z.s.",10,"{""ico"":""47795808""}"
company:ico:47997826,company,"Tenisový klub DEZA Valašské Meziříčí, z.s.",10,"{""ico"":""47997826"",""subsidies_count"":16,""subsidies_total_czk"":21465212}"
company:ico:48207918,company,"AGROPROFIT, spol. s r.o.",10,"{""ico"":""48207918"",""subsidies_count"":25,""subsidies_total_czk"":5459580.3}"
company:ico:49100262,company,"Lovochemie, a.s.",10,"{""ico"":""49100262"",""subsidies_count"":25,""subsidies_total_czk"":96456968.57}"
company:ico:49786709,company,Vodárenská a kanalizační a.s.,10,"{""ico"":""49786709""}"
company:ico:49825950,company,COMBIN BOHEMIA spol. s r.o.,10,"{""ico"":""49825950""}"
company:ico:60108916,company,"Synthesia, a.s.",10,"{""ico"":""60108916"",""subsidies_count"":25,""subsidies_total_czk"":194328515.98}"
company:ico:60194120,company,"Pražské služby, a.s.",10,"{""ico"":""60194120""}"
company:ico:60196459,company,ASPEN SPORT a.s.,10,"{""ico"":""60196459""}"
company:ico:60826851,company,Rybářství Třeboň a.s.,10,"{""ico"":""60826851"",""subsidies_count"":25,""subsidies_total_czk"":100506447.01}"
company:ico:61057606,company,"Komwag, podnik čistoty a údržby města, a.s.",10,"{""ico"":""61057606"",""subsidies_count"":25,""subsidies_total_czk"":26959577}"
company:ico:61681679,company,GEMA MB s.r.o.,10,"{""ico"":""61681679"",""subsidies_count"":1,""subsidies_total_czk"":91560}"
company:ico:64053466,company,Dopravní podnik měst Chomutova a Jirkova a.s.,10,"{""ico"":""64053466"",""subsidies_count"":25,""subsidies_total_czk"":47342464}"
company:ico:64258998,company,AGRONOVA CS s.r.o.,10,"{""ico"":""64258998""}"
company:ico:69972061,company,Sdružení měst a obcí Plzeňského kraje,10,"{""ico"":""69972061""}"
company:ico:70885117,company,"Česká lékařská komora - o.s., z.s.",10,"{""ico"":""70885117""}"
company:ico:70889988,company,"Povodí Ohře, státní podnik",10,"{""ico"":""70889988"",""subsidies_count"":25,""subsidies_total_czk"":124505481.18999998}"
company:ico:70890013,company,"Povodí Moravy, s.p.",10,"{""ico"":""70890013"",""subsidies_count"":25,""subsidies_total_czk"":191109743.79}"
contract:10043716,contract,"Smlouva o poskytnutí investiční dotace na realizaci projektu ""Nákup mechanizace na údržbu hřiště""",10,"{""amount"":100000,""signedOn"":""2019-11-19"",""supplierIco"":""47795808""}"
contract:10111580,contract,Smlouva o provozování úpravny vody,10,"{""amount"":889350,""signedOn"":""2019-11-20"",""supplierIco"":""49786709""}"
contract:1012537,contract,Objednávka - folie FATRAFOL,10,"{""amount"":0,""signedOn"":""2016-11-25"",""supplierIco"":""27465021""}"
contract:10189072,contract,Nákup - kontejner ABROLL o objemu 24 m3,10,"{""amount"":16098,""signedOn"":""2019-11-28"",""supplierIco"":""69972061""}"
contract:10193312,contract,Objednávka - Dodávka živého kapra,10,"{""amount"":0,""signedOn"":""2019-12-28"",""supplierIco"":""60826851""}"
contract:1020037,contract,Smlouva o dílo: Měření plynných emisí KD5,10,"{""amount"":0,""signedOn"":""2016-07-14"",""supplierIco"":""49100262""}"
contract:1025741,contract,"Smlouva o vzájemné spolupráci - reklama, propagace",10,"{""amount"":605000,""signedOn"":""2017-01-11"",""supplierIco"":""60108916""}"
contract:10269572,contract,Smlouva o nájmu nemovitých věcí v k.ú. Kostelec u Jihlavy,10,"{""amount"":832567.12,""signedOn"":""2019-12-10"",""supplierIco"":""46900411""}"
contract:10270136,contract,Smlouva o poskytnutí účelové neinvestiční dotace - LPS - ValMez,10,"{""amount"":2500000,""signedOn"":""2019-12-09"",""supplierIco"":""26822105""}"
contract:10273160,contract,Smlouva o poskytnutí účelové neinvestiční dotace - NOR - ValMez,10,"{""amount"":135000,""signedOn"":""2019-12-09"",""supplierIco"":""26822105""}"
contract:1030733,contract,Smlouva o dílo „Úklid a likvidace skládek odpadu 2016 v obvodu ST Praha východ“,10,"{""amount"":0,""signedOn"":""2016-08-18"",""supplierIco"":""61057606""}"
contract:10307612,contract,Smlouva o poskytování služeb (zaměstnávání odsouzených),10,"{""amount"":0,""signedOn"":""2019-12-13"",""supplierIco"":""46900411""}"
contract:10321220,contract,Smlouva o spolupráci,10,"{""amount"":0,""signedOn"":""2019-10-31"",""supplierIco"":""08160902""}"
contract:10351076,contract,SO 413.3 Provizorní připojení VN strojíren a Prerchezy,10,"{""amount"":6240491.51,""signedOn"":""2019-10-09"",""supplierIco"":""26872307""}"
contract:10429176,contract,Dodatek č. 25,10,"{""amount"":51830078.96,""signedOn"":""2019-12-18"",""supplierIco"":""49786709""}"
contract:10429180,contract,Dodatek č. 3,10,"{""amount"":2189321.97,""signedOn"":""2019-12-18"",""supplierIco"":""49786709""}"
contract:10445756,contract,"Změna čl. IV. odst. 1 smlouvy - termín pro Celkové vyúčtování dotace a čl. VII. odst. 1 písm. a) - vrácení nespotřebovaných finančních prostředků z dotace - oba články nově v termínu do 31. 3. 2020., dodatek číslo 1",10,"{""amount"":0,""signedOn"":""2019-12-30"",""supplierIco"":""25234994""}"
contract:10551028,contract,SMLOUVA PŘÍKAZNÍ,10,"{""amount"":363000,""signedOn"":""2019-12-13"",""supplierIco"":""69972061""}"
contract:10564448,contract,Vyhledání a zpostředkování uchazečů o zaměstnání,10,"{""amount"":0,""signedOn"":""2019-12-20"",""supplierIco"":""08160902""}"
contract:10655952,contract,Smlouva - objednávka,10,"{""amount"":79860,""signedOn"":""2020-01-22"",""supplierIco"":""49786709""}"
contract:10720708,contract,"Smlouva o právu provést stavbu  - stavební úpravy na stavbě bez čp/če, obč. vyb. na p.č. 1109/2, k.ú. Valašské Meziříčí – město",10,"{""amount"":2000000,""signedOn"":""2020-01-29"",""supplierIco"":""26822105""}"
contract:1074941,contract,PŘÍKAZNÍ SMLOUVU NA ZAJIŠTĚNÍ PŘÍPRAVY PASPORTIZACE SÍŤOVÉ INFRASTRUKTURY HMP A TVORBY REGISTRU PASIVNÍ INFRASTRUKTURY HMP,10,"{""amount"":5324000,""signedOn"":""2017-01-13"",""supplierIco"":""02795281""}"
contract:10770668,contract,Smlouva - objednávka,10,"{""amount"":87120,""signedOn"":""2020-01-31"",""supplierIco"":""49786709""}"
contract:10801548,contract,kontrola pitné vody,10,"{""amount"":266200,""signedOn"":""2020-01-08"",""supplierIco"":""26124459""}"
contract:10822544,contract,"Galerii města Plzně, o.p.s. - neinvestiční dotace na částečnou úhradu nezbytných nákladů vzniklých příjemci v roce 2020, věcně a časově příslušejících k tomuto období a souvisejících s provozem a činností příjemce v roce 2020.",10,"{""amount"":3600000,""signedOn"":""2020-02-06"",""supplierIco"":""25234994""}"
contract:1089077,contract,"Smlouva o věcném břemeni - p.č. 287, 315/1, 331, 332, k.ú. Valašské Meziříčí-město",10,"{""amount"":112379.96,""signedOn"":""2017-01-23"",""supplierIco"":""47674652""}"
contract:10905520,contract,Smlouva o podpoře,10,"{""amount"":0,""signedOn"":""2020-02-18"",""supplierIco"":""48207918""}"
contract:10929704,contract,Smlouva o poskytnutí účelové dotace z DT „Dotace schválené jmenovitě v rozpočtu PK OŠMS 2020“ na projekt Akademie individuálních sportů Plzeňského kraje,10,"{""amount"":6000000,""signedOn"":""2020-02-24"",""supplierIco"":""06646042""}"
contract:10934548,contract,Dodatek č. 14 - Nájemní smlouva - Nemocnice Valašské Meziříčí a.s. (nájem podniku),10,"{""amount"":236008.25,""signedOn"":""2020-02-17"",""supplierIco"":""26822105""}"
contract:10934768,contract,Smlouva o nadačním příspěvku - účast na ICC 2020,10,"{""amount"":60500,""signedOn"":""2020-02-21"",""supplierIco"":""26419068""}"
contract:10934772,contract,Smlouva o nadačním příspěvku - Agora a Pélion 2020,10,"{""amount"":205700,""signedOn"":""2020-02-21"",""supplierIco"":""26419068""}"
contract:10953764,contract,Smlouva o financování US-MBA studia,10,"{""amount"":0,""signedOn"":""2020-01-31"",""supplierIco"":""14612411""}"
contract:1096529,contract,Dodatek č. 1 k SOD,10,"{""amount"":187550,""signedOn"":""2016-12-29"",""supplierIco"":""25245091""}"
contract:1096533,contract,Dodatek č. 1 k SOD,10,"{""amount"":187550,""signedOn"":""2016-12-29"",""supplierIco"":""25245091""}"
contract:1096537,contract,"SoD - žádost o dotaci včetně příloha, akce: Vzdělávací centrum knihovna Domažlice",10,"{""amount"":181500,""signedOn"":""2016-12-12"",""supplierIco"":""25245091""}"
contract:10969756,contract,SMLOUVA O VZÁJEMNÉ SPOLUPRÁCI - Noční běh pro Světlušku 2020,10,"{""amount"":0,""signedOn"":""2020-02-17"",""supplierIco"":""26419068""}"
contract:10987300,contract,Nájemní smlouva - pronájem tělocvičny,10,"{""amount"":149500,""signedOn"":""2019-10-03"",""supplierIco"":""47997826""}"
contract:110641,contract,smlouva o budoucí smlouvě o zřízení služebnosti inženýrské sítě,10,"{""amount"":89350.03,""signedOn"":""2016-08-09"",""supplierIco"":""47674652""}"
contract:11066892,contract,Příkazní smlouva na plnění služeb v oblasti zaměstnanosti v Plzeňském kraji v období 1. 3. 2020 až 31. 12. 2020,10,"{""amount"":4890000,""signedOn"":""2020-02-28"",""supplierIco"":""08160902""}"
contract:11068768,contract,Veřejnoprávní smlouva o poskytnutí finanční dotace-Tenisový klub DEZA Valašské Meziříčí - pronájmy tělocvičen,10,"{""amount"":65994,""signedOn"":""2020-03-09"",""supplierIco"":""47997826""}"
contract:11068824,contract,Veřejnoprávní smlouva o poskytnutí finanční dotace-Tenisový klub DEZA Valašské Meziříčí - PPMS,10,"{""amount"":194793,""signedOn"":""2020-03-09"",""supplierIco"":""47997826""}"
contract:11069952,contract,"Dodatek č. 2 smlouvy - Rozšíření účelu použití dotace - nově smí být dotace použita na nákup 6 kusů bezpečnostních kamer a na nákup technického vybavení pro osvětlení expozice, a to podle přílohy č. 1 dodatku, která nahrazuje původní přílohu č. 1 smlouvy.",10,"{""amount"":0,""signedOn"":""2020-03-04"",""supplierIco"":""25234994""}"
contract:1111705,contract,"Peněžní dar ve výši 50.000,- Kč",10,"{""amount"":50000,""signedOn"":""2017-01-23"",""supplierIco"":""24188581""}"
contract:1113969,contract,Smlouva o převodu práv a povinností stavebníka na akci „Prodloužení vodovodu Valašské Meziříčí – ul. Šafaříkova“,10,"{""amount"":0,""signedOn"":""2017-01-25"",""supplierIco"":""47674652""}"
contract:1118841,contract,Kamerový průzkum kanalizačních stok - rok 2017,10,"{""amount"":1200000,""signedOn"":""2017-01-24"",""supplierIco"":""25205625""}"
contract:1120629,contract,"Memorandum o spolupráci při přípravě a realizaci nového Multikanálového odbavovacího systému mezi hlavním městem Praha, Dopravním podnikem HMP,a.s.,společnost, Regionálním organizátorem pražské integrované dopravy a Operátorem ICT, a.s.",10,"{""amount"":0,""signedOn"":""2016-12-22"",""supplierIco"":""02795281""}"
contract:1120785,contract,Hnojiva pro lesní hospodářství - projekt VaV,10,"{""amount"":1390000,""signedOn"":""2017-01-11"",""supplierIco"":""49100262""}"
contract:11280744,contract,Přístup do ČSN online pro více uživatelů na základ,10,"{""amount"":18000,""signedOn"":""2020-03-18"",""supplierIco"":""14612411""}"
contract:1135417,contract,služby spojené s výdejem karty Lítačka,10,"{""amount"":0,""signedOn"":""2017-02-08"",""supplierIco"":""02795281""}"
contract:1139445,contract,grant rodiče samoživitelé,10,"{""amount"":175450,""signedOn"":""2016-08-09"",""supplierIco"":""24188581""}"
contract:1142969,contract,Veřejnoprávní smlouva o poskytnutí neinvestiční dotace z prostředků rozpočtu statutárního města Mladá Boleslav na rok 2017 na provoz a údržbu sportovních zařízení a dorovnání odvodů DPH,10,"{""amount"":16500000,""signedOn"":""2017-02-06"",""supplierIco"":""28168151""}"
contract:11478500,contract,DOHODA o poskytnutí příspěvku z cíleného programu Antivirus,10,"{""amount"":0,""signedOn"":""2020-04-21"",""supplierIco"":""47997826""}"
contract:11494788,contract,ANTIVIRUS,10,"{""amount"":0,""signedOn"":""2020-04-22"",""supplierIco"":""26124459""}"
contract:1152149,contract,Investiční dotace na II. a III. etapu rekonstrukce sportovní haly U Stadionu 1322. MB,10,"{""amount"":10000000,""signedOn"":""2017-02-01"",""supplierIco"":""28168151""}"
contract:1152713,contract,poskytnutí investiční dotace na technické vybavení sportovní haly u 5. ZŠ MB,10,"{""amount"":350000,""signedOn"":""2017-02-02"",""supplierIco"":""28168151""}"
contract:1153105,contract,Investiční dotace na demolici kluboven v areálu koupaliště v MB,10,"{""amount"":500000,""signedOn"":""2017-02-01"",""supplierIco"":""28168151""}"
contract:1155221,contract,smlouva o poskytování služeb - zaměstnávání odsouzených,10,"{""amount"":0,""signedOn"":""2017-01-30"",""supplierIco"":""61057606""}"
contract:11558000,contract,DOHODA o poskytnutí příspěvku z cíleného programu Antivirus,10,"{""amount"":0,""signedOn"":""2020-04-23"",""supplierIco"":""26822105""}"
contract:11562404,contract,DOHODA o poskytnutí příspěvku z cíleného programu Antivirus,10,"{""amount"":0,""signedOn"":""2020-04-27"",""supplierIco"":""14612411""}"
contract:11708004,contract,Dohoda o poskytnutí příspěvku z cíleného programu Antivirus č. JIA-CO-1019991/2020,10,"{""amount"":0,""signedOn"":""2020-05-11"",""supplierIco"":""46900411""}"
contract:11708164,contract,Poskytnutí dotace z rozpočtu MO Plzeň 3 - DP 2,10,"{""amount"":4000,""signedOn"":""2020-04-27"",""supplierIco"":""14704234""}"
contract:1172457,contract,Smlouva o nájmu prostoru sloužícího k podnikání,10,"{""amount"":0,""signedOn"":""2017-01-24"",""supplierIco"":""27341313""}"
contract:1172549,contract,Smlouva o nájmu prostoru sloužícího k podnikání,10,"{""amount"":0,""signedOn"":""2017-08-25"",""supplierIco"":""27341313""}"
contract:1172613,contract,Smlouva o nájmu prostoru sloužícího k podnikání,10,"{""amount"":0,""signedOn"":""2016-10-03"",""supplierIco"":""27341313""}"
contract:1172657,contract,Smlouva o nájmu prostoru sloužícího k podnikání,10,"{""amount"":0,""signedOn"":""2016-10-05"",""supplierIco"":""27341313""}"
contract:1172685,contract,Smlouva o nájmu prostoru sloužícího k podnikání,10,"{""amount"":0,""signedOn"":""2016-10-18"",""supplierIco"":""27341313""}"
contract:1172713,contract,Smlouva o nájmu nemovitosti,10,"{""amount"":0,""signedOn"":""2016-09-20"",""supplierIco"":""27341313""}"
contract:1172793,contract,Smlouva o nájmu nemovitosti,10,"{""amount"":0,""signedOn"":""2016-09-29"",""supplierIco"":""27341313""}"
contract:11733244,contract,DOHODA o poskytnutí příspěvku z cíleného programu Antivirus,10,"{""amount"":0,""signedOn"":""2020-05-13"",""supplierIco"":""27771245""}"
contract:11739440,contract,Poskytnutí dotace z rozpočtu MO Plzeň 3 – DP 7,10,"{""amount"":20000,""signedOn"":""2020-04-27"",""supplierIco"":""14704234""}"
contract:11768564,contract,Příspěvek na sportovní přípravu mladých sportovců.,10,"{""amount"":181500,""signedOn"":""2020-05-14"",""supplierIco"":""06646042""}"
contract:11829764,contract,Smlouva o poskytnutí dotace na projekt &quot;tenis&quot;,10,"{""amount"":104000,""signedOn"":""2020-05-19"",""supplierIco"":""47997826""}"
contract:11849,contract,VT Blatenský potok – rekonstrukce opevnění Horní Blatná,10,"{""amount"":1609298.79,""signedOn"":""2016-07-15"",""supplierIco"":""70889988""}"
contract:11857,contract,VD Křímov - oprava schodiště podél paty hráze,10,"{""amount"":1017263.94,""signedOn"":""2016-07-15"",""supplierIco"":""70889988""}"
contract:11861,contract,Radčický potok (Litvínov) – oprava opevnění,10,"{""amount"":3726800,""signedOn"":""2016-07-15"",""supplierIco"":""70889988""}"
contract:11865,contract,Oprava LB zdi Bystré v H. Habarticích u Culků - pod mostkem,10,"{""amount"":513026.69,""signedOn"":""2016-07-15"",""supplierIco"":""70889988""}"
contract:11869,contract,Hutní potok (Zaječice) - TN,10,"{""amount"":144595.5687,""signedOn"":""2016-07-12"",""supplierIco"":""70889988""}"
contract:11873,contract,"RH Přísečnice, hala líhně – obklad fasády",10,"{""amount"":910404.242,""signedOn"":""2016-01-19"",""supplierIco"":""70889988""}"
contract:11875748,contract,Dohoda o poskytnutí příspěvku z cíleného programu Antivirus,10,"{""amount"":0,""signedOn"":""2020-05-25"",""supplierIco"":""04934482""}"
contract:11881,contract,"OPŠ 06/2013 – Kamenice v České Kamenici (21,840 – 22,350)",10,"{""amount"":47672236.4371,""signedOn"":""2015-06-01"",""supplierIco"":""70889988""}"
contract:11917576,contract,"Smlouva o právu provést stavbu  - instalace 5 kusů klimatizačních jednotek na stavbě č.p. 980, na p.č. 1109/1, k.ú. Valašské Meziříčí – město",10,"{""amount"":0,""signedOn"":""2020-05-26"",""supplierIco"":""26822105""}"
contract:11947704,contract,Finanční dotace ve výši 3 mil. Kč na činnost nadace v roce 2020.,10,"{""amount"":3000000,""signedOn"":""2020-05-22"",""supplierIco"":""45332657""}"
contract:11959768,contract,Podpora sportu a tělovýchovy pro rok 2020,10,"{""amount"":97500,""signedOn"":""2020-05-29"",""supplierIco"":""06646042""}"
contract:1196497,contract,Podlicenční smlouva pro výstavu Věda a voda,10,"{""amount"":0,""signedOn"":""2017-02-08"",""supplierIco"":""26396645""}"
contract:11968192,contract,Podpora sportu a tělovýchovy 2020,10,"{""amount"":32000,""signedOn"":""2020-05-29"",""supplierIco"":""14704234""}"
contract:12010344,contract,Smlouva o podpoře,10,"{""amount"":0,""signedOn"":""2020-06-04"",""supplierIco"":""48207918""}"
contract:1203781,contract,kupní smlouva z privatizace č. 153/16,10,"{""amount"":171118.2,""signedOn"":""2017-02-16"",""supplierIco"":""60826851""}"
contract:1205585,contract,"III/11724 Obchvat Rokycany-Hrádek,úsek 2",10,"{""amount"":205700,""signedOn"":""2017-02-10"",""supplierIco"":""25245091""}"
contract:12110680,contract,cenová nabídka služeb/objednávka - měření prachu a chemických látek,10,"{""amount"":96128.45,""signedOn"":""2020-06-15"",""supplierIco"":""14612411""}"
contract:1212969,contract,Smlouva o spolupráci,10,"{""amount"":66211.2,""signedOn"":""2017-02-07"",""supplierIco"":""27465021""}"
contract:12161412,contract,Smlouva o poskytnutí účelové dotace z DT „Podpora tělovýchovy a sportu v roce 2020“,10,"{""amount"":85000,""signedOn"":""2020-05-27"",""supplierIco"":""14704234""}"
contract:12183248,contract,Dohoda o poskytování právní služby,10,"{""amount"":0,""signedOn"":""2020-04-02"",""supplierIco"":""08160902""}"
contract:12318360,contract,Darovací smlouva,10,"{""amount"":114950,""signedOn"":""2020-06-25"",""supplierIco"":""14612411""}"
contract:12344332,contract,"prodloužení doby výpůjčky, dodatek číslo 2",10,"{""amount"":668481.44,""signedOn"":""2020-06-25"",""supplierIco"":""25234994""}"
contract:12379436,contract,"Smlouva o zřízení práva stavby - p.č. 2871/6, k.ú. Valašské Meziříčí – město",10,"{""amount"":0,""signedOn"":""2020-07-16"",""supplierIco"":""47997826""}"
contract:12381184,contract,Smlouva o účtu_CS41000052446224,10,"{""amount"":0,""signedOn"":""2020-07-16"",""supplierIco"":""01398717""}"
contract:12385348,contract,"Dodatek č. 2 ke Smlouvě o nájmu prostor sloužících podnikání, č.ev. NS 01/2013",10,"{""amount"":0,""signedOn"":""2020-07-16"",""supplierIco"":""07739044""}"
contract:12416872,contract,Připojení na pult centralizované ochrany,10,"{""amount"":0,""signedOn"":""2020-07-16"",""supplierIco"":""27771245""}"
contract:12437792,contract,Smlouva o poskytnutí dotace - Stavba roku Plzeňského kraje 2019,10,"{""amount"":230000,""signedOn"":""2020-07-21"",""supplierIco"":""07739044""}"
contract:12454440,contract,Dohoda o poskytnutí příspěvku z cíleného programu Antivirus,10,"{""amount"":0,""signedOn"":""2020-07-14"",""supplierIco"":""25124188""}"
contract:12506932,contract,Smlouva o poskytnutí finančních prostředků - NOR,10,"{""amount"":71995,""signedOn"":""2020-07-28"",""supplierIco"":""26822105""}"
contract:12510688,contract,"Smlouva o právu provést stavbu  - stavební úpravy na stavbě č.p. 980, obč. vyb. na p.č. 1109/1, k.ú. Valašské Meziříčí – město",10,"{""amount"":0,""signedOn"":""2020-07-24"",""supplierIco"":""26822105""}"
contract:12517304,contract,"Smlouva o vypořádání závazků, poskytování blíže specifikovaných služeb",10,"{""amount"":756250,""signedOn"":""2020-07-29"",""supplierIco"":""07739044""}"
contract:1256054,contract,Smlouva o poskytnutí nadačního příspěvku,10,"{""amount"":60500,""signedOn"":""2017-02-21"",""supplierIco"":""26419068""}"
contract:12562720,contract,"Poskytnutí dotace v rámci Jednoletého dotačního programu v oblasti kultury na podporu uměleckých a kulturních projektů na rok 2020 subjektu SUTNAR - NADACE RADOSLAVA A ELAINE SUTNAROVÝCH, P/II/19 - NÁRODNÍ CENA ZA STUDENTSKÝ DESIGN 2020",10,"{""amount"":100000,""signedOn"":""2020-08-03"",""supplierIco"":""06919511""}"
contract:12608816,contract,Darovací smlouva - oděvy pro operační sály,10,"{""amount"":59066.42,""signedOn"":""2020-08-07"",""supplierIco"":""26822105""}"
contract:12620092,contract,Dodatek č. 1 ke smlouvě o spolupráci,10,"{""amount"":60500,""signedOn"":""2020-07-30"",""supplierIco"":""26124459""}"
contract:12650192,contract,"Darovací smlouva, CS CABOT, s.r.o. Valašské Meziříčí",10,"{""amount"":204306.79,""signedOn"":""2020-07-30"",""supplierIco"":""14612411""}"
contract:1267730,contract,Oprava parketových podlah ve třídách,10,"{""amount"":149487,""signedOn"":""2017-02-09"",""supplierIco"":""04934482""}"
contract:12719048,contract,"Výpůjčka - p.č. 2871/6, k.ú. Valašské Meziříčí - město",10,"{""amount"":0,""signedOn"":""2020-08-27"",""supplierIco"":""47997826""}"
contract:1276142,contract,"Zajištění zákonem 108/2006 Sb., stanoveného základního vzdělání pro zaměstnance na pozici „pracovník v sociálních službách“.",10,"{""amount"":242000,""signedOn"":""2017-02-15"",""supplierIco"":""26997355""}"
contract:12784100,contract,Zapojení do projektu Vzdělávání členů KHK v PK,10,"{""amount"":705091.2,""signedOn"":""2020-09-03"",""supplierIco"":""07739044""}"
contract:128541,contract,smlouva o zřízení věcného břemene,10,"{""amount"":2904,""signedOn"":""2016-08-22"",""supplierIco"":""47674652""}"
contract:128569,contract,smlouva o zřízení věcného břemene,10,"{""amount"":11132,""signedOn"":""2016-08-22"",""supplierIco"":""47674652""}"
contract:12859492,contract,Dodávka 1800 ks celotělových obleků,10,"{""amount"":448668,""signedOn"":""2020-09-14"",""supplierIco"":""26350416""}"
contract:1288210,contract,Dodatek smlouvy o poskytování a úhradě zdravotních služeb o změně identikačních údajů D8RSM1700006313,10,"{""amount"":0,""signedOn"":""2017-03-02"",""supplierIco"":""26997355""}"
contract:1288214,contract,Dodatek smlouvy o poskytování a úhradě zdravotních služeb  - smluvní rozsah PZS D7RSM1700006363,10,"{""amount"":0,""signedOn"":""2017-03-02"",""supplierIco"":""29123747""}"
contract:1296126,contract,Smlouva o poskytnutí účelové dotace,10,"{""amount"":4288790,""signedOn"":""2017-03-01"",""supplierIco"":""26997355""}"
contract:1297230,contract,Smlouva o poskytnutí účelové dotace,10,"{""amount"":4387200,""signedOn"":""2017-03-01"",""supplierIco"":""29123747""}"
contract:1299930,contract,TK DEZA - nájmy tělocvičen,10,"{""amount"":128797,""signedOn"":""2017-03-01"",""supplierIco"":""47997826""}"
contract:1300002,contract,TK DEZA - PPMS,10,"{""amount"":206882,""signedOn"":""2017-03-01"",""supplierIco"":""47997826""}"
contract:1303858,contract,Administrace projektu „Záchrana ohrožených historických knižních fondů SVK PK“,10,"{""amount"":0,""signedOn"":""2017-02-24"",""supplierIco"":""25245091""}"
contract:1305410,contract,smlouva o zřízení věcného břemene,10,"{""amount"":4356,""signedOn"":""2017-03-06"",""supplierIco"":""47674652""}"
contract:13091552,contract,"Veřejnoprávní smlouva o poskytnutí finanční dotace ve výši 3.732.340,09 Kč",10,"{""amount"":3732340.09,""signedOn"":""2020-04-03"",""supplierIco"":""47997826""}"
contract:1311590,contract,smlouva o zřízení věcného břemene,10,"{""amount"":3751,""signedOn"":""2017-03-07"",""supplierIco"":""47674652""}"
contract:1321650,contract,DOHODA o zabezpečení vzdělávací aktivity zaměstnanců a potenciálních zaměstnanců a poskytnutí příspěvku v rámci projektu Podpora odborného vzdělávání zaměstnanců II   č. PAA-MN-112/2016 reg. č.  CZ.03.1.52/0.0/0.0/15_021/0000053,10,"{""amount"":415409.94,""signedOn"":""2016-11-21"",""supplierIco"":""60108916""}"
contract:1322538,contract,Smlouva o dodávce pitrné vody a odvádění odpadních vod,10,"{""amount"":0,""signedOn"":""2017-03-08"",""supplierIco"":""47674652""}"
contract:13334672,contract,Příprava kompozitních nanosorbentů,10,"{""amount"":242000,""signedOn"":""2020-10-20"",""supplierIco"":""26872307""}"
contract:13382080,contract,Titanyl sulfát dihydrát,10,"{""amount"":91960,""signedOn"":""2020-11-03"",""supplierIco"":""26872307""}"
contract:1338998,contract,"smlouva o dílo - Smlouva o dílo - ""Územní studie krajiny ORP Přeštice""",10,"{""amount"":101640,""signedOn"":""2017-03-08"",""supplierIco"":""25245091""}"
contract:1340842,contract,Smlouva o dílo - zpracování propagačních materiálů,10,"{""amount"":119064,""signedOn"":""2017-03-09"",""supplierIco"":""15045838""}"
contract:13424592,contract,Smlouva o poskytnutí účelové dotace z DT „Individuální dotace ORR 2020“,10,"{""amount"":299000,""signedOn"":""2020-11-05"",""supplierIco"":""07739044""}"
contract:13436100,contract,DOHODA o poskytnutí příspěvku z cíleného programu Antivirus,10,"{""amount"":0,""signedOn"":""2020-11-09"",""supplierIco"":""25713817""}"
contract:134597,contract,Pojistná smlouva - Pojistná smlouva,10,"{""amount"":0,""signedOn"":""2011-12-30"",""supplierIco"":""45534306""}"
contract:134661,contract,PACHT - pachtovní smlouva,10,"{""amount"":53000,""signedOn"":""2014-09-30"",""supplierIco"":""47674652""}"
contract:1347890,contract,"Smlouva o věcném břemeni - p.č. 177/1, 1483, k.ú. Křivé",10,"{""amount"":96413,""signedOn"":""2017-03-14"",""supplierIco"":""47674652""}"
contract:13497,contract,"Na základě vaší cenové nabídky objednáváme u vás pravidelný úklid pozemku Olšanská - při zdi kostela sv. Rocha po čerpací stanici Benzina a to 1x týdně, vždy v úterý, v období červenec - září 2016.",10,"{""amount"":5026.34,""signedOn"":""2016-07-01"",""supplierIco"":""60194120""}"
contract:13521,contract,"Na základě vaší cenové nabídky objednáváme u vás strojní úklid v ulici Jana Želivského v úseku Olšanská - Koněvova (obě strany) s četností 3x týdně.
Částka je uvedena za 1 úklidový den a nesmí být překročena.",10,"{""amount"":2301.18,""signedOn"":""2016-07-01"",""supplierIco"":""60194120""}"
contract:13599089,contract,Dohoda o poskytnutí příspěvku z cíleného programu Antivirus,10,"{""amount"":0,""signedOn"":""2020-11-18"",""supplierIco"":""27145433""}"
contract:1378630,contract,Příkazní smlouva,10,"{""amount"":423500,""signedOn"":""2017-03-03"",""supplierIco"":""25245091""}"
contract:1378778,contract,Příkazní smlouva,10,"{""amount"":399300,""signedOn"":""2017-03-03"",""supplierIco"":""25245091""}"
contract:14060579,contract,"Kupní smlouva_IMOBA, a.s.",10,"{""amount"":84700,""signedOn"":""2020-10-19"",""supplierIco"":""26124459""}"
contract:14114951,contract,"Dodatek č. 1 ke smlouvě o poskytnutí dotace č. 2020/003428
Předmětem dodatku jsou změny v realizaci projektu schválené ZMP usnesením č. 473 ze 14.12.2020., dodatek číslo 2020/003428/1",10,"{""amount"":0,""signedOn"":""2021-01-11"",""supplierIco"":""06919511""}"
contract:14164079,contract,DOHODA o poskytnutí příspěvku z cíleného programu Antivirus - dodatek.,10,"{""amount"":0,""signedOn"":""2020-12-30"",""supplierIco"":""26124459""}"
contract:1417750,contract,"Smlouva č. 214/15 o nájmu pozemku, VS 6408021415",10,"{""amount"":24768.7,""signedOn"":""2016-12-06"",""supplierIco"":""15045838""}"
contract:14186255,contract,SMLOUVA PŘÍKAZNÍ,10,"{""amount"":363000,""signedOn"":""2020-12-21"",""supplierIco"":""69972061""}"
contract:14199395,contract,"Galerii města Plzně, o.p.s. - neinvestiční dotace na částečnou úhradu nezbytných nákladů vzniklých příjemci v roce 2021, věcně a časově příslušejících k tomuto období a souvisejících s provozem a činností příjemce v roce 2021.",10,"{""amount"":3304000,""signedOn"":""2021-01-13"",""supplierIco"":""25234994""}"
contract:14433483,contract,"Dodatek č. 1 ke smlouvě č. 2019/006733 - Galerie města Plzně, o.p.s., ve věci změny dotovaného projektu v souvislosti s pandemií COVID",10,"{""amount"":0,""signedOn"":""2021-02-03"",""supplierIco"":""25234994""}"
contract:1443766,contract,Mořidla,10,"{""amount"":152000,""signedOn"":""2017-03-08"",""supplierIco"":""26185610""}"
contract:14527251,contract,Smlouva o poskytnutí účelové dotace z DT „Dotace schválené jmenovitě v rozpočtu PK OŠMS 2021“ na realizaci projektu  Akademie individuálních sportů Plzeňského kraje,10,"{""amount"":5700000,""signedOn"":""2021-02-24"",""supplierIco"":""06646042""}"
contract:14585455,contract,Veřejnoprávní smlouva o poskytnutí dotace-Tenisový klub DEZA,10,"{""amount"":237948,""signedOn"":""2021-03-02"",""supplierIco"":""47997826""}"
contract:1459698,contract,Objednávka - Referát materiálně technického zabezpečení,10,"{""amount"":128865,""signedOn"":""2017-02-20"",""supplierIco"":""27465021""}"
contract:14613439,contract,Příkazní smlouva na plnění služeb v oblasti zaměstnanosti v Plzeňském kraji v období 1. 3. 2021 až 31. 12. 2021,10,"{""amount"":3569500,""signedOn"":""2021-02-24"",""supplierIco"":""08160902""}"
contract:14620643,contract,Poskytování služeb blíže specifikovaných v příloze č. 1,10,"{""amount"":484000,""signedOn"":""2021-01-26"",""supplierIco"":""07739044""}"
contract:14653,contract,"Analýza rizik pro projekt snížení rizik trestní odpovědnosti 
právnických osob a trestní odpovědnosti vedení organizace",10,"{""amount"":273460,""signedOn"":""2016-07-18"",""supplierIco"":""70889988""}"
contract:1468166,contract,Dotace z rozpočtu MO Plzeň 3 - Dotační program č. 1,10,"{""amount"":15000,""signedOn"":""2017-03-06"",""supplierIco"":""14704234""}"
contract:14813759,contract,"Rekonstrukce, oprava a výstavba sportovních zařízení, areálů a související infrastruktury na území města Plzně",10,"{""amount"":99450,""signedOn"":""2021-03-18"",""supplierIco"":""14704234""}"
contract:14858695,contract,DODATEK k dohodě o poskytnutí příspěvku z cíleného programu Antivirus,10,"{""amount"":0,""signedOn"":""2021-03-17"",""supplierIco"":""47997826""}"
contract:14859151,contract,DODATEK č. 2 k dohodě o poskytnutí příspěvku z cíleného programu Antivirus,10,"{""amount"":0,""signedOn"":""2021-03-17"",""supplierIco"":""47997826""}"
contract:14897195,contract,Dodatek k dohodě o poskytnutí příspěvku Antivirus,10,"{""amount"":0,""signedOn"":""2021-03-23"",""supplierIco"":""25124188""}"
contract:14897199,contract,Dodatek k dohodě o poskytnutí příspěvku Antivirus,10,"{""amount"":0,""signedOn"":""2021-03-23"",""supplierIco"":""25124188""}"
contract:14995687,contract,DODATEK k dohodě o poskytnutí příspěvku z cíleného programu Antivirus,10,"{""amount"":0,""signedOn"":""2021-04-07"",""supplierIco"":""04934482""}"
contract:14995839,contract,DODATEK Č. 2 k dohodě o poskytnutí příspěvku z cíleného programu Antivirus,10,"{""amount"":0,""signedOn"":""2021-04-07"",""supplierIco"":""04934482""}"
contract:14996391,contract,DODATEK k dohodě o poskytnutí příspěvku z cíleného programu Antivirus,10,"{""amount"":0,""signedOn"":""2021-04-07"",""supplierIco"":""04934482""}"
contract:15044399,contract,Dodatek č. 2 k dohodě o poskytnutí příspěvku Antivirus,10,"{""amount"":0,""signedOn"":""2021-03-27"",""supplierIco"":""27145433""}"
contract:1508538,contract,Žižkova ul. - vyvýšená plocha křižovatky,10,"{""amount"":1467725,""signedOn"":""2017-03-24"",""supplierIco"":""61681679""}"
contract:1519290,contract,"Příkazní smlouva -zajištění administrace projektu ""Řešení cyklodopravy ve městě Staňkov a v jeho místních částech""",10,"{""amount"":205700,""signedOn"":""2017-02-23"",""supplierIco"":""25245091""}"
contract:1524966,contract,Dotace z prostředků MO Plzeň 3 (Dotační program č. 4),10,"{""amount"":20000,""signedOn"":""2017-03-22"",""supplierIco"":""45332657""}"
contract:15267747,contract,Finanční dotace ve výši 3 mil. Kč na činnost nadace v roce 2021.,10,"{""amount"":3000000,""signedOn"":""2021-04-28"",""supplierIco"":""45332657""}"
contract:15287003,contract,Smlouva o poskytnutí dotace na projekt &quot;tenis&quot;,10,"{""amount"":93000,""signedOn"":""2021-04-29"",""supplierIco"":""47997826""}"
contract:1530706,contract,Dotace z rozpočtu MO Plzeň 3 - Dotační program č. 1,10,"{""amount"":25000,""signedOn"":""2017-03-07"",""supplierIco"":""26396645""}"
contract:15313071,contract,"Poskytnutí dotace v rámci Jednoletého dotačního programu v oblasti kultury na podporu uměleckých a kulturních projektů na rok 2021 subjektu SUTNAR - NADACE RADOSLAVA A ELAINE SUTNAROVÝCH, P/II/11 - NÁRODNÍ CENA ZA STUDENTSKÝ DESIGN 2021",10,"{""amount"":150040,""signedOn"":""2021-05-03"",""supplierIco"":""06919511""}"
contract:1533082,contract,Peněžní dar pro JSDH Todně,10,"{""amount"":60000,""signedOn"":""2017-03-31"",""supplierIco"":""24188581""}"
contract:1533778,contract,Dotace na sociální služby,10,"{""amount"":3678400,""signedOn"":""2017-04-05"",""supplierIco"":""29123747""}"
contract:15388803,contract,Poskytnutí dotace do oblasti sportu a tělovýchovy včetně podpory hendikepovaných sportovců,10,"{""amount"":51000,""signedOn"":""2021-05-05"",""supplierIco"":""14704234""}"
contract:15396503,contract,Poskytnutí dotace do oblasti sportu a tělovýchovy včetně podpory hendikepovaných sportovců,10,"{""amount"":100000,""signedOn"":""2021-05-11"",""supplierIco"":""06646042""}"
contract:154261,contract,Objednávka léků,10,"{""amount"":91596.6,""signedOn"":""2016-08-30"",""supplierIco"":""27256456""}"
contract:15469271,contract,Rámcová smlouva o zprostředkování pracovních pozic,10,"{""amount"":0,""signedOn"":""2021-05-07"",""supplierIco"":""08160902""}"
contract:154869,contract,Objednávka odborné spolupráce,10,"{""amount"":108900,""signedOn"":""2016-08-03"",""supplierIco"":""25245091""}"
contract:1548950,contract,Dotace z prostředků MO Plzeň 3 (Dotační program č. 2),10,"{""amount"":9000,""signedOn"":""2017-03-28"",""supplierIco"":""14704234""}"
contract:15596447,contract,Smlouva o poskytnutí dotace DP 7 - Tenisový klub Vodní stavby Plzeň,10,"{""amount"":7000,""signedOn"":""2021-05-28"",""supplierIco"":""14704234""}"
contract:1561022,contract,vyklizení odpadu z objektů NM,10,"{""amount"":128030,""signedOn"":""2017-03-03"",""supplierIco"":""61057606""}"
contract:1563942,contract,smlouva o zřízení věcného břemene,10,"{""amount"":2722.5,""signedOn"":""2017-04-10"",""supplierIco"":""47674652""}"
contract:1569958,contract,Smlouva o spolupráci při výrobě tel.pořadu,10,"{""amount"":0,""signedOn"":""2017-04-05"",""supplierIco"":""26396645""}"
contract:1575526,contract,"Smlouva o převodu práv a povinností stavebníka na stavbu Prodloužení vodovodu Valašské Meziříčí, Juřinka",10,"{""amount"":0,""signedOn"":""2017-04-05"",""supplierIco"":""47674652""}"
contract:1575706,contract,37. Smetanovské dny,10,"{""amount"":400000,""signedOn"":""2017-04-07"",""supplierIco"":""25224662""}"
contract:15757627,contract,Rámcová smlouva o zprostředkování,10,"{""amount"":0,""signedOn"":""2021-06-16"",""supplierIco"":""08160902""}"
contract:1576690,contract,Činnost Plzeňské filharmonie v roce 2017,10,"{""amount"":7500000,""signedOn"":""2017-04-07"",""supplierIco"":""25224662""}"
contract:1581902,contract,Smlouva o vzájemné spolupráci - pronájem prostor pro realizaci charitativní akce Noční běh pro Světlušku,10,"{""amount"":0,""signedOn"":""2017-03-31"",""supplierIco"":""26419068""}"
contract:1582938,contract,Objednávka č. 91 - létající sběrné dvory programu Čistá dvojka,10,"{""amount"":326790,""signedOn"":""2017-03-30"",""supplierIco"":""61057606""}"
contract:1583010,contract,objednávka č. 85 - mimořádné mytí průchodů tlakovou vodou,10,"{""amount"":147209,""signedOn"":""2017-03-29"",""supplierIco"":""61057606""}"
contract:1583066,contract,objednávka č. 88 - úklid vybraných chodníků vysavačem typu Gluton,10,"{""amount"":172500,""signedOn"":""2017-03-30"",""supplierIco"":""61057606""}"
contract:1583094,contract,objednávka č. 90 - splach chodníků tlakovou vodou,10,"{""amount"":139755,""signedOn"":""2017-03-30"",""supplierIco"":""61057606""}"
contract:1587746,contract,Objednávka - úklid a údržba vegetace Bubny - Dejvice,10,"{""amount"":84700,""signedOn"":""2017-04-11"",""supplierIco"":""61057606""}"
contract:159181,contract,"Smlouva o poskytnutí investiční dotace &quot;Rekonstrukce a dostavba pavilonu  č. 4 a 6 Oblastní nemocnice Mladá Boleslav, a. s., nemocnice SČK&quot;",10,"{""amount"":30000000,""signedOn"":""2014-06-05"",""supplierIco"":""27256456""}"
contract:159209,contract,"Smlouva o dotaci &quot;Generel ON Mladá Boleslav, a.s., nemocnice Středočeského kraje - pavilon 7 (interna), pavilon 37 (parkoviště)&quot;",10,"{""amount"":492000000,""signedOn"":""2012-06-07"",""supplierIco"":""27256456""}"
contract:15925507,contract,Smlouva o poskytnutí dotace na akci „Stavba roku Plzeňského kraje 2020“,10,"{""amount"":250000,""signedOn"":""2021-07-09"",""supplierIco"":""07739044""}"
contract:1592574,contract,Smlouva o úklidu veřejných prostor „Úklid podchodů a lávek oblast Plzeň“,10,"{""amount"":1437964,""signedOn"":""2017-03-01"",""supplierIco"":""61057606""}"
contract:15961515,contract,Smlouva o poskytnutí dotace - Stavba roku Plzeňského kraje 2020,10,"{""amount"":230000,""signedOn"":""2021-07-09"",""supplierIco"":""07739044""}"
contract:16045,contract,"VD Všechlapy, segmentový uzávěr - oprava protikorozních povlaků",10,"{""amount"":165286,""signedOn"":""2016-06-24"",""supplierIco"":""70889988""}"
contract:160725,contract,"Dodatek č. 1 ke smlouvě o dotaci &quot;Rekonstrukce a dostavba pavilonu  č. 4 a 6 Oblastní nemocnice Mladá Boleslav, a. s., nemocnice SČK&quot;",10,"{""amount"":50000000,""signedOn"":""2014-06-05"",""supplierIco"":""27256456""}"
contract:1611146,contract,Smlouva Agrofert - pokusy 2017,10,"{""amount"":360580,""signedOn"":""2017-03-21"",""supplierIco"":""26185610""}"
contract:161289,contract,"Dodatek č. 1 k smlouvě o dotaci &quot;Generel ON MladáBoleslav, a.s., nemocnice Středočeského kraje - pavilon 7 (interna), pavilon 37 (parkoviště)&quot;",10,"{""amount"":492000000,""signedOn"":""2011-05-10"",""supplierIco"":""27256456""}"
contract:1616414,contract,Výroba a montáž lavic a věšáků v tělocvičně ZŠ Nýřany.,10,"{""amount"":159518,""signedOn"":""2017-03-31"",""supplierIco"":""04934482""}"
contract:161817,contract,"Dodatek č. 2 ke Smlouvě o poskytnutí investiční dotace &quot;Rekonstrukce a dostavba pavilonu  č. 4 a 6 Oblastní nemocnice Mladá Boleslav, a. s., nemocnice SČK&quot;",10,"{""amount"":70000000,""signedOn"":""2014-06-05"",""supplierIco"":""27256456""}"
contract:16204127,contract,Smlouva o poskytnutí dotace na akci „Neinvestiční podpora činnosti“,10,"{""amount"":80000,""signedOn"":""2021-08-11"",""supplierIco"":""14704234""}"
contract:16219771,contract,Smlouva o poskytnutí dotace na akci „Národní cena za studentský design 2021“,10,"{""amount"":60000,""signedOn"":""2021-08-12"",""supplierIco"":""06919511""}"
contract:1622594,contract,Dodatek č. 11 - Nájemní smlouva - nájem podniku,10,"{""amount"":8054147.2,""signedOn"":""2017-03-31"",""supplierIco"":""26822105""}"
contract:1624154,contract,Sml. o provádění lékařských prohlídek zaměstnanců,10,"{""amount"":0,""signedOn"":""2017-03-09"",""supplierIco"":""26185610""}"
contract:162945,contract,Pojistná smlouva - Pojistná smlouva,10,"{""amount"":0,""signedOn"":""2016-08-31"",""supplierIco"":""45534306""}"
contract:16294619,contract,Rámcová smlouva - zprostředkování zaměstnání - KZ,10,"{""amount"":0,""signedOn"":""2021-07-13"",""supplierIco"":""08160902""}"
contract:163013,contract,"Smlouva o dílo - úprava zeleně, odvoz a likvidace odpadu Drahelčice",10,"{""amount"":280816.8,""signedOn"":""2016-08-30"",""supplierIco"":""61057606""}"
contract:163957,contract,"Dodatek č. 2 k smlouvě o dotaci &quot;Generel ON MladáBoleslav, a.s., nemocnice Středočeského kraje - pavilon 7 (interna), pavilon 37 (parkoviště)&quot;",10,"{""amount"":492000000,""signedOn"":""2011-12-15"",""supplierIco"":""27256456""}"
contract:1643166,contract,Dotace na sociální služby,10,"{""amount"":3085500,""signedOn"":""2017-04-18"",""supplierIco"":""26997355""}"
contract:165097,contract,"Dodatek č. 3 k smlouvě o dotaci &quot;Generel ON MladáBoleslav, a.s., nemocnice Středočeského kraje - pavilon 7 (interna), pavilon 37 (parkoviště)&quot;",10,"{""amount"":492000000,""signedOn"":""2013-05-14"",""supplierIco"":""27256456""}"
contract:1655034,contract,"Objednávka - Rekonstrukce chodníku u okružní křižovatky, Chrást",10,"{""amount"":587870,""signedOn"":""2017-04-19"",""supplierIco"":""61681679""}"
contract:166629,contract,"Dodatek č. 4 ke smlouvě o dotaci &quot;Generel ON Mladá Boleslav, a.s., nemocnice Středočeského kraje - pavilon 7 (interna), pavilon 37 (parkoviště)&quot;",10,"{""amount"":462000000,""signedOn"":""2014-12-09"",""supplierIco"":""27256456""}"
contract:166905,contract,"Dodatek č. 5 ke Smlouvě o dotaci &quot;Generel ON Mladá Boleslav, a.s., nemocnice Středočeského kraje - pavilon 7 (interna), pavilon 37 (parkoviště)&quot;",10,"{""amount"":462000000,""signedOn"":""2012-12-08"",""supplierIco"":""27256456""}"
contract:168933,contract,"Dodatek č. 6 ke smlouvě o dotaci &quot;Generel ON Mladá Boleslav, a.s., nemocnice Středočeského kraje - pavilon 7 (interna), pavilon 37 (parkoviště)&quot;",10,"{""amount"":442000000,""signedOn"":""2016-07-12"",""supplierIco"":""27256456""}"
contract:1691558,contract,Předmětem objednávky je zajištění vybavení školských zařízení sběrnými nádobami na vytříděné složky odpadu v rámci plánu aktivit Plzeňského kraje pro podporu třídění odpadu v roce 2017.,10,"{""amount"":200000,""signedOn"":""2017-04-25"",""supplierIco"":""25245091""}"
contract:1699486,contract,"Dodatek č. 1 ke smlouvě „Smlouva o spolupráci při šetření mimořádných událostí v drážní dopravě a v případech smrtelných pracovních úrazů“, ze dne 19. 8. 2014, čj. SŽDC: S 33292/2014-O18",10,"{""amount"":15730,""signedOn"":""2017-04-13"",""supplierIco"":""49100262""}"
contract:1713230,contract,"Dodatek č. 1 ke smlouvě číslo : PDD-V 549/14 (SŽDC, s.o.), 0492-2014-1 (lovochemie, a.s.) o provozování drážní dopravy na vlečce ""Lovochemie, a.s. - závodová vlečka""",10,"{""amount"":968,""signedOn"":""2017-04-10"",""supplierIco"":""49100262""}"
contract:17197,contract,"VD Všechlapy, segmentový uzávěr - oprava protikorozních povlaků",10,"{""amount"":165286,""signedOn"":""2016-07-18"",""supplierIco"":""70889988""}"
contract:1728058,contract,Poskytnutí účelové dotace na podporu turistického regionu Český ráj,10,"{""amount"":400000,""signedOn"":""2017-05-02"",""supplierIco"":""15045838""}"
contract:17312887,contract,Smlouva o poskytnutí finančního daru,10,"{""amount"":500000,""signedOn"":""2021-12-07"",""supplierIco"":""07739044""}"
contract:1733310,contract,Laboratorní výzkum vysoce jakostních pigmentů,10,"{""amount"":0,""signedOn"":""2017-04-25"",""supplierIco"":""60108916""}"
contract:1742310,contract,Dohoda o poskytnutí dotace z Programu rozvoje venkova ČR - 15/001/16220/563/000022,10,"{""amount"":49300000,""signedOn"":""2016-08-10"",""supplierIco"":""46900411""}"
contract:17457975,contract,Obj-1672/21 - Analýza vybraných zahraničních regionůzaměřená zejména na ekonomickou charakteristiku a podnikatelské prostředíregionů z hlediska možné ekonomické spolupráce z firmami z Plzeňského kraje.,10,"{""amount"":242000,""signedOn"":""2021-12-03"",""supplierIco"":""07739044""}"
contract:1749018,contract,"Smlouva o dílo - rekonstrukce chodníku ul. Dlouhá, Sahara - úsek letiště - Bezděčínská PS",10,"{""amount"":727364,""signedOn"":""2017-04-24"",""supplierIco"":""61681679""}"
contract:1765802,contract,Dotace z prostředků MO Plzeň 3 (Dotační program č. 3),10,"{""amount"":40000,""signedOn"":""2017-04-26"",""supplierIco"":""29123747""}"
contract:17665,contract,Odstranění závad ZZ e.č. 51 a 52 - jez Jiřetín a e.č. 68 HZ Meziboří,10,"{""amount"":100551,""signedOn"":""2016-05-13"",""supplierIco"":""70889988""}"
contract:17665915,contract,SMLOUVA PŘÍKAZNÍ,10,"{""amount"":363000,""signedOn"":""2021-12-10"",""supplierIco"":""69972061""}"
contract:17700143,contract,"Galerie města Plzně, o.p.s. - neinvestiční dotace na částečnou úhradu nezbytných nákladů vzniklých příjemci v roce 2022, věcně a časově příslušejících k tomuto období a souvisejících s provozem a činností příjemce v roce 2022.",10,"{""amount"":3500000,""signedOn"":""2022-01-10"",""supplierIco"":""25234994""}"
contract:178177,contract,"Navýšení dotace, dodatek číslo 1",10,"{""amount"":484000,""signedOn"":""2016-08-31"",""supplierIco"":""26997355""}"
contract:18105,contract,Kupní smlouva,10,"{""amount"":0,""signedOn"":""2016-07-12"",""supplierIco"":""70890013""}"
contract:1818954,contract,Dotace z rozpočtu MO Plzeň 3 - Dotační program č. 1,10,"{""amount"":25000,""signedOn"":""2017-04-18"",""supplierIco"":""29123348""}"
contract:1823642,contract,Smlouva o poskytnutí účelové dotace z DT „Podpora kultury v Plzeňském kraji pro rok 2017“,10,"{""amount"":50000,""signedOn"":""2017-05-17"",""supplierIco"":""25234994""}"
contract:18303719,contract,Zveřejnění dodatku č.2 k Pachtovní smlouvě č. 53N17/05 - zúžení předmětu pachtu o vydané pozemky,10,"{""amount"":-15542,""signedOn"":""2022-03-15"",""supplierIco"":""48207918""}"
contract:1831438,contract,"zpracování 2. etapy vyhledávací studie pro vedení pěších tras pro projekt „Zlatá stezka – síť turistických tras po Zelené střeše Evropy""",10,"{""amount"":193600,""signedOn"":""2017-05-18"",""supplierIco"":""25245091""}"
contract:1841478,contract,Přístup do ČSN online pro více uživatelů na základ,10,"{""amount"":10000,""signedOn"":""2017-01-23"",""supplierIco"":""60108916""}"
contract:1842166,contract,Přístup do ČSN online pro více uživatelů na základ,10,"{""amount"":19500,""signedOn"":""2017-02-13"",""supplierIco"":""49100262""}"
contract:184329,contract,pojistná smlouva č. 8059550216,10,"{""amount"":201740.88,""signedOn"":""2015-08-20"",""supplierIco"":""45534306""}"
contract:1852726,contract,provozní náklady - nájem,10,"{""amount"":60500,""signedOn"":""2017-05-15"",""supplierIco"":""29123747""}"
contract:1860794,contract,"Smlouva o dílo - analýza gnetické variability chovu - Kapr, lín",10,"{""amount"":290230.6,""signedOn"":""2017-05-05"",""supplierIco"":""60826851""}"
contract:1863990,contract,reklamní servis,10,"{""amount"":108900,""signedOn"":""2017-03-24"",""supplierIco"":""49100262""}"
contract:18649695,contract,Smlouva o poskytnutí dotace na  realizaci projektu  Akademie individuálních sportů Plzeňského kraje,10,"{""amount"":5700000,""signedOn"":""2022-04-20"",""supplierIco"":""06646042""}"
contract:18768603,contract,SMLOUVA PŘÍKAZNÍ,10,"{""amount"":459800,""signedOn"":""2022-04-04"",""supplierIco"":""07739044""}"
contract:188221,contract,"S m l o u v a   o  podnájmu, o užívání telefonních linek a o narovnání - Operátor ICT a.s.",10,"{""amount"":35004364,""signedOn"":""2016-07-21"",""supplierIco"":""02795281""}"
contract:18868459,contract,"Veřejnoprávní smlouva o poskytnutí dotace, Tenisový klub DEZA - PDMS",10,"{""amount"":242875,""signedOn"":""2022-05-09"",""supplierIco"":""47997826""}"
contract:188725,contract,"poskytnutí účelové finanční dotace určené na projekt ""Galerie na cestě""",10,"{""amount"":15000,""signedOn"":""2016-09-07"",""supplierIco"":""25234994""}"
contract:18912475,contract,Finanční dotace ve výši 3 mil. Kč na činnost nadace v roce 2022.,10,"{""amount"":3000000,""signedOn"":""2022-05-10"",""supplierIco"":""45332657""}"
contract:18942827,contract,"Poskytnutí dotace v rámci Jednoletého dotačního programu v oblasti kultury na podporu uměleckých a kulturních projektů na rok 2022 subjektu SUTNAR - NADACE RADOSLAVA A ELAINE SUTNAROVÝCH, P/II/14 - NÁRODNÍ CENA ZA STUDENTSKÝ DESIGN 2022",10,"{""amount"":100000,""signedOn"":""2022-05-11"",""supplierIco"":""06919511""}"
contract:18991179,contract,Dotace z rozpočtu MO Plzeň 3 - Dotační program č. 4,10,"{""amount"":40000,""signedOn"":""2022-05-16"",""supplierIco"":""45332657""}"
contract:1899462,contract,Přístup do ČSN online pro více uživatelů na základ,10,"{""amount"":6000,""signedOn"":""2016-09-06"",""supplierIco"":""47674652""}"
contract:18996791,contract,Smlouva o poskytnutí dotace na akci „Národní cena za studentský design 2022“,10,"{""amount"":60000,""signedOn"":""2022-05-20"",""supplierIco"":""06919511""}"
contract:19001055,contract,"Smlouva o poskytnutí dotace na projekt ""tenis""",10,"{""amount"":166000,""signedOn"":""2022-05-17"",""supplierIco"":""47997826""}"
contract:1900354,contract,Přístup do ČSN online pro více uživatelů na základ,10,"{""amount"":9000,""signedOn"":""2016-09-23"",""supplierIco"":""14612411""}"
contract:19006175,contract,Dodatek č. 1  ke Smlouvě o zapojení do projektu Vzdělávání členů KHK v PK,10,"{""amount"":1412852.87,""signedOn"":""2022-05-10"",""supplierIco"":""07739044""}"
contract:1901314,contract,Přístup do ČSN online pro více uživatelů na základ,10,"{""amount"":29500,""signedOn"":""2016-12-19"",""supplierIco"":""27465021""}"
contract:1921034,contract,Objednávka - Referát materiálně technického zabezpečení,10,"{""amount"":128865,""signedOn"":""2017-02-20"",""supplierIco"":""27465021""}"
contract:19277815,contract,Zveřejnění dodatku č.3 k pachtovní smlouvě č. 53N17/05 - zúžení předmětu pachtu,10,"{""amount"":-23980,""signedOn"":""2022-06-13"",""supplierIco"":""48207918""}"
contract:1927898,contract,Smlouva o minotoringu 2017,10,"{""amount"":120999,""signedOn"":""2017-05-30"",""supplierIco"":""47674652""}"
contract:1929658,contract,"Smlouva o dílo - Šetřilovsko, vodní nádrž u lávky pro pěší - udržovací práce",10,"{""amount"":108900,""signedOn"":""2017-05-26"",""supplierIco"":""15045838""}"
contract:1931050,contract,SKC - oprava vnitřních prostor,10,"{""amount"":1438690,""signedOn"":""2017-05-31"",""supplierIco"":""04934482""}"
contract:19340247,contract,Poskytnutí dotací do oblasti sportu a tělovýchovy včetně podpory hendikepovaných sportovců,10,"{""amount"":120000,""signedOn"":""2022-06-03"",""supplierIco"":""06646042""}"
contract:1954262,contract,smlouva o poskytnutí dotace: IUD v CR - Japan Week,10,"{""amount"":6050000,""signedOn"":""2017-06-01"",""supplierIco"":""25124188""}"
contract:1955146,contract,Smlouva o poskytnutí finančních prostředků,10,"{""amount"":0,""signedOn"":""2017-05-25"",""supplierIco"":""26822105""}"
contract:195921,contract,Dodatek č. 2 k pojistné smlouvě č. 8060055928 - pojištění vozidel,10,"{""amount"":20920,""signedOn"":""2016-08-17"",""supplierIco"":""45534306""}"
contract:1964342,contract,Finanční dar,10,"{""amount"":1050000,""signedOn"":""2017-05-25"",""supplierIco"":""26419068""}"
contract:19657,contract,"SOD III/18019 Rekonstrukce Letkovská ulice, Plzeň-Božkov",10,"{""amount"":45654518.47,""signedOn"":""2016-07-22"",""supplierIco"":""25205625""}"
contract:19813,contract,VD Skalka - DH - oprava a rekonstrukce,10,"{""amount"":1063337.4488,""signedOn"":""2016-07-20"",""supplierIco"":""70889988""}"
contract:19817,contract,Odstranění závad ZZ e.č. 51 a 52 - jez Jiřetín a e.č. 68 HZ Meziboří,10,"{""amount"":110594,""signedOn"":""2016-07-15"",""supplierIco"":""70889988""}"
contract:1984166,contract,Darovací smlouva Grant Děti 126/001/2017,10,"{""amount"":100000,""signedOn"":""2017-06-01"",""supplierIco"":""24188581""}"
contract:1984534,contract,Spolupráce na projektu - Optimalizace bourání vepřového masa,10,"{""amount"":1210000,""signedOn"":""2017-05-24"",""supplierIco"":""46900411""}"
contract:198773,contract,Smlouva o spolupráci při vydávání karet Lítačka,10,"{""amount"":0,""signedOn"":""2016-08-04"",""supplierIco"":""02795281""}"
contract:1990634,contract,Kupní smlouva -pozemek Rybitví,10,"{""amount"":1178600.5,""signedOn"":""2017-05-31"",""supplierIco"":""60108916""}"
contract:1993770,contract,Dodatek č. 2 Smlouva o poskytnutí NFV - MAS Prostějov venkov,10,"{""amount"":0,""signedOn"":""2017-05-10"",""supplierIco"":""27693058""}"
contract:2002386,contract,"Veřejnoprávní smlouva o poskytnutí investiční dotace na zimní stadion, novou sprotovní halu a letní pláž v severním sídlišti",10,"{""amount"":1963187.9,""signedOn"":""2017-05-29"",""supplierIco"":""28168151""}"
contract:2009034,contract,Smlouva o propagaci v rámci akce Historický víkend konané ve dnech 9.-11. června 2017 v historickém centru města Plzně,10,"{""amount"":242000,""signedOn"":""2017-06-08"",""supplierIco"":""45332657""}"
contract:2017250,contract,rámcová smlouva,10,"{""amount"":0,""signedOn"":""2017-02-17"",""supplierIco"":""61681679""}"
contract:2019190,contract,Poskytnutí výnosu ze vstupného na benefiční koncert Symfonický orchestr Českého rozhlasu a hvězdy pro Světlušku,10,"{""amount"":161688.67,""signedOn"":""2017-06-08"",""supplierIco"":""26419068""}"
contract:203649,contract,Mimořádná dotace ve výši 1 mil. Kč na obnovu koncertního ošacení pro hráče filharmonie.,10,"{""amount"":1210000,""signedOn"":""2016-08-30"",""supplierIco"":""25224662""}"
contract:2041702,contract,Smlouva o provedení uměleckého výkonu,10,"{""amount"":163350,""signedOn"":""2017-05-29"",""supplierIco"":""25224662""}"
contract:2046758,contract,Dohoda o poskytnutí dotace z Programu rozvoje venkova ČR - 16/003/16220/231/000047,10,"{""amount"":75000000,""signedOn"":""2017-05-31"",""supplierIco"":""46900411""}"
contract:2047162,contract,Smlouva o spolupráci,10,"{""amount"":60500,""signedOn"":""2017-04-21"",""supplierIco"":""60108916""}"
contract:2060578,contract,Objednávka 123/2017,10,"{""amount"":0,""signedOn"":""2017-06-07"",""supplierIco"":""61681679""}"
contract:2060650,contract,objednávka,10,"{""amount"":0,""signedOn"":""2017-06-07"",""supplierIco"":""61681679""}"
contract:2067366,contract,užívání sportovního zařízení  a výuce školního plavání,10,"{""amount"":0,""signedOn"":""2017-06-09"",""supplierIco"":""28168151""}"
contract:2073826,contract,Objednávka inzerce,10,"{""amount"":277090,""signedOn"":""2016-10-06"",""supplierIco"":""25224662""}"
contract:2077930,contract,Objednávka plakátových kampaní,10,"{""amount"":104250,""signedOn"":""2016-09-18"",""supplierIco"":""25224662""}"
contract:2078066,contract,Smlouva k uskutečnění programu,10,"{""amount"":580800,""signedOn"":""2017-02-10"",""supplierIco"":""25224662""}"
contract:2091170,contract,Výzkum.,10,"{""amount"":0,""signedOn"":""2016-09-29"",""supplierIco"":""26872307""}"
contract:20912625,contract,Zveřjnění dodatku č4 k pachtovní smlouvě č. 53N17/05 - zúžení předmětu pachtu,10,"{""amount"":-4795,""signedOn"":""2022-11-15"",""supplierIco"":""48207918""}"
contract:2098090,contract,Smlouva o podnájmu,10,"{""amount"":290400,""signedOn"":""2016-05-11"",""supplierIco"":""25224662""}"
contract:2098886,contract,Spolupráce při zabezpečování odborného výcviku žáků.,10,"{""amount"":240000,""signedOn"":""2017-06-19"",""supplierIco"":""46900411""}"
contract:209921,contract,"Dodatek č. 1 ke Smlouvě o dílo ""Vodní nádrže Šetřilovsko - udržovací práce!",10,"{""amount"":203000.49,""signedOn"":""2016-09-09"",""supplierIco"":""15045838""}"
contract:2099818,contract,Rámcová smlouva o podnájmu; Smlouva o zveřejnění reklamy,10,"{""amount"":0,""signedOn"":""2016-05-25"",""supplierIco"":""25224662""}"
contract:2100502,contract,Smetanovské dny 2017 - sml. o podnájmu; sml. o reklamě,10,"{""amount"":0,""signedOn"":""2016-11-14"",""supplierIco"":""25224662""}"
contract:2102418,contract,Dotace na kulturní projekt 2017,10,"{""amount"":50000,""signedOn"":""2017-06-09"",""supplierIco"":""25234994""}"
contract:2102582,contract,"Realizace vzdělávacích aktivit realizovaných v rámci národního projektu Operačního programu Zaměstnanost ""Podpora odborného vzdělávání zaměstnanců II""",10,"{""amount"":200000,""signedOn"":""2017-06-19"",""supplierIco"":""60108916""}"
contract:2104090,contract,"Dohoda o vyhrazení společensky účelného pracovního místa a poskytnutí příspěvku, spolufinancovaného ze státního rozpočtu a Evropského sociálního fondu č. TAA-SZ-45/2017",10,"{""amount"":84000,""signedOn"":""2017-05-31"",""supplierIco"":""46900411""}"
contract:2109526,contract,Návrh a příprava propagačních materiálů Smetanovské dny 2017,10,"{""amount"":54571,""signedOn"":""2017-03-31"",""supplierIco"":""25224662""}"
contract:2109598,contract,Návrh a příprava propagačních materiálů PF 6-10/2016,10,"{""amount"":19481,""signedOn"":""2016-11-03"",""supplierIco"":""25224662""}"
contract:2109858,contract,Návrh a příprava propagačních materiálů PF 11/2016 - 2/2017,10,"{""amount"":13189,""signedOn"":""2017-03-13"",""supplierIco"":""25224662""}"
contract:2112918,contract,DOHODA o zabezpečení vzdělávací aktivity zaměstnanců a potenciálních zaměstnanců a poskytnutí příspěvku v rámci projektu Podpora odborného vzdělávání zaměstnanců II   č. PAA-MN-18/2017/ reg. č.  CZ.03.1.52/0.0/0.0/15_021/0000053,10,"{""amount"":472171.04,""signedOn"":""2017-06-20"",""supplierIco"":""60108916""}"
contract:2115410,contract,reklamní servis,10,"{""amount"":60500,""signedOn"":""2017-05-03"",""supplierIco"":""60108916""}"
contract:211981,contract,Bezbariérové úpravy školy a vybudování odborných učeben ZŠ v Domažlicích Komenského 17,10,"{""amount"":187550,""signedOn"":""2016-08-25"",""supplierIco"":""25245091""}"
contract:2130134,contract,Finanční dotace ve výši 3 mil. Kč na činnost nadace v roce 2017.,10,"{""amount"":3000000,""signedOn"":""2017-06-09"",""supplierIco"":""45332657""}"
contract:21304901,contract,SMLOUVA PŘÍKAZNÍ,10,"{""amount"":363000,""signedOn"":""2022-12-10"",""supplierIco"":""69972061""}"
contract:2133018,contract,Přístup do ČSN online pro více uživatelů na základ,10,"{""amount"":18000,""signedOn"":""2017-03-14"",""supplierIco"":""14612411""}"
contract:2162562,contract,"Dotace z programu Rekonstrukce, oprava a výstavba sportovních zařízení, areálů a související infrastruktury na území města Plzně.",10,"{""amount"":281064,""signedOn"":""2017-06-13"",""supplierIco"":""14704234""}"
contract:2162706,contract,Darovací smlouva GRANT Hendikep 10-005-2016,10,"{""amount"":178500,""signedOn"":""2016-11-23"",""supplierIco"":""24188581""}"
contract:21672217,contract,laboratorní analýzy a měření,10,"{""amount"":254100,""signedOn"":""2023-01-30"",""supplierIco"":""26124459""}"
contract:21689173,contract,"Objednávka dodávky a montáže plných vykládaných dveří vč. zárubně (zázemí pro expozici ""Česká řeka"")",10,"{""amount"":77609.4,""signedOn"":""2023-01-30"",""supplierIco"":""04934482""}"
contract:2168990,contract,Poskytování a úhrada ošetřovatelské a rehabilitační péče,10,"{""amount"":0,""signedOn"":""2011-06-14"",""supplierIco"":""26997355""}"
contract:21694065,contract,Smlouva o poskytnutí dotace na projekt „ID_Galerie města Plzně - dotace na zajištění provozu a činnosti v roce 2023“,10,"{""amount"":3900000,""signedOn"":""2023-01-26"",""supplierIco"":""25234994""}"
contract:2170626,contract,Poskytování a úhrada ošetřovatelské a rehabilitační péče,10,"{""amount"":0,""signedOn"":""2014-01-27"",""supplierIco"":""29123747""}"
contract:2181278,contract,Smlouva o poskytnutí účelové dotace  na projekt  s názvem  Techmania Science Center 2017,10,"{""amount"":10000000,""signedOn"":""2017-06-26"",""supplierIco"":""26396645""}"
contract:218129,contract,Smlouva nepojmenovaná_poskytování služeb spojených se zabezpečením provizního prodeje produktu regionální bonusové karty RegionCard Český ráj,10,"{""amount"":0,""signedOn"":""2016-08-31"",""supplierIco"":""15045838""}"
contract:2186310,contract,Poskytnutí dotace na podporu sportu a tělovýchovy pro rok 2017,10,"{""amount"":36300,""signedOn"":""2017-06-13"",""supplierIco"":""14704234""}"
contract:2200154,contract,Rámcová smlouva o podnájmu a smlouva o reklamě - sezóna 2017/18,10,"{""amount"":0,""signedOn"":""2017-06-23"",""supplierIco"":""25224662""}"
contract:2201262,contract,Rámcová smlouva o podnájmu a smlouva o reklamě - Smetanovské dny 2018,10,"{""amount"":0,""signedOn"":""2017-06-23"",""supplierIco"":""25224662""}"
contract:2206006,contract,Smlouva o dílo: Autorizovaná měření,10,"{""amount"":0,""signedOn"":""2017-05-02"",""supplierIco"":""49100262""}"
contract:2210142,contract,Smlouva o poskytnutí účelové dotace z DT „Podpora vybudování a modernizace sportovišť v roce 2017“,10,"{""amount"":100000,""signedOn"":""2017-06-28"",""supplierIco"":""14704234""}"
contract:22131413,contract,Dodatek č. 1 k Příkazní smlouvě na zajištění správy domu č.p. 605 ze dne 05.06.2014 č. 0046/14/PŘÍKAZ/4-MAJ (odměna za celý objekt měsíčně),10,"{""amount"":3133.9,""signedOn"":""2023-03-09"",""supplierIco"":""24227901""}"
contract:22140041,contract,smlouva o poskytnutí dotace: Dlouhodobá expozice v ateliéru manželů Janouškových,10,"{""amount"":110000,""signedOn"":""2023-03-07"",""supplierIco"":""27149994""}"
contract:2220574,contract,Objednávka: Analýza vzorků,10,"{""amount"":0,""signedOn"":""2017-05-31"",""supplierIco"":""26872307""}"
contract:2223314,contract,Darovací smlouva,10,"{""amount"":114950,""signedOn"":""2017-05-31"",""supplierIco"":""14612411""}"
contract:2233154,contract,Smlouva o dílo na pravidelný technický dohled drážních zařízení v souvislosti s odbočnou výhybkou dráhy-vlečky Olbramkostel,10,"{""amount"":340010,""signedOn"":""2010-10-01"",""supplierIco"":""49100262""}"
contract:2233182,contract,Smlouva o dílo na pravidelný technický dohled drážních zařízení v souvislosti s odbočnou výhybkou dráhy-vlečky Rakšice,10,"{""amount"":266200,""signedOn"":""2010-10-01"",""supplierIco"":""49100262""}"
contract:2233198,contract,Smlouva o dílo na pravidelný technický dohled drážních zařízení v souvislosti s odbočnou výhybkou dráhy-vlečky Hustopeče,10,"{""amount"":459800,""signedOn"":""2010-03-01"",""supplierIco"":""49100262""}"
contract:2238562,contract,"Darovací sml., finanční, vzdělávání a věda",10,"{""amount"":400000,""signedOn"":""2017-06-27"",""supplierIco"":""26185610""}"
contract:22422037,contract,Smlouva o poskytnutí dotace na provoz a činnost Nadace 700 let města Plzně v roce 2023.,10,"{""amount"":4779500,""signedOn"":""2023-04-06"",""supplierIco"":""45332657""}"
contract:2245542,contract,Poskytování a úhrada ošetřovatelské a rehabilitační péče,10,"{""amount"":0,""signedOn"":""2017-03-01"",""supplierIco"":""26997355""}"
contract:2245546,contract,Poskytování a úhrada ošetřovatelské a rehabilitační péče,10,"{""amount"":0,""signedOn"":""2017-02-24"",""supplierIco"":""29123747""}"
contract:2253286,contract,Smlouva o dílo na pravidelný technický dohled drážních zařízení v souvislosti s odbočnou výhybkou vlečky Chrlice,10,"{""amount"":89782,""signedOn"":""2017-06-22"",""supplierIco"":""49100262""}"
contract:2253290,contract,Smlouva o dílo na pravidelný technický dohled drážních zařízení v souvislosti s odbočnou výhybkou vlečky Ivančice,10,"{""amount"":81312,""signedOn"":""2017-06-22"",""supplierIco"":""49100262""}"
contract:2253294,contract,Smlouva o dílo na pravidelný technický dohled drážních zařízení v souvislosti s odbočnou výhybkou vlečky Strážnice,10,"{""amount"":70180,""signedOn"":""2017-06-22"",""supplierIco"":""49100262""}"
contract:2253434,contract,provedení uměleckého výkonu,10,"{""amount"":217800,""signedOn"":""2017-03-21"",""supplierIco"":""25224662""}"
contract:22559409,contract,Smlouva o podpoře,10,"{""amount"":0,""signedOn"":""2023-04-20"",""supplierIco"":""48207918""}"
contract:2263274,contract,Objednávka na propagaci České republiky formou adjustace loga „Kudy z nudy“ v rámci projektu „Plzeňské dvorky“,10,"{""amount"":100000,""signedOn"":""2017-06-29"",""supplierIco"":""45332657""}"
contract:2264594,contract,Smlouva o dílo,10,"{""amount"":0,""signedOn"":""2017-06-06"",""supplierIco"":""27465021""}"
contract:2264598,contract,Smlouva o dílo,10,"{""amount"":0,""signedOn"":""2017-06-06"",""supplierIco"":""27465021""}"
contract:2264602,contract,Smlouva o dílo,10,"{""amount"":0,""signedOn"":""2017-06-14"",""supplierIco"":""27465021""}"
contract:2272206,contract,Smlouva o poskytnutí účelové dotace - Plzeňská filharmonie 2017,10,"{""amount"":9075000,""signedOn"":""2017-04-07"",""supplierIco"":""25224662""}"
contract:2272454,contract,Smlouva o poskytnutí účelové dotace - Smetanovské dny 2017,10,"{""amount"":484000,""signedOn"":""2017-04-07"",""supplierIco"":""25224662""}"
contract:2273,contract,"krátkodobý podnájem a užívání telefonních linek Operátor ICT, a.s.",10,"{""amount"":304658,""signedOn"":""2016-07-01"",""supplierIco"":""02795281""}"
contract:22778487,contract,DODATEK Č. 2 k dohodě o poskytnutí příspěvku z cíleného programu Antivirus č. ABE-CO-2011731/2020 ze dne 21. 4. 2020,10,"{""amount"":0,""signedOn"":""2021-03-23"",""supplierIco"":""26124459""}"
contract:22829719,contract,Veřejnoprávní smlouva o poskytnutí dotace - Tenisový klub DEZA VM - Mládežnický sport,10,"{""amount"":236539,""signedOn"":""2023-05-18"",""supplierIco"":""47997826""}"
contract:22855659,contract,"Smlouva o poskytnutí dotace na akci „Akademie individuálních sportů Plzeňského kraje, z. s.“",10,"{""amount"":1500000,""signedOn"":""2023-05-18"",""supplierIco"":""06646042""}"
contract:2292438,contract,Smlouva o dílo,10,"{""amount"":0,""signedOn"":""2017-06-16"",""supplierIco"":""27465021""}"
contract:23016527,contract,"Komplexní zajištění služeb v rámci dvou workshopů jako součást aktivity „Tematické setkávání se zástupci cílových skupin“ projektu KAP – krajské akční plánování ve Středočeském kraji II, reg. č. CZ.02.3.68/0.0/0.0/20_082/0023121.",10,"{""amount"":14000,""signedOn"":""2023-06-05"",""supplierIco"":""01398717""}"
contract:23042567,contract,"Provedení výroby a výměny vstupních dveří, Nerudova 4, Plzeň",10,"{""amount"":272939.7,""signedOn"":""2023-06-07"",""supplierIco"":""04934482""}"
contract:23072139,contract,"Úprava postavení příjemce a jeho partnerů, jejich úlohy a odpovědnosti, jakož i úprava jejich vzájemných práv a povinností při naplňování účelu této smlouvy.",10,"{""amount"":8901849.6,""signedOn"":""2023-05-25"",""supplierIco"":""07739044""}"
contract:23116263,contract,Smlouva o poskytnutí dotace na projekt „Historický víkend“,10,"{""amount"":24200,""signedOn"":""2023-05-30"",""supplierIco"":""45332657""}"
contract:2312902,contract,Dohoda o poskytnutí příspěvku v rámci projektu POVEZ II,10,"{""amount"":52416,""signedOn"":""2017-06-29"",""supplierIco"":""49100262""}"
contract:231361,contract,"pojistná smlouva č. 8059550216, dodatek číslo dodatek 7",10,"{""amount"":25448.72,""signedOn"":""2016-08-31"",""supplierIco"":""45534306""}"
contract:231373,contract,"pojistná smlouva č. 8059550216, dodatek číslo dodatek 6",10,"{""amount"":0,""signedOn"":""2016-07-25"",""supplierIco"":""45534306""}"
contract:231377,contract,"pojistná smlouva č. 8059550216, dodatek číslo dodatek 5",10,"{""amount"":66467.72,""signedOn"":""2016-07-22"",""supplierIco"":""45534306""}"
contract:231381,contract,"pojistná smlouva č. 8059550216, dodatek číslo dodatek 4",10,"{""amount"":56686.08,""signedOn"":""2016-05-18"",""supplierIco"":""45534306""}"
contract:231385,contract,"pojistná smlouva č. 8059550216, dodatek číslo dodatek 3",10,"{""amount"":58985.08,""signedOn"":""2016-02-19"",""supplierIco"":""45534306""}"
contract:231389,contract,"pojistná smlouva č. 8059550216, dodatek číslo dodatek 2",10,"{""amount"":32700.25,""signedOn"":""2015-11-26"",""supplierIco"":""45534306""}"
contract:231393,contract,"pojistná smlouva č. 8059550216, dodatek číslo dodatek 1",10,"{""amount"":0,""signedOn"":""2015-09-30"",""supplierIco"":""45534306""}"
contract:2313978,contract,Dohoda o poskytnutí příspěvku v rámci projektu POVEZ II,10,"{""amount"":60859,""signedOn"":""2017-06-29"",""supplierIco"":""49100262""}"
contract:23169,contract,Údržba značení infosystému Prahy 3 červenec - září dle cenové nabídky ze dne 20.7.2016. Fakturace bude prováděna měsíčně.,10,"{""amount"":72600,""signedOn"":""2016-07-21"",""supplierIco"":""60194120""}"
contract:2328454,contract,Smlouva o dílo,10,"{""amount"":0,""signedOn"":""2017-06-22"",""supplierIco"":""14612411""}"
contract:2335598,contract,Darovací smlouva,10,"{""amount"":60500,""signedOn"":""2017-06-16"",""supplierIco"":""24188581""}"
contract:23495239,contract,Kupní smlouva_pozemek_Mladotice nad Doubravou,10,"{""amount"":110400,""signedOn"":""2023-07-19"",""supplierIco"":""26124459""}"
contract:2359654,contract,Přístup do ČSN online pro více uživatelů na základ,10,"{""amount"":59000,""signedOn"":""2017-06-06"",""supplierIco"":""27465021""}"
contract:2363574,contract,"Kupní smlouva na pozemek dle GP č. 105-10/2015 par. č. 451/3 v k. ú. Pukšice, uzavíraná mezi prodávajícím - IMOBA a. s. a kupujícím Krajem Vysočina, v rámci majetkoprávního vypořádání pozemků pod silnicemi II. a III. tříd. 
OM",10,"{""amount"":7700,""signedOn"":""2017-07-11"",""supplierIco"":""26124459""}"
contract:2371222,contract,Objednávka na stavební práce,10,"{""amount"":0,""signedOn"":""2017-06-28"",""supplierIco"":""61681679""}"
contract:2371418,contract,Objednávka na stavební práce,10,"{""amount"":0,""signedOn"":""2017-06-28"",""supplierIco"":""61681679""}"
contract:2386394,contract,Spolupráce při výrobě zvukově obrazového záznamu televizního pořadu  přímého přenosu a záznamu akce.,10,"{""amount"":335061.1,""signedOn"":""2017-06-30"",""supplierIco"":""26419068""}"
contract:2403690,contract,"Změna účelu poskytnuté dotgace, dodatek číslo 2017/000660/1",10,"{""amount"":0,""signedOn"":""2017-07-14"",""supplierIco"":""29123747""}"
contract:241077,contract,Darovací smlouva,10,"{""amount"":200000,""signedOn"":""2016-09-19"",""supplierIco"":""24188581""}"
contract:24129,contract,"Smlouva o poskytnutí služeb ""Zajištění komplexního systému nakládání s komunálním odpadem na území hl. m. Prahy v období 2016 - 2025“",10,"{""amount"":1447551989.18,""signedOn"":""2016-07-19"",""supplierIco"":""60194120""}"
contract:2413726,contract,Objednávka na stavební práce,10,"{""amount"":0,""signedOn"":""2017-07-14"",""supplierIco"":""61681679""}"
contract:24225863,contract,"Změna Části IV – ""Financování projektu"" Smlouvy o partnerství ve smyslu úpravy pravidel proplácení nepřímých nákladů.",10,"{""amount"":0,""signedOn"":""2023-09-29"",""supplierIco"":""07739044""}"
contract:2422862,contract,dotace na Historický víkend,10,"{""amount"":12100,""signedOn"":""2017-07-17"",""supplierIco"":""45332657""}"
contract:2435006,contract,Smlouva o technických podmínkách styku drah,10,"{""amount"":27198.985,""signedOn"":""2017-06-30"",""supplierIco"":""49100262""}"
contract:24505767,contract,Zveřejnění dodatku č.5 k PS č. 53N17/05 - úprava předmětu pachtu a výše pachtovného,10,"{""amount"":-9995,""signedOn"":""2023-10-26"",""supplierIco"":""48207918""}"
contract:246301,contract,Pravidelný odvoz a zneškodňování odpadu,10,"{""amount"":0,""signedOn"":""1998-07-15"",""supplierIco"":""60194120""}"
contract:24696083,contract,"Kupní smlouva pro potřeby realizace stavby ""Modernizace trati Nemanice I - Ševětín"", část B",10,"{""amount"":674640,""signedOn"":""2023-11-01"",""supplierIco"":""48207918""}"
contract:2470922,contract,Finanční dar od Nadace AGROFERT,10,"{""amount"":0,""signedOn"":""2017-07-20"",""supplierIco"":""24188581""}"
contract:2488842,contract,Rozšíření systému Polygraf,10,"{""amount"":120000,""signedOn"":""2017-07-20"",""supplierIco"":""26419068""}"
contract:2488846,contract,Pélion - rozvoj vzdělávacího portálu pro zrakově postižené,10,"{""amount"":60000,""signedOn"":""2017-07-20"",""supplierIco"":""26419068""}"
contract:2498822,contract,Objednávka - opravu chodníku v ul. Borová v úseku od ul. Bezděčínská po ul. B. Vohánkové,10,"{""amount"":503166,""signedOn"":""2017-07-25"",""supplierIco"":""61681679""}"
contract:2511322,contract,Darovací smlouva - Darovací smlouva - Nákup os. automobilu pro SDH Dačice,10,"{""amount"":0,""signedOn"":""2017-07-12"",""supplierIco"":""24188581""}"
contract:25121,contract,Dodávka 1 kusu nového a nepoužitého lehkého užitkového vozidla s dvojkabinou skříňového,10,"{""amount"":959196.04,""signedOn"":""2016-07-22"",""supplierIco"":""70889988""}"
contract:25125,contract,Dodávka 2 kusů nových a nepoužitých nákladních lehkých užitkových vozidel s dvojkabinou skříňových,10,"{""amount"":2641783.8524,""signedOn"":""2016-07-22"",""supplierIco"":""70889988""}"
contract:2513018,contract,"Smlouva o dodávkách elektřiny a sdružených službách, oprávněnému zákazníkovi",10,"{""amount"":920,""signedOn"":""2017-07-01"",""supplierIco"":""49100262""}"
contract:251537,contract,obnova kanalizace Ostrovní ul. Plzeň,10,"{""amount"":0,""signedOn"":""2016-09-12"",""supplierIco"":""25205625""}"
contract:251541,contract,"Obnova vodovodu U Radbuzy, Plzeň",10,"{""amount"":0,""signedOn"":""2016-09-07"",""supplierIco"":""25205625""}"
contract:251545,contract,Obnova výtlačného řadu Na Dlouhých - Plzeň,10,"{""amount"":0,""signedOn"":""2016-09-12"",""supplierIco"":""25205625""}"
contract:25357799,contract,Smlouva o metodické pomoci,10,"{""amount"":25470,""signedOn"":""2024-01-05"",""supplierIco"":""01398717""}"
contract:25385355,contract,"Prodloužení doby výpůjčky nemovitých věcí na adrese Dominikánská 2, Plzeň, dodatek číslo 3",10,"{""amount"":2124595.44,""signedOn"":""2023-12-28"",""supplierIco"":""25234994""}"
contract:25388707,contract,Smlouva o poskytnutí dotace Nadaci 700 let města Plzně na provoz a činnost v roce 2024,10,"{""amount"":2057000,""signedOn"":""2024-01-04"",""supplierIco"":""45332657""}"
contract:2549310,contract,Bezpečnostně-zdravotní ořez 108 ks významných jedinců dubu letního na horní části vzdušní strany hrá,10,"{""amount"":432938,""signedOn"":""2017-07-20"",""supplierIco"":""60826851""}"
contract:25539819,contract,SMLOUVA PŘÍKAZNÍ - činnost sekretariátu SMOPK,10,"{""amount"":389620,""signedOn"":""2023-12-20"",""supplierIco"":""69972061""}"
contract:25668119,contract,Smlouva o poskytnutí dotace na projekt „Galerie města Plzně - dotace na zajištění provozu a činnosti v roce 2024“,10,"{""amount"":3630000,""signedOn"":""2024-01-29"",""supplierIco"":""25234994""}"
contract:25910147,contract,Rozhodnutí,10,"{""amount"":0,""signedOn"":""2024-02-14"",""supplierIco"":""48207918""}"
contract:25987347,contract,8131/06 - dodatek č. 7 k nájemní smlouvě na sportovní areál v k.ú. Úhošťany(doplnění formy platby za vodné) +  původní smlouva a dodatky č. 1-6,10,"{""amount"":5,""signedOn"":""2024-02-28"",""supplierIco"":""47795808""}"
contract:2608574,contract,Provedení odborné a laboratorní expertizy,10,"{""amount"":65643,""signedOn"":""2017-05-26"",""supplierIco"":""60108916""}"
contract:26167115,contract,Smlouva o podpoře,10,"{""amount"":0,""signedOn"":""2024-03-15"",""supplierIco"":""48207918""}"
contract:2617558,contract,Smlouva o dílo: Autorizované a provozní měření emisí,10,"{""amount"":78650,""signedOn"":""2017-08-01"",""supplierIco"":""49100262""}"
contract:2619790,contract,Smlouva o dílo: Autorizované měření,10,"{""amount"":108900,""signedOn"":""2017-08-01"",""supplierIco"":""49100262""}"
contract:2620854,contract,Veřejnoprávní smlouva DOTACE Český ráj,10,"{""amount"":200000,""signedOn"":""2017-06-26"",""supplierIco"":""15045838""}"
contract:26209,contract,Odvoz a EKO likvidace majetku pro BSMV,10,"{""amount"":115542.9,""signedOn"":""2016-07-25"",""supplierIco"":""61057606""}"
contract:26251879,contract,Smlouva o poskytnutí dotace na akci „Plzeňské dvorky 2024“,10,"{""amount"":150000,""signedOn"":""2024-03-25"",""supplierIco"":""45332657""}"
contract:2627846,contract,Objednávka - Opravu chodníku v ulici Vinecká - podél č.p. 53 - Příměstské části,10,"{""amount"":444117.19,""signedOn"":""2017-08-02"",""supplierIco"":""61681679""}"
contract:26330815,contract,"Kupní smlouva - k. ú. Holice v Čechách, pozemek p.č. 2391/24",10,"{""amount"":217558,""signedOn"":""2024-04-02"",""supplierIco"":""26141761""}"
contract:264669,contract,"pojistná smlouva č. 8059550216, dodatek číslo dodatek 8",10,"{""amount"":45809.39,""signedOn"":""2016-09-08"",""supplierIco"":""45534306""}"
contract:26477235,contract,Zhotovení dveří a oken,10,"{""amount"":634144.06,""signedOn"":""2024-04-12"",""supplierIco"":""04934482""}"
contract:26489,contract,MVE Skalka - oprava TG 2 - HAVÁRIE,10,"{""amount"":604939.5,""signedOn"":""2016-07-18"",""supplierIco"":""70889988""}"
contract:26493,contract,Čištění toku Třebčický potok v intravilánech obcí Nové Třebčice a Vitčice,10,"{""amount"":65340,""signedOn"":""2016-07-13"",""supplierIco"":""70889988""}"
contract:26497,contract,Čištění vodního toku Hnojnický potok v intravilánu obce Hnojnice,10,"{""amount"":78650,""signedOn"":""2016-07-15"",""supplierIco"":""70889988""}"
contract:26598879,contract,Smlouva o poskytnutí dotace na akci „Akademie individuálních sportů Plzeňského kraje“,10,"{""amount"":1500000,""signedOn"":""2024-04-16"",""supplierIco"":""06646042""}"
contract:266389,contract,Darovací smlouva,10,"{""amount"":544500,""signedOn"":""2016-09-16"",""supplierIco"":""27256456""}"
contract:26656355,contract,smlouva o poskytnutí dotace: Celoroční činnost Ateliéru Věry a Vladimíra Janouškových,10,"{""amount"":100000,""signedOn"":""2024-04-29"",""supplierIco"":""27149994""}"
contract:26682375,contract,Dohoda o poskytnutí dotace z Programu rozvoje venkova ČR - 23/008/19210/232/084/001419,10,"{""amount"":132705,""signedOn"":""2024-05-02"",""supplierIco"":""04934482""}"
contract:267141,contract,Objednávka technické pomoci při koordinaci přípravy investičních záměrů č. 1107/16,10,"{""amount"":116160,""signedOn"":""2016-08-19"",""supplierIco"":""25245091""}"
contract:2676634,contract,Darovací smlouva uzavřená dle § 2055 a násl. zák. č. 89/2012 Sb. občanského zákoníku,10,"{""amount"":242000,""signedOn"":""2017-07-26"",""supplierIco"":""24188581""}"
contract:26876230,contract,"Nájemní smlouva pro potřeby realizace stavby ""Modernizace trati Nemanice I - Ševětín"", část B""",10,"{""amount"":320601.6,""signedOn"":""2024-05-20"",""supplierIco"":""48207918""}"
contract:2690246,contract,"dotace z FŽP MP na projekt ""Zelená Techmania"" 310 000 Kč",10,"{""amount"":310000,""signedOn"":""2017-07-31"",""supplierIco"":""26396645""}"
contract:26920558,contract,Smlouva o účtu_CS41000533402223,10,"{""amount"":0,""signedOn"":""2024-05-22"",""supplierIco"":""01398717""}"
contract:2709666,contract,smlouva o krátkodobém podnájmu - společenský večer 19.11.2017,10,"{""amount"":0,""signedOn"":""2017-08-17"",""supplierIco"":""25124188""}"
contract:2726538,contract,"Objednávka - rekonstrukce chodníků na Sahaře - ul. Borová - levá strana, ul. J.V.Sládka - pravá strana",10,"{""amount"":572824.89,""signedOn"":""2017-08-16"",""supplierIco"":""61681679""}"
contract:2733458,contract,Předmětem smlouvy je poskytnutí účelové finanční dotace ve výši 5 000 000 Kč Vodárenské a kanalizační a.s. určené na projekt s názvem Výstavba úpravny vody Pňovany prováděný na základě smlouvy o dílo ze dne 10. 4. 2017 uzavřené mezi Příjemcem dotace a zho,10,"{""amount"":5000000,""signedOn"":""2017-08-22"",""supplierIco"":""49786709""}"
contract:27361780,contract,Smlouva o poskytnutí dotace na projekt „Rozvoj Galerie města Plzně v roce 2024“,10,"{""amount"":1815000,""signedOn"":""2024-06-17"",""supplierIco"":""25234994""}"
contract:27452696,contract,Smlouva o poskytnutí dotace na projekt „Plzeňské dvorky“,10,"{""amount"":12100,""signedOn"":""2024-06-04"",""supplierIco"":""45332657""}"
contract:2753414,contract,Objednávka stavební práce,10,"{""amount"":0,""signedOn"":""2017-08-23"",""supplierIco"":""61681679""}"
contract:2753418,contract,Objednávka stavební práce,10,"{""amount"":0,""signedOn"":""2017-08-23"",""supplierIco"":""61681679""}"
contract:2766750,contract,Přístup do ČSN online pro více uživatelů na základ,10,"{""amount"":10000,""signedOn"":""2017-08-22"",""supplierIco"":""60108916""}"
contract:2782722,contract,prodej pozemků - k.ú. Milevsko,10,"{""amount"":267130,""signedOn"":""2017-08-24"",""supplierIco"":""60826851""}"
contract:282605,contract,"ČSOB Pojišťovna - pojištění vozidel, havarijní poj.     8057487319",10,"{""amount"":166446,""signedOn"":""2014-06-30"",""supplierIco"":""45534306""}"
contract:282609,contract,"ČSOB Pojišťovna - pojištění vozidel, havarijní poj.     8057487319",10,"{""amount"":0,""signedOn"":""2016-08-28"",""supplierIco"":""45534306""}"
contract:283681,contract,"Dodatek č. 1 ke Smlouvě o dílo na zpracování žádosti o dotaci a vypracování dokumentu ""Podklady pro hodnocení""",10,"{""amount"":223850,""signedOn"":""2016-08-25"",""supplierIco"":""25245091""}"
contract:2838710,contract,Propagace na akci „Zahradní slavnost absolventů a přátel ČZU 2017“,10,"{""amount"":121000,""signedOn"":""2017-05-02"",""supplierIco"":""26185610""}"
contract:2838914,contract,Smlouva o technických podmínkách styku drah,10,"{""amount"":41411.04,""signedOn"":""2017-08-24"",""supplierIco"":""49100262""}"
contract:28396056,contract,Smlouva o poskytnutí individuální dotace č. 43/2024/S,10,"{""amount"":80000,""signedOn"":""2024-09-26"",""supplierIco"":""47795808""}"
contract:2842466,contract,"Dar.sml.-peněž. prostředky 300.000,- Kč",10,"{""amount"":300000,""signedOn"":""2017-08-31"",""supplierIco"":""24188581""}"
contract:28781,contract,Pachtovní smlouva na sekání trávy - U Donáta spol.s r.o.,10,"{""amount"":69115.2,""signedOn"":""2016-07-25"",""supplierIco"":""70889988""}"
contract:288057,contract,Pojistná smlouva č. 8066596114,10,"{""amount"":1936000,""signedOn"":""2016-08-31"",""supplierIco"":""45534306""}"
contract:2915870,contract,provedení záchranného archeologického výzkumu,10,"{""amount"":18150,""signedOn"":""2017-09-11"",""supplierIco"":""27465021""}"
contract:29263124,contract,"Smlouva o poskytnutí dotace na projekt „Rozvoj Galerie města Plzně v roce 2024“, dodatek číslo 1",10,"{""amount"":0,""signedOn"":""2024-11-28"",""supplierIco"":""25234994""}"
contract:2938214,contract,Smlouva o užívání sportovního zařízení,10,"{""amount"":0,""signedOn"":""2017-09-05"",""supplierIco"":""28168151""}"
contract:2944190,contract,Smlouva o užívání sportovního zařízení a výuce školního plavání,10,"{""amount"":212800,""signedOn"":""2017-09-01"",""supplierIco"":""28168151""}"
contract:2945794,contract,Objednávka - oprava chodníku v ul. Tolstého - pravá strana ve směru od ul. Borová po ul. Dlouhá,10,"{""amount"":495743,""signedOn"":""2017-09-11"",""supplierIco"":""61681679""}"
contract:2949578,contract,smlouva o krátkodobém podnájmu - galavečeře 18. a 24.11.2017,10,"{""amount"":0,""signedOn"":""2017-09-14"",""supplierIco"":""25124188""}"
contract:2950610,contract,investiční úvěr,10,"{""amount"":30250000,""signedOn"":""2017-08-23"",""supplierIco"":""49786709""}"
contract:29520024,contract,Smlouva o poskytování služeb,10,"{""amount"":958320,""signedOn"":""2024-12-20"",""supplierIco"":""07739044""}"
contract:295701,contract,"ČSOB Pojišťovna - pojištění vozidel, havarijní poj. - D11",10,"{""amount"":0,""signedOn"":""2016-06-30"",""supplierIco"":""45534306""}"
contract:295705,contract,"ČSOB Pojišťovna - pojištění vozidel, havarijní poj. - D10",10,"{""amount"":0,""signedOn"":""2016-05-10"",""supplierIco"":""45534306""}"
contract:295709,contract,"ČSOB Pojišťovna - pojištění vozidel, havarijní poj. - D9",10,"{""amount"":0,""signedOn"":""2016-03-23"",""supplierIco"":""45534306""}"
contract:295713,contract,"ČSOB Pojišťovna - pojištění vozidel, havarijní poj. - D8",10,"{""amount"":0,""signedOn"":""2016-01-18"",""supplierIco"":""45534306""}"
contract:295721,contract,"ČSOB Pojišťovna - pojištění vozidel, havarijní poj. - D7",10,"{""amount"":0,""signedOn"":""2016-01-11"",""supplierIco"":""45534306""}"
contract:295725,contract,"ČSOB Pojišťovna - pojištění vozidel, havarijní poj. - D6",10,"{""amount"":0,""signedOn"":""2015-07-23"",""supplierIco"":""45534306""}"
contract:295729,contract,"ČSOB Pojišťovna - pojištění vozidel, havarijní poj. - D5",10,"{""amount"":0,""signedOn"":""2015-06-01"",""supplierIco"":""45534306""}"
contract:295733,contract,"ČSOB Pojišťovna - pojištění vozidel, havarijní poj.- D4",10,"{""amount"":0,""signedOn"":""2015-03-10"",""supplierIco"":""45534306""}"
contract:295737,contract,"ČSOB Pojišťovna - pojištění vozidel, havarijní poj.- D3",10,"{""amount"":0,""signedOn"":""2014-11-25"",""supplierIco"":""45534306""}"
contract:2964458,contract,Kupní smlouva na sójový šrot,10,"{""amount"":319742.5,""signedOn"":""2017-09-19"",""supplierIco"":""26185610""}"
contract:297929,contract,Smlouva o umístění věci,10,"{""amount"":394218,""signedOn"":""2016-08-01"",""supplierIco"":""28168151""}"
contract:29797680,contract,SMLOUVA PŘÍKAZNÍ - činnost sekretariátu SMOPK,10,"{""amount"":389620,""signedOn"":""2024-12-09"",""supplierIco"":""69972061""}"
contract:29870820,contract,Smlouva o poskytnutí dotace na podporu zajištění provozu a činnosti Galerie města Plzně v roce 2025,10,"{""amount"":5687000,""signedOn"":""2025-01-20"",""supplierIco"":""25234994""}"
contract:29897072,contract,Smlouva o poskytnutí dotace na podporu celoroční činnosti Nadace 700 let města Plzně v roce 2025,10,"{""amount"":1815000,""signedOn"":""2025-01-20"",""supplierIco"":""45332657""}"
contract:30164788,contract,dar Nadaci 700 let města Plzně projekt Díky dětem,10,"{""amount"":24200,""signedOn"":""2025-02-20"",""supplierIco"":""45332657""}"
contract:3033286,contract,Smlouva o vzájemné součinnosti při provozování a užívání vodního díla „Lovosicko (Lovosice levý břeh-průmyslová část)-Protipovodňová ochrana na Q100 na Labi“,10,"{""amount"":21550.1,""signedOn"":""2014-01-01"",""supplierIco"":""49100262""}"
contract:3033290,contract,Dodatek č.1 ke Smlouvě o vzájemné součinnosti při provozování a užívání vodního díla „Lovosicko (Lovosice levý břeh-průmyslová část)-Protipovodňová ochrana na Q100 na Labi“,10,"{""amount"":24146.76,""signedOn"":""2017-10-01"",""supplierIco"":""49100262""}"
contract:30498524,contract,dotace Kultura na pětce - veřejnoprávní smlouva - Nadace Věry a Vladimíra Janouškových - celoroční program ateliéru,10,"{""amount"":120000,""signedOn"":""2025-03-10"",""supplierIco"":""27149994""}"
contract:30791652,contract,smlouva o poskytnutí dotace: Celoroční program v Ateliéru Věry a Vladimíra Janouškových,10,"{""amount"":90000,""signedOn"":""2025-04-10"",""supplierIco"":""27149994""}"
contract:30795580,contract,Smlouva o poskytnutí individuální dotace č. 15/2025/S,10,"{""amount"":140000,""signedOn"":""2025-04-11"",""supplierIco"":""47795808""}"
contract:3080522,contract,užívání sportovního zařízení   a výuka školního plavání,10,"{""amount"":0,""signedOn"":""2017-09-05"",""supplierIco"":""28168151""}"
contract:3084482,contract,Smlouva o poskytování služeb Provozovny Střediska hospodářské činnosti,10,"{""amount"":0,""signedOn"":""2017-09-26"",""supplierIco"":""46900411""}"
contract:3091982,contract,Dar,10,"{""amount"":90000,""signedOn"":""2017-10-02"",""supplierIco"":""24188581""}"
contract:30931444,contract,Smlouva o poskytnutí dotace na akci „Akademie individuálních sportů Plzeňského kraje“,10,"{""amount"":1500000,""signedOn"":""2025-04-17"",""supplierIco"":""06646042""}"
contract:3093686,contract,Smlouva o užívání sportovního zařízení a výuce školního plavání,10,"{""amount"":0,""signedOn"":""2017-06-30"",""supplierIco"":""28168151""}"
contract:3093750,contract,Smlouva o užívání sportovního zařízení a výuce školního plavání,10,"{""amount"":0,""signedOn"":""2017-07-28"",""supplierIco"":""28168151""}"
contract:3093774,contract,Smlouva o užívání sportovního zařízení a výuce školního plavání,10,"{""amount"":0,""signedOn"":""2017-06-30"",""supplierIco"":""28168151""}"
contract:3093806,contract,Smlouva o užívání sportovního zařízení a výuce školního plavání,10,"{""amount"":0,""signedOn"":""2017-09-05"",""supplierIco"":""28168151""}"
contract:3093842,contract,Smlouva o užívání sportovního zařízení a výuce školního plavání,10,"{""amount"":0,""signedOn"":""2017-09-05"",""supplierIco"":""28168151""}"
contract:31024492,contract,Smlouva o poskytnutí dotace na akci „Plzeňské dvorky 2025“,10,"{""amount"":150000,""signedOn"":""2025-04-17"",""supplierIco"":""45332657""}"
contract:3103074,contract,nájem,10,"{""amount"":121000,""signedOn"":""2017-10-03"",""supplierIco"":""48207918""}"
contract:3104050,contract,"Objednávka - Opravu chodníků na Sahaře - ul. Bezděčínská - levá strana, ve směru od ul. Borová po ul. B.Voháňkové",10,"{""amount"":559548,""signedOn"":""2017-10-02"",""supplierIco"":""61681679""}"
contract:31060152,contract,Dohoda o Ukončení PS č. 53N17/05 - aktualizace,10,"{""amount"":-20538,""signedOn"":""2025-05-05"",""supplierIco"":""48207918""}"
contract:3126494,contract,17CRG06-0008,10,"{""amount"":200000,""signedOn"":""2017-10-03"",""supplierIco"":""15045838""}"
contract:3133738,contract,Zvláštní příplatek ke mzdě - dotace na příplatek k platu,10,"{""amount"":2530643,""signedOn"":""2017-10-09"",""supplierIco"":""26822105""}"
contract:3135286,contract,smlouva o výpůjčce § 2193 a násl. NOZ: Výpůjčka prostor Kongresového centra pro akci Japan Week,10,"{""amount"":0,""signedOn"":""2017-10-09"",""supplierIco"":""25124188""}"
contract:31354276,contract,Smlouva o podpoře,10,"{""amount"":0,""signedOn"":""2025-05-26"",""supplierIco"":""48207918""}"
contract:3140398,contract,"Dodatek číslo 1 ke smlouvě zřízení zdroje požární vody lokalita ""Pražská""",10,"{""amount"":0,""signedOn"":""2016-12-16"",""supplierIco"":""61681679""}"
contract:3140602,contract,"Dodatek číslo 2  ke smlouvě zřízení zdroje požární vody lokalita ""Pražská""",10,"{""amount"":292185.839,""signedOn"":""2017-09-15"",""supplierIco"":""61681679""}"
contract:3140874,contract,"Dodatek číslo 1 ke smlouvě  - ""Žřízení zdroje požární vody ve správním obvodu města MB - lokalita Jičínská 1.etapa""",10,"{""amount"":0,""signedOn"":""2016-12-16"",""supplierIco"":""61681679""}"
contract:3140978,contract,"Dodatek číslo 2 ke smlouvě - Zřízení požární vody Jičínská - vícepráce, méněpráce",10,"{""amount"":0,""signedOn"":""2017-09-15"",""supplierIco"":""61681679""}"
contract:3145918,contract,Smlouva o poskytnutí účelové dotace z Dotačního fondu Libereckého kraje - program č. 7.6,10,"{""amount"":181500,""signedOn"":""2017-10-06"",""supplierIco"":""15045838""}"
contract:3146390,contract,SMLOUVA O SPOLUPRÁCI A POSKYTNUTÍ PRACOVIŠTĚ PRO ZABEZPEČENÍ PRAKTICKÉHO VYUČOVÁNÍ,10,"{""amount"":60500,""signedOn"":""2017-09-04"",""supplierIco"":""60826851""}"
contract:3155670,contract,Zhotovení znaleckého posudku,10,"{""amount"":0,""signedOn"":""2017-09-15"",""supplierIco"":""60108916""}"
contract:31634953,contract,"Pronájem PSP č. 103 v objektu domu na ul. Jižní 549/1, Mostkovice",10,"{""amount"":7260,""signedOn"":""2022-01-24"",""supplierIco"":""27693058""}"
contract:31643449,contract,Dodatek č. 1 ke Smlouvě o nájmu č. 01/2022-MO - změna výše nájemného,10,"{""amount"":9510.6,""signedOn"":""2025-06-18"",""supplierIco"":""27693058""}"
contract:3168602,contract,DOHODA o zabezpečení vzdělávací aktivity zaměstnanců a potenciálních zaměstnanců a poskytnutí příspěvku v rámci projektu Podpora odborného vzdělávání zaměstnanců II č. PAA-MN-76/2017 / reg. č. proj. CZ.03.1.52/0.0/0.0/15_021/0000053,10,"{""amount"":250833,""signedOn"":""2017-10-10"",""supplierIco"":""60108916""}"
contract:31717309,contract,Smlouva o poskytnutí dotace na projekt „Plzeňské dvorky“,10,"{""amount"":12100,""signedOn"":""2025-05-30"",""supplierIco"":""45332657""}"
contract:317589,contract,"Smlouva o zřízení věcného břemene - p.č. 9/11, 10/3, 10/4, 49 k.ú. Valašské Meziříčí-město a p.č. 1043/6 k.ú. Krásno n/B.",10,"{""amount"":59532,""signedOn"":""2016-09-12"",""supplierIco"":""47674652""}"
contract:3190330,contract,"Poskytnutí účelové dotace v rámci dotačního titulu „Podpora sociálních služeb dle § 101a zákona č. 108/2006 Sb., o sociálních službách, ve znění pozdějších předpisů pro rok 2017 – Plzeňský kraj, mimořádné kolo“",10,"{""amount"":754840,""signedOn"":""2017-09-25"",""supplierIco"":""29123747""}"
contract:3201614,contract,Nájemní smlouva - pronájem tělocvičny ke sportovním činnostem - tenis,10,"{""amount"":146250,""signedOn"":""2017-10-03"",""supplierIco"":""47997826""}"
contract:32019005,contract,"Výroba, dodání a montáž kuchyňské linky",10,"{""amount"":429892.96,""signedOn"":""2025-07-01"",""supplierIco"":""04934482""}"
contract:321153,contract,Svoz a zneškodnění odpadu,10,"{""amount"":0,""signedOn"":""2016-09-30"",""supplierIco"":""60194120""}"
contract:3212246,contract,"Navýšení vyrovnávací platby, dodatek číslo 1",10,"{""amount"":0,""signedOn"":""2017-09-25"",""supplierIco"":""26997355""}"
contract:321469,contract,Smlouva o zajištění nákladní dopravy pro přepravu kontejnerů s mobilními prvky protivodňové ochrany pomocí kontejnerových plat,10,"{""amount"":983125,""signedOn"":""2016-09-19"",""supplierIco"":""60194120""}"
contract:3217414,contract,"Navýšení vyrovnávací platby, dodatek číslo 1",10,"{""amount"":0,""signedOn"":""2017-09-25"",""supplierIco"":""29123747""}"
contract:32276969,contract,Zveřejnění pachtovní smlouvy č. 76N25/33 - pacht pozemků dle VO,10,"{""amount"":148365,""signedOn"":""2025-08-13"",""supplierIco"":""48207918""}"
contract:32407389,contract,Smlouva č. 7241100714 o poskytnutí podpory ze Státního fondu životního prostředí ČR,10,"{""amount"":1633500,""signedOn"":""2025-08-19"",""supplierIco"":""26141761""}"
contract:324345,contract,Dodatek č. 1 Smlouvy o poskytnutí účelové dotace,10,"{""amount"":1003063,""signedOn"":""2016-09-26"",""supplierIco"":""26997355""}"
contract:3256850,contract,Dohoda o převodu účastnických smluv (pro RS),10,"{""amount"":0,""signedOn"":""2017-10-10"",""supplierIco"":""26396645""}"
contract:3259654,contract,"celoroční provoz - sociální aktivizace canisterapie - kancelářské potřeby, potřeby pro psa, poštovné, telefon, právní a ekon. služby, péče o psa, pojistné, mzdy vč. odvodů",10,"{""amount"":83490,""signedOn"":""2017-10-23"",""supplierIco"":""29123747""}"
contract:3263346,contract,Objednávka - Park u Modré Hvězdy - vrtaná studna na parc. č. 655/1 v k.ú. Mladá Boleslav,10,"{""amount"":590141.2,""signedOn"":""2017-10-18"",""supplierIco"":""61681679""}"
contract:32795181,contract,Smlouva 2402033391,10,"{""amount"":0,""signedOn"":""2025-09-26"",""supplierIco"":""48207918""}"
contract:3281,contract,VD Újezd - oprava obslužné komunikace,10,"{""amount"":1959831.8091,""signedOn"":""2016-07-01"",""supplierIco"":""70889988""}"
contract:3285,contract,Kácení nebezpečných stromů na Pšovce ve Lhotce u Mělníka,10,"{""amount"":78650,""signedOn"":""2016-07-08"",""supplierIco"":""70889988""}"
contract:32865129,contract,Poskytnutí nadačního příspěvku,10,"{""amount"":138538.2724,""signedOn"":""2025-10-01"",""supplierIco"":""45332657""}"
contract:3320936,contract,zajištění prodeje vstupenek na akce pořádané Příkazcem na prodejních místech Příkazníka,10,"{""amount"":121000,""signedOn"":""2017-09-25"",""supplierIco"":""45332657""}"
contract:33236301,contract,POSKYTNUTÍ ODBORNÍKA OP JAK II,10,"{""amount"":69600,""signedOn"":""2025-10-24"",""supplierIco"":""01398717""}"
contract:3340212,contract,"Objednávka - Oprava chodníků na Sahaře - ul. B.Voháňkové - levá strana, ve směru od ul. Borová po ul. Bezděčínská",10,"{""amount"":374212,""signedOn"":""2017-10-18"",""supplierIco"":""61681679""}"
contract:33581865,contract,Připojení k pultu centrální ochrany - dohoda o ukončení smlouvy,10,"{""amount"":0,""signedOn"":""2025-11-21"",""supplierIco"":""27771245""}"
contract:33582533,contract,Připojení k pultu centrální ochrany,10,"{""amount"":0,""signedOn"":""2025-11-21"",""supplierIco"":""27771245""}"
contract:33826661,contract,"Objednávka - Odběry a rozbory pitných, bazénových a odpadních vod na rok 2026",10,"{""amount"":363000,""signedOn"":""2025-12-09"",""supplierIco"":""26124459""}"
contract:3389548,contract,Dohoda o převodu účastnických smluv (pro RS),10,"{""amount"":0,""signedOn"":""2017-10-26"",""supplierIco"":""26396645""}"
contract:33934093,contract,Desky pod umyvadla,10,"{""amount"":98991.62,""signedOn"":""2025-11-20"",""supplierIco"":""04934482""}"
contract:33951689,contract,Darovací smlouva,10,"{""amount"":60500,""signedOn"":""2025-12-22"",""supplierIco"":""45332657""}"
contract:34165181,contract,PŘÍKAZNÍ SMLOUVA- činnost sekretariátu Sdružení měst a obcí Plzeňského kraje pro rok 2026,10,"{""amount"":389620,""signedOn"":""2025-12-12"",""supplierIco"":""69972061""}"
contract:34249,contract,Inominátní smlouva - Smlouva o spoluužívání vodního díla,10,"{""amount"":588297.16,""signedOn"":""2016-07-26"",""supplierIco"":""70890013""}"
contract:3437900,contract,"Dodatek č. 1 ke smlouvě o dílo - posunutí termínu dokončení díla ""Šetřilovsko, vodní nádrž u lávky pro pěší - udržovací práce"" do 8.12.2017",10,"{""amount"":108900,""signedOn"":""2017-10-31"",""supplierIco"":""15045838""}"
contract:34433481,contract,Objednávka dodávky a montáže  3 ks vstupních dveří vč. zárubně na objekt WC (trafostanice),10,"{""amount"":127050,""signedOn"":""2026-01-16"",""supplierIco"":""04934482""}"
contract:349329,contract,"Předmětem smlouvy je povinnost provádět úklid pěších komunikací lokality U Bulhara x Bolzanova v Praze ve výši 229 658,00 Kč",10,"{""amount"":229658,""signedOn"":""2016-10-06"",""supplierIco"":""60194120""}"
contract:34976977,contract,Smlouva o poskytnutí dotace na akci „Akademie individuálních sportů Plzeňského kraje“,10,"{""amount"":1500000,""signedOn"":""2026-03-11"",""supplierIco"":""06646042""}"
contract:35167997,contract,Smlouva o poskytnutí individuální dotace č. 15/2026/S,10,"{""amount"":160000,""signedOn"":""2026-04-07"",""supplierIco"":""47795808""}"
contract:3517192,contract,"partnerství s finančním příspěvkemna projekt  OPVVV ""HR AWARD""",10,"{""amount"":47831965.7904,""signedOn"":""2017-09-25"",""supplierIco"":""26396645""}"
contract:35214345,contract,4200014097_SML - Exkurze_ MAS nad Prahou,10,"{""amount"":100000,""signedOn"":""2026-03-25"",""supplierIco"":""01398717""}"
contract:35330745,contract,RÁMCOVÁ PARTNERSKÁ SMLOUVA MAS Nad Prahou o.p.s.,10,"{""amount"":59500,""signedOn"":""2026-04-17"",""supplierIco"":""01398717""}"
contract:35402041,contract,smlouva o poskytnutí dotace: Celoroční program v Ateliéru Věry a Vladimíra Janouškových,10,"{""amount"":90000,""signedOn"":""2026-04-22"",""supplierIco"":""27149994""}"
contract:354045,contract,SOD - II/201 Kralovice - Manětínská ul.,10,"{""amount"":24123349.888,""signedOn"":""2016-10-04"",""supplierIco"":""49786709""}"
contract:3544212,contract,dodatek číslo 1,10,"{""amount"":4697790,""signedOn"":""2017-11-16"",""supplierIco"":""26997355""}"
contract:354617,contract,Darovací smlouva,10,"{""amount"":2420000,""signedOn"":""2016-10-03"",""supplierIco"":""24188581""}"
contract:35513,contract,"DOT - Živá Šatava - studie proveditelnosti, FV 30.6.2017",10,"{""amount"":500000,""signedOn"":""2016-07-19"",""supplierIco"":""70890013""}"
contract:355333,contract,smlouva o užívání sportovního zařízení a výuka školního plavání,10,"{""amount"":0,""signedOn"":""2016-09-16"",""supplierIco"":""28168151""}"
contract:3562000,contract,Pověření výkonem služby obecného hospodářského zájmu.,10,"{""amount"":508800,""signedOn"":""2017-11-14"",""supplierIco"":""29123747""}"
contract:35749389,contract,Smlouva 2602002141,10,"{""amount"":0,""signedOn"":""2026-05-21"",""supplierIco"":""48207918""}"
contract:35777,contract,Smlouva o bezúplatném převodu majetku - 6ks rolet pro prezentaci,10,"{""amount"":84954.1,""signedOn"":""2016-07-28"",""supplierIco"":""15045838""}"
contract:360933,contract,Dodatek č.1 Smlouva o poskytnutí NFV -  MAS Prostějov venkov dle UZ/23/32/2016 z 23.9.2016,10,"{""amount"":0,""signedOn"":""2016-10-03"",""supplierIco"":""27693058""}"
contract:36193,contract,Bezpečnostní zábradlí na komorách Baťova kanálu,10,"{""amount"":1000000,""signedOn"":""2016-07-28"",""supplierIco"":""70890013""}"
contract:3685900,contract,Smlouva o podpoře,10,"{""amount"":0,""signedOn"":""2017-12-04"",""supplierIco"":""48207918""}"
contract:3741896,contract,Objednávka na mediální prostor v brožuře Sklaní města 2.,10,"{""amount"":99500,""signedOn"":""2017-12-05"",""supplierIco"":""15045838""}"
contract:374705,contract,Koncert na slavnostním večeru k 25. výročí ZČU,10,"{""amount"":150000,""signedOn"":""2016-10-13"",""supplierIco"":""25224662""}"
contract:3753456,contract,"Rámcová smlouva o správě, využití a nakládání se společnými výsledky/výstupy projektu č. TE02000006, s názvem Centrum alternativních ekologicky šetrných vysoce účinných antimikrobiálních prostředků pro průmyslové aplikace",10,"{""amount"":0,""signedOn"":""2017-11-15"",""supplierIco"":""27465021""}"
contract:3757688,contract,Dodatek č. 3 Smlouva o poskytnutí NFV - MAS Prostějov venkov,10,"{""amount"":400000,""signedOn"":""2017-11-27"",""supplierIco"":""27693058""}"
contract:3760796,contract,Úprava užívacích a spoluvlastnických práv k technickému řešení 2017/532,10,"{""amount"":0,""signedOn"":""2017-12-04"",""supplierIco"":""27465021""}"
contract:378129,contract,Smlouva o poskytování služeb,10,"{""amount"":0,""signedOn"":""2016-07-28"",""supplierIco"":""02795281""}"
contract:3812156,contract,Smlouva o poskytnutí dotace - Podpora destinačního managementu tur. regionu Český ráj,10,"{""amount"":110000,""signedOn"":""2017-12-15"",""supplierIco"":""15045838""}"
contract:3830216,contract,likvidace nádrže 416 D,10,"{""amount"":2982650,""signedOn"":""2017-12-11"",""supplierIco"":""26872307""}"
contract:3892724,contract,Smlouva o poskytnutí účelové neinvestiční dotace – NOR - ValMez 2018,10,"{""amount"":135000,""signedOn"":""2017-12-20"",""supplierIco"":""26822105""}"
contract:3894220,contract,Smlouva o poskytnutí účelové neinvestiční dotace – LPS - ValMez 2018,10,"{""amount"":1000000,""signedOn"":""2017-12-20"",""supplierIco"":""26822105""}"
contract:3898788,contract,Smlouva o poskytování služeb,10,"{""amount"":0,""signedOn"":""2017-12-18"",""supplierIco"":""46900411""}"
contract:3931988,contract,Smlouva o spolupráci při prodeji vstupenek,10,"{""amount"":0,""signedOn"":""2017-12-20"",""supplierIco"":""25124188""}"
contract:393669,contract,Smlouva o užívání sportovního zařízení a výuce školního plavání,10,"{""amount"":108787,""signedOn"":""2016-09-21"",""supplierIco"":""28168151""}"
contract:394285,contract,spolupráce při výrobě zvukově obrazového záznamu televizního pořadu  přímého přenosu a záznamu akce,10,"{""amount"":376159.96,""signedOn"":""2016-10-17"",""supplierIco"":""26419068""}"
contract:3956272,contract,Kupní smlouva na sójový šrot,10,"{""amount"":338800,""signedOn"":""2018-01-02"",""supplierIco"":""26185610""}"
contract:3958176,contract,Dodatek smlouvy o poskytování a úhradě zdravotních služeb – dohoda o ceně CU1700029344,10,"{""amount"":0,""signedOn"":""2017-12-29"",""supplierIco"":""26997355""}"
contract:3981772,contract,Dodatek č. 7 ke  smlouvě o úpravě práv a povinností vlastníků provozně souvisejících vodovodů pro veřejnou potřebu,10,"{""amount"":6051936,""signedOn"":""2017-12-21"",""supplierIco"":""60108916""}"
contract:4004256,contract,Kupní smlouva na sójový šrot,10,"{""amount"":267410,""signedOn"":""2018-01-08"",""supplierIco"":""26185610""}"
contract:401749,contract,Smlouva o spolupráci při aktualizaci a správě Jednotné digitální technické mapy Zlínského kraje a ospolečném postupu zadavatelů pro období od 13.11.2007,10,"{""amount"":0,""signedOn"":""2007-08-20"",""supplierIco"":""47674652""}"
contract:403749,contract,smlouva o užívání sportovního zařízení a výuce školního plavání,10,"{""amount"":112000,""signedOn"":""2016-10-14"",""supplierIco"":""28168151""}"
contract:407125,contract,Dodatek č. 7 k NS 53N04/47,10,"{""amount"":17136.02,""signedOn"":""2016-09-27"",""supplierIco"":""60826851""}"
contract:4073320,contract,Objednávka na prezentaci Česko jede v Katalogu Greenway Jizera,10,"{""amount"":80000,""signedOn"":""2017-12-21"",""supplierIco"":""15045838""}"
contract:4112480,contract,Pověření poskytováním sociálních služeb jako SOHZ,10,"{""amount"":0,""signedOn"":""2018-01-08"",""supplierIco"":""26997355""}"
contract:4115040,contract,Pověření poskytováním sociálních služeb jako SOHZ,10,"{""amount"":0,""signedOn"":""2018-01-08"",""supplierIco"":""29123747""}"
contract:412689,contract,"Úklid a odvozu odpadu a dalších souvisejících služeb poskytovatelem na náplavkách v Praze 1, 2 a 5.",10,"{""amount"":0,""signedOn"":""2016-10-17"",""supplierIco"":""61057606""}"
contract:4136284,contract,Kostelecké uzeniny_Dodatek 5,10,"{""amount"":2359306,""signedOn"":""2020-01-02"",""supplierIco"":""46900411""}"
contract:4141248,contract,objednávka rozborů odpadních vod,10,"{""amount"":81457.2,""signedOn"":""2018-01-22"",""supplierIco"":""46900411""}"
contract:4158452,contract,SMLOUVA PŘÍKAZNÍ - zajištění činností sekretariátu,10,"{""amount"":363000,""signedOn"":""2017-12-28"",""supplierIco"":""69972061""}"
contract:416553,contract,"Smlouva o dílo - Odstranění a likvidace odpadu z 1. suterénu provozní budovy ND - obj. č. 3, Národní 1435/6, Praha 1",10,"{""amount"":0,""signedOn"":""2016-09-23"",""supplierIco"":""60194120""}"
contract:4190392,contract,Dodatek smlouvy o poskytování a úhradě zdravotních služeb – dohoda o ceně CU1700029338,10,"{""amount"":0,""signedOn"":""2018-01-23"",""supplierIco"":""29123747""}"
contract:421865,contract,"V E Ř E J N O P R Á V N Í S M L O U V A - poskytnutí investiční dotace z prostředků rozpočtu statutárního města Mladá Boleslav na rok 2016 na úhradu nákladů na pokrytí investičních nákladů rekonstrukci a technické vybavení sportovní haly U Stadionu 1322,",10,"{""amount"":9900000,""signedOn"":""2016-10-05"",""supplierIco"":""28168151""}"
contract:4223016,contract,"Objednávka - mediální prostor v brožuře Sklaní města 2., 3. strana obálky (mutace ČJ + AJ)",10,"{""amount"":99500,""signedOn"":""2017-12-05"",""supplierIco"":""15045838""}"
contract:4262012,contract,Objednávka - Referát materiálně technického zabezpečení,10,"{""amount"":128865,""signedOn"":""2018-01-29"",""supplierIco"":""27465021""}"
contract:4267200,contract,"Rámcová smlouva o správě, využití a nakládání se společnými výsledky/výstupy projektu TE02000006: Centrum alternativních ekologicky šetrných vysoce účinných antimikrobiálních prostředků pro průmyslové aplikace",10,"{""amount"":0,""signedOn"":""2017-11-15"",""supplierIco"":""27465021""}"
contract:4302096,contract,Kupní smlouva na sójový šrot,10,"{""amount"":271947.5,""signedOn"":""2018-01-31"",""supplierIco"":""26185610""}"
contract:4303268,contract,"Smlouva o spolupráci na řešení programového projektu č. TE02000006, Centrum alternativních ekologicky šetrných vysoce účinných antimikrobiálních prostředků pro průmyslové aplikace.",10,"{""amount"":106741963.79,""signedOn"":""2014-03-11"",""supplierIco"":""27465021""}"
contract:4307140,contract,Smlouva o úvěru_0436224419-LCD_CS41000017114426,10,"{""amount"":700000,""signedOn"":""2018-01-13"",""supplierIco"":""01398717""}"
contract:433337,contract,SMLOUVA O DÍLO na zajištění zimní údržby a blokového čištění pozemních komunikaci ve správě MČ Praha 12,10,"{""amount"":7940085.34,""signedOn"":""2016-05-11"",""supplierIco"":""60194120""}"
contract:4340308,contract,Projekt V/II/2 - Osudové osmičky - Dotační program na podporu uměleckých a kulturních projektů k 100. výročí vzniku Československa a k připomenutí dalších významných výročí v roce 2018,10,"{""amount"":70000,""signedOn"":""2018-02-08"",""supplierIco"":""25234994""}"
contract:434085,contract,Údržba značení infosystému Prahy 3,10,"{""amount"":72600,""signedOn"":""2016-10-24"",""supplierIco"":""60194120""}"
contract:434561,contract,Objednávka podzimního blokového čištění pozemních komunikací ve správě MČ Praha 12,10,"{""amount"":304542.44,""signedOn"":""2016-10-14"",""supplierIco"":""60194120""}"
contract:4361656,contract,Cenové ujednání ke smlouvě o čištění odpadních vod,10,"{""amount"":126496360.87,""signedOn"":""2018-02-06"",""supplierIco"":""60108916""}"
contract:436397,contract,"Smlouva o zřízení věcného břemene - přeložka vodovodu (větev V – DN 400 vč. hydrantu) a vodovodu (větev V12 – DN 300) - Borská ulice, Plzeň",10,"{""amount"":76744.855,""signedOn"":""2016-10-17"",""supplierIco"":""25205625""}"
contract:4406000,contract,Základní vzdělání PSS dle zákona 108/2006 Sb.,10,"{""amount"":0,""signedOn"":""2018-02-20"",""supplierIco"":""26997355""}"
contract:4437304,contract,Přístup do ČSN online pro více uživatelů na základ,10,"{""amount"":10000,""signedOn"":""2018-02-05"",""supplierIco"":""60108916""}"
contract:4445108,contract,Smlouva o zpracování analýzy rizik  (AVISme 2018000397),10,"{""amount"":658560000,""signedOn"":""1997-12-05"",""supplierIco"":""60108916""}"
contract:4446368,contract,Dodatek č. 1 -  úprava některých článků smlouvy (AVISme 2018000399),10,"{""amount"":0,""signedOn"":""2002-06-28"",""supplierIco"":""60108916""}"
contract:4446376,contract,Dodatek č. 2 - doplnění článku II. III.  smlouvy (AVISme 2018000400),10,"{""amount"":0,""signedOn"":""2014-03-06"",""supplierIco"":""60108916""}"
contract:4449528,contract,Dodatek č. 3 ke kupní smlouvě- pitná voda,10,"{""amount"":960213.408,""signedOn"":""2018-01-31"",""supplierIco"":""60108916""}"
contract:4458164,contract,Poskytnutí finanční dotace v rámci dotačního řízení dle § 101a.,10,"{""amount"":6888500,""signedOn"":""2018-02-26"",""supplierIco"":""26997355""}"
contract:4470020,contract,Smlouva regály,10,"{""amount"":80150,""signedOn"":""2018-02-28"",""supplierIco"":""04934482""}"
contract:4479680,contract,Smlouva o podpoře,10,"{""amount"":0,""signedOn"":""2018-02-27"",""supplierIco"":""60826851""}"
contract:4489804,contract,Smlouva o nadačním příspěvku - projekt Speekie,10,"{""amount"":96800,""signedOn"":""2018-02-08"",""supplierIco"":""26419068""}"
contract:4489808,contract,Smlouva o nadačním příspěvku - workshopy Agora 2018,10,"{""amount"":121000,""signedOn"":""2018-02-08"",""supplierIco"":""26419068""}"
contract:4489812,contract,Smlouva o nadačním příspěvku - účast na ICC 2018,10,"{""amount"":60500,""signedOn"":""2018-02-08"",""supplierIco"":""26419068""}"
contract:4503972,contract,Poskytnutí finanční dotace v rámci dotačního řízení dle § 101a.,10,"{""amount"":5968600,""signedOn"":""2018-03-01"",""supplierIco"":""29123747""}"
contract:4514252,contract,"Veřejnoprávní smlouva o poskytnutí finanční dotace - Tenisový klub DEZA Valašské Meziříčí, z.s.",10,"{""amount"":175791,""signedOn"":""2018-03-05"",""supplierIco"":""47997826""}"
contract:4541448,contract,Kurz pro pracovníky v sociálních službách,10,"{""amount"":89540,""signedOn"":""2018-03-06"",""supplierIco"":""26997355""}"
contract:4541460,contract,Dohoda o spolupráci v rámci SV - RM,10,"{""amount"":0,""signedOn"":""2018-03-07"",""supplierIco"":""26822105""}"
contract:4583032,contract,Dodatek č. 12 - Nájemní smlouva - Nemocnice Valašské Meziříčí a.s. (nájem podniku),10,"{""amount"":8255500.8,""signedOn"":""2018-03-08"",""supplierIco"":""26822105""}"
contract:4593212,contract,na úhradu provozních nákladů - nájemné včetně energií,10,"{""amount"":121000,""signedOn"":""2018-03-13"",""supplierIco"":""29123747""}"
contract:4595388,contract,Smlouva o dílo - Propagace a PPC reklama - Cyklobusy v Českém ráji 2018,10,"{""amount"":93593.5,""signedOn"":""2018-03-08"",""supplierIco"":""15045838""}"
contract:459717,contract,Smlouva o dílo - „Zřízení zdroje požární vody ve správním obvodu města Mladá Boleslav – lokalita Pražská“,10,"{""amount"":4043178.7,""signedOn"":""2016-10-20"",""supplierIco"":""61681679""}"
contract:4639492,contract,Kupní smlouva na sójový šrot,10,"{""amount"":335170,""signedOn"":""2018-03-16"",""supplierIco"":""26185610""}"
contract:4643764,contract,Dodatek č. 1 Smlouvy o zařazení odsouzených do práce,10,"{""amount"":0,""signedOn"":""2018-03-20"",""supplierIco"":""46900411""}"
contract:4675364,contract,mořidla,10,"{""amount"":79074,""signedOn"":""2018-03-14"",""supplierIco"":""26185610""}"
contract:4678716,contract,"Dotace je určená na tento účel: zajištění provozu sociálních služeb, dále jen projekt.
a)	Domov poklidného stáří Vejprnice (DZR) (domovy se zvláštním režimem, identifikátor služby: 7983502) ve výši 1 100 000 Kč;
b)	Domov poklidného stáří Vejprnice (DS)",10,"{""amount"":3085500,""signedOn"":""2018-03-21"",""supplierIco"":""26997355""}"
contract:4682292,contract,Poskytnutí dotace na sociální služby,10,"{""amount"":3799400,""signedOn"":""2018-03-21"",""supplierIco"":""29123747""}"
contract:470017,contract,Smlouva o užívání sportovního zařízení a výuce školního plavání.,10,"{""amount"":0,""signedOn"":""2016-09-01"",""supplierIco"":""28168151""}"
contract:4719304,contract,Přístup do ČSN online pro více uživatelů na základ,10,"{""amount"":18000,""signedOn"":""2018-03-12"",""supplierIco"":""14612411""}"
contract:474053,contract,SMLOUVA O KLINICKÉM HODNOCENÍ HUMÁNNÍHO LÉČIVA,10,"{""amount"":1080700,""signedOn"":""2016-09-22"",""supplierIco"":""27256456""}"
contract:4757256,contract,dodatek č.1,10,"{""amount"":0,""signedOn"":""2018-03-05"",""supplierIco"":""26396645""}"
contract:478293,contract,PŘÍKAZNÍ SMLOUVA O POSKYTOVÁNÍ A ZAJIŠŤOVÁNÍ SLUŽEB V RÁMCI NAPLŇOVÁNÍ KONCEPTU SMART CITIES,10,"{""amount"":836715000,""signedOn"":""2016-10-31"",""supplierIco"":""02795281""}"
contract:47965,contract,Karlovo náměstí 29 - nájem nebytových prostor - OMI OSEM,10,"{""amount"":158994,""signedOn"":""2016-07-18"",""supplierIco"":""61057606""}"
contract:4810164,contract,Smlouva o poskytnutí účelové dotace z DT „Dotace schválené jmenovitě v rozpočtu PK OŠMS 2018“ na projekt Sportovní akademie individuálních sportů Plzeňského kraje,10,"{""amount"":3000000,""signedOn"":""2018-04-09"",""supplierIco"":""06646042""}"
contract:4816184,contract,Kupní smlouva na sodu bicarbonu,10,"{""amount"":206184,""signedOn"":""2018-03-20"",""supplierIco"":""26185610""}"
contract:48221,contract,Smlouva o nájmu - pronájem části nebytových prostor v objeku č.p. 16 na Vratislavově nám. v Novém Městě na Moravě,10,"{""amount"":383197.32,""signedOn"":""2016-07-25"",""supplierIco"":""41197518""}"
contract:482981,contract,"Prodej vodovodní sítě včetně funkčně souvisejících vodoměrů, kanalizační sítě, pozemku, stavby čerpací stanice  vč. technologie k.ú. Bolevec",10,"{""amount"":865521121.52,""signedOn"":""2016-11-02"",""supplierIco"":""25205625""}"
contract:4832940,contract,Smlouva o reklamě,10,"{""amount"":121000,""signedOn"":""2018-01-10"",""supplierIco"":""26185610""}"
contract:4841596,contract,Výroba laviček,10,"{""amount"":168142,""signedOn"":""2018-03-04"",""supplierIco"":""04934482""}"
contract:484529,contract,na pronájem jedné místnosti v čp. 395 v k. ú. Mnichovo Hradiště,10,"{""amount"":13173.27,""signedOn"":""2016-10-19"",""supplierIco"":""27256456""}"
contract:486013,contract,"SMLOUVA O POSKYTOVÁNÍ KOMPLEXNÍCH SLUŽEB PROVOZU, PODPORY A ROZVOJE INFRASTRUKTURY PRO PROVOZ KARTY LÍTAČKA",10,"{""amount"":0,""signedOn"":""2016-10-31"",""supplierIco"":""02795281""}"
contract:4880444,contract,Poskytnutí účelové dotace z rozpočtu Libereckého kraje na projekt Podpora rozvoje turistického regionu Český ráj 2018,10,"{""amount"":400000,""signedOn"":""2018-04-13"",""supplierIco"":""15045838""}"
contract:4895944,contract,Veřejnoprávní smlouva o poskytnutí finanční dotace - TK DEZA,10,"{""amount"":89634,""signedOn"":""2018-04-16"",""supplierIco"":""47997826""}"
contract:4908284,contract,Smlouva o poskytnutí nadačního příspěvku 8/18,10,"{""amount"":60000,""signedOn"":""2018-01-24"",""supplierIco"":""26419068""}"
contract:4966280,contract,Smlouva o budoucí smlouvě o zřízení služebnosti OM 282/2018,10,"{""amount"":0,""signedOn"":""2018-04-24"",""supplierIco"":""46900411""}"
contract:4979380,contract,objednávka vstupenek,10,"{""amount"":135697.87,""signedOn"":""2018-04-23"",""supplierIco"":""27465021""}"
contract:498885,contract,Peněžní dar,10,"{""amount"":500000,""signedOn"":""2016-07-29"",""supplierIco"":""24188581""}"
contract:5023887,contract,Smlouva o poskytnutí dotace z prostředků MO Plzeň 3 (DP č. 3),10,"{""amount"":40000,""signedOn"":""2018-04-27"",""supplierIco"":""29123747""}"
contract:5041055,contract,Dotace do oblasti sportu a tělovýchovy včetně podpory handicapovaných sportovců,10,"{""amount"":36300,""signedOn"":""2018-04-20"",""supplierIco"":""14704234""}"
contract:5084615,contract,Smlouva o poskytnutí dotace z prostředků MO Plzeň 3 (DP č. 4),10,"{""amount"":10000,""signedOn"":""2018-04-26"",""supplierIco"":""45332657""}"
contract:5097,contract,Mytí automobilové techniky,10,"{""amount"":110449,""signedOn"":""2016-06-28"",""supplierIco"":""60194120""}"
contract:5143875,contract,Poskytnutí účelové dotace z rozpočtu Libereckého kraje na projekt Tvorba a rozvoj produktů v turistickém regionu Český ráj,10,"{""amount"":181500,""signedOn"":""2018-05-11"",""supplierIco"":""15045838""}"
contract:5143887,contract,Poskytnutí účelové dotace z rozpočtu Libereckého kraje na projekt Rozvoj produktu Greenway Jizera,10,"{""amount"":181500,""signedOn"":""2018-05-11"",""supplierIco"":""15045838""}"
contract:514933,contract,Smlouva o dílo - „Zřízení zdroje požární vody ve správním obvodu města Mladá Boleslav – lokalita Jičínská – 1.etapa“,10,"{""amount"":2891385.75,""signedOn"":""2016-10-20"",""supplierIco"":""61681679""}"
contract:5152363,contract,"Spolupráce při organizaci ""6.národní konference transferu technologií"" 17.5.2018",10,"{""amount"":82583,""signedOn"":""2018-05-16"",""supplierIco"":""26396645""}"
contract:5174399,contract,Podmínky pro vstup hostů do PP,10,"{""amount"":80000,""signedOn"":""2018-05-09"",""supplierIco"":""26124459""}"
contract:5194511,contract,Dohoda o poskytnutí dotace z Programu rozvoje venkova ČR - 17/005/16220/563/000056,10,"{""amount"":70137500,""signedOn"":""2018-05-18"",""supplierIco"":""46900411""}"
contract:5208071,contract,Darovací smlouva,10,"{""amount"":1270500,""signedOn"":""2018-05-03"",""supplierIco"":""26419068""}"
contract:5217187,contract,Objednávka měření prachu a chem. látek v pracovním prostředí,10,"{""amount"":92445.21,""signedOn"":""2018-05-22"",""supplierIco"":""14612411""}"
contract:5218075,contract,reklamní služby,10,"{""amount"":1210000,""signedOn"":""2018-05-11"",""supplierIco"":""26185610""}"
contract:5243567,contract,Darovací smlouva na podporu kulturních projektů v roce 2018 ve Valašském Meziříčí,10,"{""amount"":133100,""signedOn"":""2018-05-15"",""supplierIco"":""14612411""}"
contract:5251607,contract,"Smlouva o poskytnutí účelové dotace z DT „Dotace schválené jmenovitě v rozpočtu PK OŠMS 2018“ na projekt s názvem Techmania Science Center 2018 jako podporu projektu ""Techmania Science Center""",10,"{""amount"":10000000,""signedOn"":""2018-05-25"",""supplierIco"":""26396645""}"
contract:5260043,contract,Finanční dotace ve výši 4 mil. Kč na činnost nadace v roce 2018.,10,"{""amount"":4000000,""signedOn"":""2018-05-25"",""supplierIco"":""45332657""}"
contract:526973,contract,"Smlouva o dílo ke zpracování analýzy pro žádost o finanční podporu projektu ""Dovybavení sběrného dvora Klatovy""",10,"{""amount"":72600,""signedOn"":""2016-11-03"",""supplierIco"":""25245091""}"
contract:526977,contract,"Smlouva o dílo ke zpracování analýzy pro žádost o finanční podporu projektu ""Nákup podzemních a velkoobjemových kontejnerů pro město Klatovy",10,"{""amount"":72600,""signedOn"":""2016-11-03"",""supplierIco"":""25245091""}"
contract:529829,contract,"Smlouva o dílo na zpracování analýzy potenciálu produkce odpadů ""Nákup kompostérů a kontejnérů na textil pro město Klatovy""",10,"{""amount"":72600,""signedOn"":""2016-11-03"",""supplierIco"":""25245091""}"
contract:535077,contract,Smlouva o poskytnutí účelové neinvestiční dotace  – LPS - ValMez 2017,10,"{""amount"":1000000,""signedOn"":""2016-10-24"",""supplierIco"":""26822105""}"
contract:535997,contract,"Příprava, oponentura a aktualizace e-learningových lekcí pro děti a studenty",10,"{""amount"":50000,""signedOn"":""2016-11-09"",""supplierIco"":""25245091""}"
contract:539593,contract,Veřejnoprávní sml. o poskytnutí investiční dotacez rozpočtu SK,10,"{""amount"":1800000,""signedOn"":""2016-11-01"",""supplierIco"":""27256456""}"
contract:539645,contract,Veřejnoprávní sml. o poskytnutí investiční dotacez rozpočtu SK,10,"{""amount"":6000000,""signedOn"":""2016-11-01"",""supplierIco"":""27256456""}"
contract:540997,contract,Smlouva o poskytnutí dotace - DOMOVINKA - SAS pro rok 2016,10,"{""amount"":242000,""signedOn"":""2016-11-08"",""supplierIco"":""29123747""}"
contract:5414851,contract,"Dotační program Rekonstrukce, oprava a výstavba sportovních zařízení, areálů a související infrastruktury na území města Plzně.",10,"{""amount"":363000,""signedOn"":""2018-06-05"",""supplierIco"":""14704234""}"
contract:542073,contract,"Objednávka evaluace projektu""Podpora sociálnách služeb v Plzeňském kraji 2016-2019""",10,"{""amount"":441650,""signedOn"":""2016-11-11"",""supplierIco"":""25245091""}"
contract:542553,contract,služby projektového řízení v oblasti informačních technologií a informačních systémů a řešení problematiky ICT v působnosti odboru INF,10,"{""amount"":1115136,""signedOn"":""2016-10-11"",""supplierIco"":""02795281""}"
contract:542997,contract,PŘÍPRAVA SPECIFIKACE PROJEKTU MULTIKANÁLOVÉHO ODBAVOVÁNÍ,10,"{""amount"":726000,""signedOn"":""2016-08-17"",""supplierIco"":""02795281""}"
contract:543013,contract,Příprava specifikace datového centra HMP pro krátkodobé zajištění provozuschopnosti datových center,10,"{""amount"":1234200,""signedOn"":""2016-08-18"",""supplierIco"":""02795281""}"
contract:543097,contract,zpracování koncepce a projektového plánu Prague Market,10,"{""amount"":1200320,""signedOn"":""2016-08-18"",""supplierIco"":""02795281""}"
contract:543193,contract,zpracování analýzy a realizace implementace lokálních WI-FI spotů,10,"{""amount"":909920,""signedOn"":""2016-08-18"",""supplierIco"":""02795281""}"
contract:5438563,contract,smlouva o převodu pozemku,10,"{""amount"":262282.02,""signedOn"":""2018-06-11"",""supplierIco"":""60826851""}"
contract:5442387,contract,"Oprava podlah ve třídách, oprava šaten, nábytku nářaďovny tělocvičny ZŠ Nýřany",10,"{""amount"":1420915,""signedOn"":""2018-06-07"",""supplierIco"":""04934482""}"
contract:5479699,contract,Dotace z prostředků MO Plzeň 3 (DP č.2),10,"{""amount"":8000,""signedOn"":""2018-06-07"",""supplierIco"":""14704234""}"
contract:5539263,contract,Dohoda o narovnání za užívání pozemků v k. ú. Novosedly nad Nežárkou,10,"{""amount"":205688,""signedOn"":""2018-06-21"",""supplierIco"":""60826851""}"
contract:55589,contract,Provádění údržby zeleně,10,"{""amount"":363000,""signedOn"":""2016-07-27"",""supplierIco"":""61057606""}"
contract:556129,contract,realizace dopravního značení kom. Novopetrovická Praha 11,10,"{""amount"":443670.7,""signedOn"":""2016-09-14"",""supplierIco"":""60194120""}"
contract:556565,contract,"realizace DZ Bubenská, Heřmanova Praha 7 cyklo",10,"{""amount"":577416.71,""signedOn"":""2016-08-19"",""supplierIco"":""60194120""}"
contract:556685,contract,Smlouva o dílo - Žižova ul. - oprava chodníků - úsek Štefánikova - Jana Roháče z Dubé - Laurinova,10,"{""amount"":3025700.87,""signedOn"":""2016-11-01"",""supplierIco"":""61681679""}"
contract:5583071,contract,Smlouva o účtu_CS00000007520565,10,"{""amount"":0,""signedOn"":""2017-11-08"",""supplierIco"":""01398717""}"
contract:5621847,contract,Smlouva - objednávka,10,"{""amount"":72600,""signedOn"":""2018-07-02"",""supplierIco"":""49786709""}"
contract:562353,contract,Darovací smlouva na 1.valašskou olympiádu dětí základních škol (CS Cabot),10,"{""amount"":93608,""signedOn"":""2016-07-07"",""supplierIco"":""14612411""}"
contract:562597,contract,Provedení aktualizace obsahové části projektu Smart Akcelerátor a zajištění souvisejících činností,10,"{""amount"":72600,""signedOn"":""2016-11-15"",""supplierIco"":""25245091""}"
contract:5629703,contract,Dotace z prostředků MO Plzeň 3 - DP č. 1,10,"{""amount"":20000,""signedOn"":""2018-06-28"",""supplierIco"":""26396645""}"
contract:5636623,contract,Dotace z prostředků MO Plzeň 3 - DP č. 1,10,"{""amount"":20000,""signedOn"":""2018-06-25"",""supplierIco"":""14704234""}"
contract:5649155,contract,Bezpečnostně-zdravotní ořez 197 ks významných jedinců dubu letního a lip srdčitých na návodní straně,10,"{""amount"":669600,""signedOn"":""2018-06-22"",""supplierIco"":""60826851""}"
contract:5658707,contract,"Závazná objednávka k účasti na Veletrhu pracovních příležitostí JobChallenge, č. stánku 33",10,"{""amount"":60560.5,""signedOn"":""2018-06-29"",""supplierIco"":""26185610""}"
contract:5665559,contract,18CRG06-0004,10,"{""amount"":220000,""signedOn"":""2018-07-03"",""supplierIco"":""15045838""}"
contract:573357,contract,"likvidace nádrží 417 A, B, E a přijetí materiálů k využití při sanaci odkaliště K IV/R na PRLP Mydlovary",10,"{""amount"":4591950,""signedOn"":""2016-11-16"",""supplierIco"":""26872307""}"
contract:5735543,contract,Kupní smlouva na sójový šrot,10,"{""amount"":328212.5,""signedOn"":""2018-06-19"",""supplierIco"":""26185610""}"
contract:5749079,contract,"Jatečné krávy, ml. býk",10,"{""amount"":148709,""signedOn"":""2018-04-15"",""supplierIco"":""46900411""}"
contract:5774155,contract,"Smlouva o budoucí kupní smlouvě na části pozemků par. č. 1588/13 a 3184 v k. ú. Kostelec u Jihlavy, uzavíraná mezi budoucím prodávajícím - Kostelecké uzeniny a. s. a budoucím kupujícím - Krajem Vysočina v rámci majetkoprávní př",10,"{""amount"":137500,""signedOn"":""2018-07-01"",""supplierIco"":""46900411""}"
contract:5774159,contract,"Smlouva nájemní na části pozemků par. č. 1588/13 a 3184 v k. ú. Kostelec u Jihlavy, uzavíraná mezi pronajímatelem - Kostelecké uzeniny a. s. a nájemcem - Krajem Vysočina v rámci majetkoprávní přípravy akce II406 Kostelec - křiž. s",10,"{""amount"":31890,""signedOn"":""2018-07-01"",""supplierIco"":""46900411""}"
contract:5781603,contract,Smlouva o poskytnutí účelové dotace z DT „Podpora tělovýchovy a sportu v roce 2018“,10,"{""amount"":70000,""signedOn"":""2018-07-24"",""supplierIco"":""14704234""}"
contract:57817,contract,Pojistná smlouva,10,"{""amount"":544822,""signedOn"":""2016-07-18"",""supplierIco"":""45534306""}"
contract:57885,contract,smlouva o poskytnutí dotace 16/SML3634 Dopravní podnik měst Chomutova a Jirkova a.s.,10,"{""amount"":1000000,""signedOn"":""2016-08-04"",""supplierIco"":""64053466""}"
contract:580677,contract,Kupní smlouva-sójový šrot,10,"{""amount"":299172.5,""signedOn"":""2016-11-21"",""supplierIco"":""26185610""}"
contract:5806951,contract,Darovací smlouva - MAS Prostějov venkov,10,"{""amount"":0,""signedOn"":""2018-07-25"",""supplierIco"":""27693058""}"
contract:5812331,contract,Přístup do ČSN online pro více uživatelů na základ,10,"{""amount"":43000,""signedOn"":""2018-06-13"",""supplierIco"":""27465021""}"
contract:584225,contract,"Rámcová kupní smlouva, smlouva o zřízení a provozu konsignačního skladu - šicí materiál",10,"{""amount"":1972300,""signedOn"":""2016-09-09"",""supplierIco"":""27256456""}"
contract:584517,contract,Kupní smlouva - elektrokauetr,10,"{""amount"":61071.12,""signedOn"":""2016-10-05"",""supplierIco"":""27256456""}"
contract:584577,contract,Smlouva o dílo - projekt rekonstrukce pavilonu 4 a 6,10,"{""amount"":4042852,""signedOn"":""2016-09-27"",""supplierIco"":""27256456""}"
contract:584805,contract,smlouva o dílo - projekt demolice garáží,10,"{""amount"":229900,""signedOn"":""2016-07-18"",""supplierIco"":""27256456""}"
contract:584825,contract,Kupní smlouva - elektrická pánev,10,"{""amount"":556521.35,""signedOn"":""2016-07-01"",""supplierIco"":""27256456""}"
contract:584849,contract,kupní smlouvy - lůžka,10,"{""amount"":717885.74,""signedOn"":""2016-07-18"",""supplierIco"":""27256456""}"
contract:584857,contract,Kupní smlouva - lůžka,10,"{""amount"":86304.46,""signedOn"":""2016-09-22"",""supplierIco"":""27256456""}"
contract:584877,contract,Kupní smlouva - anesteziologický přístroj,10,"{""amount"":786500,""signedOn"":""2016-07-12"",""supplierIco"":""27256456""}"
contract:584889,contract,Smlouva o dílo - studie k dotaci IROP,10,"{""amount"":193600,""signedOn"":""2016-08-05"",""supplierIco"":""27256456""}"
contract:584973,contract,DOHODA o zabezpečení vzdělávací aktivity zaměstnanců a potenciálních zaměstnanců a poskytnutí příspěvku v rámci projektu Podpora odborného vzdělávání zaměstnanců II   č. PAA-MN-99/2016 reg. č.  CZ.03.1.52/0.0/0.0/15_021/0000053,10,"{""amount"":684642.2,""signedOn"":""2016-10-31"",""supplierIco"":""60108916""}"
contract:585033,contract,DOHODA o zabezpečení vzdělávací aktivity zaměstnanců a potenciálních zaměstnanců a poskytnutí příspěvku v rámci projektu Podpora odborného vzdělávání zaměstnanců II   č. PAA-MN-100/2016 reg. č.  CZ.03.1.52/0.0/0.0/15_021/0000053,10,"{""amount"":98342.75,""signedOn"":""2016-10-31"",""supplierIco"":""60108916""}"
contract:585089,contract,DOHODA o zabezpečení vzdělávací aktivity zaměstnanců a potenciálních zaměstnanců a poskytnutí příspěvku v rámci projektu Podpora odborného vzdělávání zaměstnanců II   č. PAA-MN-102/2016 reg. č.  CZ.03.1.52/0.0/0.0/15_021/0000053,10,"{""amount"":78674.2,""signedOn"":""2016-10-31"",""supplierIco"":""60108916""}"
contract:589793,contract,DOHODA o zabezpečení vzdělávací aktivity zaměstnanců a potenciálních zaměstnanců a poskytnutí příspěvku v rámci projektu Podpora odborného vzdělávání zaměstnanců II,10,"{""amount"":81424,""signedOn"":""2016-10-24"",""supplierIco"":""27465021""}"
contract:5932779,contract,Smlouva - objednávka,10,"{""amount"":72600,""signedOn"":""2018-08-10"",""supplierIco"":""49786709""}"
contract:5935907,contract,Smlouva o poskytnutí účelové dotace z DT „Program podpory sociálních služeb v Plzeňském kraji 2018“,10,"{""amount"":250000,""signedOn"":""2018-07-17"",""supplierIco"":""26997355""}"
contract:596233,contract,Darovací smlouva - projekt Sportovní centra Nadace AGROFERT,10,"{""amount"":81000,""signedOn"":""2016-11-01"",""supplierIco"":""24188581""}"
contract:5994103,contract,Smlouva o využití výsledků projektu TH01030054 Možnosti zpracování odpadní PES cupaniny a dalšího technologického odpadu,10,"{""amount"":0,""signedOn"":""2018-01-29"",""supplierIco"":""27465021""}"
contract:601881,contract,smlouva - reklamní spolupráce,10,"{""amount"":121000,""signedOn"":""2016-11-08"",""supplierIco"":""26185610""}"
contract:6035075,contract,Kupní smlouva,10,"{""amount"":840768.5,""signedOn"":""2018-07-16"",""supplierIco"":""26822105""}"
contract:6042671,contract,"Dotce na projekt Vícejazyčné expozice Techmania Science Center, o.p.s.",10,"{""amount"":65000,""signedOn"":""2018-07-30"",""supplierIco"":""26396645""}"
contract:6046467,contract,pacht dod1,10,"{""amount"":78650,""signedOn"":""2018-08-09"",""supplierIco"":""48207918""}"
contract:6070591,contract,Smlouva o provádění lékařských prohlídek zaměstnanců,10,"{""amount"":0,""signedOn"":""2018-08-29"",""supplierIco"":""26185610""}"
contract:608561,contract,objednávka - realizace vypracování podkladů pro analýzu související s pasportizací optických vláken,10,"{""amount"":635250,""signedOn"":""2016-11-04"",""supplierIco"":""02795281""}"
contract:608777,contract,Smlouva o poskytnutí účelové neinvestiční dotace - NOR- ValMez 2017,10,"{""amount"":135000,""signedOn"":""2016-10-27"",""supplierIco"":""26822105""}"
contract:609097,contract,příprava záměru a podpory při implementaci Service Desku/ Help Desku,10,"{""amount"":842160,""signedOn"":""2016-11-16"",""supplierIco"":""02795281""}"
contract:610389,contract,Smlouva o dodávce vody z vodovodu a o odvádění odpadních vod kanalizací,10,"{""amount"":0,""signedOn"":""2004-02-12"",""supplierIco"":""47674652""}"
contract:6142731,contract,Smlouva o likvidaci nádrže 417 C,10,"{""amount"":4467320,""signedOn"":""2018-08-28"",""supplierIco"":""26872307""}"
contract:6170155,contract,Smlouva o dílo - zajištění vstupu do Techmanie Science Center v Plzni v rámci projektu IKAP B (D),10,"{""amount"":302500,""signedOn"":""2018-09-10"",""supplierIco"":""26396645""}"
contract:617065,contract,Mytí kontejnerů,10,"{""amount"":0,""signedOn"":""2016-10-01"",""supplierIco"":""61057606""}"
contract:618013,contract,Darovací smlouva,10,"{""amount"":87900,""signedOn"":""2016-11-23"",""supplierIco"":""24188581""}"
contract:6213359,contract,Pronájem pozemků,10,"{""amount"":730958.58,""signedOn"":""2018-08-23"",""supplierIco"":""46900411""}"
contract:6236531,contract,Smlouva o spolupráci a poskytnutí pracoviště pro zabezpečení praktického vyučování,10,"{""amount"":630000,""signedOn"":""2018-09-03"",""supplierIco"":""60826851""}"
contract:6324987,contract,Smlouva o poskytnutí finančních prostředků,10,"{""amount"":122103.52,""signedOn"":""2018-09-19"",""supplierIco"":""26822105""}"
contract:6330071,contract,Smlouva o výpůjčce,10,"{""amount"":0,""signedOn"":""2018-09-10"",""supplierIco"":""25234994""}"
contract:6354519,contract,Smlouva o poskytnutí dotace na Podporu destinačního managementu turistického regionu Český ráj.,10,"{""amount"":110000,""signedOn"":""2018-10-02"",""supplierIco"":""15045838""}"
contract:63825,contract,dodávka tramvajových panelů,10,"{""amount"":109708.28,""signedOn"":""2016-07-18"",""supplierIco"":""25220683""}"
contract:64001,contract,"dodávka motorové nafty třídy B, D, F",10,"{""amount"":845717.4,""signedOn"":""2016-07-11"",""supplierIco"":""25220683""}"
contract:64093,contract,dodávka výložníků,10,"{""amount"":70863.65,""signedOn"":""2016-07-13"",""supplierIco"":""25220683""}"
contract:64165,contract,prodloužení maintenance ARCServe,10,"{""amount"":107264.08,""signedOn"":""2016-07-12"",""supplierIco"":""25220683""}"
contract:64213,contract,nátěr 92 ks stožárů,10,"{""amount"":218366.28,""signedOn"":""2016-07-13"",""supplierIco"":""25220683""}"
contract:64273,contract,dodávka svorky obloukové,10,"{""amount"":74705.4,""signedOn"":""2016-07-20"",""supplierIco"":""25220683""}"
contract:64285,contract,MALTA PCI REPAFAST FLUID,10,"{""amount"":122089,""signedOn"":""2016-07-22"",""supplierIco"":""25220683""}"
contract:64297,contract,Objednávka prací a veškerého režijního materiálu,10,"{""amount"":242145.2,""signedOn"":""2016-07-13"",""supplierIco"":""25220683""}"
contract:64301,contract,11ks výložníku osvětlovacích lamp,10,"{""amount"":61978.62,""signedOn"":""2016-07-14"",""supplierIco"":""25220683""}"
contract:64305,contract,Dodávka a instalace 8 ks ručních řadiču KRD56 do tramvají T3R.P,10,"{""amount"":2090880,""signedOn"":""2016-07-21"",""supplierIco"":""25220683""}"
contract:64329,contract,Dodávka a instalace držáků výhybkových tyčí do tramvají,10,"{""amount"":189244,""signedOn"":""2016-07-21"",""supplierIco"":""25220683""}"
contract:6442819,contract,Dohoda o narovnání za užívání pozemků v k. ú. Lutová,10,"{""amount"":150703,""signedOn"":""2018-10-09"",""supplierIco"":""60826851""}"
contract:6460291,contract,Smlouvaouveru0431203459LCDCS41000032081292,10,"{""amount"":1500000,""signedOn"":""2018-10-12"",""supplierIco"":""01398717""}"
contract:6495039,contract,"Spolupráce při organizaci  konference ""Dobrá praxe"" 17.- 18.10.2018",10,"{""amount"":118531.6,""signedOn"":""2018-10-15"",""supplierIco"":""26396645""}"
contract:6527487,contract,ID 69964 - ESF A6/31 Pronájem prostor+občerstvení,10,"{""amount"":89720,""signedOn"":""2018-10-17"",""supplierIco"":""26396645""}"
contract:654765,contract,Smlouvy o dodávce vody a odvádění odpadních vod_4 ks smluv,10,"{""amount"":0,""signedOn"":""2016-11-15"",""supplierIco"":""25205625""}"
contract:655553,contract,"Smlouva o věcném břemeni - p.č. 935/2,975,2535/2,2536/2,2536/3,2543,2544/18,2544/37,2544/40,2544/44,2586/57,2586/59, k.ú. VM-město",10,"{""amount"":182613,""signedOn"":""2016-11-24"",""supplierIco"":""47674652""}"
contract:6556239,contract,"Kupní smlouva - nemovitá věc, k.ú. Planá nad Lužnicí",10,"{""amount"":90266,""signedOn"":""2018-10-23"",""supplierIco"":""46900411""}"
contract:6570079,contract,"Dodatek č. 1 ke smlouvě o poskytnutí účelové dotace, dodatek číslo 1",10,"{""amount"":258264,""signedOn"":""2018-10-23"",""supplierIco"":""26997355""}"
contract:657457,contract,Objednávka č. 1555/16 - zajištění dopravy pro žáky ze škol do výukového centra Černošín,10,"{""amount"":110836,""signedOn"":""2016-11-11"",""supplierIco"":""25245091""}"
contract:6581971,contract,Darovací smlouva - finanční dar,10,"{""amount"":200000,""signedOn"":""2018-10-24"",""supplierIco"":""14612411""}"
contract:6642375,contract,"Dodatek č. 2 -  Výpůjčka - p.č. 2028, 2030/3, 2031/2, 2034, 2041/3, 2871/1, 2881/3, 2883, k.ú. VM-město",10,"{""amount"":0,""signedOn"":""2018-10-24"",""supplierIco"":""47997826""}"
contract:665593,contract,Provozování centrálního skladu odpadů I a II,10,"{""amount"":0,""signedOn"":""2016-11-22"",""supplierIco"":""61057606""}"
contract:6694503,contract,Vodárenská a kanalizační a.s.,10,"{""amount"":1517340,""signedOn"":""2009-12-31"",""supplierIco"":""49786709""}"
contract:6703819,contract,smlouvy - závažné písemnosti,10,"{""amount"":92930.42,""signedOn"":""2018-10-31"",""supplierIco"":""49786709""}"
contract:6736471,contract,Smlouva o nájmu,10,"{""amount"":3879360,""signedOn"":""2018-10-31"",""supplierIco"":""26872307""}"
contract:6736519,contract,Smlouva o zřízení věcného břemene - služebnosti,10,"{""amount"":1693340,""signedOn"":""2018-10-31"",""supplierIco"":""26872307""}"
contract:6736535,contract,Smlouva o zřízení věcného břemene - služebnosti,10,"{""amount"":409860,""signedOn"":""2018-10-31"",""supplierIco"":""26872307""}"
contract:6745771,contract,pověření poskytováním služeb jako SOHZ,10,"{""amount"":0,""signedOn"":""2018-10-23"",""supplierIco"":""26997355""}"
contract:688009,contract,Dotace na realizaci projektu: Techmania mluví německy v roce 2016.,10,"{""amount"":60500,""signedOn"":""2016-09-22"",""supplierIco"":""26396645""}"
contract:68833,contract,Objednávka provedení sanance a izolace akumulační komory VDJ,10,"{""amount"":0,""signedOn"":""2016-07-25"",""supplierIco"":""49786709""}"
contract:688677,contract,Zvláštní smlouva s PZSS o poskytování a úhradě ošetřovatelské péče,10,"{""amount"":0,""signedOn"":""2013-12-31"",""supplierIco"":""29123747""}"
contract:68893,contract,Objednávka na provedení sanace a izolace komory VDJ,10,"{""amount"":0,""signedOn"":""2016-07-25"",""supplierIco"":""49786709""}"
contract:68913,contract,Objednávka výměny silového kabelu v obci Hvozd,10,"{""amount"":0,""signedOn"":""2016-07-27"",""supplierIco"":""49786709""}"
contract:68925,contract,Objednávka osazení šoupat na vodovodní řad v obci Hvozd,10,"{""amount"":0,""signedOn"":""2016-07-27"",""supplierIco"":""49786709""}"
contract:68941,contract,Objednávka na vybudování redukční a uzavírací šachty v obci Horní Bříza,10,"{""amount"":0,""signedOn"":""2016-08-03"",""supplierIco"":""49786709""}"
contract:689465,contract,Zvláštní smlouva s PZSS o poskytování a úhradě ošetřovatelské péče,10,"{""amount"":0,""signedOn"":""2010-01-28"",""supplierIco"":""26997355""}"
contract:689717,contract,Provozování sběrného dvora hl. m. Prahy Zakrytá na území městské části Praha 4,10,"{""amount"":11906080.56,""signedOn"":""2016-11-30"",""supplierIco"":""60194120""}"
contract:689809,contract,Dodatek č. 1 ke Smlouvě o podnájmu a o užívání telefonních linek,10,"{""amount"":667269,""signedOn"":""2016-11-02"",""supplierIco"":""02795281""}"
contract:689817,contract,Změna podmínek PVVK,10,"{""amount"":0,""signedOn"":""2016-09-02"",""supplierIco"":""02795281""}"
contract:690129,contract,Provozování sběrného dvora na území správního obvodu Praha 11,10,"{""amount"":0,""signedOn"":""2016-03-05"",""supplierIco"":""61057606""}"
contract:692029,contract,Objednávka č. 0120/2016/0296/OZP - mimořádný svoz černých skládek,10,"{""amount"":99946,""signedOn"":""2016-11-14"",""supplierIco"":""61057606""}"
contract:692613,contract,Objednávka č. 0120/2016/0295/OZP - mimořádné strojní čištění chodníků před zimou,10,"{""amount"":73000,""signedOn"":""2016-11-04"",""supplierIco"":""61057606""}"
contract:6930107,contract,Objednávka  - Dodávka živého kapra,10,"{""amount"":0,""signedOn"":""2018-11-21"",""supplierIco"":""60826851""}"
contract:698477,contract,"Smlouva o využití systému shromažďování, sběru, přepravy, třídění, využívání a odstraňování komunálního odpadu zavedeného městem Plzní",10,"{""amount"":0,""signedOn"":""2016-11-29"",""supplierIco"":""25205625""}"
contract:701945,contract,zřízení místa pro sběr opotřebeného potravinářského oleje a tuků,10,"{""amount"":0,""signedOn"":""2016-11-30"",""supplierIco"":""60194120""}"
contract:701949,contract,zřízení místa pro sběr opotřebeného potravinářského oleje a tuků,10,"{""amount"":0,""signedOn"":""2016-11-30"",""supplierIco"":""60194120""}"
contract:701953,contract,zřízení místa pro sběr opotřebeného potravinářského oleje a tuků,10,"{""amount"":0,""signedOn"":""2016-11-30"",""supplierIco"":""60194120""}"
contract:701957,contract,zřízení místa pro sběr opotřebeného potravinářského oleje a tuků,10,"{""amount"":0,""signedOn"":""2016-11-30"",""supplierIco"":""60194120""}"
contract:702045,contract,zřízení místa pro sběr opotřebeného potravinářského oleje a tuků,10,"{""amount"":0,""signedOn"":""2016-11-14"",""supplierIco"":""61057606""}"
contract:7024839,contract,Smlouva o výpůjčce,10,"{""amount"":0,""signedOn"":""2018-11-13"",""supplierIco"":""25234994""}"
contract:7027723,contract,Kupní smlouva na sójový šrot,10,"{""amount"":559020,""signedOn"":""2018-11-30"",""supplierIco"":""26185610""}"
contract:704761,contract,realizační a údržbové práce na DZ a dopravně-bezpečnostních zařízeních,10,"{""amount"":13310,""signedOn"":""2016-11-04"",""supplierIco"":""60194120""}"
contract:7058555,contract,Smlouva o poskytnutí účelové neinvestiční dotace - NOR - ValMez,10,"{""amount"":135000,""signedOn"":""2018-11-26"",""supplierIco"":""26822105""}"
contract:7058763,contract,Smlouva o poskytnutí účelové neinvestiční dotace – LPS - ValMez - 2019,10,"{""amount"":2500000,""signedOn"":""2018-11-26"",""supplierIco"":""26822105""}"
contract:7099687,contract,Dodatek č. 2 ke sml.,10,"{""amount"":136638.04,""signedOn"":""2018-11-20"",""supplierIco"":""49786709""}"
contract:710849,contract,Darovací smlouva,10,"{""amount"":300000,""signedOn"":""2016-11-28"",""supplierIco"":""24188581""}"
contract:7115559,contract,Nájemní smlouva a smlouva o budoucí smlouvě o zřízení služebnosti - Precheza a.s. – vodovodní přípojka z ulice Tovačovské,10,"{""amount"":27729.9451,""signedOn"":""2018-11-13"",""supplierIco"":""26872307""}"
contract:7126603,contract,Smlouva o nájmu V+K,10,"{""amount"":0,""signedOn"":""1997-12-09"",""supplierIco"":""49786709""}"
contract:7127167,contract,Smlouvy - závažné písemnosti,10,"{""amount"":3041083.32,""signedOn"":""2018-11-20"",""supplierIco"":""49786709""}"
contract:7127695,contract,Dodatek k uzavřené smlouvě upravující ochranu osobních údajů,10,"{""amount"":0,""signedOn"":""2018-10-29"",""supplierIco"":""26185610""}"
contract:7154191,contract,"Dohoda o narovnání za užívání pozemků v k.ú. Vlachnovice, Petrovice u Borovan a Lhota u Vlachnovic.",10,"{""amount"":359734,""signedOn"":""2018-12-19"",""supplierIco"":""60826851""}"
contract:7170223,contract,KUPNÍ SMLOUVA,10,"{""amount"":232640,""signedOn"":""2018-12-20"",""supplierIco"":""26419068""}"
contract:7219795,contract,pozemek p.č. 4159/1 v k.ú. Napajedla,10,"{""amount"":90750,""signedOn"":""2018-12-12"",""supplierIco"":""27465021""}"
contract:7253767,contract,Český ráj Veřejnoprávní smlouva o poskytnutí dotace z rozpočtu SK,10,"{""amount"":200000,""signedOn"":""2018-12-07"",""supplierIco"":""15045838""}"
contract:72669,contract,poskytnutí účelové finanční dotace určené na projekt „Lektorské programy pro veřejnost“,10,"{""amount"":40000,""signedOn"":""2016-07-18"",""supplierIco"":""25234994""}"
contract:727013,contract,"Smoluva o dílo ""Údržba zeleně na území městského obvodu Plzeň 4 - lokalita č. 1""",10,"{""amount"":1352133.376,""signedOn"":""2016-10-27"",""supplierIco"":""61057606""}"
contract:7303403,contract,Smlouva - objednávka - zpracování majetkové a provozní evidence,10,"{""amount"":515762.5,""signedOn"":""2019-01-10"",""supplierIco"":""49786709""}"
contract:7316203,contract,smlouva o podpoře,10,"{""amount"":0,""signedOn"":""2019-01-08"",""supplierIco"":""48207918""}"
contract:7326019,contract,Smlouva o vedení provozní a majetkové evidence,10,"{""amount"":2749725,""signedOn"":""2019-01-14"",""supplierIco"":""49786709""}"
contract:733057,contract,"Smlouva_Odvoz odpadu podobných komunálnímu z živností, z úřadů a z průmyslu (AVISme 2016001060)",10,"{""amount"":45315,""signedOn"":""1999-04-20"",""supplierIco"":""60194120""}"
contract:733085,contract,Smlouva-dodatek_změna objednatele a četnosti odvozu kontajneru na plasty (AVISme 2016001061),10,"{""amount"":49005,""signedOn"":""2016-09-06"",""supplierIco"":""60194120""}"
contract:7342219,contract,"Kupní smlouva - pozemky parc.č. 4084, 4077, 4022 v k.ú. Troubky nad Bečvou a parc. č. 1240 k.ú. Henčlov",10,"{""amount"":4598000,""signedOn"":""2019-01-15"",""supplierIco"":""26872307""}"
contract:7371203,contract,SMLOUVA PŘÍKAZNÍ - zajištění činností sekretariátu,10,"{""amount"":363000,""signedOn"":""2018-12-06"",""supplierIco"":""69972061""}"
contract:7385775,contract,Objednávka - Referát materiálně technického zabezpečení,10,"{""amount"":137940,""signedOn"":""2019-01-17"",""supplierIco"":""27465021""}"
contract:740765,contract,XKupní smlouva na sójový šrot,10,"{""amount"":602580,""signedOn"":""2016-12-02"",""supplierIco"":""26185610""}"
contract:742005,contract,Smlouva o poskytování služeb  –  datové propojení lokalit,10,"{""amount"":1165665,""signedOn"":""2016-11-24"",""supplierIco"":""25205625""}"
contract:7477631,contract,"zajištění odborných praxí a praktických cvičení pro vybrané studenty školy, Fakulty agrobiologie, potravinových a přírodních zdrojů",10,"{""amount"":0,""signedOn"":""2018-10-31"",""supplierIco"":""26419068""}"
contract:7480055,contract,Dodatek č. 1 ke smlouvě o podpoře,10,"{""amount"":0,""signedOn"":""2019-01-09"",""supplierIco"":""60826851""}"
contract:7485419,contract,"Spolupráce při organizaci  konference ""Strojírenská technologie - Plzeň 2019"" 5.- 6.2.2019",10,"{""amount"":292670,""signedOn"":""2019-01-30"",""supplierIco"":""26396645""}"
contract:748941,contract,Smlouva o dílo - sušička kalů,10,"{""amount"":2178000,""signedOn"":""2016-11-16"",""supplierIco"":""25205625""}"
contract:7534703,contract,Smlouva o provádění lékařských prohlídek zaměstnanců,10,"{""amount"":0,""signedOn"":""2019-02-05"",""supplierIco"":""26185610""}"
contract:7573095,contract,Dotace na sociální služby,10,"{""amount"":3085500,""signedOn"":""2019-02-04"",""supplierIco"":""26997355""}"
contract:7610379,contract,"provedení dodávky a montáže oken, KD Peklo, Pobřežní 10, 12, Plzeň",10,"{""amount"":472058.51,""signedOn"":""2019-02-13"",""supplierIco"":""04934482""}"
contract:761449,contract,Smlouva o marketingové spolupráci a poskytnutí služeb,10,"{""amount"":350000,""signedOn"":""2016-12-12"",""supplierIco"":""28168151""}"
contract:7629975,contract,"Smlouva (SML/8406/0002/19, zvýšení digitální gramotnosti - projekty Agora a Pélion)",10,"{""amount"":157300,""signedOn"":""2019-02-18"",""supplierIco"":""26419068""}"
contract:7630227,contract,"Smlouva (SML/8406/0001/19, Podpora účasti studentů z ČR na ICC 2019)",10,"{""amount"":60500,""signedOn"":""2019-02-18"",""supplierIco"":""26419068""}"
contract:7642063,contract,"Kupní smlouva č. 3119000861, Dodávky nafukovacích míčů",10,"{""amount"":137940,""signedOn"":""2019-02-18"",""supplierIco"":""27465021""}"
contract:7642771,contract,"D1 st. 0136 Říkovice - Přerov - Smlouva o provozní škodě SO 166, 650, 782",10,"{""amount"":49622559.8,""signedOn"":""2019-02-15"",""supplierIco"":""26872307""}"
contract:7642783,contract,D1 st. 0136 Říkovice - Přerov - Vynucená překládka veřejného osvětlení SO441 a SO442,10,"{""amount"":1131350,""signedOn"":""2019-02-15"",""supplierIco"":""26872307""}"
contract:767649,contract,"objednávka - podklady pro hodnocení, žádost o dotaci na projekt Komunitní centrum Domažlice",10,"{""amount"":169400,""signedOn"":""2016-11-18"",""supplierIco"":""25245091""}"
contract:7684579,contract,Poskytnutí finanční dotace v rámci dotačního řízení dle § 101a,10,"{""amount"":7155394,""signedOn"":""2019-02-22"",""supplierIco"":""26997355""}"
contract:7690555,contract,Smlouva o poskytnutí účelové dotace z DT „Dotace schválené jmenovitě v rozpočtu PK OŠMS 2019“ na projekt Akademie individuálních sportů Plzeňského kraje,10,"{""amount"":6000000,""signedOn"":""2019-02-25"",""supplierIco"":""06646042""}"
contract:7692955,contract,Smlouva o financování US-MBA studia,10,"{""amount"":0,""signedOn"":""2019-02-09"",""supplierIco"":""14612411""}"
contract:7694723,contract,Objednávka vybavení kanceláře,10,"{""amount"":482765.8,""signedOn"":""2019-02-14"",""supplierIco"":""04934482""}"
contract:77649,contract,Poukazy pro vstup do krytého bazénu,10,"{""amount"":113135,""signedOn"":""2016-08-02"",""supplierIco"":""26822105""}"
contract:7780555,contract,smlouva o poskytnutí dotace č.19RGI01-0017,10,"{""amount"":400000,""signedOn"":""2019-03-01"",""supplierIco"":""15045838""}"
contract:77977,contract,nájemní smlouva,10,"{""amount"":0,""signedOn"":""2016-07-14"",""supplierIco"":""70890013""}"
contract:781585,contract,Nákup pytlíků na psí exkrementy (PSE),10,"{""amount"":99413.6,""signedOn"":""2016-12-08"",""supplierIco"":""61057606""}"
contract:7820035,contract,Veřejnoprávní smlouva o poskytnutí tinanční dotace - Tenisový klub DEZA Valašské Meziříčí - PPMS,10,"{""amount"":176271,""signedOn"":""2019-03-08"",""supplierIco"":""47997826""}"
contract:7820095,contract,Veřejnoprávní smlouva o poskytnutí tinanční dotace - Tenisový klub DEZA Valašské Meziříčí - pronájmy tělocvičen,10,"{""amount"":75288,""signedOn"":""2019-03-08"",""supplierIco"":""47997826""}"
contract:783325,contract,Prodej  rekrystalovaného síranu hlinito-amonného,10,"{""amount"":5240207.5,""signedOn"":""2016-12-14"",""supplierIco"":""49100262""}"
contract:7856263,contract,Dodatek č. 13 - Nájemní smlouva - Nemocnice Valašské Meziříčí a.s. (nájem podniku),10,"{""amount"":173365.17,""signedOn"":""2019-03-12"",""supplierIco"":""26822105""}"
contract:7857,contract,VD Skalka - DH - oprava a rekonstrukce,10,"{""amount"":967026.2767,""signedOn"":""2016-03-29"",""supplierIco"":""70889988""}"
contract:787545,contract,Darovací smlouva,10,"{""amount"":572330,""signedOn"":""2016-11-28"",""supplierIco"":""24188581""}"
contract:789629,contract,"Objednávka - aplikace pro komise RHMP na základě smlouvy INO/40/01/003058/2014
vytvoření webové aplikace pro podporu chodu komisí Rady hl. m. Prahy dle Vaší nabídky v příloze_financování výdajů bude realizováno z předmětné smlouvy",10,"{""amount"":178112,""signedOn"":""2016-11-28"",""supplierIco"":""02795281""}"
contract:7905159,contract,"Oprava parketových podlah, žákovských šaten, opravy dveří v ZŠ Nýřany",10,"{""amount"":1453004,""signedOn"":""2019-02-28"",""supplierIco"":""04934482""}"
contract:7905251,contract,Výroba nábytku pro ZŠ Nýřany a školní družinu,10,"{""amount"":965580,""signedOn"":""2019-02-28"",""supplierIco"":""04934482""}"
contract:791341,contract,Darovací smlouva,10,"{""amount"":54140,""signedOn"":""2016-12-08"",""supplierIco"":""24188581""}"
contract:7931751,contract,"Smlouva o vzájemné spolupráci - Noční běh pro Světlušku, pronájem prostor",10,"{""amount"":0,""signedOn"":""2019-02-22"",""supplierIco"":""26419068""}"
contract:79413,contract,Smlouva o spolupráci,10,"{""amount"":242000,""signedOn"":""2016-07-01"",""supplierIco"":""28168151""}"
contract:7967599,contract,"Kupní smlouva - pozemky parc. č. 4084, 4077, 4022, vše v k. ú. Troubky nad Bečvou, parc. č. 1240, v k. ú. Henčlov",10,"{""amount"":4598000,""signedOn"":""2019-03-22"",""supplierIco"":""26872307""}"
contract:797249,contract,"Zpracování vyhledávací studie pro vedení pěších tras v PK pro projekt Zlatá stezka - síť turistických cest na „Zelené střeše Evropy""",10,"{""amount"":179080,""signedOn"":""2016-12-12"",""supplierIco"":""25245091""}"
contract:8024011,contract,Objednávka - nákup licence pořadů,10,"{""amount"":153670,""signedOn"":""2019-04-02"",""supplierIco"":""26396645""}"
contract:802873,contract,Smlouva o poskytnutí dotace - podpora destinačního managementu turistického regionu Český ráj,10,"{""amount"":133100,""signedOn"":""2016-12-14"",""supplierIco"":""15045838""}"
contract:8072575,contract,Přístup do ČSN online pro více uživatelů na základ,10,"{""amount"":18000,""signedOn"":""2019-03-25"",""supplierIco"":""14612411""}"
contract:808753,contract,Smlouva o poskytování a úhradě zdravotních služeb (RS)  RSM1600014452,10,"{""amount"":0,""signedOn"":""2016-06-06"",""supplierIco"":""29123747""}"
contract:808869,contract,Smlouva o poskytování a úhradě zdravotních služeb (RS)  RSM1600014458,10,"{""amount"":0,""signedOn"":""2016-06-13"",""supplierIco"":""26997355""}"
contract:81117,contract,Jantarová stezka-úsek Hodolanská-Libušina,10,"{""amount"":50566,""signedOn"":""2016-07-25"",""supplierIco"":""70890013""}"
contract:8150139,contract,Dodatek č. 2 Smlouvy o poskytování služeb,10,"{""amount"":0,""signedOn"":""2019-04-15"",""supplierIco"":""46900411""}"
contract:8157151,contract,Dotace z Fondu životního prostředí,10,"{""amount"":400000,""signedOn"":""2019-04-10"",""supplierIco"":""26396645""}"
contract:8183959,contract,Dotace z rozpočtu MO Plzeň 3 - Dotační program č. 4,10,"{""amount"":30000,""signedOn"":""2019-04-09"",""supplierIco"":""45332657""}"
contract:8191339,contract,"Aktualizace předmětu výpůjčky a změna ustanovení ve smlouvě, dodatek číslo 3",10,"{""amount"":3926140.24,""signedOn"":""2019-04-17"",""supplierIco"":""14704234""}"
contract:820533,contract,Smlouva o poskytnutí investiční dotace na zřízení a zprovoznění kotelny v prostorách hotelu na zimním stadionu v  MB,10,"{""amount"":500000,""signedOn"":""2016-11-29"",""supplierIco"":""28168151""}"
contract:820665,contract,Veřejnoprávní smlouva - Investiční dotace na výstavbu nových kluboven v areálu městského koupalisště,10,"{""amount"":3300000,""signedOn"":""2016-04-05"",""supplierIco"":""28168151""}"
contract:8232127,contract,Poskynutí dotace č. P/II/27 - SUTNAR - NADACE RADOSLAVA A ELAINE SUTNAROVÝCH - projekt: Národní cena za studentstký design 2019 (Jednoletý dotační program v oblasti kultury na podporu uměleckých a kulturních projektů pro rok 2019),10,"{""amount"":80000,""signedOn"":""2019-04-24"",""supplierIco"":""06919511""}"
contract:8275239,contract,Dotace z rozpočtu MO Plzeň 3 (Dotační program č. 1 - komise sportu),10,"{""amount"":25000,""signedOn"":""2019-04-10"",""supplierIco"":""14704234""}"
contract:8282263,contract,Smlouva o účasti na Veletrhu Vědy 2019,10,"{""amount"":33638,""signedOn"":""2019-04-30"",""supplierIco"":""26396645""}"
contract:8282747,contract,Smlouva - objednávka,10,"{""amount"":276182.5,""signedOn"":""2019-04-30"",""supplierIco"":""49786709""}"
contract:8321151,contract,Smlouva o nájmu části objektu,10,"{""amount"":680504,""signedOn"":""2019-04-08"",""supplierIco"":""27082857""}"
contract:8335771,contract,PROVOZNÍ DOHODA - akce Noční běh pro světlušku,10,"{""amount"":0,""signedOn"":""2019-04-11"",""supplierIco"":""26419068""}"
contract:8354483,contract,Dotace z rozpočtu MO Plzeň 3 (dotačná program č. 2),10,"{""amount"":10000,""signedOn"":""2019-04-10"",""supplierIco"":""14704234""}"
contract:838637,contract,Smlouva o poskytnutí dotace z rozpočtu města Turnova na zajištění provozu Greenway Jizera v úseku Dolánky - Líšný,10,"{""amount"":100494.13,""signedOn"":""2016-12-22"",""supplierIco"":""15045838""}"
contract:8426203,contract,Smlouva o nadačním příspěvku - Lablind Zone,10,"{""amount"":275275,""signedOn"":""2019-05-18"",""supplierIco"":""26419068""}"
contract:8429767,contract,Darovací smlouva,10,"{""amount"":1270500,""signedOn"":""2019-05-17"",""supplierIco"":""26419068""}"
contract:8435467,contract,Objednávka - měření prachu a chemických látek v PP,10,"{""amount"":95813.85,""signedOn"":""2019-05-16"",""supplierIco"":""14612411""}"
contract:8476611,contract,Nákupní lístek č. 6712084329,10,"{""amount"":561033.6,""signedOn"":""2019-05-22"",""supplierIco"":""46900411""}"
contract:8498531,contract,Dotace z rozpočtu MO Plzeň 3 - Dotační program č. 1 (KVAM),10,"{""amount"":10000,""signedOn"":""2019-04-29"",""supplierIco"":""26396645""}"
contract:8512171,contract,Finanční dotace ve výši 3 mil. Kč na činnost nadace v roce 2019.,10,"{""amount"":3000000,""signedOn"":""2019-05-27"",""supplierIco"":""45332657""}"
contract:8523283,contract,Dotace do oblasti sportu a tělovýchovy pro rok 2019,10,"{""amount"":40000,""signedOn"":""2019-05-17"",""supplierIco"":""14704234""}"
contract:8531203,contract,Smlouva o budoucí smlouvě o zřízení věcného břemene,10,"{""amount"":0,""signedOn"":""2019-05-14"",""supplierIco"":""26872307""}"
contract:8531207,contract,Smlouva o budoucí smlouvě o zřízení věcného břemene,10,"{""amount"":0,""signedOn"":""2019-05-14"",""supplierIco"":""26872307""}"
contract:8568087,contract,Organizace veřejné neanonymní soutěže stavebních děl realizovaných na území Plzeňského kraje s názvem Stavba roku Plzeňského kraje 2018,10,"{""amount"":200000,""signedOn"":""2019-06-03"",""supplierIco"":""07739044""}"
contract:8600739,contract,Smlouva o poskytnutí účelové dotace z DT „Dotace schválené jmenovitě v rozpočtu PK OŠMS 2019“ na projekt s názvem Techmania Science Center 2019,10,"{""amount"":10000000,""signedOn"":""2019-06-07"",""supplierIco"":""26396645""}"
contract:861869,contract,Smlouva o inkasu,10,"{""amount"":0,""signedOn"":""2016-11-24"",""supplierIco"":""47674652""}"
contract:8620391,contract,Smlouva o dílo,10,"{""amount"":116092.24,""signedOn"":""2019-05-23"",""supplierIco"":""60826851""}"
contract:863305,contract,Darovací smlouva,10,"{""amount"":70000,""signedOn"":""2016-12-19"",""supplierIco"":""24188581""}"
contract:8635747,contract,Smlouva - objednávka,10,"{""amount"":96800,""signedOn"":""2019-06-11"",""supplierIco"":""49786709""}"
contract:8656259,contract,"Dolní Lhota u Stráže nad Nežárkou, pronájem pozemku p.č. 738/2 se stavbou bez čp/če",10,"{""amount"":524112.71,""signedOn"":""2019-06-13"",""supplierIco"":""60826851""}"
contract:8687587,contract,EPS-Techmania Plzeň,10,"{""amount"":154512,""signedOn"":""2019-06-06"",""supplierIco"":""26396645""}"
contract:8694119,contract,"Doplnění oboustranné aleje listnatých  stromů podél komunikace hráze Opatovického rybníka, a to 22 k",10,"{""amount"":61600,""signedOn"":""2019-06-06"",""supplierIco"":""60826851""}"
contract:873429,contract,"Dohoda o částečné úhradě ceny za přepravu, odběr a čištění splaškových odpadních vod",10,"{""amount"":0,""signedOn"":""2016-12-22"",""supplierIco"":""25205625""}"
contract:8755711,contract,Smlouva o poskytnutí účelové dotace z DT „Podpora tělovýchovy a sportu v roce 2019“,10,"{""amount"":70000,""signedOn"":""2019-06-18"",""supplierIco"":""14704234""}"
contract:877613,contract,Darovací smlouva,10,"{""amount"":70000,""signedOn"":""2016-12-29"",""supplierIco"":""24188581""}"
contract:8782275,contract,Darovací smlouva na kulturní akce v roce 2019.,10,"{""amount"":133100,""signedOn"":""2019-06-06"",""supplierIco"":""14612411""}"
contract:8789715,contract,Smlouva o podpoře,10,"{""amount"":0,""signedOn"":""2019-06-26"",""supplierIco"":""48207918""}"
contract:880649,contract,Dodatek ke smlouvě o poskytování a úhradě ošetřovatelské péče v zařízeních poskytujících pobytové služby 2017,10,"{""amount"":0,""signedOn"":""2016-12-12"",""supplierIco"":""29123747""}"
contract:881385,contract,Objednávka - Věcný záměr rozvoje vzdělávání města Domažlice,10,"{""amount"":84700,""signedOn"":""2017-01-02"",""supplierIco"":""25245091""}"
contract:8824175,contract,D1 0136  smlouva o budoucím  předání a převzetí vyvolané investice SO 150 a SO151,10,"{""amount"":15675549.11,""signedOn"":""2019-06-18"",""supplierIco"":""26872307""}"
contract:882637,contract,"Smlouva o poskytování služeb úklidu prostor železničních stanic v majetku SŽDC, s.o. v oblasti SON Praha",10,"{""amount"":0,""signedOn"":""2016-09-30"",""supplierIco"":""61057606""}"
contract:882741,contract,odměna za poskytování služeb,10,"{""amount"":0,""signedOn"":""2017-01-03"",""supplierIco"":""02795281""}"
contract:882989,contract,Veřejnoprávní smlouva o poskytnutí neinvestiční dotace z prostředků rozpočtu statutárního města Mladá Boleslav na rok 2016 na částečné pokrytí účetních ztrát z hospodaření v minulých letech,10,"{""amount"":9004039.37,""signedOn"":""2016-12-23"",""supplierIco"":""28168151""}"
contract:883085,contract,"Uzeniny, uzenářské výrobky ŠVZ Brno",10,"{""amount"":690000,""signedOn"":""2016-12-19"",""supplierIco"":""46900411""}"
contract:8838275,contract,"Smlouva o smlouvě budoucí o zřízení práva stavby spolu se smlouvou o budoucí výpůjčce - p.č. 2028, 2031/2, 2041/3, 2871/1, 2881/3, 2883, k.ú. Valašské Meziříčí – město",10,"{""amount"":0,""signedOn"":""2019-06-24"",""supplierIco"":""47997826""}"
contract:8878615,contract,Kupní smlouva na pozemky par. č. 1588/16 a 1588/17 v k. ú. Kostelec u Jihlavy uzavíraná mezi prodávajícím - Kostelecké uzeniny a. s. a kupujícím  Krajem Vysočina v rámci majetkoprávního vypořádání pozemků po stavbě II/406 Kostele,10,"{""amount"":107300,""signedOn"":""2019-07-09"",""supplierIco"":""46900411""}"
contract:8937203,contract,Smlouva o uveru_0431345449_CS41000042120495,10,"{""amount"":1500000,""signedOn"":""2019-07-12"",""supplierIco"":""01398717""}"
contract:8940731,contract,"D1, k.ú. Průhonice - kupní smlouva",10,"{""amount"":597280,""signedOn"":""2019-06-21"",""supplierIco"":""26124459""}"
contract:894269,contract,"Dod.vody a odv.odp.vod-Klatovská 56,PM",10,"{""amount"":0,""signedOn"":""2016-12-14"",""supplierIco"":""25205625""}"
contract:894897,contract,"Dod.vody a odv.odp.vod-Nepomucká 43,PM",10,"{""amount"":0,""signedOn"":""2016-12-14"",""supplierIco"":""25205625""}"
contract:895049,contract,"Dod.vody a odv.odp.vod-Dýšina,PM",10,"{""amount"":0,""signedOn"":""2016-12-14"",""supplierIco"":""25205625""}"
contract:8960707,contract,Dotace na částečné krytí nákladů souvisejících s organizací soutěže Stavba roku Plzeňského kraje 2018,10,"{""amount"":200000,""signedOn"":""2019-07-17"",""supplierIco"":""07739044""}"
contract:896797,contract,"Dod.vody a odv.odp.vod-Slovanská alej,PM",10,"{""amount"":0,""signedOn"":""2016-12-14"",""supplierIco"":""25205625""}"
contract:897057,contract,"Dod.vody a odv.odp.vod-Klatovská 45,PM",10,"{""amount"":0,""signedOn"":""2016-12-14"",""supplierIco"":""25205625""}"
contract:897321,contract,"Dod.vody a odv.odp.vod-Kozinova,PM",10,"{""amount"":0,""signedOn"":""2016-12-14"",""supplierIco"":""25205625""}"
contract:897445,contract,"Dod.vody a odv.odp.vod-Sedláčkova,PM",10,"{""amount"":0,""signedOn"":""2016-12-14"",""supplierIco"":""25205625""}"
contract:897777,contract,"Dod.vody a odv.odp.vod-Denisovo nábř.,PM",10,"{""amount"":0,""signedOn"":""2016-12-14"",""supplierIco"":""25205625""}"
contract:897809,contract,Dodatek č. 1 ke smlouvě o sdružených dodávkách elektřiny,10,"{""amount"":363000,""signedOn"":""2018-01-16"",""supplierIco"":""60108916""}"
contract:897953,contract,"Dod.vody a odv.odp.vod-Anglické nábř.,PM",10,"{""amount"":0,""signedOn"":""2016-12-14"",""supplierIco"":""25205625""}"
contract:898693,contract,"Dotace grantu rekonstrukce, oprava a výstavba sportovních zařízení",10,"{""amount"":211916.98,""signedOn"":""2016-08-22"",""supplierIco"":""14704234""}"
contract:898769,contract,"Dod.vody a odv.odp.vod-Anglické nábř.,PM",10,"{""amount"":0,""signedOn"":""2016-12-14"",""supplierIco"":""25205625""}"
contract:900465,contract,Dodatek č. 3 ke smlouvě č. S520/2013/0093/OZP (PK Na Zderaze a Rybalkova),10,"{""amount"":0,""signedOn"":""2017-01-03"",""supplierIco"":""61057606""}"
contract:909437,contract,"Realizace vzdělávacích aktivit realizovaných v rámci národního projektu Operačního programu Zaměstnanost ""Podpora odborného vzdělávání zaměstnanců II""",10,"{""amount"":242000,""signedOn"":""2016-10-25"",""supplierIco"":""60108916""}"
contract:90985,contract,"Navýšení dotace, dodatek číslo 1",10,"{""amount"":484000,""signedOn"":""2016-07-27"",""supplierIco"":""29123747""}"
contract:9103379,contract,Individuální dotace Galerii města Plzně na nákup bezpečnostního a technického vybavení expozice v roce 2019.,10,"{""amount"":300000,""signedOn"":""2019-08-01"",""supplierIco"":""25234994""}"
contract:9118903,contract,Smlouva o poskytnutí finančních prostředků NOR,10,"{""amount"":125900.5,""signedOn"":""2019-07-31"",""supplierIco"":""26822105""}"
contract:9207767,contract,Podlicenční smlouva,10,"{""amount"":0,""signedOn"":""2019-08-14"",""supplierIco"":""26396645""}"
contract:9224527,contract,KUPNÍ SMLOUVA,10,"{""amount"":5658081,""signedOn"":""2019-07-26"",""supplierIco"":""26872307""}"
contract:9260227,contract,spolupráce při výrobě zvukově obrazového záznamu televizního pořadu,10,"{""amount"":0,""signedOn"":""2019-08-21"",""supplierIco"":""26419068""}"
contract:933145,contract,Dodatek č. 1 k nájemní smlouvě,10,"{""amount"":3975721.2,""signedOn"":""2016-12-14"",""supplierIco"":""25224662""}"
contract:9380346,contract,Smlouva o financování US-MBA studia,10,"{""amount"":0,""signedOn"":""2019-09-06"",""supplierIco"":""14612411""}"
contract:9417130,contract,Č.p. 382 - interier,10,"{""amount"":1621409.68,""signedOn"":""2019-09-06"",""supplierIco"":""04934482""}"
contract:9428426,contract,Smlouva o zřízení služebnosti,10,"{""amount"":277558.27,""signedOn"":""2019-09-16"",""supplierIco"":""26872307""}"
contract:9517,contract,Hutní potok (Zaječice) - TN,10,"{""amount"":114683.8,""signedOn"":""2016-05-12"",""supplierIco"":""70889988""}"
contract:951721,contract,"Smlouva o dílo „ZIMNÍ ÚDRŽBA 2016/2017 v obvodu Správy železniční dopravní cesty, státní organizace - Správy osobních nádrží Plzeň""",10,"{""amount"":2420000,""signedOn"":""2016-12-01"",""supplierIco"":""61057606""}"
contract:952985,contract,rám. Lítačka,10,"{""amount"":0,""signedOn"":""2016-11-08"",""supplierIco"":""02795281""}"
contract:9531330,contract,Zajištění praktického vyučování,10,"{""amount"":0,""signedOn"":""2019-09-02"",""supplierIco"":""60826851""}"
contract:955053,contract,reklamní služby - Reprezentační ples UK 2017,10,"{""amount"":121000,""signedOn"":""2017-01-12"",""supplierIco"":""26185610""}"
contract:9648186,contract,Příprava kompozitních nanosorbentů ve čtvrtprovozním měřítku a ověření technologie.,10,"{""amount"":405350,""signedOn"":""2019-10-01"",""supplierIco"":""26872307""}"
contract:967457,contract,"odměna za provoz expresních přepážek, za úkony",10,"{""amount"":0,""signedOn"":""2017-01-16"",""supplierIco"":""02795281""}"
contract:968497,contract,"dod. č. 3 ke Smlouvě o provozu, správě a údržbě nemovitostí a administrativních službách s Chomutovskou bytovou a.s.",10,"{""amount"":26016496.65,""signedOn"":""2016-12-21"",""supplierIco"":""27341313""}"
contract:9703678,contract,Nájem prostor určených k podnikání,10,"{""amount"":0,""signedOn"":""2019-07-31"",""supplierIco"":""08160902""}"
contract:9703682,contract,SMLOUVU O POSKYTOVÁNÍ SLUŽEB,10,"{""amount"":0,""signedOn"":""2019-05-31"",""supplierIco"":""08160902""}"
contract:975661,contract,PS SIPO,10,"{""amount"":0,""signedOn"":""2017-01-13"",""supplierIco"":""47674652""}"
contract:9758926,contract,Odstranění náletu dřevin na ostrůvcích na vybraných rybnících v CHKO Třeboňsko (Okřínek - p.č. 686 v,10,"{""amount"":151715,""signedOn"":""2019-10-18"",""supplierIco"":""60826851""}"
contract:977433,contract,spolupráce jízdní doklady,10,"{""amount"":0,""signedOn"":""2015-03-26"",""supplierIco"":""02795281""}"
contract:979097,contract,Pověření SOHZ 2017,10,"{""amount"":0,""signedOn"":""2016-12-29"",""supplierIco"":""26997355""}"
contract:9791154,contract,Smlouva o podpoře,10,"{""amount"":0,""signedOn"":""2019-10-24"",""supplierIco"":""60826851""}"
contract:979301,contract,"Smlouva o provozu, správě a údržbě nemovitostí a administrativních službách s Chomutovskou bytovou a.s. - smlouva",10,"{""amount"":26016496.65,""signedOn"":""2008-12-22"",""supplierIco"":""27341313""}"
contract:979361,contract,"Předmětem smlouvy je dar 50 000,- Kč na podporu Mezinárodní dětské výtvarné soutěže a propagační předměty Nadace AGROFERT.",10,"{""amount"":60500,""signedOn"":""2017-01-09"",""supplierIco"":""24188581""}"
contract:980169,contract,"dod. č. 2 ke smlouvě o provozu, správě a údržbě nemovitostí a administrativních službách s Chomutovskou bytovou a.s.",10,"{""amount"":26016496.65,""signedOn"":""2012-04-23"",""supplierIco"":""27341313""}"
contract:98101,contract,"Rekonstrukce kanalizace, ul. Vysočanská (úsek Prosecká - Litoměřická), P9 - projektová dokumentace",10,"{""amount"":18150,""signedOn"":""2016-07-25"",""supplierIco"":""60194120""}"
contract:984493,contract,Pověření SOHZ 2017,10,"{""amount"":0,""signedOn"":""2016-12-29"",""supplierIco"":""29123747""}"
contract:985145,contract,"Smlouva o provozu, správě a údržbě nemovitostí a administrativních službách s Chomutovskou bytovou a.s. - dod. č. 1",10,"{""amount"":26016496.65,""signedOn"":""2010-06-22"",""supplierIco"":""27341313""}"
contract:9855547,contract,Dodatek č. 1 ke smlouvě o spolupráci na projektu Optimalizace bourání vepřového masa,10,"{""amount"":0,""signedOn"":""2019-10-24"",""supplierIco"":""46900411""}"
contract:9861,contract,VD Skalka - DH - oprava a rekonstrukce,10,"{""amount"":967026.2767,""signedOn"":""2016-07-11"",""supplierIco"":""70889988""}"
contract:987133,contract,"Nová identifikace vypůjčitele, prodloužení doby výpůjčky,  doplnění textu  v čl. VII. Další práva a povinnosti vypůjčitele, dodatek číslo 2",10,"{""amount"":0,""signedOn"":""2017-01-16"",""supplierIco"":""14704234""}"
contract:990525,contract,Memorandum - provozování infrastruktury optických sítí,10,"{""amount"":0,""signedOn"":""2016-12-22"",""supplierIco"":""02795281""}"
contract:9957,contract,VD Křímov - oprava schodiště podél paty hráze,10,"{""amount"":1017263.94,""signedOn"":""2015-08-03"",""supplierIco"":""70889988""}"
contract:996277,contract,Dodatek smlouvy o poskytování a úhradě zdravotních služeb – dohoda o ceně CU1600031876,10,"{""amount"":0,""signedOn"":""2017-01-03"",""supplierIco"":""26997355""}"
contract:996369,contract,Dodatek smlouvy o poskytování a úhradě zdravotních služeb – dohoda o ceně CU1600031871,10,"{""amount"":0,""signedOn"":""2017-01-01"",""supplierIco"":""29123747""}"
contract:9975864,contract,Smlouva - objednávka,10,"{""amount"":78821.82,""signedOn"":""2019-07-30"",""supplierIco"":""49786709""}"
psp:organ:1745,party,Piráti,1,"{""seats"":19,""cohesion"":0.996,""cohesion_votes"":1777}"
psp:organ:1746,party,SPD,1,"{""seats"":16,""cohesion"":0.987,""cohesion_votes"":1825}"
psp:organ:1747,party,TOP09,1,"{""seats"":9,""cohesion"":0.996,""cohesion_votes"":1562}"
psp:organ:1748,party,KDU-ČSL,1,"{""seats"":16,""cohesion"":0.985,""cohesion_votes"":1748}"
psp:organ:1749,party,MS,1,"{""seats"":14,""cohesion"":0.968,""cohesion_votes"":1840}"
psp:organ:1750,party,ANO2011,1,"{""seats"":84,""cohesion"":0.983,""cohesion_votes"":1941}"
psp:organ:1751,party,ODS,1,"{""seats"":27,""cohesion"":0.977,""cohesion_votes"":1730,""fiscal_divergence"":{""share"":0.059,""votes"":16,""crossed_to_bloc_a"":16,""restrictive_no_while_bloc_yes"":16},""fiscal_divergence_provenance"":{""ref"":""convergence"",""pass"":7,""method"":""deterministic""}}"
psp:organ:1752,party,STAN,1,"{""seats"":22,""cohesion"":0.993,""cohesion_votes"":1774}"
psp:organ:1754,organ,VK,1,"{""organ_type"":""Komise"",""member_count"":16}"
psp:organ:1755,organ,MIV,1,"{""organ_type"":""Výbor"",""member_count"":16}"
psp:organ:1756,organ,PV,1,"{""organ_type"":""Výbor"",""member_count"":17}"
psp:organ:1757,organ,KV,1,"{""organ_type"":""Výbor"",""member_count"":16}"
psp:organ:1758,organ,ORGV,1,"{""organ_type"":""Výbor"",""member_count"":19}"
psp:organ:1759,organ,VMZ,1,"{""organ_type"":""Výbor"",""member_count"":17}"
psp:organ:1760,organ,VEZ,1,"{""organ_type"":""Výbor"",""member_count"":28}"
psp:organ:1761,organ,HV,1,"{""organ_type"":""Výbor"",""member_count"":30}"
psp:organ:1762,organ,ÚPV,1,"{""organ_type"":""Výbor"",""member_count"":20}"
psp:organ:1763,organ,VO,1,"{""organ_type"":""Výbor"",""member_count"":17}"
psp:organ:1764,organ,VSP,1,"{""organ_type"":""Výbor"",""member_count"":24}"
psp:organ:1765,organ,VVVMS,1,"{""organ_type"":""Výbor"",""member_count"":28}"
psp:organ:1766,organ,VSR,1,"{""organ_type"":""Výbor"",""member_count"":25}"
psp:organ:1767,organ,VZ,1,"{""organ_type"":""Výbor"",""member_count"":29}"
psp:organ:1768,organ,VŽP,1,"{""organ_type"":""Výbor"",""member_count"":23}"
psp:organ:1769,organ,ZAV,1,"{""organ_type"":""Výbor"",""member_count"":22}"
psp:organ:1770,organ,ZEV,1,"{""organ_type"":""Výbor"",""member_count"":20}"
psp:organ:1771,organ,VB,1,"{""organ_type"":""Výbor"",""member_count"":17}"
psp:organ:1772,organ,RV,1,"{""organ_type"":""Výbor"",""member_count"":29}"
psp:organ:1773,organ,SKPKPS,1,"{""organ_type"":""Komise"",""member_count"":13}"
psp:organ:1774,organ,SKRRP,1,"{""organ_type"":""Komise"",""member_count"":14}"
psp:organ:1775,organ,SKÚPP,1,"{""organ_type"":""Komise"",""member_count"":14}"
psp:organ:1776,organ,SKHH,1,"{""organ_type"":""Komise"",""member_count"":14}"
psp:organ:1777,organ,SKGIBS,1,"{""organ_type"":""Komise"",""member_count"":14}"
psp:organ:1778,organ,SKKPO,1,"{""organ_type"":""Komise"",""member_count"":13}"
psp:organ:1779,organ,SKCEÚ,1,"{""organ_type"":""Komise"",""member_count"":13}"
psp:organ:1780,organ,SKBIS,1,"{""organ_type"":""Komise"",""member_count"":14}"
psp:organ:1781,organ,SKNBÚ,1,"{""organ_type"":""Komise"",""member_count"":13}"
psp:organ:1782,organ,SKVZ,1,"{""organ_type"":""Komise"",""member_count"":14}"
psp:organ:1783,organ,SKFAÚ,1,"{""organ_type"":""Komise"",""member_count"":14}"
psp:organ:1784,organ,SKNÚKIB,1,"{""organ_type"":""Komise"",""member_count"":15}"
psp:organ:1785,organ,SKÚZSI,1,"{""organ_type"":""Komise"",""member_count"":14}"
psp:organ:1922,organ,VKDOZIMETR,1,"{""organ_type"":""Komise"",""member_count"":13}"
psp:person:346,person,Petr Bendl,1,"{""rebellion_rate"":0.002,""committee_count"":2,""bridge_provenance"":{""ref"":""convergence"",""pass"":7,""method"":""deterministic""},""top_rebellion_theme"":""theme:fiscal-budget"",""cross_bloc_agreement"":0.428,""budget_bloc_defections"":8,""budget_club_rebellions"":1,""contested_vote_rebellion"":2.498,""contested_rebellion_score"":1.277,""contested_vote_provenance"":{""ref"":""contested"",""pass"":12,""method"":""deterministic""},""top_rebellion_theme_count"":1,""theme_rebellion_provenance"":{""ref"":""theme-rebellion"",""pass"":5,""method"":""deterministic""},""contested_vote_rebellion_count"":3}"
psp:person:4,person,Marek Benda,1,"{""rebellion_rate"":0.004,""committee_count"":5,""bridge_provenance"":{""ref"":""convergence"",""pass"":7,""method"":""deterministic""},""top_rebellion_theme"":""theme:housing-construction"",""cross_bloc_agreement"":0.495,""budget_bloc_defections"":4,""budget_club_rebellions"":1,""contested_vote_rebellion"":3.713,""contested_rebellion_score"":3.521,""contested_vote_provenance"":{""ref"":""contested"",""pass"":12,""method"":""deterministic""},""top_rebellion_theme_count"":1,""theme_rebellion_provenance"":{""ref"":""theme-rebellion"",""pass"":5,""method"":""deterministic""},""contested_vote_rebellion_count"":5}"
psp:person:5226,person,Pavel Žáček,1,"{""rebellion_rate"":0.004,""committee_count"":6,""bridge_provenance"":{""ref"":""convergence"",""pass"":7,""method"":""deterministic""},""top_rebellion_theme"":""theme:state-honours-symbolic"",""cross_bloc_agreement"":0.491,""budget_bloc_defections"":5,""budget_club_rebellions"":0,""contested_vote_rebellion"":1.964,""contested_rebellion_score"":1.408,""contested_vote_provenance"":{""ref"":""contested"",""pass"":12,""method"":""deterministic""},""top_rebellion_theme_count"":3,""theme_rebellion_provenance"":{""ref"":""theme-rebellion"",""pass"":5,""method"":""deterministic""},""contested_vote_rebellion_count"":4}"
psp:person:5273,person,Jiří Pospíšil,1,"{""rebellion_rate"":0.003,""committee_count"":3,""bridge_provenance"":{""ref"":""convergence"",""pass"":7,""method"":""deterministic""},""top_rebellion_theme"":""theme:housing-construction"",""cross_bloc_agreement"":0.353,""budget_bloc_defections"":2,""budget_club_rebellions"":0,""contested_vote_rebellion"":1.004,""contested_rebellion_score"":2.632,""contested_vote_provenance"":{""ref"":""contested"",""pass"":12,""method"":""deterministic""},""top_rebellion_theme_count"":4,""theme_rebellion_provenance"":{""ref"":""theme-rebellion"",""pass"":5,""method"":""deterministic""},""contested_vote_rebellion_count"":4}"
psp:person:5379,person,Jan Bauer,1,"{""rebellion_rate"":0.005,""committee_count"":2,""bridge_provenance"":{""ref"":""convergence"",""pass"":7,""method"":""deterministic""},""top_rebellion_theme"":""theme:parliamentary-procedure"",""cross_bloc_agreement"":0.451,""budget_bloc_defections"":4,""budget_club_rebellions"":0,""contested_vote_rebellion"":3.963,""contested_rebellion_score"":3.267,""contested_vote_provenance"":{""ref"":""contested"",""pass"":12,""method"":""deterministic""},""top_rebellion_theme_count"":4,""theme_rebellion_provenance"":{""ref"":""theme-rebellion"",""pass"":5,""method"":""deterministic""},""contested_vote_rebellion_count"":6}"
psp:person:5459,person,Radim Fiala,1,"{""rebellion_rate"":0.002,""committee_count"":2,""bridge_provenance"":{""ref"":""convergence"",""pass"":7,""method"":""deterministic""},""top_rebellion_theme"":""theme:oversight-interpellations"",""cross_bloc_agreement"":0.423,""budget_bloc_defections"":3,""budget_club_rebellions"":1,""contested_vote_rebellion"":0.76,""contested_rebellion_score"":1.413,""contested_vote_provenance"":{""ref"":""contested"",""pass"":12,""method"":""deterministic""},""top_rebellion_theme_count"":1,""theme_rebellion_provenance"":{""ref"":""theme-rebellion"",""pass"":5,""method"":""deterministic""},""contested_vote_rebellion_count"":2}"
psp:person:5512,person,Boris Šťastný,1,"{""rebellion_rate"":0.01,""committee_count"":3,""bridge_provenance"":{""ref"":""convergence"",""pass"":7,""method"":""deterministic""},""top_rebellion_theme"":""theme:parliamentary-procedure"",""cross_bloc_agreement"":0.398,""budget_bloc_defections"":6,""budget_club_rebellions"":5,""contested_vote_rebellion"":9.716,""contested_rebellion_score"":11.547,""contested_vote_provenance"":{""ref"":""contested"",""pass"":12,""method"":""deterministic""},""top_rebellion_theme_count"":6,""theme_rebellion_provenance"":{""ref"":""theme-rebellion"",""pass"":5,""method"":""deterministic""},""contested_vote_rebellion_count"":16}"
psp:person:5700,person,Ivan Adamec,1,"{""rebellion_rate"":0.006,""committee_count"":2,""bridge_provenance"":{""ref"":""convergence"",""pass"":7,""method"":""deterministic""},""top_rebellion_theme"":""theme:state-honours-symbolic"",""cross_bloc_agreement"":0.416,""budget_bloc_defections"":9,""budget_club_rebellions"":0,""contested_vote_rebellion"":3.848,""contested_rebellion_score"":3.096,""contested_vote_provenance"":{""ref"":""contested"",""pass"":12,""method"":""deterministic""},""top_rebellion_theme_count"":2,""theme_rebellion_provenance"":{""ref"":""theme-rebellion"",""pass"":5,""method"":""deterministic""},""contested_vote_rebellion_count"":6}"
psp:person:5899,person,Jan Bureš,1,"{""rebellion_rate"":0.023,""committee_count"":2,""bridge_provenance"":{""ref"":""convergence"",""pass"":7,""method"":""deterministic""},""top_rebellion_theme"":""theme:parliamentary-procedure"",""cross_bloc_agreement"":0.422,""budget_bloc_defections"":11,""budget_club_rebellions"":6,""contested_vote_rebellion"":14.891,""contested_rebellion_score"":19.981,""contested_vote_provenance"":{""ref"":""contested"",""pass"":12,""method"":""deterministic""},""top_rebellion_theme_count"":10,""theme_rebellion_provenance"":{""ref"":""theme-rebellion"",""pass"":5,""method"":""deterministic""},""contested_vote_rebellion_count"":33}"
psp:person:5903,person,Jana Černochová,1,"{""rebellion_rate"":0.005,""committee_count"":3,""bridge_provenance"":{""ref"":""convergence"",""pass"":7,""method"":""deterministic""},""top_rebellion_theme"":""theme:parliamentary-procedure"",""cross_bloc_agreement"":0.464,""budget_bloc_defections"":7,""budget_club_rebellions"":1,""contested_vote_rebellion"":2.667,""contested_rebellion_score"":3.965,""contested_vote_provenance"":{""ref"":""contested"",""pass"":12,""method"":""deterministic""},""top_rebellion_theme_count"":4,""theme_rebellion_provenance"":{""ref"":""theme-rebellion"",""pass"":5,""method"":""deterministic""},""contested_vote_rebellion_count"":5}"
psp:person:5911,person,Jaroslav Foldyna,1,"{""rebellion_rate"":0.014,""committee_count"":3,""bridge_provenance"":{""ref"":""convergence"",""pass"":7,""method"":""deterministic""},""top_rebellion_theme"":""theme:parliamentary-procedure"",""cross_bloc_agreement"":0.418,""budget_bloc_defections"":0,""budget_club_rebellions"":0,""contested_vote_rebellion"":6.76,""contested_rebellion_score"":8.794,""contested_vote_provenance"":{""ref"":""contested"",""pass"":12,""method"":""deterministic""},""top_rebellion_theme_count"":6,""theme_rebellion_provenance"":{""ref"":""theme-rebellion"",""pass"":5,""method"":""deterministic""},""contested_vote_rebellion_count"":18}"
psp:person:5943,person,Helena Langšádlová,1,"{""rebellion_rate"":0.001,""committee_count"":4,""bridge_provenance"":{""ref"":""convergence"",""pass"":7,""method"":""deterministic""},""top_rebellion_theme"":""theme:social-health"",""cross_bloc_agreement"":0.373,""budget_bloc_defections"":1,""budget_club_rebellions"":0,""contested_vote_rebellion"":1.401,""contested_rebellion_score"":1.245,""contested_vote_provenance"":{""ref"":""contested"",""pass"":12,""method"":""deterministic""},""top_rebellion_theme_count"":1,""theme_rebellion_provenance"":{""ref"":""theme-rebellion"",""pass"":5,""method"":""deterministic""},""contested_vote_rebellion_count"":2}"
psp:person:6064,person,Miroslav Ševčík,1,"{""rebellion_rate"":0.01,""committee_count"":4,""bridge_provenance"":{""ref"":""convergence"",""pass"":7,""method"":""deterministic""},""top_rebellion_theme"":""theme:state-honours-symbolic"",""cross_bloc_agreement"":0.392,""budget_bloc_defections"":0,""budget_club_rebellions"":0,""contested_vote_rebellion"":0.88,""contested_rebellion_score"":3.366,""contested_vote_provenance"":{""ref"":""contested"",""pass"":12,""method"":""deterministic""},""top_rebellion_theme_count"":6,""theme_rebellion_provenance"":{""ref"":""theme-rebellion"",""pass"":5,""method"":""deterministic""},""contested_vote_rebellion_count"":14}"
psp:person:6074,person,Petr Fiala,1,"{""rebellion_rate"":0.006,""committee_count"":1,""bridge_provenance"":{""ref"":""convergence"",""pass"":7,""method"":""deterministic""},""top_rebellion_theme"":""theme:parliamentary-procedure"",""cross_bloc_agreement"":0.428,""budget_bloc_defections"":3,""budget_club_rebellions"":0,""contested_vote_rebellion"":2.789,""contested_rebellion_score"":4.05,""contested_vote_provenance"":{""ref"":""contested"",""pass"":12,""method"":""deterministic""},""top_rebellion_theme_count"":3,""theme_rebellion_provenance"":{""ref"":""theme-rebellion"",""pass"":5,""method"":""deterministic""},""contested_vote_rebellion_count"":6}"
psp:person:6105,person,Tomio Okamura,1,"{""rebellion_rate"":0.004,""committee_count"":1,""bridge_provenance"":{""ref"":""convergence"",""pass"":7,""method"":""deterministic""},""top_rebellion_theme"":""theme:parliamentary-procedure"",""cross_bloc_agreement"":0.424,""budget_bloc_defections"":3,""budget_club_rebellions"":2,""contested_vote_rebellion"":3.122,""contested_rebellion_score"":4.773,""contested_vote_provenance"":{""ref"":""contested"",""pass"":12,""method"":""deterministic""},""top_rebellion_theme_count"":3,""theme_rebellion_provenance"":{""ref"":""theme-rebellion"",""pass"":5,""method"":""deterministic""},""contested_vote_rebellion_count"":6}"
psp:person:6150,person,Andrej Babiš,1,"{""rebellion_rate"":0.001,""bridge_provenance"":{""ref"":""convergence"",""pass"":7,""method"":""deterministic""},""top_rebellion_theme"":""theme:housing-construction"",""cross_bloc_agreement"":0.514,""budget_bloc_defections"":0,""budget_club_rebellions"":0,""contested_vote_rebellion"":0.582,""contested_rebellion_score"":0.658,""contested_vote_provenance"":{""ref"":""contested"",""pass"":12,""method"":""deterministic""},""top_rebellion_theme_count"":1,""theme_rebellion_provenance"":{""ref"":""theme-rebellion"",""pass"":5,""method"":""deterministic""},""contested_vote_rebellion_count"":1}"
psp:person:6154,person,Marek Ženíšek,1,"{""rebellion_rate"":0.005,""committee_count"":3,""bridge_provenance"":{""ref"":""convergence"",""pass"":7,""method"":""deterministic""},""top_rebellion_theme"":""theme:parliamentary-procedure"",""cross_bloc_agreement"":0.338,""budget_bloc_defections"":1,""budget_club_rebellions"":0,""contested_vote_rebellion"":2.838,""contested_rebellion_score"":4.001,""contested_vote_provenance"":{""ref"":""contested"",""pass"":12,""method"":""deterministic""},""top_rebellion_theme_count"":4,""theme_rebellion_provenance"":{""ref"":""theme-rebellion"",""pass"":5,""method"":""deterministic""},""contested_vote_rebellion_count"":6}"
psp:person:6165,person,Radek Vondráček,1,"{""rebellion_rate"":0.008,""committee_count"":6,""bridge_provenance"":{""ref"":""convergence"",""pass"":7,""method"":""deterministic""},""top_rebellion_theme"":""theme:parliamentary-procedure"",""cross_bloc_agreement"":0.406,""budget_bloc_defections"":1,""budget_club_rebellions"":1,""contested_vote_rebellion"":6.244,""contested_rebellion_score"":7.127,""contested_vote_provenance"":{""ref"":""contested"",""pass"":12,""method"":""deterministic""},""top_rebellion_theme_count"":7,""theme_rebellion_provenance"":{""ref"":""theme-rebellion"",""pass"":5,""method"":""deterministic""},""contested_vote_rebellion_count"":10}"
psp:person:6168,person,Helena Válková,1,"{""rebellion_rate"":0.007,""committee_count"":6,""bridge_provenance"":{""ref"":""convergence"",""pass"":7,""method"":""deterministic""},""top_rebellion_theme"":""theme:parliamentary-procedure"",""cross_bloc_agreement"":0.406,""budget_bloc_defections"":1,""budget_club_rebellions"":1,""contested_vote_rebellion"":6.443,""contested_rebellion_score"":5.132,""contested_vote_provenance"":{""ref"":""contested"",""pass"":12,""method"":""deterministic""},""top_rebellion_theme_count"":4,""theme_rebellion_provenance"":{""ref"":""theme-rebellion"",""pass"":5,""method"":""deterministic""},""contested_vote_rebellion_count"":8}"
psp:person:6172,person,Ladislav Okleštěk,1,"{""rebellion_rate"":0,""committee_count"":2,""bridge_provenance"":{""ref"":""convergence"",""pass"":7,""method"":""deterministic""},""top_rebellion_theme"":null,""cross_bloc_agreement"":0.429,""budget_bloc_defections"":0,""budget_club_rebellions"":0,""contested_vote_rebellion"":0,""contested_rebellion_score"":0,""contested_vote_provenance"":{""ref"":""contested"",""pass"":12,""method"":""deterministic""},""top_rebellion_theme_count"":0,""theme_rebellion_provenance"":{""ref"":""theme-rebellion"",""pass"":5,""method"":""deterministic""},""contested_vote_rebellion_count"":0}"
psp:person:6178,person,Jan Bartošek,1,"{""rebellion_rate"":0.01,""committee_count"":4,""bridge_provenance"":{""ref"":""convergence"",""pass"":7,""method"":""deterministic""},""top_rebellion_theme"":""theme:parliamentary-procedure"",""cross_bloc_agreement"":0.419,""budget_bloc_defections"":4,""budget_club_rebellions"":1,""contested_vote_rebellion"":3.195,""contested_rebellion_score"":4.809,""contested_vote_provenance"":{""ref"":""contested"",""pass"":12,""method"":""deterministic""},""top_rebellion_theme_count"":3,""theme_rebellion_provenance"":{""ref"":""theme-rebellion"",""pass"":5,""method"":""deterministic""},""contested_vote_rebellion_count"":11}"
psp:person:6184,person,Richard Brabec,1,{}
psp:person:6185,person,Milan Brázdil,1,"{""rebellion_rate"":0,""committee_count"":4,""bridge_provenance"":{""ref"":""convergence"",""pass"":7,""method"":""deterministic""},""top_rebellion_theme"":null,""cross_bloc_agreement"":0.398,""budget_bloc_defections"":0,""budget_club_rebellions"":0,""contested_vote_rebellion"":0,""contested_rebellion_score"":0,""contested_vote_provenance"":{""ref"":""contested"",""pass"":12,""method"":""deterministic""},""top_rebellion_theme_count"":0,""theme_rebellion_provenance"":{""ref"":""theme-rebellion"",""pass"":5,""method"":""deterministic""},""contested_vote_rebellion_count"":0}"
psp:person:6190,person,Jaroslav Faltýnek,1,"{""rebellion_rate"":0.001,""committee_count"":2,""bridge_provenance"":{""ref"":""convergence"",""pass"":7,""method"":""deterministic""},""top_rebellion_theme"":""theme:state-honours-symbolic"",""cross_bloc_agreement"":0.4,""budget_bloc_defections"":0,""budget_club_rebellions"":0,""contested_vote_rebellion"":0.411,""contested_rebellion_score"":0.215,""contested_vote_provenance"":{""ref"":""contested"",""pass"":12,""method"":""deterministic""},""top_rebellion_theme_count"":1,""theme_rebellion_provenance"":{""ref"":""theme-rebellion"",""pass"":5,""method"":""deterministic""},""contested_vote_rebellion_count"":1}"
psp:person:6201,person,Miloslav Janulík,1,"{""rebellion_rate"":0.002,""committee_count"":3,""bridge_provenance"":{""ref"":""convergence"",""pass"":7,""method"":""deterministic""},""top_rebellion_theme"":""theme:oversight-interpellations"",""cross_bloc_agreement"":0.412,""budget_bloc_defections"":1,""budget_club_rebellions"":1,""contested_vote_rebellion"":1.803,""contested_rebellion_score"":2.467,""contested_vote_provenance"":{""ref"":""contested"",""pass"":12,""method"":""deterministic""},""top_rebellion_theme_count"":1,""theme_rebellion_provenance"":{""ref"":""theme-rebellion"",""pass"":5,""method"":""deterministic""},""contested_vote_rebellion_count"":4}"
psp:person:6205,person,Marian Jurečka,1,"{""rebellion_rate"":0.007,""committee_count"":2,""bridge_provenance"":{""ref"":""convergence"",""pass"":7,""method"":""deterministic""},""top_rebellion_theme"":""theme:housing-construction"",""cross_bloc_agreement"":0.366,""budget_bloc_defections"":3,""budget_club_rebellions"":0,""contested_vote_rebellion"":3.216,""contested_rebellion_score"":3.686,""contested_vote_provenance"":{""ref"":""contested"",""pass"":12,""method"":""deterministic""},""top_rebellion_theme_count"":4,""theme_rebellion_provenance"":{""ref"":""theme-rebellion"",""pass"":5,""method"":""deterministic""},""contested_vote_rebellion_count"":8}"
psp:person:6209,person,David Kasal,1,"{""rebellion_rate"":0.001,""committee_count"":2,""bridge_provenance"":{""ref"":""convergence"",""pass"":7,""method"":""deterministic""},""top_rebellion_theme"":""theme:state-honours-symbolic"",""cross_bloc_agreement"":0.41,""budget_bloc_defections"":0,""budget_club_rebellions"":0,""contested_vote_rebellion"":0.411,""contested_rebellion_score"":0.215,""contested_vote_provenance"":{""ref"":""contested"",""pass"":12,""method"":""deterministic""},""top_rebellion_theme_count"":1,""theme_rebellion_provenance"":{""ref"":""theme-rebellion"",""pass"":5,""method"":""deterministic""},""contested_vote_rebellion_count"":1}"
psp:person:6211,person,Martin Kolovratník,1,"{""rebellion_rate"":0.012,""committee_count"":3,""bridge_provenance"":{""ref"":""convergence"",""pass"":7,""method"":""deterministic""},""top_rebellion_theme"":""theme:state-honours-symbolic"",""cross_bloc_agreement"":0.433,""budget_bloc_defections"":1,""budget_club_rebellions"":1,""contested_vote_rebellion"":3.392,""contested_rebellion_score"":4.151,""contested_vote_provenance"":{""ref"":""contested"",""pass"":12,""method"":""deterministic""},""top_rebellion_theme_count"":12,""theme_rebellion_provenance"":{""ref"":""theme-rebellion"",""pass"":5,""method"":""deterministic""},""contested_vote_rebellion_count"":14}"
psp:person:6214,person,Věra Kovářová,1,"{""rebellion_rate"":0.003,""committee_count"":2,""bridge_provenance"":{""ref"":""convergence"",""pass"":7,""method"":""deterministic""},""top_rebellion_theme"":""theme:justice-criminal-law"",""cross_bloc_agreement"":0.418,""budget_bloc_defections"":2,""budget_club_rebellions"":0,""contested_vote_rebellion"":2.008,""contested_rebellion_score"":1.207,""contested_vote_provenance"":{""ref"":""contested"",""pass"":12,""method"":""deterministic""},""top_rebellion_theme_count"":1,""theme_rebellion_provenance"":{""ref"":""theme-rebellion"",""pass"":5,""method"":""deterministic""},""contested_vote_rebellion_count"":4}"
psp:person:6215,person,Roman Kubíček,1,"{""rebellion_rate"":0.005,""committee_count"":3,""bridge_provenance"":{""ref"":""convergence"",""pass"":7,""method"":""deterministic""},""top_rebellion_theme"":""theme:parliamentary-procedure"",""cross_bloc_agreement"":0.404,""budget_bloc_defections"":2,""budget_club_rebellions"":2,""contested_vote_rebellion"":5.142,""contested_rebellion_score"":5.68,""contested_vote_provenance"":{""ref"":""contested"",""pass"":12,""method"":""deterministic""},""top_rebellion_theme_count"":4,""theme_rebellion_provenance"":{""ref"":""theme-rebellion"",""pass"":5,""method"":""deterministic""},""contested_vote_rebellion_count"":8}"
psp:person:6216,person,Michal Kučera,1,"{""rebellion_rate"":0.003,""committee_count"":4,""bridge_provenance"":{""ref"":""convergence"",""pass"":7,""method"":""deterministic""},""top_rebellion_theme"":""theme:social-health"",""cross_bloc_agreement"":0.397,""budget_bloc_defections"":3,""budget_club_rebellions"":0,""contested_vote_rebellion"":1.286,""contested_rebellion_score"":2.524,""contested_vote_provenance"":{""ref"":""contested"",""pass"":12,""method"":""deterministic""},""top_rebellion_theme_count"":3,""theme_rebellion_provenance"":{""ref"":""theme-rebellion"",""pass"":5,""method"":""deterministic""},""contested_vote_rebellion_count"":4}"
psp:person:6225,person,Jana Pastuchová,1,"{""rebellion_rate"":0.004,""committee_count"":4,""bridge_provenance"":{""ref"":""convergence"",""pass"":7,""method"":""deterministic""},""top_rebellion_theme"":""theme:state-honours-symbolic"",""cross_bloc_agreement"":0.415,""budget_bloc_defections"":0,""budget_club_rebellions"":0,""contested_vote_rebellion"":2.931,""contested_rebellion_score"":2.171,""contested_vote_provenance"":{""ref"":""contested"",""pass"":12,""method"":""deterministic""},""top_rebellion_theme_count"":3,""theme_rebellion_provenance"":{""ref"":""theme-rebellion"",""pass"":5,""method"":""deterministic""},""contested_vote_rebellion_count"":5}"
psp:person:6240,person,Karel Tureček,1,"{""rebellion_rate"":0.002,""committee_count"":2,""bridge_provenance"":{""ref"":""convergence"",""pass"":7,""method"":""deterministic""},""top_rebellion_theme"":""theme:parliamentary-procedure"",""cross_bloc_agreement"":0.381,""budget_bloc_defections"":0,""budget_club_rebellions"":0,""contested_vote_rebellion"":1.167,""contested_rebellion_score"":1.526,""contested_vote_provenance"":{""ref"":""contested"",""pass"":12,""method"":""deterministic""},""top_rebellion_theme_count"":2,""theme_rebellion_provenance"":{""ref"":""theme-rebellion"",""pass"":5,""method"":""deterministic""},""contested_vote_rebellion_count"":2}"
psp:person:6246,person,Josef Kott,1,"{""rebellion_rate"":0.01,""committee_count"":2,""bridge_provenance"":{""ref"":""convergence"",""pass"":7,""method"":""deterministic""},""top_rebellion_theme"":""theme:housing-construction"",""cross_bloc_agreement"":0.486,""budget_bloc_defections"":0,""budget_club_rebellions"":0,""contested_vote_rebellion"":6.097,""contested_rebellion_score"":6.457,""contested_vote_provenance"":{""ref"":""contested"",""pass"":12,""method"":""deterministic""},""top_rebellion_theme_count"":8,""theme_rebellion_provenance"":{""ref"":""theme-rebellion"",""pass"":5,""method"":""deterministic""},""contested_vote_rebellion_count"":11}"
psp:person:6254,person,Věra Adámková,1,"{""rebellion_rate"":0.002,""committee_count"":2,""bridge_provenance"":{""ref"":""convergence"",""pass"":7,""method"":""deterministic""},""top_rebellion_theme"":""theme:parliamentary-procedure"",""cross_bloc_agreement"":0.408,""budget_bloc_defections"":0,""budget_club_rebellions"":0,""contested_vote_rebellion"":0.326,""contested_rebellion_score"":2.187,""contested_vote_provenance"":{""ref"":""contested"",""pass"":12,""method"":""deterministic""},""top_rebellion_theme_count"":2,""theme_rebellion_provenance"":{""ref"":""theme-rebellion"",""pass"":5,""method"":""deterministic""},""contested_vote_rebellion_count"":3}"
psp:person:6409,person,František Petrtýl,1,"{""rebellion_rate"":0.001,""committee_count"":4,""bridge_provenance"":{""ref"":""convergence"",""pass"":7,""method"":""deterministic""},""top_rebellion_theme"":""theme:social-health"",""cross_bloc_agreement"":0.405,""budget_bloc_defections"":0,""budget_club_rebellions"":0,""contested_vote_rebellion"":0.723,""contested_rebellion_score"":0.587,""contested_vote_provenance"":{""ref"":""contested"",""pass"":12,""method"":""deterministic""},""top_rebellion_theme_count"":1,""theme_rebellion_provenance"":{""ref"":""theme-rebellion"",""pass"":5,""method"":""deterministic""},""contested_vote_rebellion_count"":1}"
psp:person:6418,person,Jan Skopeček,1,"{""rebellion_rate"":0.013,""committee_count"":1,""bridge_provenance"":{""ref"":""convergence"",""pass"":7,""method"":""deterministic""},""top_rebellion_theme"":""theme:parliamentary-procedure"",""cross_bloc_agreement"":0.46,""budget_bloc_defections"":7,""budget_club_rebellions"":0,""contested_vote_rebellion"":10.771,""contested_rebellion_score"":8.266,""contested_vote_provenance"":{""ref"":""contested"",""pass"":12,""method"":""deterministic""},""top_rebellion_theme_count"":5,""theme_rebellion_provenance"":{""ref"":""theme-rebellion"",""pass"":5,""method"":""deterministic""},""contested_vote_rebellion_count"":17}"
psp:person:6431,person,Lenka Dražilová,1,"{""rebellion_rate"":0.002,""committee_count"":2,""bridge_provenance"":{""ref"":""convergence"",""pass"":7,""method"":""deterministic""},""top_rebellion_theme"":""theme:parliamentary-procedure"",""cross_bloc_agreement"":0.459,""budget_bloc_defections"":0,""budget_club_rebellions"":0,""contested_vote_rebellion"":1.024,""contested_rebellion_score"":1.526,""contested_vote_provenance"":{""ref"":""contested"",""pass"":12,""method"":""deterministic""},""top_rebellion_theme_count"":2,""theme_rebellion_provenance"":{""ref"":""theme-rebellion"",""pass"":5,""method"":""deterministic""},""contested_vote_rebellion_count"":2}"
psp:person:6433,person,Ivan Bartoš,1,"{""rebellion_rate"":0.002,""committee_count"":3,""bridge_provenance"":{""ref"":""convergence"",""pass"":7,""method"":""deterministic""},""top_rebellion_theme"":""theme:public-appointments"",""cross_bloc_agreement"":0.37,""budget_bloc_defections"":0,""budget_club_rebellions"":0,""contested_vote_rebellion"":1.503,""contested_rebellion_score"":1.054,""contested_vote_provenance"":{""ref"":""contested"",""pass"":12,""method"":""deterministic""},""top_rebellion_theme_count"":1,""theme_rebellion_provenance"":{""ref"":""theme-rebellion"",""pass"":5,""method"":""deterministic""},""contested_vote_rebellion_count"":2}"
psp:person:6435,person,Martin Baxa,1,"{""rebellion_rate"":0.004,""committee_count"":4,""bridge_provenance"":{""ref"":""convergence"",""pass"":7,""method"":""deterministic""},""top_rebellion_theme"":""theme:parliamentary-procedure"",""cross_bloc_agreement"":0.464,""budget_bloc_defections"":5,""budget_club_rebellions"":0,""contested_vote_rebellion"":4.381,""contested_rebellion_score"":4.263,""contested_vote_provenance"":{""ref"":""contested"",""pass"":12,""method"":""deterministic""},""top_rebellion_theme_count"":3,""theme_rebellion_provenance"":{""ref"":""theme-rebellion"",""pass"":5,""method"":""deterministic""},""contested_vote_rebellion_count"":6}"
psp:person:6447,person,Kamal Farhan,1,"{""rebellion_rate"":0.001,""committee_count"":1,""bridge_provenance"":{""ref"":""convergence"",""pass"":7,""method"":""deterministic""},""top_rebellion_theme"":""theme:parliamentary-procedure"",""cross_bloc_agreement"":0.408,""budget_bloc_defections"":0,""budget_club_rebellions"":0,""contested_vote_rebellion"":0.819,""contested_rebellion_score"":0.763,""contested_vote_provenance"":{""ref"":""contested"",""pass"":12,""method"":""deterministic""},""top_rebellion_theme_count"":1,""theme_rebellion_provenance"":{""ref"":""theme-rebellion"",""pass"":5,""method"":""deterministic""},""contested_vote_rebellion_count"":1}"
psp:person:6451,person,Stanislav Fridrich,1,"{""rebellion_rate"":0,""committee_count"":3,""bridge_provenance"":{""ref"":""convergence"",""pass"":7,""method"":""deterministic""},""top_rebellion_theme"":null,""cross_bloc_agreement"":0.41,""budget_bloc_defections"":0,""budget_club_rebellions"":0,""contested_vote_rebellion"":0,""contested_rebellion_score"":0,""contested_vote_provenance"":{""ref"":""contested"",""pass"":12,""method"":""deterministic""},""top_rebellion_theme_count"":0,""theme_rebellion_provenance"":{""ref"":""theme-rebellion"",""pass"":5,""method"":""deterministic""},""contested_vote_rebellion_count"":0}"
psp:person:6455,person,Jan Hrnčíř,1,"{""rebellion_rate"":0.006,""committee_count"":3,""bridge_provenance"":{""ref"":""convergence"",""pass"":7,""method"":""deterministic""},""top_rebellion_theme"":""theme:parliamentary-procedure"",""cross_bloc_agreement"":0.43,""budget_bloc_defections"":4,""budget_club_rebellions"":3,""contested_vote_rebellion"":5.671,""contested_rebellion_score"":5.901,""contested_vote_provenance"":{""ref"":""contested"",""pass"":12,""method"":""deterministic""},""top_rebellion_theme_count"":3,""theme_rebellion_provenance"":{""ref"":""theme-rebellion"",""pass"":5,""method"":""deterministic""},""contested_vote_rebellion_count"":8}"
psp:person:6457,person,Eva Fialová,1,"{""rebellion_rate"":0.002,""committee_count"":2,""bridge_provenance"":{""ref"":""convergence"",""pass"":7,""method"":""deterministic""},""top_rebellion_theme"":""theme:parliamentary-procedure"",""cross_bloc_agreement"":0.429,""budget_bloc_defections"":0,""budget_club_rebellions"":0,""contested_vote_rebellion"":3.445,""contested_rebellion_score"":2.842,""contested_vote_provenance"":{""ref"":""contested"",""pass"":12,""method"":""deterministic""},""top_rebellion_theme_count"":2,""theme_rebellion_provenance"":{""ref"":""theme-rebellion"",""pass"":5,""method"":""deterministic""},""contested_vote_rebellion_count"":4}"
psp:person:6459,person,Jakub Janda,1,"{""rebellion_rate"":0.009,""committee_count"":2,""bridge_provenance"":{""ref"":""convergence"",""pass"":7,""method"":""deterministic""},""top_rebellion_theme"":""theme:housing-construction"",""cross_bloc_agreement"":0.472,""budget_bloc_defections"":2,""budget_club_rebellions"":0,""contested_vote_rebellion"":8.269,""contested_rebellion_score"":6.748,""contested_vote_provenance"":{""ref"":""contested"",""pass"":12,""method"":""deterministic""},""top_rebellion_theme_count"":5,""theme_rebellion_provenance"":{""ref"":""theme-rebellion"",""pass"":5,""method"":""deterministic""},""contested_vote_rebellion_count"":14}"
psp:person:6463,person,Aleš Juchelka,1,"{""rebellion_rate"":0,""committee_count"":1,""bridge_provenance"":{""ref"":""convergence"",""pass"":7,""method"":""deterministic""},""top_rebellion_theme"":null,""cross_bloc_agreement"":0.447,""budget_bloc_defections"":0,""budget_club_rebellions"":0,""contested_vote_rebellion"":0,""contested_rebellion_score"":0,""contested_vote_provenance"":{""ref"":""contested"",""pass"":12,""method"":""deterministic""},""top_rebellion_theme_count"":0,""theme_rebellion_provenance"":{""ref"":""theme-rebellion"",""pass"":5,""method"":""deterministic""},""contested_vote_rebellion_count"":0}"
psp:person:6466,person,Jana Krutáková,1,"{""rebellion_rate"":0.002,""committee_count"":3,""bridge_provenance"":{""ref"":""convergence"",""pass"":7,""method"":""deterministic""},""top_rebellion_theme"":""theme:parliamentary-procedure"",""cross_bloc_agreement"":0.393,""budget_bloc_defections"":6,""budget_club_rebellions"":0,""contested_vote_rebellion"":2.076,""contested_rebellion_score"":1.421,""contested_vote_provenance"":{""ref"":""contested"",""pass"":12,""method"":""deterministic""},""top_rebellion_theme_count"":1,""theme_rebellion_provenance"":{""ref"":""theme-rebellion"",""pass"":5,""method"":""deterministic""},""contested_vote_rebellion_count"":3}"
psp:person:6467,person,Zuzana Majerová,1,"{""rebellion_rate"":0.002,""committee_count"":2,""bridge_provenance"":{""ref"":""convergence"",""pass"":7,""method"":""deterministic""},""top_rebellion_theme"":""theme:parliamentary-procedure"",""cross_bloc_agreement"":0.377,""budget_bloc_defections"":1,""budget_club_rebellions"":0,""contested_vote_rebellion"":1.058,""contested_rebellion_score"":1.421,""contested_vote_provenance"":{""ref"":""contested"",""pass"":12,""method"":""deterministic""},""top_rebellion_theme_count"":1,""theme_rebellion_provenance"":{""ref"":""theme-rebellion"",""pass"":5,""method"":""deterministic""},""contested_vote_rebellion_count"":2}"
psp:person:6468,person,Taťána Malá,1,"{""rebellion_rate"":0.001,""committee_count"":4,""bridge_provenance"":{""ref"":""convergence"",""pass"":7,""method"":""deterministic""},""top_rebellion_theme"":""theme:parliamentary-procedure"",""cross_bloc_agreement"":0.398,""budget_bloc_defections"":0,""budget_club_rebellions"":0,""contested_vote_rebellion"":0.989,""contested_rebellion_score"":0.763,""contested_vote_provenance"":{""ref"":""contested"",""pass"":12,""method"":""deterministic""},""top_rebellion_theme_count"":1,""theme_rebellion_provenance"":{""ref"":""theme-rebellion"",""pass"":5,""method"":""deterministic""},""contested_vote_rebellion_count"":1}"
psp:person:6473,person,Olga Richterová,1,"{""rebellion_rate"":0,""committee_count"":3,""bridge_provenance"":{""ref"":""convergence"",""pass"":7,""method"":""deterministic""},""top_rebellion_theme"":null,""cross_bloc_agreement"":0.398,""budget_bloc_defections"":1,""budget_club_rebellions"":0,""contested_vote_rebellion"":0,""contested_rebellion_score"":0,""contested_vote_provenance"":{""ref"":""contested"",""pass"":12,""method"":""deterministic""},""top_rebellion_theme_count"":0,""theme_rebellion_provenance"":{""ref"":""theme-rebellion"",""pass"":5,""method"":""deterministic""},""contested_vote_rebellion_count"":0}"
psp:person:6474,person,Zuzana Ožanová,1,"{""rebellion_rate"":0.003,""committee_count"":3,""bridge_provenance"":{""ref"":""convergence"",""pass"":7,""method"":""deterministic""},""top_rebellion_theme"":""theme:housing-construction"",""cross_bloc_agreement"":0.409,""budget_bloc_defections"":0,""budget_club_rebellions"":0,""contested_vote_rebellion"":3.331,""contested_rebellion_score"":3.61,""contested_vote_provenance"":{""ref"":""contested"",""pass"":12,""method"":""deterministic""},""top_rebellion_theme_count"":4,""theme_rebellion_provenance"":{""ref"":""theme-rebellion"",""pass"":5,""method"":""deterministic""},""contested_vote_rebellion_count"":6}"
psp:person:6475,person,Monika Oborná,1,"{""rebellion_rate"":0.002,""committee_count"":3,""bridge_provenance"":{""ref"":""convergence"",""pass"":7,""method"":""deterministic""},""top_rebellion_theme"":""theme:parliamentary-procedure"",""cross_bloc_agreement"":0.398,""budget_bloc_defections"":0,""budget_club_rebellions"":0,""contested_vote_rebellion"":2.164,""contested_rebellion_score"":1.956,""contested_vote_provenance"":{""ref"":""contested"",""pass"":12,""method"":""deterministic""},""top_rebellion_theme_count"":2,""theme_rebellion_provenance"":{""ref"":""theme-rebellion"",""pass"":5,""method"":""deterministic""},""contested_vote_rebellion_count"":4}"
psp:person:6479,person,Lucie Šafránková,1,"{""rebellion_rate"":0.002,""committee_count"":2,""bridge_provenance"":{""ref"":""convergence"",""pass"":7,""method"":""deterministic""},""top_rebellion_theme"":""theme:housing-construction"",""cross_bloc_agreement"":0.43,""budget_bloc_defections"":3,""budget_club_rebellions"":1,""contested_vote_rebellion"":2.025,""contested_rebellion_score"":2.992,""contested_vote_provenance"":{""ref"":""contested"",""pass"":12,""method"":""deterministic""},""top_rebellion_theme_count"":2,""theme_rebellion_provenance"":{""ref"":""theme-rebellion"",""pass"":5,""method"":""deterministic""},""contested_vote_rebellion_count"":4}"
psp:person:6482,person,Vlastimil Válek,1,"{""rebellion_rate"":0.003,""committee_count"":3,""bridge_provenance"":{""ref"":""convergence"",""pass"":7,""method"":""deterministic""},""top_rebellion_theme"":""theme:parliamentary-procedure"",""cross_bloc_agreement"":0.381,""budget_bloc_defections"":2,""budget_club_rebellions"":0,""contested_vote_rebellion"":2.215,""contested_rebellion_score"":2.504,""contested_vote_provenance"":{""ref"":""contested"",""pass"":12,""method"":""deterministic""},""top_rebellion_theme_count"":3,""theme_rebellion_provenance"":{""ref"":""theme-rebellion"",""pass"":5,""method"":""deterministic""},""contested_vote_rebellion_count"":4}"
psp:person:6484,person,David Štolpa,1,"{""rebellion_rate"":0.004,""committee_count"":3,""bridge_provenance"":{""ref"":""convergence"",""pass"":7,""method"":""deterministic""},""top_rebellion_theme"":""theme:parliamentary-procedure"",""cross_bloc_agreement"":0.402,""budget_bloc_defections"":2,""budget_club_rebellions"":2,""contested_vote_rebellion"":5.313,""contested_rebellion_score"":5.536,""contested_vote_provenance"":{""ref"":""contested"",""pass"":12,""method"":""deterministic""},""top_rebellion_theme_count"":4,""theme_rebellion_provenance"":{""ref"":""theme-rebellion"",""pass"":5,""method"":""deterministic""},""contested_vote_rebellion_count"":8}"
psp:person:6486,person,Vojtěch Munzar,1,"{""rebellion_rate"":0.006,""committee_count"":1,""bridge_provenance"":{""ref"":""convergence"",""pass"":7,""method"":""deterministic""},""top_rebellion_theme"":""theme:social-health"",""cross_bloc_agreement"":0.509,""budget_bloc_defections"":5,""budget_club_rebellions"":1,""contested_vote_rebellion"":4.61,""contested_rebellion_score"":4.858,""contested_vote_provenance"":{""ref"":""contested"",""pass"":12,""method"":""deterministic""},""top_rebellion_theme_count"":3,""theme_rebellion_provenance"":{""ref"":""theme-rebellion"",""pass"":5,""method"":""deterministic""},""contested_vote_rebellion_count"":7}"
psp:person:6487,person,Patrik Nacher,1,"{""rebellion_rate"":0.016,""committee_count"":1,""bridge_provenance"":{""ref"":""convergence"",""pass"":7,""method"":""deterministic""},""top_rebellion_theme"":""theme:housing-construction"",""cross_bloc_agreement"":0.479,""budget_bloc_defections"":4,""budget_club_rebellions"":4,""contested_vote_rebellion"":11.817,""contested_rebellion_score"":12.503,""contested_vote_provenance"":{""ref"":""contested"",""pass"":12,""method"":""deterministic""},""top_rebellion_theme_count"":7,""theme_rebellion_provenance"":{""ref"":""theme-rebellion"",""pass"":5,""method"":""deterministic""},""contested_vote_rebellion_count"":22}"
psp:person:6490,person,Petr Vrána,1,"{""rebellion_rate"":0.001,""committee_count"":2,""bridge_provenance"":{""ref"":""convergence"",""pass"":7,""method"":""deterministic""},""top_rebellion_theme"":""theme:parliamentary-procedure"",""cross_bloc_agreement"":0.407,""budget_bloc_defections"":0,""budget_club_rebellions"":0,""contested_vote_rebellion"":0.989,""contested_rebellion_score"":0.763,""contested_vote_provenance"":{""ref"":""contested"",""pass"":12,""method"":""deterministic""},""top_rebellion_theme_count"":1,""theme_rebellion_provenance"":{""ref"":""theme-rebellion"",""pass"":5,""method"":""deterministic""},""contested_vote_rebellion_count"":1}"
psp:person:6491,person,Adam Vojtěch,1,"{""rebellion_rate"":0.002,""committee_count"":2,""bridge_provenance"":{""ref"":""convergence"",""pass"":7,""method"":""deterministic""},""top_rebellion_theme"":""theme:parliamentary-procedure"",""cross_bloc_agreement"":0.441,""budget_bloc_defections"":0,""budget_club_rebellions"":0,""contested_vote_rebellion"":1.781,""contested_rebellion_score"":1.421,""contested_vote_provenance"":{""ref"":""contested"",""pass"":12,""method"":""deterministic""},""top_rebellion_theme_count"":1,""theme_rebellion_provenance"":{""ref"":""theme-rebellion"",""pass"":5,""method"":""deterministic""},""contested_vote_rebellion_count"":3}"
psp:person:6500,person,Jan Richter,1,"{""rebellion_rate"":0.005,""committee_count"":3,""bridge_provenance"":{""ref"":""convergence"",""pass"":7,""method"":""deterministic""},""top_rebellion_theme"":""theme:state-honours-symbolic"",""cross_bloc_agreement"":0.362,""budget_bloc_defections"":0,""budget_club_rebellions"":0,""contested_vote_rebellion"":1.482,""contested_rebellion_score"":1.78,""contested_vote_provenance"":{""ref"":""contested"",""pass"":12,""method"":""deterministic""},""top_rebellion_theme_count"":2,""theme_rebellion_provenance"":{""ref"":""theme-rebellion"",""pass"":5,""method"":""deterministic""},""contested_vote_rebellion_count"":7}"
psp:person:6506,person,Tomáš Kohoutek,1,"{""rebellion_rate"":0.006,""committee_count"":4,""bridge_provenance"":{""ref"":""convergence"",""pass"":7,""method"":""deterministic""},""top_rebellion_theme"":""theme:housing-construction"",""cross_bloc_agreement"":0.414,""budget_bloc_defections"":0,""budget_club_rebellions"":0,""contested_vote_rebellion"":4.453,""contested_rebellion_score"":6.137,""contested_vote_provenance"":{""ref"":""contested"",""pass"":12,""method"":""deterministic""},""top_rebellion_theme_count"":9,""theme_rebellion_provenance"":{""ref"":""theme-rebellion"",""pass"":5,""method"":""deterministic""},""contested_vote_rebellion_count"":10}"
psp:person:6508,person,Radek Koten,1,"{""rebellion_rate"":0.003,""committee_count"":4,""bridge_provenance"":{""ref"":""convergence"",""pass"":7,""method"":""deterministic""},""top_rebellion_theme"":""theme:fiscal-budget"",""cross_bloc_agreement"":0.428,""budget_bloc_defections"":3,""budget_club_rebellions"":2,""contested_vote_rebellion"":1.873,""contested_rebellion_score"":3.25,""contested_vote_provenance"":{""ref"":""contested"",""pass"":12,""method"":""deterministic""},""top_rebellion_theme_count"":2,""theme_rebellion_provenance"":{""ref"":""theme-rebellion"",""pass"":5,""method"":""deterministic""},""contested_vote_rebellion_count"":4}"
psp:person:6509,person,Robert Králíček,1,"{""rebellion_rate"":0.007,""committee_count"":6,""bridge_provenance"":{""ref"":""convergence"",""pass"":7,""method"":""deterministic""},""top_rebellion_theme"":""theme:housing-construction"",""cross_bloc_agreement"":0.433,""budget_bloc_defections"":0,""budget_club_rebellions"":0,""contested_vote_rebellion"":2.082,""contested_rebellion_score"":2.37,""contested_vote_provenance"":{""ref"":""contested"",""pass"":12,""method"":""deterministic""},""top_rebellion_theme_count"":2,""theme_rebellion_provenance"":{""ref"":""theme-rebellion"",""pass"":5,""method"":""deterministic""},""contested_vote_rebellion_count"":9}"
psp:person:6513,person,Marek Výborný,1,"{""rebellion_rate"":0.002,""committee_count"":3,""bridge_provenance"":{""ref"":""convergence"",""pass"":7,""method"":""deterministic""},""top_rebellion_theme"":""theme:parliamentary-procedure"",""cross_bloc_agreement"":0.402,""budget_bloc_defections"":5,""budget_club_rebellions"":0,""contested_vote_rebellion"":1.476,""contested_rebellion_score"":1.526,""contested_vote_provenance"":{""ref"":""contested"",""pass"":12,""method"":""deterministic""},""top_rebellion_theme_count"":2,""theme_rebellion_provenance"":{""ref"":""theme-rebellion"",""pass"":5,""method"":""deterministic""},""contested_vote_rebellion_count"":3}"
psp:person:6515,person,Jiří Strýček,1,"{""rebellion_rate"":0.001,""committee_count"":3,""bridge_provenance"":{""ref"":""convergence"",""pass"":7,""method"":""deterministic""},""top_rebellion_theme"":""theme:fiscal-budget"",""cross_bloc_agreement"":0.404,""budget_bloc_defections"":1,""budget_club_rebellions"":1,""contested_vote_rebellion"":0.368,""contested_rebellion_score"":0.913,""contested_vote_provenance"":{""ref"":""contested"",""pass"":12,""method"":""deterministic""},""top_rebellion_theme_count"":1,""theme_rebellion_provenance"":{""ref"":""theme-rebellion"",""pass"":5,""method"":""deterministic""},""contested_vote_rebellion_count"":1}"
psp:person:6518,person,Petr Sadovský,1,"{""rebellion_rate"":0.013,""committee_count"":6,""bridge_provenance"":{""ref"":""convergence"",""pass"":7,""method"":""deterministic""},""top_rebellion_theme"":""theme:state-honours-symbolic"",""cross_bloc_agreement"":0.385,""budget_bloc_defections"":2,""budget_club_rebellions"":2,""contested_vote_rebellion"":5.11,""contested_rebellion_score"":10.434,""contested_vote_provenance"":{""ref"":""contested"",""pass"":12,""method"":""deterministic""},""top_rebellion_theme_count"":6,""theme_rebellion_provenance"":{""ref"":""theme-rebellion"",""pass"":5,""method"":""deterministic""},""contested_vote_rebellion_count"":22}"
psp:person:6520,person,Pavel Růžička,1,"{""rebellion_rate"":0.008,""committee_count"":5,""bridge_provenance"":{""ref"":""convergence"",""pass"":7,""method"":""deterministic""},""top_rebellion_theme"":""theme:state-honours-symbolic"",""cross_bloc_agreement"":0.403,""budget_bloc_defections"":1,""budget_club_rebellions"":1,""contested_vote_rebellion"":6.119,""contested_rebellion_score"":6.494,""contested_vote_provenance"":{""ref"":""contested"",""pass"":12,""method"":""deterministic""},""top_rebellion_theme_count"":6,""theme_rebellion_provenance"":{""ref"":""theme-rebellion"",""pass"":5,""method"":""deterministic""},""contested_vote_rebellion_count"":14}"
psp:person:6523,person,Michal Ratiborský,1,"{""rebellion_rate"":0.009,""committee_count"":4,""bridge_provenance"":{""ref"":""convergence"",""pass"":7,""method"":""deterministic""},""top_rebellion_theme"":""theme:housing-construction"",""cross_bloc_agreement"":0.387,""budget_bloc_defections"":2,""budget_club_rebellions"":2,""contested_vote_rebellion"":5.112,""contested_rebellion_score"":8.154,""contested_vote_provenance"":{""ref"":""contested"",""pass"":12,""method"":""deterministic""},""top_rebellion_theme_count"":4,""theme_rebellion_provenance"":{""ref"":""theme-rebellion"",""pass"":5,""method"":""deterministic""},""contested_vote_rebellion_count"":14}"
psp:person:6524,person,Vít Rakušan,1,"{""rebellion_rate"":0,""committee_count"":1,""bridge_provenance"":{""ref"":""convergence"",""pass"":7,""method"":""deterministic""},""top_rebellion_theme"":null,""cross_bloc_agreement"":0.395,""budget_bloc_defections"":1,""budget_club_rebellions"":0,""contested_vote_rebellion"":0,""contested_rebellion_score"":0,""contested_vote_provenance"":{""ref"":""contested"",""pass"":12,""method"":""deterministic""},""top_rebellion_theme_count"":0,""theme_rebellion_provenance"":{""ref"":""theme-rebellion"",""pass"":5,""method"":""deterministic""},""contested_vote_rebellion_count"":0}"
psp:person:6527,person,David Pražák,1,"{""rebellion_rate"":0.002,""committee_count"":2,""bridge_provenance"":{""ref"":""convergence"",""pass"":7,""method"":""deterministic""},""top_rebellion_theme"":""theme:parliamentary-procedure"",""cross_bloc_agreement"":0.417,""budget_bloc_defections"":0,""budget_club_rebellions"":0,""contested_vote_rebellion"":1.085,""contested_rebellion_score"":1.636,""contested_vote_provenance"":{""ref"":""contested"",""pass"":12,""method"":""deterministic""},""top_rebellion_theme_count"":1,""theme_rebellion_provenance"":{""ref"":""theme-rebellion"",""pass"":5,""method"":""deterministic""},""contested_vote_rebellion_count"":3}"
psp:person:6533,person,Marek Novák,1,"{""rebellion_rate"":0.004,""committee_count"":3,""bridge_provenance"":{""ref"":""convergence"",""pass"":7,""method"":""deterministic""},""top_rebellion_theme"":""theme:parliamentary-procedure"",""cross_bloc_agreement"":0.409,""budget_bloc_defections"":0,""budget_club_rebellions"":0,""contested_vote_rebellion"":5.145,""contested_rebellion_score"":4.46,""contested_vote_provenance"":{""ref"":""contested"",""pass"":12,""method"":""deterministic""},""top_rebellion_theme_count"":5,""theme_rebellion_provenance"":{""ref"":""theme-rebellion"",""pass"":5,""method"":""deterministic""},""contested_vote_rebellion_count"":8}"
psp:person:6534,person,Jiří Mašek,1,"{""rebellion_rate"":0.006,""committee_count"":5,""bridge_provenance"":{""ref"":""convergence"",""pass"":7,""method"":""deterministic""},""top_rebellion_theme"":""theme:housing-construction"",""cross_bloc_agreement"":0.409,""budget_bloc_defections"":2,""budget_club_rebellions"":2,""contested_vote_rebellion"":4.034,""contested_rebellion_score"":7.405,""contested_vote_provenance"":{""ref"":""contested"",""pass"":12,""method"":""deterministic""},""top_rebellion_theme_count"":5,""theme_rebellion_provenance"":{""ref"":""theme-rebellion"",""pass"":5,""method"":""deterministic""},""contested_vote_rebellion_count"":10}"
psp:person:6537,person,Jan Lipavský,1,"{""rebellion_rate"":0.003,""committee_count"":3,""bridge_provenance"":{""ref"":""convergence"",""pass"":7,""method"":""deterministic""},""top_rebellion_theme"":""theme:state-honours-symbolic"",""cross_bloc_agreement"":0.419,""budget_bloc_defections"":5,""budget_club_rebellions"":0,""contested_vote_rebellion"":2.994,""contested_rebellion_score"":1.851,""contested_vote_provenance"":{""ref"":""contested"",""pass"":12,""method"":""deterministic""},""top_rebellion_theme_count"":2,""theme_rebellion_provenance"":{""ref"":""theme-rebellion"",""pass"":5,""method"":""deterministic""},""contested_vote_rebellion_count"":4}"
psp:person:6538,person,Martin Kupka,1,"{""rebellion_rate"":0.003,""committee_count"":1,""bridge_provenance"":{""ref"":""convergence"",""pass"":7,""method"":""deterministic""},""top_rebellion_theme"":""theme:parliamentary-procedure"",""cross_bloc_agreement"":0.35,""budget_bloc_defections"":0,""budget_club_rebellions"":0,""contested_vote_rebellion"":1.601,""contested_rebellion_score"":1.424,""contested_vote_provenance"":{""ref"":""contested"",""pass"":12,""method"":""deterministic""},""top_rebellion_theme_count"":1,""theme_rebellion_provenance"":{""ref"":""theme-rebellion"",""pass"":5,""method"":""deterministic""},""contested_vote_rebellion_count"":3}"
psp:person:6544,person,Lubomír Metnar,1,"{""rebellion_rate"":0,""committee_count"":1,""bridge_provenance"":{""ref"":""convergence"",""pass"":7,""method"":""deterministic""},""top_rebellion_theme"":null,""cross_bloc_agreement"":0.376,""budget_bloc_defections"":0,""budget_club_rebellions"":0,""contested_vote_rebellion"":0,""contested_rebellion_score"":0,""contested_vote_provenance"":{""ref"":""contested"",""pass"":12,""method"":""deterministic""},""top_rebellion_theme_count"":0,""theme_rebellion_provenance"":{""ref"":""theme-rebellion"",""pass"":5,""method"":""deterministic""},""contested_vote_rebellion_count"":0}"
psp:person:6545,person,Alena Schillerová,1,"{""rebellion_rate"":0.003,""committee_count"":1,""bridge_provenance"":{""ref"":""convergence"",""pass"":7,""method"":""deterministic""},""top_rebellion_theme"":""theme:parliamentary-procedure"",""cross_bloc_agreement"":0.42,""budget_bloc_defections"":0,""budget_club_rebellions"":0,""contested_vote_rebellion"":1.245,""contested_rebellion_score"":1.342,""contested_vote_provenance"":{""ref"":""contested"",""pass"":12,""method"":""deterministic""},""top_rebellion_theme_count"":1,""theme_rebellion_provenance"":{""ref"":""theme-rebellion"",""pass"":5,""method"":""deterministic""},""contested_vote_rebellion_count"":3}"
psp:person:6549,person,Robert Plaga,1,"{""rebellion_rate"":0.001,""committee_count"":2,""bridge_provenance"":{""ref"":""convergence"",""pass"":7,""method"":""deterministic""},""top_rebellion_theme"":""theme:state-honours-symbolic"",""cross_bloc_agreement"":0.518,""budget_bloc_defections"":0,""budget_club_rebellions"":0,""contested_vote_rebellion"":0.411,""contested_rebellion_score"":0.215,""contested_vote_provenance"":{""ref"":""contested"",""pass"":12,""method"":""deterministic""},""top_rebellion_theme_count"":1,""theme_rebellion_provenance"":{""ref"":""theme-rebellion"",""pass"":5,""method"":""deterministic""},""contested_vote_rebellion_count"":1}"
psp:person:6552,person,Zdeněk Hřib,1,"{""rebellion_rate"":0,""committee_count"":2,""bridge_provenance"":{""ref"":""convergence"",""pass"":7,""method"":""deterministic""},""top_rebellion_theme"":null,""cross_bloc_agreement"":0.374,""budget_bloc_defections"":1,""budget_club_rebellions"":0,""contested_vote_rebellion"":0,""contested_rebellion_score"":0,""contested_vote_provenance"":{""ref"":""contested"",""pass"":12,""method"":""deterministic""},""top_rebellion_theme_count"":0,""theme_rebellion_provenance"":{""ref"":""theme-rebellion"",""pass"":5,""method"":""deterministic""},""contested_vote_rebellion_count"":0}"
psp:person:6555,person,Tom Philipp,1,"{""rebellion_rate"":0.006,""committee_count"":4,""bridge_provenance"":{""ref"":""convergence"",""pass"":7,""method"":""deterministic""},""top_rebellion_theme"":""theme:housing-construction"",""cross_bloc_agreement"":0.338,""budget_bloc_defections"":2,""budget_club_rebellions"":1,""contested_vote_rebellion"":3.216,""contested_rebellion_score"":4.413,""contested_vote_provenance"":{""ref"":""contested"",""pass"":12,""method"":""deterministic""},""top_rebellion_theme_count"":3,""theme_rebellion_provenance"":{""ref"":""theme-rebellion"",""pass"":5,""method"":""deterministic""},""contested_vote_rebellion_count"":7}"
psp:person:6603,person,Pavel Karpíšek,1,"{""rebellion_rate"":0.004,""committee_count"":2,""bridge_provenance"":{""ref"":""convergence"",""pass"":7,""method"":""deterministic""},""top_rebellion_theme"":""theme:financial-market-regulation"",""cross_bloc_agreement"":0.507,""budget_bloc_defections"":5,""budget_club_rebellions"":0,""contested_vote_rebellion"":1.733,""contested_rebellion_score"":2.053,""contested_vote_provenance"":{""ref"":""contested"",""pass"":12,""method"":""deterministic""},""top_rebellion_theme_count"":1,""theme_rebellion_provenance"":{""ref"":""theme-rebellion"",""pass"":5,""method"":""deterministic""},""contested_vote_rebellion_count"":4}"
psp:person:6621,person,Karel Havlíček,1,"{""rebellion_rate"":0.002,""bridge_provenance"":{""ref"":""convergence"",""pass"":7,""method"":""deterministic""},""top_rebellion_theme"":""theme:parliamentary-procedure"",""cross_bloc_agreement"":0.4,""budget_bloc_defections"":0,""budget_club_rebellions"":0,""contested_vote_rebellion"":1.809,""contested_rebellion_score"":1.526,""contested_vote_provenance"":{""ref"":""contested"",""pass"":12,""method"":""deterministic""},""top_rebellion_theme_count"":2,""theme_rebellion_provenance"":{""ref"":""theme-rebellion"",""pass"":5,""method"":""deterministic""},""contested_vote_rebellion_count"":2}"
psp:person:6623,person,Ondřej Babka,1,"{""rebellion_rate"":0.028,""committee_count"":4,""bridge_provenance"":{""ref"":""convergence"",""pass"":7,""method"":""deterministic""},""top_rebellion_theme"":""theme:housing-construction"",""cross_bloc_agreement"":0.439,""budget_bloc_defections"":1,""budget_club_rebellions"":1,""contested_vote_rebellion"":21.765,""contested_rebellion_score"":26.587,""contested_vote_provenance"":{""ref"":""contested"",""pass"":12,""method"":""deterministic""},""top_rebellion_theme_count"":22,""theme_rebellion_provenance"":{""ref"":""theme-rebellion"",""pass"":5,""method"":""deterministic""},""contested_vote_rebellion_count"":45}"
psp:person:6664,person,Josef Nerušil,1,"{""rebellion_rate"":0.003,""committee_count"":1,""bridge_provenance"":{""ref"":""convergence"",""pass"":7,""method"":""deterministic""},""top_rebellion_theme"":""theme:fiscal-budget"",""cross_bloc_agreement"":0.379,""budget_bloc_defections"":4,""budget_club_rebellions"":2,""contested_vote_rebellion"":2.515,""contested_rebellion_score"":2.487,""contested_vote_provenance"":{""ref"":""contested"",""pass"":12,""method"":""deterministic""},""top_rebellion_theme_count"":2,""theme_rebellion_provenance"":{""ref"":""theme-rebellion"",""pass"":5,""method"":""deterministic""},""contested_vote_rebellion_count"":3}"
psp:person:6687,person,Jan Jakob,1,"{""rebellion_rate"":0.003,""committee_count"":4,""bridge_provenance"":{""ref"":""convergence"",""pass"":7,""method"":""deterministic""},""top_rebellion_theme"":""theme:housing-construction"",""cross_bloc_agreement"":0.375,""budget_bloc_defections"":3,""budget_club_rebellions"":0,""contested_vote_rebellion"":0.82,""contested_rebellion_score"":2.737,""contested_vote_provenance"":{""ref"":""contested"",""pass"":12,""method"":""deterministic""},""top_rebellion_theme_count"":3,""theme_rebellion_provenance"":{""ref"":""theme-rebellion"",""pass"":5,""method"":""deterministic""},""contested_vote_rebellion_count"":4}"
psp:person:6688,person,Miroslav Samaš,1,"{""rebellion_rate"":0.003,""committee_count"":4,""bridge_provenance"":{""ref"":""convergence"",""pass"":7,""method"":""deterministic""},""top_rebellion_theme"":""theme:housing-construction"",""cross_bloc_agreement"":0.411,""budget_bloc_defections"":0,""budget_club_rebellions"":0,""contested_vote_rebellion"":2.244,""contested_rebellion_score"":2.847,""contested_vote_provenance"":{""ref"":""contested"",""pass"":12,""method"":""deterministic""},""top_rebellion_theme_count"":4,""theme_rebellion_provenance"":{""ref"":""theme-rebellion"",""pass"":5,""method"":""deterministic""},""contested_vote_rebellion_count"":5}"
psp:person:6693,person,Libor Hoppe,1,"{""rebellion_rate"":0.007,""committee_count"":3,""bridge_provenance"":{""ref"":""convergence"",""pass"":7,""method"":""deterministic""},""top_rebellion_theme"":""theme:parliamentary-procedure"",""cross_bloc_agreement"":0.42,""budget_bloc_defections"":5,""budget_club_rebellions"":0,""contested_vote_rebellion"":3.676,""contested_rebellion_score"":3.678,""contested_vote_provenance"":{""ref"":""contested"",""pass"":12,""method"":""deterministic""},""top_rebellion_theme_count"":3,""theme_rebellion_provenance"":{""ref"":""theme-rebellion"",""pass"":5,""method"":""deterministic""},""contested_vote_rebellion_count"":6}"
psp:person:6719,person,Jana Bačíková,1,"{""rebellion_rate"":0.007,""committee_count"":2,""bridge_provenance"":{""ref"":""convergence"",""pass"":7,""method"":""deterministic""},""top_rebellion_theme"":""theme:parliamentary-procedure"",""cross_bloc_agreement"":0.44,""budget_bloc_defections"":5,""budget_club_rebellions"":1,""contested_vote_rebellion"":5.752,""contested_rebellion_score"":4.901,""contested_vote_provenance"":{""ref"":""contested"",""pass"":12,""method"":""deterministic""},""top_rebellion_theme_count"":4,""theme_rebellion_provenance"":{""ref"":""theme-rebellion"",""pass"":5,""method"":""deterministic""},""contested_vote_rebellion_count"":9}"
psp:person:6722,person,Jan Berki,1,"{""rebellion_rate"":0.014,""committee_count"":2,""bridge_provenance"":{""ref"":""convergence"",""pass"":7,""method"":""deterministic""},""top_rebellion_theme"":""theme:state-honours-symbolic"",""cross_bloc_agreement"":0.388,""budget_bloc_defections"":4,""budget_club_rebellions"":0,""contested_vote_rebellion"":10.491,""contested_rebellion_score"":8.781,""contested_vote_provenance"":{""ref"":""contested"",""pass"":12,""method"":""deterministic""},""top_rebellion_theme_count"":9,""theme_rebellion_provenance"":{""ref"":""theme-rebellion"",""pass"":5,""method"":""deterministic""},""contested_vote_rebellion_count"":21}"
psp:person:6723,person,Jana Berkovcová,1,"{""rebellion_rate"":0.002,""committee_count"":2,""bridge_provenance"":{""ref"":""convergence"",""pass"":7,""method"":""deterministic""},""top_rebellion_theme"":""theme:parliamentary-procedure"",""cross_bloc_agreement"":0.399,""budget_bloc_defections"":0,""budget_club_rebellions"":0,""contested_vote_rebellion"":1.077,""contested_rebellion_score"":1.741,""contested_vote_provenance"":{""ref"":""contested"",""pass"":12,""method"":""deterministic""},""top_rebellion_theme_count"":2,""theme_rebellion_provenance"":{""ref"":""theme-rebellion"",""pass"":5,""method"":""deterministic""},""contested_vote_rebellion_count"":3}"
psp:person:6727,person,Eva Decroix,1,"{""rebellion_rate"":0.006,""committee_count"":2,""bridge_provenance"":{""ref"":""convergence"",""pass"":7,""method"":""deterministic""},""top_rebellion_theme"":""theme:parliamentary-procedure"",""cross_bloc_agreement"":0.377,""budget_bloc_defections"":7,""budget_club_rebellions"":2,""contested_vote_rebellion"":2.029,""contested_rebellion_score"":4.33,""contested_vote_provenance"":{""ref"":""contested"",""pass"":12,""method"":""deterministic""},""top_rebellion_theme_count"":3,""theme_rebellion_provenance"":{""ref"":""theme-rebellion"",""pass"":5,""method"":""deterministic""},""contested_vote_rebellion_count"":6}"
psp:person:6730,person,Lubomír Wenzl,1,"{""rebellion_rate"":0.003,""committee_count"":4,""bridge_provenance"":{""ref"":""convergence"",""pass"":7,""method"":""deterministic""},""top_rebellion_theme"":""theme:housing-construction"",""cross_bloc_agreement"":0.411,""budget_bloc_defections"":0,""budget_club_rebellions"":0,""contested_vote_rebellion"":2.733,""contested_rebellion_score"":3.948,""contested_vote_provenance"":{""ref"":""contested"",""pass"":12,""method"":""deterministic""},""top_rebellion_theme_count"":6,""theme_rebellion_provenance"":{""ref"":""theme-rebellion"",""pass"":5,""method"":""deterministic""},""contested_vote_rebellion_count"":6}"
psp:person:6732,person,Ivana Mádlová,1,"{""rebellion_rate"":0.002,""committee_count"":3,""bridge_provenance"":{""ref"":""convergence"",""pass"":7,""method"":""deterministic""},""top_rebellion_theme"":""theme:social-health"",""cross_bloc_agreement"":0.398,""budget_bloc_defections"":1,""budget_club_rebellions"":1,""contested_vote_rebellion"":1.99,""contested_rebellion_score"":2.263,""contested_vote_provenance"":{""ref"":""contested"",""pass"":12,""method"":""deterministic""},""top_rebellion_theme_count"":1,""theme_rebellion_provenance"":{""ref"":""theme-rebellion"",""pass"":5,""method"":""deterministic""},""contested_vote_rebellion_count"":3}"
psp:person:6738,person,Hubert Lang,1,"{""rebellion_rate"":0.008,""committee_count"":7,""bridge_provenance"":{""ref"":""convergence"",""pass"":7,""method"":""deterministic""},""top_rebellion_theme"":""theme:housing-construction"",""cross_bloc_agreement"":0.459,""budget_bloc_defections"":0,""budget_club_rebellions"":0,""contested_vote_rebellion"":3.439,""contested_rebellion_score"":4.15,""contested_vote_provenance"":{""ref"":""contested"",""pass"":12,""method"":""deterministic""},""top_rebellion_theme_count"":5,""theme_rebellion_provenance"":{""ref"":""theme-rebellion"",""pass"":5,""method"":""deterministic""},""contested_vote_rebellion_count"":10}"
psp:person:6743,person,Robert Stržínek,1,"{""rebellion_rate"":0.001,""committee_count"":3,""bridge_provenance"":{""ref"":""convergence"",""pass"":7,""method"":""deterministic""},""top_rebellion_theme"":""theme:housing-construction"",""cross_bloc_agreement"":0.413,""budget_bloc_defections"":0,""budget_club_rebellions"":0,""contested_vote_rebellion"":1.582,""contested_rebellion_score"":1.421,""contested_vote_provenance"":{""ref"":""contested"",""pass"":12,""method"":""deterministic""},""top_rebellion_theme_count"":1,""theme_rebellion_provenance"":{""ref"":""theme-rebellion"",""pass"":5,""method"":""deterministic""},""contested_vote_rebellion_count"":2}"
psp:person:6745,person,Marie Pošarová,1,"{""rebellion_rate"":0.002,""committee_count"":4,""bridge_provenance"":{""ref"":""convergence"",""pass"":7,""method"":""deterministic""},""top_rebellion_theme"":""theme:housing-construction"",""cross_bloc_agreement"":0.438,""budget_bloc_defections"":0,""budget_club_rebellions"":0,""contested_vote_rebellion"":0.516,""contested_rebellion_score"":0.873,""contested_vote_provenance"":{""ref"":""contested"",""pass"":12,""method"":""deterministic""},""top_rebellion_theme_count"":1,""theme_rebellion_provenance"":{""ref"":""theme-rebellion"",""pass"":5,""method"":""deterministic""},""contested_vote_rebellion_count"":3}"
psp:person:6750,person,Josef Flek,1,"{""rebellion_rate"":0.002,""committee_count"":3,""bridge_provenance"":{""ref"":""convergence"",""pass"":7,""method"":""deterministic""},""top_rebellion_theme"":""theme:parliamentary-procedure"",""cross_bloc_agreement"":0.415,""budget_bloc_defections"":3,""budget_club_rebellions"":0,""contested_vote_rebellion"":0.643,""contested_rebellion_score"":2.126,""contested_vote_provenance"":{""ref"":""contested"",""pass"":12,""method"":""deterministic""},""top_rebellion_theme_count"":2,""theme_rebellion_provenance"":{""ref"":""theme-rebellion"",""pass"":5,""method"":""deterministic""},""contested_vote_rebellion_count"":3}"
psp:person:6751,person,Karel Haas,1,"{""rebellion_rate"":0.02,""committee_count"":4,""bridge_provenance"":{""ref"":""convergence"",""pass"":7,""method"":""deterministic""},""top_rebellion_theme"":""theme:parliamentary-procedure"",""cross_bloc_agreement"":0.499,""budget_bloc_defections"":20,""budget_club_rebellions"":1,""contested_vote_rebellion"":21.428,""contested_rebellion_score"":21.05,""contested_vote_provenance"":{""ref"":""contested"",""pass"":12,""method"":""deterministic""},""top_rebellion_theme_count"":15,""theme_rebellion_provenance"":{""ref"":""theme-rebellion"",""pass"":5,""method"":""deterministic""},""contested_vote_rebellion_count"":32}"
psp:person:6753,person,Jana Hanzlíková,1,"{""rebellion_rate"":0.001,""committee_count"":3,""bridge_provenance"":{""ref"":""convergence"",""pass"":7,""method"":""deterministic""},""top_rebellion_theme"":""theme:parliamentary-procedure"",""cross_bloc_agreement"":0.422,""budget_bloc_defections"":0,""budget_club_rebellions"":0,""contested_vote_rebellion"":0.859,""contested_rebellion_score"":0.763,""contested_vote_provenance"":{""ref"":""contested"",""pass"":12,""method"":""deterministic""},""top_rebellion_theme_count"":1,""theme_rebellion_provenance"":{""ref"":""theme-rebellion"",""pass"":5,""method"":""deterministic""},""contested_vote_rebellion_count"":1}"
psp:person:6754,person,Matěj Ondřej Havel,1,"{""rebellion_rate"":0,""committee_count"":4,""bridge_provenance"":{""ref"":""convergence"",""pass"":7,""method"":""deterministic""},""top_rebellion_theme"":null,""cross_bloc_agreement"":0.498,""budget_bloc_defections"":0,""budget_club_rebellions"":0,""contested_vote_rebellion"":0,""contested_rebellion_score"":0,""contested_vote_provenance"":{""ref"":""contested"",""pass"":12,""method"":""deterministic""},""top_rebellion_theme_count"":0,""theme_rebellion_provenance"":{""ref"":""theme-rebellion"",""pass"":5,""method"":""deterministic""},""contested_vote_rebellion_count"":0}"
psp:person:6755,person,Jiří Havránek,1,"{""rebellion_rate"":0.012,""committee_count"":5,""bridge_provenance"":{""ref"":""convergence"",""pass"":7,""method"":""deterministic""},""top_rebellion_theme"":""theme:state-honours-symbolic"",""cross_bloc_agreement"":0.348,""budget_bloc_defections"":5,""budget_club_rebellions"":1,""contested_vote_rebellion"":8.058,""contested_rebellion_score"":6.038,""contested_vote_provenance"":{""ref"":""contested"",""pass"":12,""method"":""deterministic""},""top_rebellion_theme_count"":4,""theme_rebellion_provenance"":{""ref"":""theme-rebellion"",""pass"":5,""method"":""deterministic""},""contested_vote_rebellion_count"":13}"
psp:person:6756,person,Tomáš Helebrant,1,"{""rebellion_rate"":0.015,""committee_count"":6,""bridge_provenance"":{""ref"":""convergence"",""pass"":7,""method"":""deterministic""},""top_rebellion_theme"":""theme:housing-construction"",""cross_bloc_agreement"":0.369,""budget_bloc_defections"":1,""budget_club_rebellions"":1,""contested_vote_rebellion"":8.638,""contested_rebellion_score"":13.215,""contested_vote_provenance"":{""ref"":""contested"",""pass"":12,""method"":""deterministic""},""top_rebellion_theme_count"":10,""theme_rebellion_provenance"":{""ref"":""theme-rebellion"",""pass"":5,""method"":""deterministic""},""contested_vote_rebellion_count"":25}"
psp:person:6758,person,Igor Hendrych,1,"{""rebellion_rate"":0.001,""committee_count"":3,""bridge_provenance"":{""ref"":""convergence"",""pass"":7,""method"":""deterministic""},""top_rebellion_theme"":""theme:housing-construction"",""cross_bloc_agreement"":0.412,""budget_bloc_defections"":0,""budget_club_rebellions"":0,""contested_vote_rebellion"":0.748,""contested_rebellion_score"":1.316,""contested_vote_provenance"":{""ref"":""contested"",""pass"":12,""method"":""deterministic""},""top_rebellion_theme_count"":2,""theme_rebellion_provenance"":{""ref"":""theme-rebellion"",""pass"":5,""method"":""deterministic""},""contested_vote_rebellion_count"":2}"
psp:person:6762,person,Pavla Pivoňka Vaňková,1,"{""rebellion_rate"":0.003,""committee_count"":3,""bridge_provenance"":{""ref"":""convergence"",""pass"":7,""method"":""deterministic""},""top_rebellion_theme"":""theme:parliamentary-procedure"",""cross_bloc_agreement"":0.425,""budget_bloc_defections"":5,""budget_club_rebellions"":0,""contested_vote_rebellion"":2.146,""contested_rebellion_score"":1.741,""contested_vote_provenance"":{""ref"":""contested"",""pass"":12,""method"":""deterministic""},""top_rebellion_theme_count"":2,""theme_rebellion_provenance"":{""ref"":""theme-rebellion"",""pass"":5,""method"":""deterministic""},""contested_vote_rebellion_count"":4}"
psp:person:6763,person,Michaela Šebelová,1,"{""rebellion_rate"":0.001,""committee_count"":3,""bridge_provenance"":{""ref"":""convergence"",""pass"":7,""method"":""deterministic""},""top_rebellion_theme"":""theme:parliamentary-procedure"",""cross_bloc_agreement"":0.403,""budget_bloc_defections"":3,""budget_club_rebellions"":0,""contested_vote_rebellion"":1.069,""contested_rebellion_score"":1.421,""contested_vote_provenance"":{""ref"":""contested"",""pass"":12,""method"":""deterministic""},""top_rebellion_theme_count"":1,""theme_rebellion_provenance"":{""ref"":""theme-rebellion"",""pass"":5,""method"":""deterministic""},""contested_vote_rebellion_count"":2}"
psp:person:6766,person,Eliška Olšáková,1,"{""rebellion_rate"":0.002,""committee_count"":2,""bridge_provenance"":{""ref"":""convergence"",""pass"":7,""method"":""deterministic""},""top_rebellion_theme"":""theme:parliamentary-procedure"",""cross_bloc_agreement"":0.361,""budget_bloc_defections"":5,""budget_club_rebellions"":0,""contested_vote_rebellion"":0.654,""contested_rebellion_score"":2.289,""contested_vote_provenance"":{""ref"":""contested"",""pass"":12,""method"":""deterministic""},""top_rebellion_theme_count"":3,""theme_rebellion_provenance"":{""ref"":""theme-rebellion"",""pass"":5,""method"":""deterministic""},""contested_vote_rebellion_count"":3}"
psp:person:6767,person,Michaela Řehková,1,"{""rebellion_rate"":0.007,""committee_count"":2,""bridge_provenance"":{""ref"":""convergence"",""pass"":7,""method"":""deterministic""},""top_rebellion_theme"":""theme:parliamentary-procedure"",""cross_bloc_agreement"":0.393,""budget_bloc_defections"":3,""budget_club_rebellions"":2,""contested_vote_rebellion"":4.025,""contested_rebellion_score"":5.329,""contested_vote_provenance"":{""ref"":""contested"",""pass"":12,""method"":""deterministic""},""top_rebellion_theme_count"":2,""theme_rebellion_provenance"":{""ref"":""theme-rebellion"",""pass"":5,""method"":""deterministic""},""contested_vote_rebellion_count"":7}"
psp:person:6769,person,Hayato Okamura,1,"{""rebellion_rate"":0.003,""committee_count"":3,""bridge_provenance"":{""ref"":""convergence"",""pass"":7,""method"":""deterministic""},""top_rebellion_theme"":""theme:parliamentary-procedure"",""cross_bloc_agreement"":0.373,""budget_bloc_defections"":2,""budget_club_rebellions"":0,""contested_vote_rebellion"":1.138,""contested_rebellion_score"":1.526,""contested_vote_provenance"":{""ref"":""contested"",""pass"":12,""method"":""deterministic""},""top_rebellion_theme_count"":2,""theme_rebellion_provenance"":{""ref"":""theme-rebellion"",""pass"":5,""method"":""deterministic""},""contested_vote_rebellion_count"":4}"
psp:person:6770,person,Renata Oulehlová,1,"{""rebellion_rate"":0.002,""committee_count"":2,""bridge_provenance"":{""ref"":""convergence"",""pass"":7,""method"":""deterministic""},""top_rebellion_theme"":""theme:parliamentary-procedure"",""cross_bloc_agreement"":0.395,""budget_bloc_defections"":2,""budget_club_rebellions"":2,""contested_vote_rebellion"":2.045,""contested_rebellion_score"":3.352,""contested_vote_provenance"":{""ref"":""contested"",""pass"":12,""method"":""deterministic""},""top_rebellion_theme_count"":2,""theme_rebellion_provenance"":{""ref"":""theme-rebellion"",""pass"":5,""method"":""deterministic""},""contested_vote_rebellion_count"":4}"
psp:person:6780,person,Berenika Peštová,1,"{""rebellion_rate"":0.003,""committee_count"":5,""bridge_provenance"":{""ref"":""convergence"",""pass"":7,""method"":""deterministic""},""top_rebellion_theme"":""theme:parliamentary-procedure"",""cross_bloc_agreement"":0.45,""budget_bloc_defections"":0,""budget_club_rebellions"":0,""contested_vote_rebellion"":1.968,""contested_rebellion_score"":2.845,""contested_vote_provenance"":{""ref"":""contested"",""pass"":12,""method"":""deterministic""},""top_rebellion_theme_count"":2,""theme_rebellion_provenance"":{""ref"":""theme-rebellion"",""pass"":5,""method"":""deterministic""},""contested_vote_rebellion_count"":4}"
psp:person:6782,person,Drahoslav Ryba,1,"{""rebellion_rate"":0.002,""committee_count"":5,""bridge_provenance"":{""ref"":""convergence"",""pass"":7,""method"":""deterministic""},""top_rebellion_theme"":""theme:housing-construction"",""cross_bloc_agreement"":0.428,""budget_bloc_defections"":1,""budget_club_rebellions"":1,""contested_vote_rebellion"":1.103,""contested_rebellion_score"":1.786,""contested_vote_provenance"":{""ref"":""contested"",""pass"":12,""method"":""deterministic""},""top_rebellion_theme_count"":1,""theme_rebellion_provenance"":{""ref"":""theme-rebellion"",""pass"":5,""method"":""deterministic""},""contested_vote_rebellion_count"":3}"
psp:person:6783,person,Jan Síla,1,"{""rebellion_rate"":0.006,""committee_count"":2,""bridge_provenance"":{""ref"":""convergence"",""pass"":7,""method"":""deterministic""},""top_rebellion_theme"":""theme:fiscal-budget"",""cross_bloc_agreement"":0.427,""budget_bloc_defections"":3,""budget_club_rebellions"":4,""contested_vote_rebellion"":5.457,""contested_rebellion_score"":6.814,""contested_vote_provenance"":{""ref"":""contested"",""pass"":12,""method"":""deterministic""},""top_rebellion_theme_count"":4,""theme_rebellion_provenance"":{""ref"":""theme-rebellion"",""pass"":5,""method"":""deterministic""},""contested_vote_rebellion_count"":9}"
psp:person:6786,person,Róbert Teleky,1,"{""rebellion_rate"":0.006,""committee_count"":2,""bridge_provenance"":{""ref"":""convergence"",""pass"":7,""method"":""deterministic""},""top_rebellion_theme"":""theme:housing-construction"",""cross_bloc_agreement"":0.432,""budget_bloc_defections"":3,""budget_club_rebellions"":0,""contested_vote_rebellion"":4.401,""contested_rebellion_score"":5.408,""contested_vote_provenance"":{""ref"":""contested"",""pass"":12,""method"":""deterministic""},""top_rebellion_theme_count"":3,""theme_rebellion_provenance"":{""ref"":""theme-rebellion"",""pass"":5,""method"":""deterministic""},""contested_vote_rebellion_count"":10}"
psp:person:6787,person,Libor Turek,1,"{""rebellion_rate"":0.001,""committee_count"":2,""bridge_provenance"":{""ref"":""convergence"",""pass"":7,""method"":""deterministic""},""top_rebellion_theme"":""theme:parliamentary-procedure"",""cross_bloc_agreement"":0.463,""budget_bloc_defections"":1,""budget_club_rebellions"":0,""contested_vote_rebellion"":1.146,""contested_rebellion_score"":0.763,""contested_vote_provenance"":{""ref"":""contested"",""pass"":12,""method"":""deterministic""},""top_rebellion_theme_count"":1,""theme_rebellion_provenance"":{""ref"":""theme-rebellion"",""pass"":5,""method"":""deterministic""},""contested_vote_rebellion_count"":2}"
psp:person:6788,person,Barbora Urbanová,1,"{""rebellion_rate"":0.002,""committee_count"":4,""bridge_provenance"":{""ref"":""convergence"",""pass"":7,""method"":""deterministic""},""top_rebellion_theme"":""theme:state-honours-symbolic"",""cross_bloc_agreement"":0.371,""budget_bloc_defections"":5,""budget_club_rebellions"":0,""contested_vote_rebellion"":0.649,""contested_rebellion_score"":0.43,""contested_vote_provenance"":{""ref"":""contested"",""pass"":12,""method"":""deterministic""},""top_rebellion_theme_count"":2,""theme_rebellion_provenance"":{""ref"":""theme-rebellion"",""pass"":5,""method"":""deterministic""},""contested_vote_rebellion_count"":2}"
psp:person:6789,person,Lukáš Vlček,1,"{""rebellion_rate"":0.001,""committee_count"":2,""bridge_provenance"":{""ref"":""convergence"",""pass"":7,""method"":""deterministic""},""top_rebellion_theme"":""theme:parliamentary-procedure"",""cross_bloc_agreement"":0.384,""budget_bloc_defections"":4,""budget_club_rebellions"":0,""contested_vote_rebellion"":0.995,""contested_rebellion_score"":1.421,""contested_vote_provenance"":{""ref"":""contested"",""pass"":12,""method"":""deterministic""},""top_rebellion_theme_count"":1,""theme_rebellion_provenance"":{""ref"":""theme-rebellion"",""pass"":5,""method"":""deterministic""},""contested_vote_rebellion_count"":2}"
psp:person:6793,person,Renáta Zajíčková,1,"{""rebellion_rate"":0.008,""committee_count"":5,""bridge_provenance"":{""ref"":""convergence"",""pass"":7,""method"":""deterministic""},""top_rebellion_theme"":""theme:parliamentary-procedure"",""cross_bloc_agreement"":0.465,""budget_bloc_defections"":4,""budget_club_rebellions"":0,""contested_vote_rebellion"":4.795,""contested_rebellion_score"":5.899,""contested_vote_provenance"":{""ref"":""contested"",""pass"":12,""method"":""deterministic""},""top_rebellion_theme_count"":4,""theme_rebellion_provenance"":{""ref"":""theme-rebellion"",""pass"":5,""method"":""deterministic""},""contested_vote_rebellion_count"":9}"
psp:person:6796,person,Michal Zuna,1,"{""rebellion_rate"":0.001,""committee_count"":5,""bridge_provenance"":{""ref"":""convergence"",""pass"":7,""method"":""deterministic""},""top_rebellion_theme"":""theme:fiscal-budget"",""cross_bloc_agreement"":0.397,""budget_bloc_defections"":2,""budget_club_rebellions"":1,""contested_vote_rebellion"":1.08,""contested_rebellion_score"":0.913,""contested_vote_provenance"":{""ref"":""contested"",""pass"":12,""method"":""deterministic""},""top_rebellion_theme_count"":1,""theme_rebellion_provenance"":{""ref"":""theme-rebellion"",""pass"":5,""method"":""deterministic""},""contested_vote_rebellion_count"":2}"
psp:person:6803,person,Jiří Horák,1,"{""rebellion_rate"":0.003,""committee_count"":2,""bridge_provenance"":{""ref"":""convergence"",""pass"":7,""method"":""deterministic""},""top_rebellion_theme"":""theme:housing-construction"",""cross_bloc_agreement"":0.407,""budget_bloc_defections"":4,""budget_club_rebellions"":1,""contested_vote_rebellion"":1.091,""contested_rebellion_score"":1.571,""contested_vote_provenance"":{""ref"":""contested"",""pass"":12,""method"":""deterministic""},""top_rebellion_theme_count"":1,""theme_rebellion_provenance"":{""ref"":""theme-rebellion"",""pass"":5,""method"":""deterministic""},""contested_vote_rebellion_count"":4}"
psp:person:6804,person,Zdenka Němečková Crkvenjaš,1,"{""rebellion_rate"":0.007,""committee_count"":1,""bridge_provenance"":{""ref"":""convergence"",""pass"":7,""method"":""deterministic""},""top_rebellion_theme"":""theme:parliamentary-procedure"",""cross_bloc_agreement"":0.438,""budget_bloc_defections"":0,""budget_club_rebellions"":0,""contested_vote_rebellion"":5.089,""contested_rebellion_score"":4.341,""contested_vote_provenance"":{""ref"":""contested"",""pass"":12,""method"":""deterministic""},""top_rebellion_theme_count"":3,""theme_rebellion_provenance"":{""ref"":""theme-rebellion"",""pass"":5,""method"":""deterministic""},""contested_vote_rebellion_count"":7}"
psp:person:6881,person,Petr Hladík,1,"{""rebellion_rate"":0.013,""committee_count"":3,""bridge_provenance"":{""ref"":""convergence"",""pass"":7,""method"":""deterministic""},""top_rebellion_theme"":""theme:parliamentary-procedure"",""cross_bloc_agreement"":0.405,""budget_bloc_defections"":8,""budget_club_rebellions"":3,""contested_vote_rebellion"":5.132,""contested_rebellion_score"":11.247,""contested_vote_provenance"":{""ref"":""contested"",""pass"":12,""method"":""deterministic""},""top_rebellion_theme_count"":8,""theme_rebellion_provenance"":{""ref"":""theme-rebellion"",""pass"":5,""method"":""deterministic""},""contested_vote_rebellion_count"":18}"
psp:person:6905,person,Andrea Hoffmannová,1,"{""rebellion_rate"":0.003,""committee_count"":2,""bridge_provenance"":{""ref"":""convergence"",""pass"":7,""method"":""deterministic""},""top_rebellion_theme"":""theme:state-honours-symbolic"",""cross_bloc_agreement"":0.408,""budget_bloc_defections"":0,""budget_club_rebellions"":0,""contested_vote_rebellion"":0.33,""contested_rebellion_score"":0.645,""contested_vote_provenance"":{""ref"":""contested"",""pass"":12,""method"":""deterministic""},""top_rebellion_theme_count"":3,""theme_rebellion_provenance"":{""ref"":""theme-rebellion"",""pass"":5,""method"":""deterministic""},""contested_vote_rebellion_count"":3}"
psp:person:6946,person,Josef Váňa,1,"{""rebellion_rate"":0.002,""committee_count"":3,""bridge_provenance"":{""ref"":""convergence"",""pass"":7,""method"":""deterministic""},""top_rebellion_theme"":""theme:fiscal-budget"",""cross_bloc_agreement"":0.382,""budget_bloc_defections"":2,""budget_club_rebellions"":2,""contested_vote_rebellion"":1.979,""contested_rebellion_score"":2.201,""contested_vote_provenance"":{""ref"":""contested"",""pass"":12,""method"":""deterministic""},""top_rebellion_theme_count"":2,""theme_rebellion_provenance"":{""ref"":""theme-rebellion"",""pass"":5,""method"":""deterministic""},""contested_vote_rebellion_count"":3}"
psp:person:6986,person,Hana Ančincová,1,"{""rebellion_rate"":0.001,""committee_count"":2,""bridge_provenance"":{""ref"":""convergence"",""pass"":7,""method"":""deterministic""},""top_rebellion_theme"":""theme:parliamentary-procedure"",""cross_bloc_agreement"":0.409,""budget_bloc_defections"":0,""budget_club_rebellions"":0,""contested_vote_rebellion"":0.061,""contested_rebellion_score"":0.763,""contested_vote_provenance"":{""ref"":""contested"",""pass"":12,""method"":""deterministic""},""top_rebellion_theme_count"":1,""theme_rebellion_provenance"":{""ref"":""theme-rebellion"",""pass"":5,""method"":""deterministic""},""contested_vote_rebellion_count"":1}"
psp:person:6987,person,Jiří Barták,1,"{""rebellion_rate"":0.004,""committee_count"":1,""bridge_provenance"":{""ref"":""convergence"",""pass"":7,""method"":""deterministic""},""top_rebellion_theme"":""theme:state-honours-symbolic"",""cross_bloc_agreement"":0.414,""budget_bloc_defections"":0,""budget_club_rebellions"":0,""contested_vote_rebellion"":2.024,""contested_rebellion_score"":1.733,""contested_vote_provenance"":{""ref"":""contested"",""pass"":12,""method"":""deterministic""},""top_rebellion_theme_count"":5,""theme_rebellion_provenance"":{""ref"":""theme-rebellion"",""pass"":5,""method"":""deterministic""},""contested_vote_rebellion_count"":6}"
psp:person:6988,person,Pavel Bartoň,1,"{""rebellion_rate"":0.003,""committee_count"":2,""bridge_provenance"":{""ref"":""convergence"",""pass"":7,""method"":""deterministic""},""top_rebellion_theme"":""theme:state-honours-symbolic"",""cross_bloc_agreement"":0.448,""budget_bloc_defections"":2,""budget_club_rebellions"":2,""contested_vote_rebellion"":2.828,""contested_rebellion_score"":2.471,""contested_vote_provenance"":{""ref"":""contested"",""pass"":12,""method"":""deterministic""},""top_rebellion_theme_count"":3,""theme_rebellion_provenance"":{""ref"":""theme-rebellion"",""pass"":5,""method"":""deterministic""},""contested_vote_rebellion_count"":5}"
psp:person:6989,person,Lucie Bartošová,1,"{""rebellion_rate"":0.002,""committee_count"":4,""bridge_provenance"":{""ref"":""convergence"",""pass"":7,""method"":""deterministic""},""top_rebellion_theme"":""theme:parliamentary-procedure"",""cross_bloc_agreement"":0.469,""budget_bloc_defections"":7,""budget_club_rebellions"":0,""contested_vote_rebellion"":1.395,""contested_rebellion_score"":1.526,""contested_vote_provenance"":{""ref"":""contested"",""pass"":12,""method"":""deterministic""},""top_rebellion_theme_count"":2,""theme_rebellion_provenance"":{""ref"":""theme-rebellion"",""pass"":5,""method"":""deterministic""},""contested_vote_rebellion_count"":2}"
psp:person:6990,person,Karel Beran,1,"{""rebellion_rate"":0,""committee_count"":5,""bridge_provenance"":{""ref"":""convergence"",""pass"":7,""method"":""deterministic""},""top_rebellion_theme"":null,""cross_bloc_agreement"":0.404,""budget_bloc_defections"":0,""budget_club_rebellions"":0,""contested_vote_rebellion"":0,""contested_rebellion_score"":0,""contested_vote_provenance"":{""ref"":""contested"",""pass"":12,""method"":""deterministic""},""top_rebellion_theme_count"":0,""theme_rebellion_provenance"":{""ref"":""theme-rebellion"",""pass"":5,""method"":""deterministic""},""contested_vote_rebellion_count"":0}"
psp:person:6991,person,Drahomír Blažej,1,"{""rebellion_rate"":0.003,""committee_count"":3,""bridge_provenance"":{""ref"":""convergence"",""pass"":7,""method"":""deterministic""},""top_rebellion_theme"":""theme:housing-construction"",""cross_bloc_agreement"":0.406,""budget_bloc_defections"":1,""budget_club_rebellions"":1,""contested_vote_rebellion"":4.153,""contested_rebellion_score"":3.807,""contested_vote_provenance"":{""ref"":""contested"",""pass"":12,""method"":""deterministic""},""top_rebellion_theme_count"":2,""theme_rebellion_provenance"":{""ref"":""theme-rebellion"",""pass"":5,""method"":""deterministic""},""contested_vote_rebellion_count"":6}"
psp:person:6992,person,Zdeňka Blišťanová,1,"{""rebellion_rate"":0.003,""committee_count"":3,""bridge_provenance"":{""ref"":""convergence"",""pass"":7,""method"":""deterministic""},""top_rebellion_theme"":""theme:parliamentary-procedure"",""cross_bloc_agreement"":0.393,""budget_bloc_defections"":2,""budget_club_rebellions"":1,""contested_vote_rebellion"":1.24,""contested_rebellion_score"":1.676,""contested_vote_provenance"":{""ref"":""contested"",""pass"":12,""method"":""deterministic""},""top_rebellion_theme_count"":1,""theme_rebellion_provenance"":{""ref"":""theme-rebellion"",""pass"":5,""method"":""deterministic""},""contested_vote_rebellion_count"":4}"
psp:person:6993,person,Jiří Bouška,1,"{""rebellion_rate"":0.012,""committee_count"":2,""bridge_provenance"":{""ref"":""convergence"",""pass"":7,""method"":""deterministic""},""top_rebellion_theme"":""theme:housing-construction"",""cross_bloc_agreement"":0.413,""budget_bloc_defections"":2,""budget_club_rebellions"":2,""contested_vote_rebellion"":11.543,""contested_rebellion_score"":13.762,""contested_vote_provenance"":{""ref"":""contested"",""pass"":12,""method"":""deterministic""},""top_rebellion_theme_count"":16,""theme_rebellion_provenance"":{""ref"":""theme-rebellion"",""pass"":5,""method"":""deterministic""},""contested_vote_rebellion_count"":22}"
psp:person:6994,person,Monika Brzesková,1,"{""rebellion_rate"":0.003,""committee_count"":3,""bridge_provenance"":{""ref"":""convergence"",""pass"":7,""method"":""deterministic""},""top_rebellion_theme"":""theme:housing-construction"",""cross_bloc_agreement"":0.437,""budget_bloc_defections"":2,""budget_club_rebellions"":0,""contested_vote_rebellion"":2.674,""contested_rebellion_score"":0.658,""contested_vote_provenance"":{""ref"":""contested"",""pass"":12,""method"":""deterministic""},""top_rebellion_theme_count"":1,""theme_rebellion_provenance"":{""ref"":""theme-rebellion"",""pass"":5,""method"":""deterministic""},""contested_vote_rebellion_count"":4}"
psp:person:6995,person,František Bureš,1,"{""rebellion_rate"":0.002,""committee_count"":3,""bridge_provenance"":{""ref"":""convergence"",""pass"":7,""method"":""deterministic""},""top_rebellion_theme"":""theme:housing-construction"",""cross_bloc_agreement"":0.408,""budget_bloc_defections"":0,""budget_club_rebellions"":0,""contested_vote_rebellion"":1.679,""contested_rebellion_score"":2.079,""contested_vote_provenance"":{""ref"":""contested"",""pass"":12,""method"":""deterministic""},""top_rebellion_theme_count"":2,""theme_rebellion_provenance"":{""ref"":""theme-rebellion"",""pass"":5,""method"":""deterministic""},""contested_vote_rebellion_count"":3}"
psp:person:6996,person,Igor Červený,1,"{""rebellion_rate"":0.003,""committee_count"":3,""bridge_provenance"":{""ref"":""convergence"",""pass"":7,""method"":""deterministic""},""top_rebellion_theme"":""theme:state-honours-symbolic"",""cross_bloc_agreement"":0.45,""budget_bloc_defections"":0,""budget_club_rebellions"":0,""contested_vote_rebellion"":1.799,""contested_rebellion_score"":0.936,""contested_vote_provenance"":{""ref"":""contested"",""pass"":12,""method"":""deterministic""},""top_rebellion_theme_count"":3,""theme_rebellion_provenance"":{""ref"":""theme-rebellion"",""pass"":5,""method"":""deterministic""},""contested_vote_rebellion_count"":4}"
psp:person:6997,person,Adriana Chochelová,1,"{""rebellion_rate"":0,""committee_count"":5,""bridge_provenance"":{""ref"":""convergence"",""pass"":7,""method"":""deterministic""},""top_rebellion_theme"":null,""cross_bloc_agreement"":0.404,""budget_bloc_defections"":5,""budget_club_rebellions"":0,""contested_vote_rebellion"":0,""contested_rebellion_score"":0,""contested_vote_provenance"":{""ref"":""contested"",""pass"":12,""method"":""deterministic""},""top_rebellion_theme_count"":0,""theme_rebellion_provenance"":{""ref"":""theme-rebellion"",""pass"":5,""method"":""deterministic""},""contested_vote_rebellion_count"":0}"
psp:person:6998,person,Benjamin Činčila,1,"{""rebellion_rate"":0.007,""committee_count"":2,""bridge_provenance"":{""ref"":""convergence"",""pass"":7,""method"":""deterministic""},""top_rebellion_theme"":""theme:parliamentary-procedure"",""cross_bloc_agreement"":0.431,""budget_bloc_defections"":4,""budget_club_rebellions"":0,""contested_vote_rebellion"":2.935,""contested_rebellion_score"":6.552,""contested_vote_provenance"":{""ref"":""contested"",""pass"":12,""method"":""deterministic""},""top_rebellion_theme_count"":6,""theme_rebellion_provenance"":{""ref"":""theme-rebellion"",""pass"":5,""method"":""deterministic""},""contested_vote_rebellion_count"":9}"
psp:person:6999,person,Katerina Demetrashvili,1,"{""rebellion_rate"":0.001,""committee_count"":3,""bridge_provenance"":{""ref"":""convergence"",""pass"":7,""method"":""deterministic""},""top_rebellion_theme"":""theme:parliamentary-procedure"",""cross_bloc_agreement"":0.394,""budget_bloc_defections"":1,""budget_club_rebellions"":0,""contested_vote_rebellion"":0.096,""contested_rebellion_score"":0.763,""contested_vote_provenance"":{""ref"":""contested"",""pass"":12,""method"":""deterministic""},""top_rebellion_theme_count"":1,""theme_rebellion_provenance"":{""ref"":""theme-rebellion"",""pass"":5,""method"":""deterministic""},""contested_vote_rebellion_count"":1}"
psp:person:7000,person,Denis Doksanský,1,"{""rebellion_rate"":0.008,""committee_count"":4,""bridge_provenance"":{""ref"":""convergence"",""pass"":7,""method"":""deterministic""},""top_rebellion_theme"":""theme:state-honours-symbolic"",""cross_bloc_agreement"":0.403,""budget_bloc_defections"":1,""budget_club_rebellions"":1,""contested_vote_rebellion"":2.686,""contested_rebellion_score"":4.749,""contested_vote_provenance"":{""ref"":""contested"",""pass"":12,""method"":""deterministic""},""top_rebellion_theme_count"":9,""theme_rebellion_provenance"":{""ref"":""theme-rebellion"",""pass"":5,""method"":""deterministic""},""contested_vote_rebellion_count"":13}"
psp:person:7001,person,Tomáš Doležal,1,"{""rebellion_rate"":0.002,""committee_count"":3,""bridge_provenance"":{""ref"":""convergence"",""pass"":7,""method"":""deterministic""},""top_rebellion_theme"":""theme:public-appointments"",""cross_bloc_agreement"":0.413,""budget_bloc_defections"":1,""budget_club_rebellions"":0,""contested_vote_rebellion"":0.23,""contested_rebellion_score"":1.531,""contested_vote_provenance"":{""ref"":""contested"",""pass"":12,""method"":""deterministic""},""top_rebellion_theme_count"":3,""theme_rebellion_provenance"":{""ref"":""theme-rebellion"",""pass"":5,""method"":""deterministic""},""contested_vote_rebellion_count"":4}"
psp:person:7002,person,Karel Dvořák,1,"{""rebellion_rate"":0.003,""committee_count"":3,""bridge_provenance"":{""ref"":""convergence"",""pass"":7,""method"":""deterministic""},""top_rebellion_theme"":""theme:parliamentary-procedure"",""cross_bloc_agreement"":0.398,""budget_bloc_defections"":5,""budget_club_rebellions"":0,""contested_vote_rebellion"":1.798,""contested_rebellion_score"":1.741,""contested_vote_provenance"":{""ref"":""contested"",""pass"":12,""method"":""deterministic""},""top_rebellion_theme_count"":2,""theme_rebellion_provenance"":{""ref"":""theme-rebellion"",""pass"":5,""method"":""deterministic""},""contested_vote_rebellion_count"":3}"
psp:person:7003,person,Irena Ferčíková Konečná,1,"{""rebellion_rate"":0.001,""committee_count"":2,""bridge_provenance"":{""ref"":""convergence"",""pass"":7,""method"":""deterministic""},""top_rebellion_theme"":""theme:parliamentary-procedure"",""cross_bloc_agreement"":0.412,""budget_bloc_defections"":3,""budget_club_rebellions"":0,""contested_vote_rebellion"":0.061,""contested_rebellion_score"":0.763,""contested_vote_provenance"":{""ref"":""contested"",""pass"":12,""method"":""deterministic""},""top_rebellion_theme_count"":1,""theme_rebellion_provenance"":{""ref"":""theme-rebellion"",""pass"":5,""method"":""deterministic""},""contested_vote_rebellion_count"":1}"
psp:person:7004,person,Jana Filipovičová,1,"{""rebellion_rate"":0.001,""committee_count"":4,""bridge_provenance"":{""ref"":""convergence"",""pass"":7,""method"":""deterministic""},""top_rebellion_theme"":null,""cross_bloc_agreement"":0.436,""budget_bloc_defections"":1,""budget_club_rebellions"":0,""contested_vote_rebellion"":0.575,""contested_rebellion_score"":0,""contested_vote_provenance"":{""ref"":""contested"",""pass"":12,""method"":""deterministic""},""top_rebellion_theme_count"":0,""theme_rebellion_provenance"":{""ref"":""theme-rebellion"",""pass"":5,""method"":""deterministic""},""contested_vote_rebellion_count"":1}"
psp:person:7005,person,Karin Gajdová,1,"{""rebellion_rate"":0.001,""committee_count"":3,""bridge_provenance"":{""ref"":""convergence"",""pass"":7,""method"":""deterministic""},""top_rebellion_theme"":""theme:fiscal-budget"",""cross_bloc_agreement"":0.405,""budget_bloc_defections"":1,""budget_club_rebellions"":1,""contested_vote_rebellion"":0.368,""contested_rebellion_score"":0.913,""contested_vote_provenance"":{""ref"":""contested"",""pass"":12,""method"":""deterministic""},""top_rebellion_theme_count"":1,""theme_rebellion_provenance"":{""ref"":""theme-rebellion"",""pass"":5,""method"":""deterministic""},""contested_vote_rebellion_count"":1}"
psp:person:7006,person,Matěj Gregor,1,"{""rebellion_rate"":0.019,""committee_count"":6,""bridge_provenance"":{""ref"":""convergence"",""pass"":7,""method"":""deterministic""},""top_rebellion_theme"":""theme:housing-construction"",""cross_bloc_agreement"":0.362,""budget_bloc_defections"":5,""budget_club_rebellions"":4,""contested_vote_rebellion"":10.385,""contested_rebellion_score"":12.828,""contested_vote_provenance"":{""ref"":""contested"",""pass"":12,""method"":""deterministic""},""top_rebellion_theme_count"":6,""theme_rebellion_provenance"":{""ref"":""theme-rebellion"",""pass"":5,""method"":""deterministic""},""contested_vote_rebellion_count"":26}"
psp:person:7007,person,Monika Hubíková,1,"{""rebellion_rate"":0.002,""committee_count"":3,""bridge_provenance"":{""ref"":""convergence"",""pass"":7,""method"":""deterministic""},""top_rebellion_theme"":""theme:fiscal-budget"",""cross_bloc_agreement"":0.403,""budget_bloc_defections"":1,""budget_club_rebellions"":1,""contested_vote_rebellion"":0.877,""contested_rebellion_score"":2.232,""contested_vote_provenance"":{""ref"":""contested"",""pass"":12,""method"":""deterministic""},""top_rebellion_theme_count"":1,""theme_rebellion_provenance"":{""ref"":""theme-rebellion"",""pass"":5,""method"":""deterministic""},""contested_vote_rebellion_count"":3}"
psp:person:7008,person,Zdena Kašparová,1,"{""rebellion_rate"":0.001,""committee_count"":2,""bridge_provenance"":{""ref"":""convergence"",""pass"":7,""method"":""deterministic""},""top_rebellion_theme"":""theme:state-honours-symbolic"",""cross_bloc_agreement"":0.408,""budget_bloc_defections"":5,""budget_club_rebellions"":0,""contested_vote_rebellion"":0.75,""contested_rebellion_score"":0.873,""contested_vote_provenance"":{""ref"":""contested"",""pass"":12,""method"":""deterministic""},""top_rebellion_theme_count"":1,""theme_rebellion_provenance"":{""ref"":""theme-rebellion"",""pass"":5,""method"":""deterministic""},""contested_vote_rebellion_count"":2}"
psp:person:7009,person,Jiřina Klčová,1,"{""rebellion_rate"":0.003,""committee_count"":3,""bridge_provenance"":{""ref"":""convergence"",""pass"":7,""method"":""deterministic""},""top_rebellion_theme"":""theme:housing-construction"",""cross_bloc_agreement"":0.421,""budget_bloc_defections"":0,""budget_club_rebellions"":0,""contested_vote_rebellion"":1.909,""contested_rebellion_score"":2.553,""contested_vote_provenance"":{""ref"":""contested"",""pass"":12,""method"":""deterministic""},""top_rebellion_theme_count"":3,""theme_rebellion_provenance"":{""ref"":""theme-rebellion"",""pass"":5,""method"":""deterministic""},""contested_vote_rebellion_count"":5}"
psp:person:7010,person,Oto Klempíř,1,"{""rebellion_rate"":0.004,""committee_count"":1,""bridge_provenance"":{""ref"":""convergence"",""pass"":7,""method"":""deterministic""},""top_rebellion_theme"":""theme:parliamentary-procedure"",""cross_bloc_agreement"":0.333,""budget_bloc_defections"":1,""budget_club_rebellions"":1,""contested_vote_rebellion"":2.397,""contested_rebellion_score"":3.021,""contested_vote_provenance"":{""ref"":""contested"",""pass"":12,""method"":""deterministic""},""top_rebellion_theme_count"":2,""theme_rebellion_provenance"":{""ref"":""theme-rebellion"",""pass"":5,""method"":""deterministic""},""contested_vote_rebellion_count"":5}"
psp:person:7011,person,Matěj Hlavatý,1,"{""rebellion_rate"":0.004,""committee_count"":3,""bridge_provenance"":{""ref"":""convergence"",""pass"":7,""method"":""deterministic""},""top_rebellion_theme"":""theme:parliamentary-procedure"",""cross_bloc_agreement"":0.422,""budget_bloc_defections"":7,""budget_club_rebellions"":0,""contested_vote_rebellion"":2.14,""contested_rebellion_score"":2.947,""contested_vote_provenance"":{""ref"":""contested"",""pass"":12,""method"":""deterministic""},""top_rebellion_theme_count"":3,""theme_rebellion_provenance"":{""ref"":""theme-rebellion"",""pass"":5,""method"":""deterministic""},""contested_vote_rebellion_count"":5}"
psp:person:7012,person,Vladimír Kolek,1,"{""rebellion_rate"":0.002,""committee_count"":5,""bridge_provenance"":{""ref"":""convergence"",""pass"":7,""method"":""deterministic""},""top_rebellion_theme"":""theme:state-honours-symbolic"",""cross_bloc_agreement"":0.397,""budget_bloc_defections"":1,""budget_club_rebellions"":1,""contested_vote_rebellion"":1.376,""contested_rebellion_score"":1.891,""contested_vote_provenance"":{""ref"":""contested"",""pass"":12,""method"":""deterministic""},""top_rebellion_theme_count"":1,""theme_rebellion_provenance"":{""ref"":""theme-rebellion"",""pass"":5,""method"":""deterministic""},""contested_vote_rebellion_count"":3}"
psp:person:7013,person,Veronika Kovářová,1,"{""rebellion_rate"":0.002,""committee_count"":2,""bridge_provenance"":{""ref"":""convergence"",""pass"":7,""method"":""deterministic""},""top_rebellion_theme"":""theme:parliamentary-procedure"",""cross_bloc_agreement"":0.36,""budget_bloc_defections"":1,""budget_club_rebellions"":0,""contested_vote_rebellion"":0.109,""contested_rebellion_score"":1.817,""contested_vote_provenance"":{""ref"":""contested"",""pass"":12,""method"":""deterministic""},""top_rebellion_theme_count"":2,""theme_rebellion_provenance"":{""ref"":""theme-rebellion"",""pass"":5,""method"":""deterministic""},""contested_vote_rebellion_count"":3}"
psp:person:7014,person,Petr Kowanda,1,"{""rebellion_rate"":0.004,""committee_count"":3,""bridge_provenance"":{""ref"":""convergence"",""pass"":7,""method"":""deterministic""},""top_rebellion_theme"":""theme:housing-construction"",""cross_bloc_agreement"":0.428,""budget_bloc_defections"":0,""budget_club_rebellions"":0,""contested_vote_rebellion"":3.615,""contested_rebellion_score"":4.64,""contested_vote_provenance"":{""ref"":""contested"",""pass"":12,""method"":""deterministic""},""top_rebellion_theme_count"":5,""theme_rebellion_provenance"":{""ref"":""theme-rebellion"",""pass"":5,""method"":""deterministic""},""contested_vote_rebellion_count"":7}"
psp:person:7015,person,Jakub Krainer,1,"{""rebellion_rate"":0,""committee_count"":3,""bridge_provenance"":{""ref"":""convergence"",""pass"":7,""method"":""deterministic""},""top_rebellion_theme"":null,""cross_bloc_agreement"":0.397,""budget_bloc_defections"":7,""budget_club_rebellions"":0,""contested_vote_rebellion"":0,""contested_rebellion_score"":0,""contested_vote_provenance"":{""ref"":""contested"",""pass"":12,""method"":""deterministic""},""top_rebellion_theme_count"":0,""theme_rebellion_provenance"":{""ref"":""theme-rebellion"",""pass"":5,""method"":""deterministic""},""contested_vote_rebellion_count"":0}"
psp:person:7016,person,Miroslav Krejčí,1,"{""rebellion_rate"":0.004,""committee_count"":4,""bridge_provenance"":{""ref"":""convergence"",""pass"":7,""method"":""deterministic""},""top_rebellion_theme"":""theme:state-honours-symbolic"",""cross_bloc_agreement"":0.39,""budget_bloc_defections"":0,""budget_club_rebellions"":0,""contested_vote_rebellion"":2.434,""contested_rebellion_score"":2.357,""contested_vote_provenance"":{""ref"":""contested"",""pass"":12,""method"":""deterministic""},""top_rebellion_theme_count"":3,""theme_rebellion_provenance"":{""ref"":""theme-rebellion"",""pass"":5,""method"":""deterministic""},""contested_vote_rebellion_count"":6}"
psp:person:7017,person,Vojtěch Krňanský,1,"{""rebellion_rate"":0.004,""committee_count"":4,""bridge_provenance"":{""ref"":""convergence"",""pass"":7,""method"":""deterministic""},""top_rebellion_theme"":""theme:state-honours-symbolic"",""cross_bloc_agreement"":0.439,""budget_bloc_defections"":0,""budget_club_rebellions"":0,""contested_vote_rebellion"":2.555,""contested_rebellion_score"":1.075,""contested_vote_provenance"":{""ref"":""contested"",""pass"":12,""method"":""deterministic""},""top_rebellion_theme_count"":5,""theme_rebellion_provenance"":{""ref"":""theme-rebellion"",""pass"":5,""method"":""deterministic""},""contested_vote_rebellion_count"":5}"
psp:person:7018,person,Marie Kršková,1,"{""rebellion_rate"":0.005,""committee_count"":3,""bridge_provenance"":{""ref"":""convergence"",""pass"":7,""method"":""deterministic""},""top_rebellion_theme"":""theme:housing-construction"",""cross_bloc_agreement"":0.411,""budget_bloc_defections"":2,""budget_club_rebellions"":0,""contested_vote_rebellion"":2.302,""contested_rebellion_score"":5.705,""contested_vote_provenance"":{""ref"":""contested"",""pass"":12,""method"":""deterministic""},""top_rebellion_theme_count"":5,""theme_rebellion_provenance"":{""ref"":""theme-rebellion"",""pass"":5,""method"":""deterministic""},""contested_vote_rebellion_count"":8}"
psp:person:7019,person,Petr Kubis,1,{}
psp:person:7020,person,Šárka Kučerová,1,{}
psp:person:7021,person,Martin Kupec,1,"{""rebellion_rate"":0.001,""committee_count"":3,""bridge_provenance"":{""ref"":""convergence"",""pass"":7,""method"":""deterministic""},""top_rebellion_theme"":""theme:state-honours-symbolic"",""cross_bloc_agreement"":0.424,""budget_bloc_defections"":1,""budget_club_rebellions"":1,""contested_vote_rebellion"":0.814,""contested_rebellion_score"":1.128,""contested_vote_provenance"":{""ref"":""contested"",""pass"":12,""method"":""deterministic""},""top_rebellion_theme_count"":1,""theme_rebellion_provenance"":{""ref"":""theme-rebellion"",""pass"":5,""method"":""deterministic""},""contested_vote_rebellion_count"":2}"
psp:person:7022,person,Petr Macinka,1,"{""rebellion_rate"":0.002,""committee_count"":2,""bridge_provenance"":{""ref"":""convergence"",""pass"":7,""method"":""deterministic""},""top_rebellion_theme"":""theme:parliamentary-procedure"",""cross_bloc_agreement"":0.343,""budget_bloc_defections"":0,""budget_club_rebellions"":1,""contested_vote_rebellion"":1.511,""contested_rebellion_score"":1.676,""contested_vote_provenance"":{""ref"":""contested"",""pass"":12,""method"":""deterministic""},""top_rebellion_theme_count"":1,""theme_rebellion_provenance"":{""ref"":""theme-rebellion"",""pass"":5,""method"":""deterministic""},""contested_vote_rebellion_count"":2}"
psp:person:7023,person,Lenka Martínková Španihelová,1,"{""rebellion_rate"":0.002,""committee_count"":1,""bridge_provenance"":{""ref"":""convergence"",""pass"":7,""method"":""deterministic""},""top_rebellion_theme"":""theme:parliamentary-procedure"",""cross_bloc_agreement"":0.384,""budget_bloc_defections"":1,""budget_club_rebellions"":0,""contested_vote_rebellion"":0.042,""contested_rebellion_score"":0.763,""contested_vote_provenance"":{""ref"":""contested"",""pass"":12,""method"":""deterministic""},""top_rebellion_theme_count"":1,""theme_rebellion_provenance"":{""ref"":""theme-rebellion"",""pass"":5,""method"":""deterministic""},""contested_vote_rebellion_count"":3}"
psp:person:7024,person,Michaela Moricová,1,"{""rebellion_rate"":0.001,""committee_count"":1,""bridge_provenance"":{""ref"":""convergence"",""pass"":7,""method"":""deterministic""},""top_rebellion_theme"":null,""cross_bloc_agreement"":0.421,""budget_bloc_defections"":1,""budget_club_rebellions"":0,""contested_vote_rebellion"":0.654,""contested_rebellion_score"":0,""contested_vote_provenance"":{""ref"":""contested"",""pass"":12,""method"":""deterministic""},""top_rebellion_theme_count"":0,""theme_rebellion_provenance"":{""ref"":""theme-rebellion"",""pass"":5,""method"":""deterministic""},""contested_vote_rebellion_count"":2}"
psp:person:7025,person,Jana Murová,1,"{""rebellion_rate"":0.006,""committee_count"":2,""bridge_provenance"":{""ref"":""convergence"",""pass"":7,""method"":""deterministic""},""top_rebellion_theme"":""theme:parliamentary-procedure"",""cross_bloc_agreement"":0.393,""budget_bloc_defections"":1,""budget_club_rebellions"":1,""contested_vote_rebellion"":4.235,""contested_rebellion_score"":5.605,""contested_vote_provenance"":{""ref"":""contested"",""pass"":12,""method"":""deterministic""},""top_rebellion_theme_count"":3,""theme_rebellion_provenance"":{""ref"":""theme-rebellion"",""pass"":5,""method"":""deterministic""},""contested_vote_rebellion_count"":10}"
psp:person:7026,person,Anežka Nedomová,1,"{""rebellion_rate"":0.001,""committee_count"":3,""bridge_provenance"":{""ref"":""convergence"",""pass"":7,""method"":""deterministic""},""top_rebellion_theme"":""theme:parliamentary-procedure"",""cross_bloc_agreement"":0.386,""budget_bloc_defections"":3,""budget_club_rebellions"":0,""contested_vote_rebellion"":0.487,""contested_rebellion_score"":0.763,""contested_vote_provenance"":{""ref"":""contested"",""pass"":12,""method"":""deterministic""},""top_rebellion_theme_count"":1,""theme_rebellion_provenance"":{""ref"":""theme-rebellion"",""pass"":5,""method"":""deterministic""},""contested_vote_rebellion_count"":1}"
psp:person:7027,person,Irena Němcová,1,"{""rebellion_rate"":0.003,""committee_count"":4,""bridge_provenance"":{""ref"":""convergence"",""pass"":7,""method"":""deterministic""},""top_rebellion_theme"":""theme:housing-construction"",""cross_bloc_agreement"":0.439,""budget_bloc_defections"":2,""budget_club_rebellions"":1,""contested_vote_rebellion"":2.718,""contested_rebellion_score"":2.819,""contested_vote_provenance"":{""ref"":""contested"",""pass"":12,""method"":""deterministic""},""top_rebellion_theme_count"":2,""theme_rebellion_provenance"":{""ref"":""theme-rebellion"",""pass"":5,""method"":""deterministic""},""contested_vote_rebellion_count"":5}"
psp:person:7028,person,Bohuslav Niemiec,1,"{""rebellion_rate"":0.005,""committee_count"":4,""bridge_provenance"":{""ref"":""convergence"",""pass"":7,""method"":""deterministic""},""top_rebellion_theme"":""theme:state-honours-symbolic"",""cross_bloc_agreement"":0.403,""budget_bloc_defections"":4,""budget_club_rebellions"":1,""contested_vote_rebellion"":3.66,""contested_rebellion_score"":3.055,""contested_vote_provenance"":{""ref"":""contested"",""pass"":12,""method"":""deterministic""},""top_rebellion_theme_count"":2,""theme_rebellion_provenance"":{""ref"":""theme-rebellion"",""pass"":5,""method"":""deterministic""},""contested_vote_rebellion_count"":7}"
psp:person:7029,person,Pavel Outrata,1,"{""rebellion_rate"":0.003,""committee_count"":3,""bridge_provenance"":{""ref"":""convergence"",""pass"":7,""method"":""deterministic""},""top_rebellion_theme"":""theme:parliamentary-procedure"",""cross_bloc_agreement"":0.417,""budget_bloc_defections"":0,""budget_club_rebellions"":0,""contested_vote_rebellion"":1.812,""contested_rebellion_score"":2.399,""contested_vote_provenance"":{""ref"":""contested"",""pass"":12,""method"":""deterministic""},""top_rebellion_theme_count"":2,""theme_rebellion_provenance"":{""ref"":""theme-rebellion"",""pass"":5,""method"":""deterministic""},""contested_vote_rebellion_count"":4}"
psp:person:7030,person,Jan Papajanovský,1,"{""rebellion_rate"":0.001,""committee_count"":4,""bridge_provenance"":{""ref"":""convergence"",""pass"":7,""method"":""deterministic""},""top_rebellion_theme"":""theme:fiscal-budget"",""cross_bloc_agreement"":0.477,""budget_bloc_defections"":4,""budget_club_rebellions"":1,""contested_vote_rebellion"":0.346,""contested_rebellion_score"":0.913,""contested_vote_provenance"":{""ref"":""contested"",""pass"":12,""method"":""deterministic""},""top_rebellion_theme_count"":1,""theme_rebellion_provenance"":{""ref"":""theme-rebellion"",""pass"":5,""method"":""deterministic""},""contested_vote_rebellion_count"":1}"
psp:person:7031,person,Patrik Pařil,1,"{""rebellion_rate"":0.003,""committee_count"":3,""bridge_provenance"":{""ref"":""convergence"",""pass"":7,""method"":""deterministic""},""top_rebellion_theme"":""theme:parliamentary-procedure"",""cross_bloc_agreement"":0.425,""budget_bloc_defections"":0,""budget_club_rebellions"":0,""contested_vote_rebellion"":1.64,""contested_rebellion_score"":1.636,""contested_vote_provenance"":{""ref"":""contested"",""pass"":12,""method"":""deterministic""},""top_rebellion_theme_count"":1,""theme_rebellion_provenance"":{""ref"":""theme-rebellion"",""pass"":5,""method"":""deterministic""},""contested_vote_rebellion_count"":4}"
psp:person:7032,person,Jana Patková,1,"{""rebellion_rate"":0.003,""committee_count"":2,""bridge_provenance"":{""ref"":""convergence"",""pass"":7,""method"":""deterministic""},""top_rebellion_theme"":""theme:parliamentary-procedure"",""cross_bloc_agreement"":0.354,""budget_bloc_defections"":1,""budget_club_rebellions"":0,""contested_vote_rebellion"":1.945,""contested_rebellion_score"":2.417,""contested_vote_provenance"":{""ref"":""contested"",""pass"":12,""method"":""deterministic""},""top_rebellion_theme_count"":2,""theme_rebellion_provenance"":{""ref"":""theme-rebellion"",""pass"":5,""method"":""deterministic""},""contested_vote_rebellion_count"":4}"
psp:person:7033,person,Jiří Svoboda,1,"{""rebellion_rate"":0.002,""committee_count"":2,""bridge_provenance"":{""ref"":""convergence"",""pass"":7,""method"":""deterministic""},""top_rebellion_theme"":""theme:housing-construction"",""cross_bloc_agreement"":0.433,""budget_bloc_defections"":0,""budget_club_rebellions"":0,""contested_vote_rebellion"":0.86,""contested_rebellion_score"":2.189,""contested_vote_provenance"":{""ref"":""contested"",""pass"":12,""method"":""deterministic""},""top_rebellion_theme_count"":3,""theme_rebellion_provenance"":{""ref"":""theme-rebellion"",""pass"":5,""method"":""deterministic""},""contested_vote_rebellion_count"":4}"
psp:person:7034,person,Vladimír Pikora,1,"{""rebellion_rate"":0.082,""committee_count"":3,""bridge_provenance"":{""ref"":""convergence"",""pass"":7,""method"":""deterministic""},""top_rebellion_theme"":""theme:state-honours-symbolic"",""cross_bloc_agreement"":0.326,""budget_bloc_defections"":1,""budget_club_rebellions"":1,""contested_vote_rebellion"":3.921,""contested_rebellion_score"":20.381,""contested_vote_provenance"":{""ref"":""contested"",""pass"":12,""method"":""deterministic""},""top_rebellion_theme_count"":87,""theme_rebellion_provenance"":{""ref"":""theme-rebellion"",""pass"":5,""method"":""deterministic""},""contested_vote_rebellion_count"":89}"
psp:person:7035,person,Barbora Pipášová,1,"{""rebellion_rate"":0.001,""committee_count"":2,""bridge_provenance"":{""ref"":""convergence"",""pass"":7,""method"":""deterministic""},""top_rebellion_theme"":""theme:parliamentary-procedure"",""cross_bloc_agreement"":0.391,""budget_bloc_defections"":2,""budget_club_rebellions"":0,""contested_vote_rebellion"":0.938,""contested_rebellion_score"":0.763,""contested_vote_provenance"":{""ref"":""contested"",""pass"":12,""method"":""deterministic""},""top_rebellion_theme_count"":1,""theme_rebellion_provenance"":{""ref"":""theme-rebellion"",""pass"":5,""method"":""deterministic""},""contested_vote_rebellion_count"":1}"
psp:person:7036,person,Václav Pláteník,1,"{""rebellion_rate"":0.009,""committee_count"":5,""bridge_provenance"":{""ref"":""convergence"",""pass"":7,""method"":""deterministic""},""top_rebellion_theme"":""theme:parliamentary-procedure"",""cross_bloc_agreement"":0.396,""budget_bloc_defections"":7,""budget_club_rebellions"":2,""contested_vote_rebellion"":4.204,""contested_rebellion_score"":6.881,""contested_vote_provenance"":{""ref"":""contested"",""pass"":12,""method"":""deterministic""},""top_rebellion_theme_count"":5,""theme_rebellion_provenance"":{""ref"":""theme-rebellion"",""pass"":5,""method"":""deterministic""},""contested_vote_rebellion_count"":14}"
psp:person:7037,person,Jindřich Rajchl,1,"{""rebellion_rate"":0.006,""committee_count"":5,""bridge_provenance"":{""ref"":""convergence"",""pass"":7,""method"":""deterministic""},""top_rebellion_theme"":""theme:public-appointments"",""cross_bloc_agreement"":0.415,""budget_bloc_defections"":0,""budget_club_rebellions"":0,""contested_vote_rebellion"":0.346,""contested_rebellion_score"":1.822,""contested_vote_provenance"":{""ref"":""contested"",""pass"":12,""method"":""deterministic""},""top_rebellion_theme_count"":4,""theme_rebellion_provenance"":{""ref"":""theme-rebellion"",""pass"":5,""method"":""deterministic""},""contested_vote_rebellion_count"":7}"
psp:person:7038,person,Barbora Rázga,1,"{""rebellion_rate"":0.003,""committee_count"":5,""bridge_provenance"":{""ref"":""convergence"",""pass"":7,""method"":""deterministic""},""top_rebellion_theme"":""theme:parliamentary-procedure"",""cross_bloc_agreement"":0.408,""budget_bloc_defections"":0,""budget_club_rebellions"":0,""contested_vote_rebellion"":2.583,""contested_rebellion_score"":3.453,""contested_vote_provenance"":{""ref"":""contested"",""pass"":12,""method"":""deterministic""},""top_rebellion_theme_count"":3,""theme_rebellion_provenance"":{""ref"":""theme-rebellion"",""pass"":5,""method"":""deterministic""},""contested_vote_rebellion_count"":6}"
psp:person:7039,person,Vítězslav Schrek,1,"{""rebellion_rate"":0.005,""committee_count"":3,""bridge_provenance"":{""ref"":""convergence"",""pass"":7,""method"":""deterministic""},""top_rebellion_theme"":""theme:parliamentary-procedure"",""cross_bloc_agreement"":0.461,""budget_bloc_defections"":6,""budget_club_rebellions"":0,""contested_vote_rebellion"":3.684,""contested_rebellion_score"":4.291,""contested_vote_provenance"":{""ref"":""contested"",""pass"":12,""method"":""deterministic""},""top_rebellion_theme_count"":3,""theme_rebellion_provenance"":{""ref"":""theme-rebellion"",""pass"":5,""method"":""deterministic""},""contested_vote_rebellion_count"":8}"
psp:person:7040,person,Zuzana Mrázová,1,"{""rebellion_rate"":0.001,""committee_count"":2,""bridge_provenance"":{""ref"":""convergence"",""pass"":7,""method"":""deterministic""},""top_rebellion_theme"":""theme:parliamentary-procedure"",""cross_bloc_agreement"":0.368,""budget_bloc_defections"":0,""budget_club_rebellions"":0,""contested_vote_rebellion"":0.989,""contested_rebellion_score"":0.763,""contested_vote_provenance"":{""ref"":""contested"",""pass"":12,""method"":""deterministic""},""top_rebellion_theme_count"":1,""theme_rebellion_provenance"":{""ref"":""theme-rebellion"",""pass"":5,""method"":""deterministic""},""contested_vote_rebellion_count"":1}"
psp:person:7041,person,Gabriela Sedláčková,1,"{""rebellion_rate"":0.002,""committee_count"":6,""bridge_provenance"":{""ref"":""convergence"",""pass"":7,""method"":""deterministic""},""top_rebellion_theme"":""theme:parliamentary-procedure"",""cross_bloc_agreement"":0.404,""budget_bloc_defections"":0,""budget_club_rebellions"":0,""contested_vote_rebellion"":1.119,""contested_rebellion_score"":1.636,""contested_vote_provenance"":{""ref"":""contested"",""pass"":12,""method"":""deterministic""},""top_rebellion_theme_count"":1,""theme_rebellion_provenance"":{""ref"":""theme-rebellion"",""pass"":5,""method"":""deterministic""},""contested_vote_rebellion_count"":4}"
psp:person:7042,person,Lucie Sedmihradská,1,"{""rebellion_rate"":0.002,""committee_count"":4,""bridge_provenance"":{""ref"":""convergence"",""pass"":7,""method"":""deterministic""},""top_rebellion_theme"":""theme:state-honours-symbolic"",""cross_bloc_agreement"":0.408,""budget_bloc_defections"":6,""budget_club_rebellions"":0,""contested_vote_rebellion"":0.606,""contested_rebellion_score"":0.215,""contested_vote_provenance"":{""ref"":""contested"",""pass"":12,""method"":""deterministic""},""top_rebellion_theme_count"":1,""theme_rebellion_provenance"":{""ref"":""theme-rebellion"",""pass"":5,""method"":""deterministic""},""contested_vote_rebellion_count"":2}"
psp:person:7043,person,Štěpán Slovák,1,"{""rebellion_rate"":0.005,""committee_count"":6,""bridge_provenance"":{""ref"":""convergence"",""pass"":7,""method"":""deterministic""},""top_rebellion_theme"":""theme:parliamentary-procedure"",""cross_bloc_agreement"":0.476,""budget_bloc_defections"":7,""budget_club_rebellions"":2,""contested_vote_rebellion"":2.399,""contested_rebellion_score"":4.115,""contested_vote_provenance"":{""ref"":""contested"",""pass"":12,""method"":""deterministic""},""top_rebellion_theme_count"":3,""theme_rebellion_provenance"":{""ref"":""theme-rebellion"",""pass"":5,""method"":""deterministic""},""contested_vote_rebellion_count"":6}"
psp:person:7044,person,Julie Smejkalová,1,"{""rebellion_rate"":0,""committee_count"":3,""bridge_provenance"":{""ref"":""convergence"",""pass"":7,""method"":""deterministic""},""top_rebellion_theme"":null,""cross_bloc_agreement"":0.39,""budget_bloc_defections"":4,""budget_club_rebellions"":0,""contested_vote_rebellion"":0,""contested_rebellion_score"":0,""contested_vote_provenance"":{""ref"":""contested"",""pass"":12,""method"":""deterministic""},""top_rebellion_theme_count"":0,""theme_rebellion_provenance"":{""ref"":""theme-rebellion"",""pass"":5,""method"":""deterministic""},""contested_vote_rebellion_count"":0}"
psp:person:7045,person,Petr Sokol,1,"{""rebellion_rate"":0.015,""committee_count"":4,""bridge_provenance"":{""ref"":""convergence"",""pass"":7,""method"":""deterministic""},""top_rebellion_theme"":""theme:parliamentary-procedure"",""cross_bloc_agreement"":0.486,""budget_bloc_defections"":11,""budget_club_rebellions"":4,""contested_vote_rebellion"":12.681,""contested_rebellion_score"":13.672,""contested_vote_provenance"":{""ref"":""contested"",""pass"":12,""method"":""deterministic""},""top_rebellion_theme_count"":6,""theme_rebellion_provenance"":{""ref"":""theme-rebellion"",""pass"":5,""method"":""deterministic""},""contested_vote_rebellion_count"":20}"
psp:person:7046,person,Eva Šrámková,1,"{""rebellion_rate"":0.001,""committee_count"":2,""bridge_provenance"":{""ref"":""convergence"",""pass"":7,""method"":""deterministic""},""top_rebellion_theme"":""theme:housing-construction"",""cross_bloc_agreement"":0.396,""budget_bloc_defections"":2,""budget_club_rebellions"":0,""contested_vote_rebellion"":0.756,""contested_rebellion_score"":0.949,""contested_vote_provenance"":{""ref"":""contested"",""pass"":12,""method"":""deterministic""},""top_rebellion_theme_count"":1,""theme_rebellion_provenance"":{""ref"":""theme-rebellion"",""pass"":5,""method"":""deterministic""},""contested_vote_rebellion_count"":2}"
psp:person:7047,person,Markéta Šichtařová,1,"{""rebellion_rate"":0.024,""committee_count"":2,""bridge_provenance"":{""ref"":""convergence"",""pass"":7,""method"":""deterministic""},""top_rebellion_theme"":""theme:public-appointments"",""cross_bloc_agreement"":0.497,""budget_bloc_defections"":0,""budget_club_rebellions"":0,""contested_vote_rebellion"":1.129,""contested_rebellion_score"":1.636,""contested_vote_provenance"":{""ref"":""contested"",""pass"":12,""method"":""deterministic""},""top_rebellion_theme_count"":3,""theme_rebellion_provenance"":{""ref"":""theme-rebellion"",""pass"":5,""method"":""deterministic""},""contested_vote_rebellion_count"":7}"
psp:person:7048,person,Kateřina Stojanová,1,"{""rebellion_rate"":0.002,""committee_count"":4,""bridge_provenance"":{""ref"":""convergence"",""pass"":7,""method"":""deterministic""},""top_rebellion_theme"":""theme:parliamentary-procedure"",""cross_bloc_agreement"":0.395,""budget_bloc_defections"":2,""budget_club_rebellions"":0,""contested_vote_rebellion"":0.102,""contested_rebellion_score"":1.35,""contested_vote_provenance"":{""ref"":""contested"",""pass"":12,""method"":""deterministic""},""top_rebellion_theme_count"":1,""theme_rebellion_provenance"":{""ref"":""theme-rebellion"",""pass"":5,""method"":""deterministic""},""contested_vote_rebellion_count"":2}"
psp:person:7049,person,Gabriela Svárovská,1,"{""rebellion_rate"":0.001,""committee_count"":3,""bridge_provenance"":{""ref"":""convergence"",""pass"":7,""method"":""deterministic""},""top_rebellion_theme"":""theme:financial-market-regulation"",""cross_bloc_agreement"":0.416,""budget_bloc_defections"":7,""budget_club_rebellions"":0,""contested_vote_rebellion"":0.885,""contested_rebellion_score"":0.364,""contested_vote_provenance"":{""ref"":""contested"",""pass"":12,""method"":""deterministic""},""top_rebellion_theme_count"":1,""theme_rebellion_provenance"":{""ref"":""theme-rebellion"",""pass"":5,""method"":""deterministic""},""contested_vote_rebellion_count"":2}"
psp:person:7050,person,Jan Sviták,1,"{""rebellion_rate"":0.003,""committee_count"":2,""bridge_provenance"":{""ref"":""convergence"",""pass"":7,""method"":""deterministic""},""top_rebellion_theme"":""theme:parliamentary-procedure"",""cross_bloc_agreement"":0.384,""budget_bloc_defections"":6,""budget_club_rebellions"":0,""contested_vote_rebellion"":1.332,""contested_rebellion_score"":1.817,""contested_vote_provenance"":{""ref"":""contested"",""pass"":12,""method"":""deterministic""},""top_rebellion_theme_count"":2,""theme_rebellion_provenance"":{""ref"":""theme-rebellion"",""pass"":5,""method"":""deterministic""},""contested_vote_rebellion_count"":3}"
psp:person:7051,person,Vendula Svobodová,1,"{""rebellion_rate"":0.002,""committee_count"":3,""bridge_provenance"":{""ref"":""convergence"",""pass"":7,""method"":""deterministic""},""top_rebellion_theme"":""theme:parliamentary-procedure"",""cross_bloc_agreement"":0.378,""budget_bloc_defections"":1,""budget_club_rebellions"":0,""contested_vote_rebellion"":1.162,""contested_rebellion_score"":1.817,""contested_vote_provenance"":{""ref"":""contested"",""pass"":12,""method"":""deterministic""},""top_rebellion_theme_count"":2,""theme_rebellion_provenance"":{""ref"":""theme-rebellion"",""pass"":5,""method"":""deterministic""},""contested_vote_rebellion_count"":3}"
psp:person:7052,person,František Talíř,1,"{""rebellion_rate"":0.003,""committee_count"":2,""bridge_provenance"":{""ref"":""convergence"",""pass"":7,""method"":""deterministic""},""top_rebellion_theme"":""theme:parliamentary-procedure"",""cross_bloc_agreement"":0.404,""budget_bloc_defections"":5,""budget_club_rebellions"":0,""contested_vote_rebellion"":0.733,""contested_rebellion_score"":2.889,""contested_vote_provenance"":{""ref"":""contested"",""pass"":12,""method"":""deterministic""},""top_rebellion_theme_count"":3,""theme_rebellion_provenance"":{""ref"":""theme-rebellion"",""pass"":5,""method"":""deterministic""},""contested_vote_rebellion_count"":4}"
psp:person:7053,person,Václav Trojan,1,"{""rebellion_rate"":0.002,""committee_count"":2,""bridge_provenance"":{""ref"":""convergence"",""pass"":7,""method"":""deterministic""},""top_rebellion_theme"":""theme:parliamentary-procedure"",""cross_bloc_agreement"":0.455,""budget_bloc_defections"":0,""budget_club_rebellions"":0,""contested_vote_rebellion"":1.283,""contested_rebellion_score"":1.785,""contested_vote_provenance"":{""ref"":""contested"",""pass"":12,""method"":""deterministic""},""top_rebellion_theme_count"":1,""theme_rebellion_provenance"":{""ref"":""theme-rebellion"",""pass"":5,""method"":""deterministic""},""contested_vote_rebellion_count"":3}"
psp:person:7054,person,Renata Vesecká,1,"{""rebellion_rate"":0.008,""committee_count"":6,""bridge_provenance"":{""ref"":""convergence"",""pass"":7,""method"":""deterministic""},""top_rebellion_theme"":""theme:state-honours-symbolic"",""cross_bloc_agreement"":0.362,""budget_bloc_defections"":1,""budget_club_rebellions"":1,""contested_vote_rebellion"":4.359,""contested_rebellion_score"":4.308,""contested_vote_provenance"":{""ref"":""contested"",""pass"":12,""method"":""deterministic""},""top_rebellion_theme_count"":10,""theme_rebellion_provenance"":{""ref"":""theme-rebellion"",""pass"":5,""method"":""deterministic""},""contested_vote_rebellion_count"":13}"
psp:person:7055,person,Jiří Vojáček,1,"{""rebellion_rate"":0.007,""committee_count"":3,""bridge_provenance"":{""ref"":""convergence"",""pass"":7,""method"":""deterministic""},""top_rebellion_theme"":""theme:parliamentary-procedure"",""cross_bloc_agreement"":0.441,""budget_bloc_defections"":0,""budget_club_rebellions"":0,""contested_vote_rebellion"":3.265,""contested_rebellion_score"":4.696,""contested_vote_provenance"":{""ref"":""contested"",""pass"":12,""method"":""deterministic""},""top_rebellion_theme_count"":3,""theme_rebellion_provenance"":{""ref"":""theme-rebellion"",""pass"":5,""method"":""deterministic""},""contested_vote_rebellion_count"":9}"
psp:person:7056,person,Jitka Volfová,1,"{""rebellion_rate"":0.002,""committee_count"":2,""bridge_provenance"":{""ref"":""convergence"",""pass"":7,""method"":""deterministic""},""top_rebellion_theme"":""theme:parliamentary-procedure"",""cross_bloc_agreement"":0.408,""budget_bloc_defections"":0,""budget_club_rebellions"":0,""contested_vote_rebellion"":1.866,""contested_rebellion_score"":1.639,""contested_vote_provenance"":{""ref"":""contested"",""pass"":12,""method"":""deterministic""},""top_rebellion_theme_count"":1,""theme_rebellion_provenance"":{""ref"":""theme-rebellion"",""pass"":5,""method"":""deterministic""},""contested_vote_rebellion_count"":3}"
psp:person:7057,person,Samuel Volpe,1,"{""rebellion_rate"":0.001,""committee_count"":4,""bridge_provenance"":{""ref"":""convergence"",""pass"":7,""method"":""deterministic""},""top_rebellion_theme"":null,""cross_bloc_agreement"":0.406,""budget_bloc_defections"":1,""budget_club_rebellions"":0,""contested_vote_rebellion"":0.014,""contested_rebellion_score"":0,""contested_vote_provenance"":{""ref"":""contested"",""pass"":12,""method"":""deterministic""},""top_rebellion_theme_count"":0,""theme_rebellion_provenance"":{""ref"":""theme-rebellion"",""pass"":5,""method"":""deterministic""},""contested_vote_rebellion_count"":1}"
psp:person:7058,person,Libor Vondráček,1,"{""rebellion_rate"":0.005,""committee_count"":3,""bridge_provenance"":{""ref"":""convergence"",""pass"":7,""method"":""deterministic""},""top_rebellion_theme"":""theme:housing-construction"",""cross_bloc_agreement"":0.428,""budget_bloc_defections"":2,""budget_club_rebellions"":1,""contested_vote_rebellion"":2.119,""contested_rebellion_score"":4.524,""contested_vote_provenance"":{""ref"":""contested"",""pass"":12,""method"":""deterministic""},""top_rebellion_theme_count"":3,""theme_rebellion_provenance"":{""ref"":""theme-rebellion"",""pass"":5,""method"":""deterministic""},""contested_vote_rebellion_count"":8}"
psp:person:7059,person,Filip Turek,1,"{""rebellion_rate"":0.021,""committee_count"":2,""bridge_provenance"":{""ref"":""convergence"",""pass"":7,""method"":""deterministic""},""top_rebellion_theme"":""theme:state-honours-symbolic"",""cross_bloc_agreement"":0.424,""budget_bloc_defections"":1,""budget_club_rebellions"":1,""contested_vote_rebellion"":3.663,""contested_rebellion_score"":6.463,""contested_vote_provenance"":{""ref"":""contested"",""pass"":12,""method"":""deterministic""},""top_rebellion_theme_count"":18,""theme_rebellion_provenance"":{""ref"":""theme-rebellion"",""pass"":5,""method"":""deterministic""},""contested_vote_rebellion_count"":22}"
psp:person:7060,person,Otto Vopěnka,1,"{""rebellion_rate"":0.001,""committee_count"":3,""bridge_provenance"":{""ref"":""convergence"",""pass"":7,""method"":""deterministic""},""top_rebellion_theme"":""theme:housing-construction"",""cross_bloc_agreement"":0.424,""budget_bloc_defections"":0,""budget_club_rebellions"":0,""contested_vote_rebellion"":0.593,""contested_rebellion_score"":0.658,""contested_vote_provenance"":{""ref"":""contested"",""pass"":12,""method"":""deterministic""},""top_rebellion_theme_count"":1,""theme_rebellion_provenance"":{""ref"":""theme-rebellion"",""pass"":5,""method"":""deterministic""},""contested_vote_rebellion_count"":1}"
psp:person:7061,person,Ester Weimerová,1,"{""rebellion_rate"":0,""committee_count"":3,""bridge_provenance"":{""ref"":""convergence"",""pass"":7,""method"":""deterministic""},""top_rebellion_theme"":null,""cross_bloc_agreement"":0.412,""budget_bloc_defections"":6,""budget_club_rebellions"":0,""contested_vote_rebellion"":0,""contested_rebellion_score"":0,""contested_vote_provenance"":{""ref"":""contested"",""pass"":12,""method"":""deterministic""},""top_rebellion_theme_count"":0,""theme_rebellion_provenance"":{""ref"":""theme-rebellion"",""pass"":5,""method"":""deterministic""},""contested_vote_rebellion_count"":0}"
psp:person:7062,person,Martin Záhoř,1,"{""rebellion_rate"":0.002,""committee_count"":2,""bridge_provenance"":{""ref"":""convergence"",""pass"":7,""method"":""deterministic""},""top_rebellion_theme"":""theme:social-health"",""cross_bloc_agreement"":0.417,""budget_bloc_defections"":1,""budget_club_rebellions"":1,""contested_vote_rebellion"":1.16,""contested_rebellion_score"":1.5,""contested_vote_provenance"":{""ref"":""contested"",""pass"":12,""method"":""deterministic""},""top_rebellion_theme_count"":1,""theme_rebellion_provenance"":{""ref"":""theme-rebellion"",""pass"":5,""method"":""deterministic""},""contested_vote_rebellion_count"":3}"
psp:person:7063,person,Roman Zarzycký,1,{}
psp:person:7064,person,Miroslav Žbánek,1,"{""rebellion_rate"":0.002,""committee_count"":3,""bridge_provenance"":{""ref"":""convergence"",""pass"":7,""method"":""deterministic""},""top_rebellion_theme"":""theme:parliamentary-procedure"",""cross_bloc_agreement"":0.412,""budget_bloc_defections"":1,""budget_club_rebellions"":1,""contested_vote_rebellion"":2.706,""contested_rebellion_score"":2.654,""contested_vote_provenance"":{""ref"":""contested"",""pass"":12,""method"":""deterministic""},""top_rebellion_theme_count"":2,""theme_rebellion_provenance"":{""ref"":""theme-rebellion"",""pass"":5,""method"":""deterministic""},""contested_vote_rebellion_count"":4}"
psp:person:7065,person,Martin Šmída,1,"{""rebellion_rate"":0.001,""committee_count"":3,""bridge_provenance"":{""ref"":""convergence"",""pass"":7,""method"":""deterministic""},""top_rebellion_theme"":""theme:parliamentary-procedure"",""cross_bloc_agreement"":0.372,""budget_bloc_defections"":1,""budget_club_rebellions"":0,""contested_vote_rebellion"":0.969,""contested_rebellion_score"":0.763,""contested_vote_provenance"":{""ref"":""contested"",""pass"":12,""method"":""deterministic""},""top_rebellion_theme_count"":1,""theme_rebellion_provenance"":{""ref"":""theme-rebellion"",""pass"":5,""method"":""deterministic""},""contested_vote_rebellion_count"":2}"
psp:person:7066,person,Vlastimil Hebr,1,"{""rebellion_rate"":0.002,""committee_count"":3,""bridge_provenance"":{""ref"":""convergence"",""pass"":7,""method"":""deterministic""},""top_rebellion_theme"":""theme:parliamentary-procedure"",""cross_bloc_agreement"":0.419,""budget_bloc_defections"":0,""budget_club_rebellions"":0,""contested_vote_rebellion"":2.71,""contested_rebellion_score"":2.889,""contested_vote_provenance"":{""ref"":""contested"",""pass"":12,""method"":""deterministic""},""top_rebellion_theme_count"":3,""theme_rebellion_provenance"":{""ref"":""theme-rebellion"",""pass"":5,""method"":""deterministic""},""contested_vote_rebellion_count"":4}"
psp:person:7067,person,Jiří Penc,1,"{""rebellion_rate"":0.003,""committee_count"":3,""bridge_provenance"":{""ref"":""convergence"",""pass"":7,""method"":""deterministic""},""top_rebellion_theme"":""theme:housing-construction"",""cross_bloc_agreement"":0.407,""budget_bloc_defections"":0,""budget_club_rebellions"":0,""contested_vote_rebellion"":2.899,""contested_rebellion_score"":3.505,""contested_vote_provenance"":{""ref"":""contested"",""pass"":12,""method"":""deterministic""},""top_rebellion_theme_count"":5,""theme_rebellion_provenance"":{""ref"":""theme-rebellion"",""pass"":5,""method"":""deterministic""},""contested_vote_rebellion_count"":6}"
psp:person:7068,person,Jana Demjanová,1,"{""rebellion_rate"":0.004,""committee_count"":4,""bridge_provenance"":{""ref"":""convergence"",""pass"":7,""method"":""deterministic""},""top_rebellion_theme"":""theme:state-honours-symbolic"",""cross_bloc_agreement"":0.397,""budget_bloc_defections"":0,""budget_club_rebellions"":0,""contested_vote_rebellion"":1.592,""contested_rebellion_score"":1.505,""contested_vote_provenance"":{""ref"":""contested"",""pass"":12,""method"":""deterministic""},""top_rebellion_theme_count"":7,""theme_rebellion_provenance"":{""ref"":""theme-rebellion"",""pass"":5,""method"":""deterministic""},""contested_vote_rebellion_count"":8}"
psp:person:7106,person,Libor Forman,1,"{""rebellion_rate"":0.053,""committee_count"":2,""bridge_provenance"":{""ref"":""convergence"",""pass"":7,""method"":""deterministic""},""top_rebellion_theme"":""theme:state-honours-symbolic"",""cross_bloc_agreement"":0.446,""budget_bloc_defections"":0,""budget_club_rebellions"":0,""contested_vote_rebellion"":1.883,""contested_rebellion_score"":6.972,""contested_vote_provenance"":{""ref"":""contested"",""pass"":12,""method"":""deterministic""},""top_rebellion_theme_count"":28,""theme_rebellion_provenance"":{""ref"":""theme-rebellion"",""pass"":5,""method"":""deterministic""},""contested_vote_rebellion_count"":32}"
psp:person:7108,person,Jiří Kotlík,1,"{""rebellion_rate"":0,""committee_count"":2,""bridge_provenance"":{""ref"":""convergence"",""pass"":7,""method"":""deterministic""},""top_rebellion_theme"":null,""cross_bloc_agreement"":0.331,""budget_bloc_defections"":0,""budget_club_rebellions"":0,""contested_vote_rebellion"":0,""contested_rebellion_score"":0,""contested_vote_provenance"":{""ref"":""contested"",""pass"":12,""method"":""deterministic""},""top_rebellion_theme_count"":0,""theme_rebellion_provenance"":{""ref"":""theme-rebellion"",""pass"":5,""method"":""deterministic""},""contested_vote_rebellion_count"":0}"
theme:animal-welfare-environment,theme,Animal Welfare & Environment,3,"{""contested"":true,""rationale"":""Environmental and animal-protection measures: symbolic condemnation of animal cruelty (9) and a substantive anti-cruelty amendment (4), plus EU-driven packaging (7) and plant-health rules (6)."",""bloc_support"":{""bloc:ano2011-spd-ms"":0.724,""bloc:ods-stan-pirati-kdu-top09"":0.858},""votes_scored"":34,""classification"":""contested"",""opposed_fraction"":0.5,""contestedness_provenance"":{""ref"":""bloc-theme"",""pass"":11,""method"":""deterministic""}}"
theme:civil-service-public-admin,theme,Civil Service & Public Administration,3,"{""contested"":true,""rationale"":""Rules for the state's own workforce and state-enterprise governance: the civil-service employment law and its related bill (36+23), and repeal of the nomination act for state-company boards (4)."",""bloc_support"":{""bloc:ano2011-spd-ms"":0.699,""bloc:ods-stan-pirati-kdu-top09"":0.768},""votes_scored"":75,""classification"":""contested"",""opposed_fraction"":0.56,""contestedness_provenance"":{""ref"":""bloc-theme"",""pass"":11,""method"":""deterministic""}}"
theme:eu-transposition-digital-transport,theme,EU Transposition — Digital & Transport,3,"{""contested"":false,""rationale"":""Technical EU-harmonisation bills outside the financial and environmental clusters: digital economy (6), road traffic (5), and road infrastructure (5)."",""bloc_support"":{""bloc:ano2011-spd-ms"":0.85,""bloc:ods-stan-pirati-kdu-top09"":0.838},""votes_scored"":20,""classification"":""mixed"",""opposed_fraction"":0.3,""contestedness_provenance"":{""ref"":""bloc-theme"",""pass"":11,""method"":""deterministic""}}"
theme:financial-market-regulation,theme,Financial-Market & Business Regulation,3,"{""contested"":false,""rationale"":""Regulation of prices and financial/capital markets: the Price Act amendment (12), financial-services-contract law (10), investment companies (7), and capital-market business (4)."",""bloc_support"":{""bloc:ano2011-spd-ms"":0.755,""bloc:ods-stan-pirati-kdu-top09"":0.899},""votes_scored"":37,""classification"":""mixed"",""opposed_fraction"":0.378,""contestedness_provenance"":{""ref"":""bloc-theme"",""pass"":11,""method"":""deterministic""}}"
theme:fiscal-budget,theme,Fiscal & Budget Policy,3,"{""contested"":true,""rationale"":""Core public-finance lawmaking: the FY2026 state budget bill and its companion (135+4), the cross-cutting public-budgets amendment (veřejné rozpočty, 45), and sales-record/tax-administration rules (evidence tržeb, 86+6)."",""bloc_support"":{""bloc:ano2011-spd-ms"":0.236,""bloc:ods-stan-pirati-kdu-top09"":0.912},""votes_scored"":300,""classification"":""contested"",""opposed_fraction"":0.87,""contestedness_provenance"":{""ref"":""bloc-theme"",""pass"":11,""method"":""deterministic""}}"
theme:foreign-affairs-treaties,theme,Foreign Affairs & International Treaties,9,"{""contested"":false,""rationale"":""Parliamentary ratification of international treaties (double-taxation, border, police-cooperation, health-rescue) plus measures tied to the Ukraine armed conflict — 8 subjects, 13 votes, all long-tail. The one grounded theme among the 4 previously themeless committee domains."",""bloc_support"":{""bloc:ano2011-spd-ms"":1,""bloc:ods-stan-pirati-kdu-top09"":0.947},""votes_scored"":15,""classification"":""consensus"",""opposed_fraction"":0.133,""contestedness_provenance"":{""ref"":""bloc-theme"",""pass"":11,""method"":""deterministic""}}"
theme:government-confidence,theme,Government Formation & Confidence,3,"{""contested"":true,""rationale"":""Formation and legitimation of the executive: appointment of cabinet members (10) and the formal confidence vote (8)."",""bloc_support"":{""bloc:ano2011-spd-ms"":0.309,""bloc:ods-stan-pirati-kdu-top09"":0.881},""votes_scored"":20,""classification"":""contested"",""opposed_fraction"":0.85,""contestedness_provenance"":{""ref"":""bloc-theme"",""pass"":11,""method"":""deterministic""}}"
theme:housing-construction,theme,Housing & Construction,3,"{""contested"":true,""rationale"":""Legislation shaping the built environment: the Building Act overhaul (stavební zákon, 170) and the housing-support law (podpora bydlení, 29)."",""bloc_support"":{""bloc:ano2011-spd-ms"":0.403,""bloc:ods-stan-pirati-kdu-top09"":0.814},""votes_scored"":199,""classification"":""contested"",""opposed_fraction"":0.658,""contestedness_provenance"":{""ref"":""bloc-theme"",""pass"":11,""method"":""deterministic""}}"
theme:justice-criminal-law,theme,Justice & Criminal Law,3,"{""contested"":false,""rationale"":""Criminal-law substance and procedure: Criminal Code amendment (6) and rules on premises for evidence-gathering in criminal proceedings (4)."",""bloc_support"":{""bloc:ano2011-spd-ms"":0.644,""bloc:ods-stan-pirati-kdu-top09"":0.673},""votes_scored"":15,""classification"":""mixed"",""opposed_fraction"":0.467,""contestedness_provenance"":{""ref"":""bloc-theme"",""pass"":11,""method"":""deterministic""}}"
theme:oversight-interpellations,theme,"Oversight, Interpellations & Inquiry",3,"{""contested"":false,""rationale"":""Chamber oversight of the executive: two written-interpellation responses (4+4) and the vote to establish the Dozimetr investigative commission (4)."",""bloc_support"":{""bloc:ano2011-spd-ms"":0.729,""bloc:ods-stan-pirati-kdu-top09"":0.97},""votes_scored"":23,""classification"":""mixed"",""opposed_fraction"":0.348,""contestedness_provenance"":{""ref"":""bloc-theme"",""pass"":11,""method"":""deterministic""}}"
theme:parliamentary-procedure,theme,Parliamentary Procedure & Organization,3,"{""contested"":true,""rationale"":""Chamber self-governance: session agendas (Pořad schůze, 717), the Rules of Procedure (jednací řád PS, 34), committee/commission formation and leadership (ustavení výborů 17, změny složení orgánů 16, potvrzení předsedů výborů 14, stálé komise 4), and the constitutional amendment governing state institutions (Ústava ČR, 5)."",""bloc_support"":{""bloc:ano2011-spd-ms"":0.423,""bloc:ods-stan-pirati-kdu-top09"":0.901},""votes_scored"":855,""classification"":""contested"",""opposed_fraction"":0.723,""contestedness_provenance"":{""ref"":""bloc-theme"",""pass"":11,""method"":""deterministic""}}"
theme:public-appointments,theme,Public Appointments to Independent Bodies,3,"{""contested"":false,""rationale"":""Chamber elections filling seats on independent public bodies: VZP administrative board (29), Czech Television Council (21), and standing delegations to Parliament's international bodies (6)."",""bloc_support"":{""bloc:ano2011-spd-ms"":0.927,""bloc:ods-stan-pirati-kdu-top09"":0.688},""votes_scored"":88,""classification"":""mixed"",""opposed_fraction"":0.239,""contestedness_provenance"":{""ref"":""bloc-theme"",""pass"":11,""method"":""deterministic""}}"
theme:social-health,theme,Social & Health Policy,3,"{""contested"":true,""rationale"":""Welfare-state and labour-adjacent law: state social support (30+6), social-security and health-insurance contributions (16+7), social services (8), supplementary pension savings (6), and state holidays (4)."",""bloc_support"":{""bloc:ano2011-spd-ms"":0.59,""bloc:ods-stan-pirati-kdu-top09"":0.948},""votes_scored"":88,""classification"":""contested"",""opposed_fraction"":0.523,""contestedness_provenance"":{""ref"":""bloc-theme"",""pass"":11,""method"":""deterministic""}}"
theme:state-honours-symbolic,theme,State Honours & Symbolic Declarations,3,"{""contested"":false,""rationale"":""Non-binding, ceremonial or declaratory acts of the Chamber: proposals to award state honours (165) and the coalition's political stance on the Sudeten German Landsmannschaft congress (17)."",""bloc_support"":{""bloc:ano2011-spd-ms"":0.86,""bloc:ods-stan-pirati-kdu-top09"":0.971},""votes_scored"":177,""classification"":""mixed"",""opposed_fraction"":0.215,""contestedness_provenance"":{""ref"":""bloc-theme"",""pass"":11,""method"":""deterministic""}}"
