id,psp_id,parent_psp_id,organ_type_cz,abbrev,name_cz
psp:organ:1,1,165,Klub,ČMSS,Poslanecký klub Českomoravské strany středu
psp:organ:2,2,165,Klub,ČMUS,Poslanecký klub Českomoravské unie středu
psp:organ:3,3,165,Klub,ČSSD,Poslanecký klub České strany sociálně demokratické
psp:organ:4,4,165,Klub,HSDMS,Poslanecký klub Hnutí za samosprávnou demokracii Moravy a Slezska
psp:organ:5,5,165,Klub,HSD-SMS,Poslanecký klub Hnutí za samosprávnou demokracii - strany Moravy a Slezska
psp:organ:6,6,165,Klub,KDS,Poslanecký klub Křesťansko demokratické strany
psp:organ:7,7,165,Klub,KDS1,Poslanecký klub Křesťansko demokratické strany I.
psp:organ:8,8,165,Klub,KDU-ČSL,Poslanecký klub Křesťanské a demokratické unie - Československé strany lidové
psp:organ:9,9,165,Klub,KSČM,Poslanecký klub Komunistické strany Čech a Moravy
psp:organ:10,10,165,Klub,LB,Poslanecký klub Levého bloku
psp:organ:11,11,165,Klub,LSNS,Poslanecký klub Liberální strany národně sociální
psp:organ:12,12,165,Klub,LSU,Poslanecký klub Liberálně sociální unie
psp:organ:13,13,165,Klub,Nezařaz,Nezařazení
psp:organ:14,14,165,Klub,ODA,Poslanecký klub Občanské demokratické aliance
psp:organ:15,15,165,Klub,ODS,Poslanecký klub Občanské demokratické strany
psp:organ:16,16,165,Klub,ONH,Poslanecký klub Občanského národního hnutí
psp:organ:17,17,165,Klub,SPR-RSČ,Sdružení pro republiku - Republikánská strana Československa
psp:organ:18,18,,Komise,SKBA,Stálá komise pro bankovnictví
psp:organ:19,19,,Komise,SKBIS,Stálá komise pro kontrolu činnosti BIS
psp:organ:20,20,165,Komise,SKDP,Stálá komise pro sdělovací prostředky
psp:organ:21,21,,Komise,SKPKPS,Stálá komise pro práci Kanceláře Poslanecké sněmovny
psp:organ:22,22,,Komise,SKPO,Stálá komise pro kontrolu použití operativní techniky Policie ČR
psp:organ:23,23,165,Komise,SKRV,Stálá komise pro reformu veřejné správy
psp:organ:24,24,165,Komise,SKVY,Stálá komise pro státní vyznamenání
psp:organ:25,25,165,Komise,VKNZ,"Vyš. komise Norbert, Zásah a Vlna"
psp:organ:26,26,,Komise,VK,Volební komise Poslanecké sněmovny
psp:organ:27,27,165,Výbor,BBV,Branný a bezpečnostní výbor
psp:organ:28,28,,Výbor,HV,Hospodářský výbor
psp:organ:29,29,,Výbor,MIV,Mandátový a imunitní výbor
psp:organ:30,30,,Výbor,ORGV,Organizační výbor
psp:organ:31,31,,Výbor,RV,Rozpočtový výbor
psp:organ:32,32,,Výbor,UPV,Ústavně právní výbor
psp:organ:33,33,165,Výbor,VPLP,"Výbor petiční, pro lidská práva a národnosti"
psp:organ:34,34,,Výbor,VSPZ,Výbor pro sociální politiku a zdravotnictví
psp:organ:35,35,,Výbor,VSRZP,"Výbor pro veřejnou správu, regionální rozvoj a životní prostředí"
psp:organ:36,36,,Výbor,VVVKM,"Výbor pro vědu, vzdělání, kulturu, mládež a tělovýchovu"
psp:organ:37,37,,Výbor,ZAV,Zahraniční výbor
psp:organ:38,38,,Výbor,ZEV,Zemědělský výbor
psp:organ:39,39,31,Podvýbor,KONT,Podvýbor pro kontrolu
psp:organ:40,40,166,Klub,ČSSD,Poslanecký klub České strany sociálně demokratické
psp:organ:41,41,166,Klub,KDU-ČSL,Poslanecký klub Křesťanské a demokratické unie - Československá strany lidové
psp:organ:42,42,166,Klub,KSČM,Poslanecký klub Komunistické strany Čech a Moravy
psp:organ:43,43,166,Klub,Nezařaz,Nezařazení
psp:organ:44,44,166,Klub,ODA,Poslanecký klub Občanské demokratické aliance
psp:organ:45,45,166,Klub,ODS,Poslanecký klub Občanské demokratické strany
psp:organ:46,46,166,Klub,SPR-RSČ,Sdružení pro republiku - Republikánská strana Československa
psp:organ:47,47,166,Klub,US,Poslanecký klub Unie svobody
psp:organ:48,48,167,Klub,ČSSD,Poslanecký klub České strany sociálně demokratické
psp:organ:49,49,167,Klub,KDU-ČSL,Poslanecký klub Křesťanské a demokratické unie - Československé strany lidové
psp:organ:50,50,167,Klub,KSČM,Poslanecký klub Komunistické strany Čech a Moravy
psp:organ:51,51,167,Klub,ODS,Poslanecký klub Občanské demokratické strany
psp:organ:52,52,167,Klub,US,Poslanecký klub Unie svobody
psp:organ:53,53,166,Komise,SKVOZ,Stálá komise pro kontrolu činnosti Vojenského obranného zpravodajství
psp:organ:54,54,,Komise,SKBA,Stálá komise pro bankovnictví
psp:organ:55,55,,Komise,SKBIS,Stálá komise pro kontrolu činnosti BIS
psp:organ:56,56,166,Komise,SKDP,Stálá komise pro sdělovací prostředky
psp:organ:57,57,,Komise,SKPKPS,Stálá komise pro práci Kanceláře Poslanecké sněmovny
psp:organ:58,58,,Komise,SKPO,Stálá komise pro kontrolu použití operativní techniky Policie ČR
psp:organ:59,59,166,Komise,VKKB,Vyšetřovací komise KrB a.s. Plzeň
psp:organ:60,60,166,Komise,VKOK,Vyšetřovací komise pro objasnění vztahu org. zločinu a státní správy v
psp:organ:61,61,166,Komise,VKPK,Vyšetřovací komise POLDI Kladno
psp:organ:62,62,,Komise,VK,Volební komise Poslanecké sněmovny
psp:organ:63,63,167,Komise,SKVOZ,Stálá komise pro kontrolu činnosti Vojenského obranného zpravodajství
psp:organ:64,64,,Komise,SKBIS,Stálá komise pro kontrolu činnosti Bezpečnostní informační služby
psp:organ:65,65,,Komise,SKSP,Stálá komise pro sdělovací prostředky
psp:organ:66,66,,Komise,SKPKPS,Stálá komise pro práci Kanceláře Poslanecké sněmovny
psp:organ:67,67,,Komise,SKPO,Stálá komise pro kontrolu použití operativní techniky Policie ČR
psp:organ:68,68,,Komise,VK,Volební komise Poslanecké sněmovny
psp:organ:69,69,,Výbor,HV,Hospodářský výbor
psp:organ:70,70,,Výbor,MIV,Mandátový a imunitní výbor
psp:organ:71,71,,Výbor,ORGV,Organizační výbor
psp:organ:72,72,,Výbor,PV,Petiční výbor
psp:organ:73,73,,Výbor,RV,Rozpočtový výbor
psp:organ:74,74,,Výbor,UPV,Ústavně právní výbor
psp:organ:75,75,,Výbor,VOB,Výbor pro obranu a bezpečnost
psp:organ:76,76,,Výbor,VSPZ,Výbor pro sociální politiku a zdravotnictví
psp:organ:77,77,,Výbor,VSRZP,"Výbor pro veřejnou správu, regionální rozvoj a životní prostředí"
psp:organ:78,78,,Výbor,VVVKM,"Výbor pro vědu, vzdělání, kulturu, mládež a tělovýchovu"
psp:organ:79,79,,Výbor,ZAV,Zahraniční výbor
psp:organ:80,80,,Výbor,ZEV,Zemědělský výbor
psp:organ:81,81,,Výbor,HV,Hospodářský výbor
psp:organ:82,82,,Výbor,MIV,Mandátový a imunitní výbor
psp:organ:83,83,,Výbor,ORGV,Organizační výbor
psp:organ:84,84,,Výbor,PV,Petiční výbor
psp:organ:85,85,,Výbor,RV,Rozpočtový výbor
psp:organ:86,86,,Výbor,UPV,Ústavně právní výbor
psp:organ:87,87,,Výbor,VEI,Výbor pro evropskou integraci
psp:organ:88,88,,Výbor,VOB,Výbor pro obranu a bezpečnost
psp:organ:89,89,,Výbor,VSPZ,Výbor pro sociální politiku a zdravotnictví
psp:organ:90,90,,Výbor,VSRZP,"Výbor pro veřejnou správu, regionální rozvoj a životní prostředí"
psp:organ:91,91,,Výbor,VVVKM,"Výbor pro vědu, vzdělání, kulturu, mládež a tělovýchovu"
psp:organ:92,92,,Výbor,ZAV,Zahraniční výbor
psp:organ:93,93,,Výbor,ZEV,Zemědělský výbor
psp:organ:94,94,75,Podvýbor,ZS,Podvýbor pro zpravodajské služby
psp:organ:95,95,75,Podvýbor,VE,Podvýbor pro vězeňství
psp:organ:96,96,91,Podvýbor,HERVE,Podvýbor pro heraldiku a vexilologii
psp:organ:97,97,91,Podvýbor,VVS,Podvýbor pro vědu a vysoké školy
psp:organ:98,98,93,Podvýbor,MRV,"Podvýbor pro myslivost, rybářství a včelařství"
psp:organ:99,99,93,Podvýbor,RV,Podvýbor pro rozvoj venkova
psp:organ:100,100,81,Podvýbor,TPIS,"Podvýbor pro telekomunikace, pošty a informační systémy"
psp:organ:101,101,81,Podvýbor,DO,Podvýbor pro dopravu
psp:organ:102,102,81,Podvýbor,PPL,Podvýbor pro podporu podnikání a legislativní činnost
psp:organ:103,103,81,Podvýbor,PS,Podvýbor pro průmysl a stavebnictví
psp:organ:104,104,81,Podvýbor,EP,Podvýbor pro energetickou politiku
psp:organ:105,105,81,Podvýbor,OCR,Podvýbor pro obchod a cestovní ruch
psp:organ:106,106,92,Podvýbor,SKR,Podvýbor pro styky s krajany
psp:organ:107,107,92,Podvýbor,PCR,Podvýbor pro prezentaci České republiky v zahraničí
psp:organ:108,108,91,Podvýbor,SK,Podvýbor pro školství
psp:organ:109,109,91,Podvýbor,KU,Podvýbor pro kulturu
psp:organ:110,110,91,Podvýbor,ML,Podvýbor pro mládež
psp:organ:111,111,91,Podvýbor,TV,Podvýbor pro tělovýchovu
psp:organ:112,112,83,Podvýbor,PZ,Podvýbor pro přípr. zák. o zásadách jednání a styku obou komor Parl.
psp:organ:113,113,83,Podvýbor,SV,Podvýbor pro přípravu návrhů na propůjčení nebo udělení státních vyznamenání
psp:organ:114,114,87,Podvýbor,RPS,Podvýbor pro regionální a příhraniční spolupráci
psp:organ:115,115,90,Podvýbor,ŽP,Podvýbor pro ochranu životního prostředí a krajiny
psp:organ:116,116,90,Podvýbor,REG,Podvýbor pro regionální rozvoj
psp:organ:117,117,90,Podvýbor,VS,Podvýbor pro veřejnou správu
psp:organ:118,118,90,Podvýbor,BP,Podvýbor pro bytovou politiku
psp:organ:119,119,90,Podvýbor,SUR,Podvýbor pro hospodaření se surovinami a s odpady
psp:organ:120,120,89,Podvýbor,LEKPOL,Podvýbor pro lékovou politiku a úhradu zdravotní péče
psp:organ:121,121,89,Podvýbor,ROD,Podvýbor pro rovné příležitosti a otázky rodiny
psp:organ:122,122,89,Podvýbor,ZDRPOS,Podvýbor pro zdravotně postižené
psp:organ:123,123,89,Podvýbor,INVDOT,Podvýbor pro investiční dotace ve zdravotnictví a sociální oblasti
psp:organ:124,124,85,Podvýbor,KONT,Podvýbor pro kontrolu
psp:organ:125,125,85,Podvýbor,KFT,Podvýbor pro kapitálové a finanční trhy
psp:organ:126,126,86,Podvýbor,ZJR,Podvýbor pro přípravu novely zákona o JŘ PS
psp:organ:127,127,88,Podvýbor,ZS,Podvýbor pro zpravodajské služby
psp:organ:128,128,88,Podvýbor,ISCP,Podvýbor pro integrovaný záchranný systém a civilní nouzové plánování
psp:organ:129,129,88,Podvýbor,VE,Podvýbor pro vězeňství
psp:organ:130,130,84,Podvýbor,NAR,Podvýbor pro národnosti
psp:organ:131,131,84,Podvýbor,LPS,Podvýbor pro aplikaci Listiny základních práv a svobod
psp:organ:132,132,91,Podvýbor,MEL,Podvýbor pro mediální legislativu
psp:organ:133,133,,Delegace,RE,Stálá delegace Parlamentu do Parlamentního shromáždění Rady Evropy
psp:organ:134,134,,Delegace,OBS,Stálá delegace Parlamentu do Parlamentního shromáždění Organizace pro bezpečnost a spolupráci v Evropě
psp:organ:135,135,,Delegace,EP,Stálá delegace Parlamentu pro spolupráci s Evropským parlamentem
psp:organ:136,136,,Delegace,SAS,Stálá delegace Parlamentu do Severoatlantického shromáždění
psp:organ:137,137,,Delegace,MPU,Stálá delegace Parlamentu do Meziparlamentní unie
psp:organ:138,138,,Delegace,ZEU,Stálá delegace Parlamentu do Shromáždění Západoevropské unie
psp:organ:139,139,,Delegace,SI,Stálá delegace Parlamentu do Středoevropské iniciativy
psp:organ:140,140,,Delegace,RE,Stálá delegace Parlamentu do Parlamentního shromáždění Rady Evropy
psp:organ:141,141,,Delegace,OBSE,Stálá delegace Parlamentu do Parlamentního shromáždění Organizace pro bezpečnost a spolupráci v Evropě
psp:organ:142,142,,Delegace,EP,Stálá delegace Parlamentu pro spolupráci s Evropským parlamentem
psp:organ:143,143,167,Delegace,PSNATO,Stálá delegace Parlamentu do Parlamentního shromáždění NATO
psp:organ:144,144,,Delegace,MPU,Stálá delegace Parlamentu do Meziparlamentní unie
psp:organ:145,145,,Delegace,ZEU,Stálá delegace Parlamentu do Shromáždění Západoevropské unie
psp:organ:146,146,,Delegace,SEI,Stálá delegace Parlamentu do Středoevropské iniciativy
psp:organ:147,147,,Vláda,VládaČR,Vláda České republiky
psp:organ:148,148,,Vláda,VládaČR,Vláda České republiky
psp:organ:149,149,,Vláda,VládaČR,Vláda České republiky
psp:organ:150,150,,Politická strana,SPR,Sdružení pro republiku - Republikánská strana Československa
psp:organ:151,151,,Politická strana,KDU-ČSL,Křesťanská a demokratická unie - Československá strana lidová
psp:organ:152,152,,Politická strana,ODA,Občanská demokratická aliance
psp:organ:153,153,,Politická strana,CSSD,Česká strana sociálně demokratická
psp:organ:154,154,,Politická strana,KSCM,Komunistická strana Čech a Moravy
psp:organ:155,155,,Politická strana,ODS,Občanská demokratická strana
psp:organ:156,156,,Politická strana,US,Unie svobody
psp:organ:157,157,,Volební kraj,JM,Jihomoravský
psp:organ:158,158,,Volební kraj,SM,Severomoravský
psp:organ:159,159,,Volební kraj,PH,Hlavní město Praha
psp:organ:160,160,,Volební kraj,SC,Středočeský
psp:organ:161,161,,Volební kraj,JC,Jihočeský
psp:organ:162,162,,Volební kraj,SVC,Severočeský
psp:organ:163,163,,Volební kraj,VC,Východočeský
psp:organ:164,164,,Volební kraj,ZC,Západočeský
psp:organ:165,165,,Poslanecká sněmovna,PSP1,Poslanecká sněmovna
psp:organ:166,166,,Poslanecká sněmovna,PSP2,Poslanecká sněmovna
psp:organ:167,167,,Poslanecká sněmovna,PSP3,Poslanecká sněmovna
psp:organ:168,168,,Poslanecká sněmovna,PSP4,Poslanecká sněmovna
psp:organ:169,169,,Poslanecká sněmovna,PSP5,Poslanecká sněmovna
psp:organ:170,170,,Poslanecká sněmovna,PSP6,Poslanecká sněmovna
psp:organ:171,171,,Poslanecká sněmovna,PSP7,Poslanecká sněmovna
psp:organ:172,172,,Poslanecká sněmovna,PSP8,Poslanecká sněmovna
psp:organ:173,173,,Poslanecká sněmovna,PSP9,Poslanecká sněmovna
psp:organ:174,174,,Poslanecká sněmovna,PSP10,Poslanecká sněmovna
psp:organ:176,176,144,Meziparlamentní skupina v rámci MPU,ISL,Island
psp:organ:177,177,144,Meziparlamentní skupina v rámci MPU,IZR,Izrael
psp:organ:178,178,144,Meziparlamentní skupina v rámci MPU,FRAN,Francie
psp:organ:179,179,144,Meziparlamentní skupina v rámci MPU,KUV,Kuvajt
psp:organ:180,180,144,Meziparlamentní skupina v rámci MPU,KUBA,Kuba
psp:organ:181,181,144,Meziparlamentní skupina v rámci MPU,KYPR,Kypr
psp:organ:182,182,144,Meziparlamentní skupina v rámci MPU,LIT,Litva
psp:organ:183,183,144,Meziparlamentní skupina v rámci MPU,MONG,Mongolsko
psp:organ:184,184,144,Meziparlamentní skupina v rámci MPU,SRN,Německo
psp:organ:185,185,144,Meziparlamentní skupina v rámci MPU,NOR,Norsko
psp:organ:186,186,144,Meziparlamentní skupina v rámci MPU,POL,Polsko
psp:organ:187,187,144,Meziparlamentní skupina v rámci MPU,PORT,Portugalsko
psp:organ:188,188,144,Meziparlamentní skupina v rámci MPU,RAKOUS,Rakousko
psp:organ:189,189,144,Meziparlamentní skupina v rámci MPU,RUMUN,Rumunsko
psp:organ:190,190,144,Meziparlamentní skupina v rámci MPU,RF,Ruská federace
psp:organ:191,191,144,Meziparlamentní skupina v rámci MPU,ŘEK,Řecko
psp:organ:192,192,144,Meziparlamentní skupina v rámci MPU,SLOVEN,Slovensko
psp:organ:193,193,144,Meziparlamentní skupina v rámci MPU,ŠVÉD,Švédsko
psp:organ:194,194,144,Meziparlamentní skupina v rámci MPU,ŠVÝCAR,Švýcarsko
psp:organ:195,195,144,Meziparlamentní skupina v rámci MPU,UKR,Ukrajina
psp:organ:196,196,144,Meziparlamentní skupina v rámci MPU,USA,USA
psp:organ:197,197,144,Meziparlamentní skupina v rámci MPU,GB,Velká Británie
psp:organ:198,198,144,Meziparlamentní skupina v rámci MPU,IRL,Irsko
psp:organ:199,199,144,Meziparlamentní skupina v rámci MPU,ITAL,Itálie
psp:organ:200,200,144,Meziparlamentní skupina v rámci MPU,Slovin,Slovinsko
psp:organ:201,201,144,Meziparlamentní skupina v rámci MPU,KOREA,Korejská republika
psp:organ:202,202,144,Meziparlamentní skupina v rámci MPU,LOTYŠ,Lotyšsko
psp:organ:203,203,144,Meziparlamentní skupina v rámci MPU,MAĎ,Maďarsko
psp:organ:204,204,144,Meziparlamentní skupina v rámci MPU,ESP,Španělsko
psp:organ:205,205,144,Meziparlamentní skupina v rámci MPU,TUN,Tunisko
psp:organ:206,206,144,Meziparlamentní skupina v rámci MPU,CHORVAT,Chorvatsko
psp:organ:207,207,144,Meziparlamentní skupina v rámci MPU,FIN,Finsko
psp:organ:208,208,144,Meziparlamentní skupina v rámci MPU,CAN,Kanada
psp:organ:209,209,144,Meziparlamentní skupina v rámci MPU,TUR,Turecko
psp:organ:210,210,144,Meziparlamentní skupina v rámci MPU,JPN,Japonsko
psp:organ:211,211,144,Meziparlamentní skupina v rámci MPU,A-NZ,Austrálie a Nový Zéland
psp:organ:212,212,144,Meziparlamentní skupina v rámci MPU,IND,Indie
psp:organ:213,213,144,Meziparlamentní skupina v rámci MPU,JAR,Jihoafrická republika
psp:organ:214,214,144,Meziparlamentní skupina v rámci MPU,SUBSAA,subsaharská Afrika
psp:organ:215,215,144,Meziparlamentní skupina v rámci MPU,LIBAN,Libanon
psp:organ:216,216,144,Meziparlamentní skupina v rámci MPU,EG,Egypt
psp:organ:217,217,144,Meziparlamentní skupina v rámci MPU,ALB,Albánie
psp:organ:218,218,144,Meziparlamentní skupina v rámci MPU,PAK,Pákistán
psp:organ:219,219,144,Meziparlamentní skupina v rámci MPU,MAROK,Maroko
psp:organ:220,220,167,Komise,VKTC,Vyšetřovací komise pro vyšetření činnosti regionálního transplantačního centra FN Ostrava
psp:organ:221,221,144,Meziparlamentní skupina v rámci MPU,Arab,arabské země
psp:organ:222,222,144,Meziparlamentní skupina v rámci MPU,Armen,Arménie
psp:organ:223,223,144,Meziparlamentní skupina v rámci MPU,Belarus,Bělorusko
psp:organ:224,224,144,Meziparlamentní skupina v rámci MPU,FRJ,Jugoslávie
psp:organ:225,225,144,Meziparlamentní skupina v rámci MPU,Kazach,Kazachstán
psp:organ:226,226,144,Meziparlamentní skupina v rámci MPU,Viet,Vietnam
psp:organ:227,227,144,Meziparlamentní skupina v rámci MPU,KLDR,KLDR
psp:organ:233,233,144,Meziparlamentní skupina v rámci MPU,Bulhar,Bulharsko
psp:organ:234,234,144,Meziparlamentní skupina v rámci MPU,BNL,BENELUX
psp:organ:235,235,144,Meziparlamentní skupina v rámci MPU,ASEAN,ASEAN
psp:organ:252,252,,Česká národní rada,CNR7,Česká národní rada
psp:organ:253,253,,Sněmovna národů,FSSN,Sněmovna národů
psp:organ:254,254,,Sněmovna lidu,FSSL,Sněmovna lidu
psp:organ:255,255,,Federální shromáždění České a Slovenské Federativní republiky,FSSS,Federální shromáždění
psp:organ:256,256,,Česká národní rada,CNR6,Česká národní rada
psp:organ:257,257,,Sněmovna národů,FSSN,Sněmovna národů
psp:organ:258,258,,Sněmovna lidu,FSSL,Sněmovna lidu
psp:organ:259,259,,Federální shromáždění České a Slovenské Federativní republiky,FSSS,Federální shromáždění
psp:organ:260,260,,Česká národní rada,CNR5,Česká národní rada
psp:organ:261,261,,Sněmovna národů,FSSN,Sněmovna národů
psp:organ:262,262,,Sněmovna lidu,FSSL,Sněmovna lidu
psp:organ:263,263,,Federální shromáždění Československé socialistické republiky,FSSS,Federální shromáždění
psp:organ:265,265,,Česká národní rada,CNR4,Česká národní rada
psp:organ:266,266,,Sněmovna národů,FSSN,Sněmovna národů
psp:organ:267,267,,Sněmovna lidu,FSSL,Sněmovna lidu
psp:organ:268,268,,Federální shromáždění Československé socialistické republiky,FSSS,Federální shromáždění
psp:organ:269,269,,Česká národní rada,CNR3,Česká národní rada
psp:organ:270,270,,Sněmovna národů,FSSN,Sněmovna národů
psp:organ:271,271,,Sněmovna lidu,FSSL,Sněmovna lidu
psp:organ:272,272,,Federální shromáždění Československé socialistické republiky,FSSS,Federální shromáždění
psp:organ:273,273,,Česká národní rada,CNR2,Česká národní rada
psp:organ:274,274,,Sněmovna národů,FSSN,Sněmovna národů
psp:organ:275,275,,Sněmovna lidu,FSSL,Sněmovna lidu
psp:organ:276,276,,Federální shromáždění Československé socialistické republiky,FSSS,Federální shromáždění
psp:organ:278,278,,Česká národní rada,CNR1,Česká národní rada
psp:organ:279,279,,Sněmovna národů,FSSN,Sněmovna národů
psp:organ:280,280,,Sněmovna lidu,FSSL,Sněmovna lidu
psp:organ:281,281,,Federální shromáždění Československé socialistické republiky,FSSS,Federální shromáždění
psp:organ:282,282,,Národní shromáždění Československé socialistické republiky,NSCS,Národní shromáždění
psp:organ:283,283,,Národní shromáždění Československé socialistické republiky,NSCS,Národní shromáždění
psp:organ:284,284,,Národní shromáždění republiky Československé,NSRC,Národní shromáždění
psp:organ:285,285,,Národní shromáždění republiky Československé,NSRC,Národní shromáždění
psp:organ:286,286,,Ústavodárné Národní shromáždění republiky Československé,UNSC,Ústavodárné Národní shromáždění
psp:organ:287,287,,Prozatimní Národní shromáždění republiky Československé,PNSC,Porevoluční (prozatimní) Národní shromáždění
psp:organ:288,288,,Národní shromáždění republiky Československé,NSSS,Společné schůze Poslanecké sněmovny a Senátu
psp:organ:289,289,,Národní shromáždění republiky Československé,NSPS,Poslanecká sněmovna
psp:organ:290,290,,Národní shromáždění republiky Československé,NSSS,Společné schůze Poslanecké sněmovny a Senátu
psp:organ:291,291,,Národní shromáždění republiky Československé,NSPS,Poslanecká sněmovna
psp:organ:292,292,,Národní shromáždění republiky Československé,NSSS,Společné schůze Poslanecké sněmovny a Senátu
psp:organ:293,293,,Národní shromáždění republiky Československé,NSPS,Poslanecká sněmovna
psp:organ:294,294,,Národní shromáždění republiky Československé,NSSS,Společné schůze Poslanecké sněmovny a Senátu
psp:organ:295,295,,Národní shromáždění republiky Československé,NSPS,Poslanecká sněmovna
psp:organ:296,296,,Národní shromáždění československé,NSPS,Revoluční Národní shromáždění
psp:organ:297,297,,Sněm království Českého,SKCS,Sněm království Českého
psp:organ:298,298,,Sněm království Českého,SKCS,Sněm království Českého
psp:organ:299,299,83,Podvýbor,RE,Podvýbor pro posouzení rekonstrukce objektu Nerudova
psp:organ:300,300,167,Klub,Nezařaz,Nezařazení
psp:organ:301,301,144,Meziparlamentní skupina v rámci MPU,FFONIE,Frankofonie
psp:organ:302,302,,Výbor,VB,Výbor branný
psp:organ:303,303,,Výbor,VF,Výbor finanční
psp:organ:304,304,,Výbor,VI,Výbor imunitní
psp:organ:305,305,,Výbor,VK,Výbor kulturní
psp:organ:306,306,,Výbor,VMR,Výbor menšinový a rozhraničovací
psp:organ:307,307,,Výbor,VM,Výbor mírový
psp:organ:308,308,,Výbor,VN,Výbor národohospodářský
psp:organ:309,309,,Výbor,VP,Výbor petiční
psp:organ:310,310,,Výbor,VPOJ,Výbor pojišťovací
psp:organ:311,311,,Výbor,VPOST,Výbor poštovní
psp:organ:312,312,,Výbor,VPR,Výbor právní
psp:organ:313,313,,Výbor,VJR,Výbor pro jednací řád
psp:organ:314,314,,Výbor,VOUPPK,Výbor pro ochranu uměleckých památek a přírodních krás
psp:organ:315,315,,Výbor,VPVV,Výbor pro potrestání válečných vinníků
psp:organ:316,316,,Výbor,VPREF,Výbor pro pozemkovou reformu
psp:organ:317,317,,Výbor,VPTPA,Výbor pro prozkoumání zabaveného tajného policejního archivu
psp:organ:318,318,,Výbor,VS,Výbor pro slovenské věci
psp:organ:319,319,,Výbor,VUHSPL,Výbor pro úpravu hosp. a sociálních poměrů legionářů a jich rodin
psp:organ:320,320,,Výbor,VVPRAHU,Výbor pro Velkou Prahu
psp:organ:321,321,,Výbor,VVK,Výbor pro vnitřní kolonisaci
psp:organ:322,322,,Výbor,VVH,Výbor pro vodní hospodářství
psp:organ:323,323,,Výbor,VVP,Výbor pro vyživovací příspěvky
psp:organ:324,324,,Výbor,VZPPR,Výbor pro zodpovědění poselství presidenta republiky
psp:organ:325,325,,Výbor,VR,Výbor rozpočtový
psp:organ:326,326,,Výbor,VSP,Výbor sociálně-politický
psp:organ:327,327,,Výbor,VSZ,Výbor státně-zřízenecký
psp:organ:328,328,,Výbor,VSK,Výbor školský
psp:organ:329,329,,Výbor,VT,Výbor technický
psp:organ:330,330,,Výbor,VU,Výbor ústavní
psp:organ:331,331,,Výbor,VZ,Výbor zahraniční
psp:organ:332,332,,Výbor,VZS,Výbor zásobovací
psp:organ:333,333,,Výbor,VZDR,Výbor zdravotní
psp:organ:334,334,,Výbor,VZE,Výbor zemědělský
psp:organ:335,335,,Výbor,VZEL,Výbor železniční
psp:organ:336,336,,Výbor,VZI,Výbor živnostenský
psp:organ:337,337,,Klub,REP,Republikánská strana zemědělského a malorolnického lidu
psp:organ:338,338,,Klub,K,Komunistická strana Československa
psp:organ:339,339,,Klub,L,Československá strana lidová
psp:organ:340,340,,Klub,ČSD,Československá sociálně-demokratická strana dělnická
psp:organ:341,341,,Klub,ČS,Československá strana socialistická
psp:organ:342,342,,Klub,ND,Československá národní demokracie
psp:organ:343,343,,Klub,Ž,Československá živnostensko-obchodnické strana středostavovská
psp:organ:344,344,,Klub,HL,Slovenská ľudová strana
psp:organ:345,345,,Klub,LW,"Landwirte, Deutschen Gewerbepartei, Ungarischen Nationalpartei"
psp:organ:346,346,,Klub,DSD,Deutsche sozialdemokr. Arbeiterpartei
psp:organ:347,347,,Klub,DNS,Deutsche national sozialistische Arbeiterpartei
psp:organ:348,348,,Klub,DCHS,Deutschen christlich sozialen Volkspartei
psp:organ:349,349,,Výbor,VR,Výbor rozpočtový
psp:organ:350,350,,Výbor,VI,Výbor iniciativní
psp:organ:351,351,,Výbor,VIM,Výbor imunitní
psp:organ:352,352,,Výbor,VUP,Výbor ústavně-právní
psp:organ:354,354,,Klub,Agr,Agrární strana
psp:organ:355,355,,Klub,ČSD,Československá soc. demokratická strana dělnická
psp:organ:356,356,,Klub,ČS,Česká strana sociální
psp:organ:357,357,,Klub,L,Československá strana lidová
psp:organ:358,358,,Klub,Č,Česká státoprávní demokracie
psp:organ:359,359,,Klub,P,Česká strana pokroková
psp:organ:360,360,,Klub,N,Národní strana
psp:organ:361,361,,Výbor,VV,Výbor vyšetřovací
psp:organ:362,362,,Výbor,VB,Výbor branný
psp:organ:363,363,,Výbor,VDVP,Výbor pro dopravu a veřejné práce
psp:organ:364,364,,Výbor,VIK,Výbor inkompatibilitní
psp:organ:365,365,,Výbor,VK,Výbor kulturní
psp:organ:366,366,,Výbor,VZ,Výbor zahraniční
psp:organ:367,367,,Výbor,VSP,Výbor sociálně-politický
psp:organ:368,368,,Výbor,SV,Stálý výbor
psp:organ:369,369,,Výbor,VV,Výbor vyšetřovací
psp:organ:370,370,,Výbor,VZS,Výbor zásobovací
psp:organ:371,371,,Výbor,VVZ,Výbor pro veřejné zdravotnictví
psp:organ:372,372,,Výbor,VZE,Výbor zemědělský
psp:organ:373,373,,Výbor,VPŽO,"Výbor pro záležitosti průmyslu, živností a obchodu"
psp:organ:374,374,,Výbor,VB,Výbor branný
psp:organ:375,375,,Výbor,VD,Výbor dopravní
psp:organ:376,376,,Výbor,VI,Výbor imunitní
psp:organ:377,377,,Výbor,VIN,Výbor iniciativní
psp:organ:378,378,,Výbor,VK,Výbor kulturní
psp:organ:379,379,,Výbor,VP,Výbor právní
psp:organ:380,380,,Výbor,VR,Výbor rozpočtový
psp:organ:381,381,,Výbor,VS,Výbor socialisační
psp:organ:382,382,,Výbor,VSP,Výbor sociálně-politický
psp:organ:383,383,,Výbor,SV,Stálý výbor
psp:organ:384,384,,Výbor,VSV,Výbor ku prozkoumání zprávy o činnosti Stálého výboru
psp:organ:385,385,,Výbor,VSZ,Výbor státně-zřízenecký
psp:organ:386,386,,Výbor,VÚ,Výbor ústavní
psp:organ:387,387,,Výbor,VÚP,Výbor ústavně-právní
psp:organ:388,388,,Výbor,VV,Výbor vyšetřovací
psp:organ:389,389,,Výbor,VZS,Výbor zásobovací
psp:organ:390,390,,Výbor,VZDR,Výbor zdravotnický
psp:organ:391,391,,Výbor,VZE,Výbor zemědělský
psp:organ:392,392,,Výbor,VŽPO,"Výbor pro záležitosti živností, průmyslu a obchodu"
psp:organ:393,393,,Výbor,VZ,Výbor zahraniční
psp:organ:394,394,,Komise,ÚK,Úsporná komise
psp:organ:395,395,,Komise,KKDMPM,Komise pro kontrolu dávky z majetku a přírůstku na majetku
psp:organ:396,396,,Výbor,VB,Výbor branný
psp:organ:397,397,,Výbor,VI,Výbor imunitní
psp:organ:398,398,,Výbor,VIN,Výbor iniciativní
psp:organ:399,399,,Výbor,VIK,Výbor inkompatibilitní
psp:organ:400,400,,Komise,KDMDPM,Kontrolní komise NS pro dávku z majetku a dávku z přírůstku na majetku
psp:organ:401,401,,Výbor,VK,Výbor kulturní
psp:organ:402,402,,Komise,ÚK,Parlamentní úsporná a kontrolní komise
psp:organ:403,403,,Výbor,VR,Výbor rozpočtový
psp:organ:404,404,,Výbor,VSP,Výbor sociálně-politický
psp:organ:405,405,,Výbor,SV,Stálý výbor
psp:organ:406,406,,Výbor,VTD,Výbor technicko-dopravní
psp:organ:407,407,,Výbor,VÚP,Výbor ústavně-právní
psp:organ:408,408,,Výbor,VV,Výbor vyšetřovací
psp:organ:409,409,,Výbor,VZ,Výbor zahraniční
psp:organ:410,410,,Výbor,VZS,Výbor zásobovací
psp:organ:411,411,,Výbor,VZDR,Výbor zdravotnický
psp:organ:412,412,,Výbor,VZE,Výbor zemědělský
psp:organ:413,413,,Výbor,VŽO,Výbor živnostensko-obchodní
psp:organ:414,414,,Výbor,VD,Výbor dopravní
psp:organ:415,415,,Klub,Sl,Slovenský klub
psp:organ:417,417,,Prezident,PR,Prezident republiky
psp:organ:418,418,,Instituce,FNM,Fond národního majetku České republiky
psp:organ:419,419,,Instituce,PF,Pozemkový fond České republiky
psp:organ:420,420,,Instituce,RSFK ČR,Rada Státního fondu kultury České republiky
psp:organ:421,421,,Instituce,RSFKIN,Rada Státního fondu pro podporu a rozvoj české kinematografie
psp:organ:422,422,,Instituce,NKÚ,Nejvyšší kontrolní úřad
psp:organ:423,423,,Instituce,ÚVOP,Kancelář veřejného ochránce práv a ochránce práv dětí
psp:organ:424,424,,Instituce,RČT,Rada České televize
psp:organ:425,425,,Instituce,RČR,Rada Českého rozhlasu
psp:organ:426,426,,Instituce,RRTV,Rada pro rozhlasové a televizní vysílání
psp:organ:427,427,,Instituce,KR GA,Kontrolní rada Grantové agentury
psp:organ:428,428,,Instituce,RČTK,Rada České tiskové kanceláře
psp:organ:429,429,,Instituce,VFDM,Výbor Fondu dětí a mládeže
psp:organ:430,430,,Instituce,VZP ČR,Všeobecná zdravotní pojišťovna
psp:organ:433,433,,Legislativní rada vlády,LRV,Legislativní rada vlády
psp:organ:434,434,418,Prezídium,PFNM,Prezídium Fondu národního majetku České republiky
psp:organ:435,435,418,Dozorčí rada,DRFNM,Dozorčí rada Fondu národního majetku České republiky
psp:organ:438,438,430,Správní rada,SRVZP,Správní rada VZP
psp:organ:439,439,430,Dozorčí rada,DZVZP,Dozorčí rada VZP
psp:organ:440,440,419,Prezídium,PPFČR,Prezídium Pozemkového fondu České republiky
psp:organ:441,441,,Dozorčí rada,DRPF,Dozorčí rada Pozemkového fondu České republiky
psp:organ:442,442,,Národní shromáždění republiky Československé,S1,Senát
psp:organ:443,443,,Národní shromáždění republiky Československé,S2,Senát
psp:organ:444,444,,Národní shromáždění republiky Československé,S3,Senát
psp:organ:445,445,,Národní shromáždění republiky Československé,S4,Senát
psp:organ:446,446,,Předsednictvo,PFS,Předsednictvo Federálního shromáždění
psp:organ:449,449,167,Komise,DKDR,Dočasná komise pro důchodovou reformu
psp:organ:450,450,,Výbor,BBV,Branný a bezpečnostní výbor
psp:organ:451,451,,Výbor,HV,Hospodářský výbor
psp:organ:452,452,,Výbor,MIV,Mandátový a imunitní výbor
psp:organ:453,453,,Výbor,ORGV,Organizační výbor
psp:organ:454,454,,Výbor,UPV,Ústavně právní výbor
psp:organ:455,455,,Výbor,VPLP,"Výbor petiční, pro lidská práva a národnosti"
psp:organ:456,456,,Výbor,VSPZ,Výbor pro sociální politiku a zdravotnictví
psp:organ:457,457,,Výbor,VSRZP,"Výbor pro veřejnou správu, regionální rozvoj a životní prostředí"
psp:organ:458,458,,Výbor,VVVKM,"Výbor pro vědu, vzdělání, kulturu, mládež a tělovýchovu"
psp:organ:459,459,,Výbor,ZAV,Zahraniční výbor
psp:organ:460,460,,Výbor,ZEV,Zemědělský výbor
psp:organ:461,461,,Výbor,RV,Rozpočtový výbor
psp:organ:476,476,,Dozorčí rada,DRSFDI,Dozorčí rada Státního fondu dopravní infrastruktury
psp:organ:478,478,167,Komise,VK IPB,Vyšetřovací komise pro objasnění rozhodování státu v IPB
psp:organ:479,479,,Komise,SKBA,Stálá komise pro bankovnictví
psp:organ:480,480,,Dozorčí rada,DR SZIF,Dozorčí rada Státního zemědělského intervenčního fondu
psp:organ:481,481,,Dozorčí rada,DR SFRB,Dozorčí rada Státního fondu podpory investic
psp:organ:483,483,,Klub,ČSL,Československá strana lidová
psp:organ:484,484,,Klub,B,Nezařazení
psp:organ:485,485,,Klub,ESW,Maďarské kresťanko-demokratické hnutie
psp:organ:486,486,,Klub,HSD-SMS,Hnutí za samosprávnou demokracii - Společnost pro Moravu a Slezsko
psp:organ:487,487,,Klub,KDH,Kresťansko-demokratické hnutie
psp:organ:488,488,,Klub,KDS,Křesťansko-demokratická strana
psp:organ:489,489,,Klub,KSČS,Komunistická strana Československa
psp:organ:490,490,,Klub,KSD,Klub sociálních demokratů
psp:organ:491,491,,Klub,B,Nezařazení
psp:organ:492,492,,Klub,ESW,Maďarské kresťansko-demokratické hnutie
psp:organ:493,493,,Klub,HSD,Hnutí za samosprávnou demokracii
psp:organ:494,494,,Klub,HSD-II,Hnutí za samosprávnou demokracii - II
psp:organ:495,495,,Klub,HSD-I,Hnutí za samosprávnou demokracii - I
psp:organ:496,496,,Klub,HSD-SMS,Hnutí za samosprávnou demokracii - Společnost pro Moravu a Slezsko
psp:organ:497,497,,Klub,HZDS,Hnutie za demokratické Slovensko
psp:organ:498,498,,Klub,KDH,Kresťansko-demokratické hnutie
psp:organ:499,499,,Klub,KDS-LDS,Křesťansko-demokratická strana - Liberálně demokratická strana
psp:organ:500,500,,Klub,KDU,Křesťanská a demokratická unie
psp:organ:501,501,,Klub,KDU-KDS,Křesťanská a demokratická unie - Křesťansko-demokratická strana
psp:organ:502,502,,Klub,KDU-ČSL,Křesťanská a demokratická unie - Československá strana lidová
psp:organ:503,503,,Klub,KS-SDL,Strana demokratickej ľavice
psp:organ:504,504,,Klub,KSČS,Komunistická strana Československa
psp:organ:505,505,,Klub,KSČM,Komunistická strana Čech a Moravy
psp:organ:506,506,,Klub,MKDH,Maďarské kresťansko-demokratické hnutie
psp:organ:507,507,,Klub,MKDH-CO,Coexistencia
psp:organ:508,508,,Klub,NOF,Nezávislí poslanci Občanského fóra
psp:organ:509,509,,Klub,ODA,Občanská demokratická aliance
psp:organ:510,510,,Klub,ODS,Občanská demokratická strana
psp:organ:511,511,,Klub,ODÚ-VPN,Občianska demokratická únia - Verejnost proti násiliu
psp:organ:512,512,,Klub,OF,Občanské fórum
psp:organ:513,513,,Klub,LDS,Liberálně demokratická strana
psp:organ:514,514,,Klub,ROI,Romská občanská iniciativa
psp:organ:515,515,,Klub,OH,Občanské hnutí
psp:organ:516,516,,Klub,SDO,Klub Sociálně demokratické orientace
psp:organ:517,517,,Klub,SNS,Slovenská národná strana
psp:organ:518,518,,Klub,MNI,Maďarská nezávislá iniciativa
psp:organ:519,519,,Klub,SDĽ,Strana demokratickej ľavice
psp:organ:520,520,,Klub,VPN,Verejnost proti násiliu
psp:organ:521,521,,Klub,SKDH,SKDH
psp:organ:522,522,167,Komise,DKOVT,Dočasná komise pro otázky vnitřního trhu
psp:organ:523,523,,Klub,ODÚ,Občianska demokratická únia
psp:organ:524,524,,Klub,ASD,ASD
psp:organ:525,525,,Klub,MLS,MLS
psp:organ:526,526,,Klub,KAN,KAN
psp:organ:527,527,,Klub,KNPS,KNPS
psp:organ:528,528,,Klub,SČPŽP,SČPŽP
psp:organ:529,529,,Klub,MKDMESW,MKDMESWS
psp:organ:530,530,,Klub,ODS-KDS,ODS-KDS
psp:organ:531,531,,Klub,HZDS,HZDS
psp:organ:532,532,,Klub,SNS,SNS
psp:organ:533,533,,Klub,LSU,LSU
psp:organ:534,534,,Klub,KDH,KDH
psp:organ:535,535,,Klub,B,Nezařazení
psp:organ:536,536,,Klub,LB,Levý blok
psp:organ:537,537,,Klub,SDĽ,SDĽ
psp:organ:538,538,,Klub,SDSS,SDSS
psp:organ:539,539,,Klub,KDU-ČSL,KDU-ČSL
psp:organ:540,540,,Klub,ČSSD,ČSSD
psp:organ:541,541,,Klub,SPR-RSČ,SPR-RSČ
psp:organ:542,542,144,Meziparlamentní skupina v rámci MPU,IRAN,Írán
psp:organ:543,543,,Instituce,RČT,Rada České televize
psp:organ:573,573,144,Meziparlamentní skupina v rámci MPU,NL,Nizozemsko
psp:organ:574,574,,Výbor,VOV,Volební výbor
psp:organ:575,575,89,Podvýbor,DROP,Podvýbor pro oblast drogové problematiky
psp:organ:576,576,89,Podvýbor,ZI,Podvýbor pro zdravotní informatiku
psp:organ:577,577,,Dozorčí rada,DR ČKA,Dozorčí rada České konsolidační agentury
psp:organ:579,579,,Konvent EU,KEU,Konvent k budoucnosti Evropy
psp:organ:580,580,,Dozorčí rada,DR VF,Dozorčí rada Vinařského fondu
psp:organ:581,581,,Volební kraj - 2002,PH,Hlavní město Praha
psp:organ:582,582,,Volební kraj - 2002,SC,Středočeský
psp:organ:583,583,,Volební kraj - 2002,JC,Jihočeský
psp:organ:584,584,,Volební kraj - 2002,PL,Plzeňský
psp:organ:585,585,,Volební kraj - 2002,KV,Karlovarský
psp:organ:586,586,,Volební kraj - 2002,UL,Ústecký
psp:organ:587,587,,Volební kraj - 2002,LB,Liberecký
psp:organ:588,588,,Volební kraj - 2002,HK,Královéhradecký
psp:organ:589,589,,Volební kraj - 2002,P,Pardubický
psp:organ:590,590,,Volební kraj - 2002,V,Vysočina
psp:organ:591,591,,Volební kraj - 2002,JM,Jihomoravský
psp:organ:592,592,,Volební kraj - 2002,O,Olomoucký
psp:organ:593,593,,Volební kraj - 2002,Z,Zlínský
psp:organ:594,594,,Volební kraj - 2002,MS,Moravskoslezský
psp:organ:595,595,,Politická strana,K,Koalice
psp:organ:596,596,168,Klub,KSČM,Poslanecký klub Komunistické strany Čech a Moravy
psp:organ:597,597,168,Klub,KDU-ČSL,Poslanecký klub Křesťanské a demokratické unie-Československé strany lidové
psp:organ:598,598,168,Klub,US-DEU,Poslanecký klub Unie svobody-Demokratické unie
psp:organ:599,599,168,Klub,ČSSD,Poslanecký klub České strany sociálně demokratické
psp:organ:600,600,168,Klub,ODS,Poslanecký klub Občanské demokratické strany
psp:organ:601,601,168,Komise,VK,Volební komise Poslanecké sněmovny
psp:organ:602,602,168,Výbor,MIV,Mandátový a imunitní výbor
psp:organ:603,603,,Vláda,VládaČR,Vláda České republiky
psp:organ:604,604,168,Výbor,ORGV,Organizační výbor
psp:organ:605,605,168,Výbor,VSRZP,"Výbor pro veřejnou správu, regionální rozvoj a životní prostředí"
psp:organ:606,606,168,Výbor,HV,Hospodářský výbor
psp:organ:607,607,168,Výbor,ZEV,Zemědělský výbor
psp:organ:608,608,168,Výbor,ZAV,Zahraniční výbor
psp:organ:609,609,168,Výbor,VSPZ,Výbor pro sociální politiku a zdravotnictví
psp:organ:610,610,168,Výbor,VOV,Volební výbor
psp:organ:611,611,168,Výbor,VVVKM,"Výbor pro vědu, vzdělání, kulturu, mládež a tělovýchovu"
psp:organ:612,612,168,Výbor,VOB,Výbor pro obranu a bezpečnost
psp:organ:613,613,168,Výbor,RV,Rozpočtový výbor
psp:organ:614,614,168,Výbor,UPV,Ústavně právní výbor
psp:organ:615,615,168,Výbor,VEI,Výbor pro evropskou integraci
psp:organ:616,616,168,Výbor,PV,Petiční výbor
psp:organ:620,620,168,Komise,SKBA,Stálá komise pro bankovnictví
psp:organ:621,621,168,Komise,SKPKPS,Stálá komise pro práci Kanceláře Poslanecké sněmovny
psp:organ:622,622,168,Komise,SKSP,Stálá komise pro sdělovací prostředky
psp:organ:623,623,168,Komise,SKBIS,Stálá komise pro kontrolu činnosti Bezpečnostní informační služby
psp:organ:624,624,168,Komise,SKPO,Stálá komise pro kontrolu použití operativní techniky Policie ČR
psp:organ:625,625,168,Komise,SKVOZ,Stálá komise pro kontrolu činnosti Vojenského obranného zpravodajství
psp:organ:626,626,168,Komise,SKRRP,Stálá komise pro rodinu a rovné příležitosti
psp:organ:627,627,611,Podvýbor,PpHV,Podvýbor pro heraldiku a vexilologii
psp:organ:628,628,611,Podvýbor,PpVaVS,Podvýbor pro vědu a vysoké školy
psp:organ:629,629,611,Podvýbor,PpS,Podvýbor pro školství
psp:organ:630,630,611,Podvýbor,PpK,Podvýbor pro kulturu
psp:organ:631,631,611,Podvýbor,PpM,Podvýbor pro mládež
psp:organ:632,632,611,Podvýbor,PpTv,Podvýbor pro tělovýchovu
psp:organ:633,633,611,Podvýbor,PpML,Podvýbor pro mediální legislativu
psp:organ:634,634,606,Podvýbor,PDVDI,Podvýbor pro dopravu a výstavbu dopravní infrastruktury
psp:organ:635,635,606,Podvýbor,PSO,"Podvýbor pro síťová odvětví (energetika, telekomunikace, informační systémy a pošta)"
psp:organ:636,636,606,Podvýbor,PP,Podvýbor pro průmysl a stavebnictví
psp:organ:637,637,606,Podvýbor,POOSOT,"Podvýbor pro obchod, ochranu spotřebitele a ochranu trhu"
psp:organ:638,638,606,Podvýbor,PCRKR,Podvýbor pro cestovní ruch a krizové regiony
psp:organ:639,639,606,Podvýbor,PPMSP,Podvýbor pro podporu malého a středního podnikání
psp:organ:640,640,612,Podvýbor,PZS,Podvýbor pro zpravodajské služby
psp:organ:641,641,612,Podvýbor,PIZS,Podvýbor pro integrovaný záchranný systém
psp:organ:642,642,612,Podvýbor,PPV,Podvýbor pro vězeňství
psp:organ:643,643,612,Podvýbor,POP,Podvýbor pro obecní policii
psp:organ:644,644,612,Podvýbor,PPACR,Podvýbor pro profesionalizaci AČR
psp:organ:645,645,168,Delegace,RE,Stálá delegace Parlamentu do Parlamentního shromáždění Rady Evropy
psp:organ:646,646,168,Delegace,PSOBSE,Stálá delegace Parlamentu do Parlamentního shromáždění Organizace pro bezpečnost a spolupráci v Evropě
psp:organ:647,647,168,Delegace,EP,Stálá delegace Parlamentu pro spolupráci s Evropským parlamentem
psp:organ:648,648,168,Delegace,PSNATO,Stálá delegace Parlamentu do Parlamentního shromáždění NATO
psp:organ:649,649,168,Delegace,MPU,Stálá delegace Parlamentu do Meziparlamentní unie
psp:organ:650,650,168,Delegace,ZEU,Stálá delegace Parlamentu do Shromáždění Západoevropské unie
psp:organ:651,651,168,Delegace,SEI,Stálá delegace Parlamentu do Středoevropské iniciativy
psp:organ:652,652,605,Podvýbor,PRR,Podvýbor pro regionální rozvoj
psp:organ:653,653,605,Podvýbor,PBP,Podvýbor pro bytovou politiku
psp:organ:654,654,605,Podvýbor,PHSO,Podvýbor pro hospodaření se surovinami a odpady
psp:organ:655,655,605,Podvýbor,PUPSR,Podvýbor pro územní plánování a stavební řád
psp:organ:656,656,605,Podvýbor,POZPK,Podvýbor pro ochranu životního prostředí a krajiny
psp:organ:657,657,605,Podvýbor,PVS,Podvýbor pro veřejnou správu
psp:organ:658,658,608,Podvýbor,PSK,Podvýbor pro styk s krajany
psp:organ:659,659,608,Podvýbor,PPCRZ,Podvýbor pro prezentaci České republiky v zahraničí
psp:organ:660,660,608,Podvýbor,PVEV,Podvýbor pro vnější ekonomické vztahy
psp:organ:661,661,730,Podvýbor,PRPS,Podvýbor pro regionální a přeshraniční spolupráci
psp:organ:662,662,613,Podvýbor,PRVPK,Podvýbor pro kontrolu
psp:organ:663,663,616,Podvýbor,PPNM,Podvýbor pro národnostní menšiny
psp:organ:664,664,609,Podvýbor,PKZLPUZ,"Podvýbor pro koncepci zdravotnictví, lékovou politiku, úhradu zdravotní péče a pro zdravotnickou informatiku"
psp:organ:665,665,609,Podvýbor,PPIZSO,Podvýbor pro investice ve zdravotnictví a sociální oblasti
psp:organ:667,667,609,Podvýbor,POSOS,Podvýbor pro otázky sociálně ohrožených skupin
psp:organ:668,668,609,Podvýbor,PISOZRV,Podvýbor pro informatiku v sociální oblasti a zdravotnictví a pro racionální vedení zdravotnické dokumentace
psp:organ:669,669,609,Podvýbor,PPDT,Podvýbor pro problematiku drog a toxikománie
psp:organ:670,670,609,Podvýbor,PZPOSPS,Podvýbor pro zdravotně postižené a občany se sníženou pracovní schopností
psp:organ:671,671,609,Podvýbor,PRDS,Podvýbor pro reformu důchodového systému a reformu nemocenského pojištění
psp:organ:672,672,609,Podvýbor,PEOZSP,Podvýbor pro etické otázky ve zdravotnictví a v sociální péči
psp:organ:673,673,,Instituce,UFA,Úřad finančního arbitra
psp:organ:674,674,605,Podvýbor,PISVS,Podvýbor pro informační systémy ve veřejné správě
psp:organ:675,675,604,Podvýbor,PPJRPS,Podvýbor pro přípravu novely jednacího řádu
psp:organ:676,676,604,Podvýbor,PPNSV,Podvýbor pro přípravu návrhů na propůjčení nebo udělení státních vyznamenání
psp:organ:677,677,612,Podvýbor,PPM,Podvýbor pro problematiku migrace
psp:organ:678,678,613,Podvýbor,PFHUS,Podvýbor pro finanční hospodaření územních samospráv a pro využívání fondů Evropské unie
psp:organ:679,679,168,Komise,SKZSSB,Stálá komise Poslanecké sněmovny pro sledování procesu zpřístupnění svazků vzniklých činností bývalé STB
psp:organ:680,680,649,Meziparlamentní skupina v rámci MPU,ASEAN,ASEAN
psp:organ:681,681,649,Meziparlamentní skupina v rámci MPU,AUSTR-N,Austrálie a Nový Zéland
psp:organ:682,682,649,Meziparlamentní skupina v rámci MPU,BENELUX,BENELUX
psp:organ:683,683,649,Meziparlamentní skupina v rámci MPU,UK,Velká Británie
psp:organ:684,684,649,Meziparlamentní skupina v rámci MPU,CHINA,Čína
psp:organ:685,685,649,Meziparlamentní skupina v rámci MPU,FR,Francie
psp:organ:686,686,649,Meziparlamentní skupina v rámci MPU,IRSKO,Irsko
psp:organ:687,687,649,Meziparlamentní skupina v rámci MPU,ITALIE,Itálie
psp:organ:688,688,649,Meziparlamentní skupina v rámci MPU,IZRAEL,Izrael
psp:organ:689,689,649,Meziparlamentní skupina v rámci MPU,CAN,Kanada
psp:organ:690,690,649,Meziparlamentní skupina v rámci MPU,KYPR,Kypr
psp:organ:691,691,649,Meziparlamentní skupina v rámci MPU,MONGOL,Mongolsko
psp:organ:692,692,649,Meziparlamentní skupina v rámci MPU,BALT,Pobaltské státy
psp:organ:693,693,649,Meziparlamentní skupina v rámci MPU,S-AFRIK,severní Afrika
psp:organ:694,694,649,Meziparlamentní skupina v rámci MPU,SCAND,Skandinávské státy
psp:organ:695,695,649,Meziparlamentní skupina v rámci MPU,SLOVIN,Slovinsko
psp:organ:696,696,649,Meziparlamentní skupina v rámci MPU,USA,USA
psp:organ:697,697,607,Podvýbor,PMSVZCH,"Podvýbor pro myslivost, rybářství, včelařství, zahrádkářství a chovatelství"
psp:organ:698,698,607,Podvýbor,PRV,Podvýbor pro rozvoj venkova
psp:organ:699,699,607,Podvýbor,PLVH,Podvýbor pro lesní a vodní hospodářství
psp:organ:700,700,607,Podvýbor,PPVC,Podvýbor pro potravinářství a veterinární činnost
psp:organ:701,701,649,Meziparlamentní skupina v rámci MPU,KUVAJT,Kuvajt
psp:organ:702,702,649,Meziparlamentní skupina v rámci MPU,CHORVAT,Chorvatsko
psp:organ:703,703,649,Meziparlamentní skupina v rámci MPU,KOREA,Korea
psp:organ:704,704,649,Meziparlamentní skupina v rámci MPU,JAR,Jihoafrická republika
psp:organ:705,705,649,Meziparlamentní skupina v rámci MPU,SUB-SAH,Subsaharská Afrika
psp:organ:706,706,649,Meziparlamentní skupina v rámci MPU,ŘECKO,Řecko
psp:organ:707,707,649,Meziparlamentní skupina v rámci MPU,MAĎAR,Maďarsko
psp:organ:708,708,649,Meziparlamentní skupina v rámci MPU,ARAB,arabské státy
psp:organ:709,709,649,Meziparlamentní skupina v rámci MPU,Slovens,Slovensko
psp:organ:710,710,649,Meziparlamentní skupina v rámci MPU,SRN,Německo
psp:organ:711,711,649,Meziparlamentní skupina v rámci MPU,RAKOUSK,Rakousko
psp:organ:712,712,649,Meziparlamentní skupina v rámci MPU,RF,Rusko a Eurasie
psp:organ:713,713,,Snem Slovenskej republiky,SSR,Snem Slovenskej republiky
psp:organ:714,714,649,Meziparlamentní skupina v rámci MPU,LATAM,Latinská Amerika
psp:organ:715,715,649,Meziparlamentní skupina v rámci MPU,POLSKO,Polsko
psp:organ:716,716,649,Meziparlamentní skupina v rámci MPU,ŠVÝCAR,Švýcarsko
psp:organ:717,717,649,Meziparlamentní skupina v rámci MPU,UKRAJ,Ukrajina
psp:organ:718,718,649,Meziparlamentní skupina v rámci MPU,JPN,Japonsko
psp:organ:719,719,649,Meziparlamentní skupina v rámci MPU,KARIBIK,Střední Amerika a Karibik
psp:organ:720,720,168,Komise,DKOU,Dočasná komise pro otázky Ústavy České republiky
psp:organ:721,721,168,Komise,VKD47,Vyšetřovací komise pro objasnění skutečností v souvislosti se smlouvou o výstavbě dálnice D 47 mezi státem a firmou Housing and Construction
psp:organ:722,722,,Evropský parlament,EP,Evropský parlament
psp:organ:723,723,168,Komise,VKCME,Vyšetřovací komise pro zjištění skutečností v souvislosti s arbitrážním řízením ve věci CME versus Česká republika
psp:organ:724,724,168,Komise,VKDIAG,Vyšetřovací komise ve věci vyrovnání České republiky se společností Diag Human
psp:organ:725,725,614,Podvýbor,PPJ,Podvýbor pro justici
psp:organ:726,726,614,Podvýbor,FP,Finanční podvýbor
psp:organ:727,727,168,Klub,Nezařaz,Nezařazení
psp:organ:728,728,608,Podvýbor,PVEV,Podvýbor pro vnější ekonomické vztahy
psp:organ:729,729,,Pracovní skupina,PSNM,Pracovní skupina pro řešení problematiky nepotřebného majetku a ekologické likvidace nepotřebné munice Ministerstva obrany ČR
psp:organ:730,730,168,Výbor,VEZ,Výbor pro evropské záležitosti
psp:organ:731,731,,Vláda,VládaČR,Vláda České republiky
psp:organ:732,732,,Senát,SE04,Senát
psp:organ:733,733,612,Podvýbor,PPK,Podvýbor pro problematiku korupce
psp:organ:734,734,606,Podvýbor,PVLK,Podvýbor pro letectví a kosmonautiku
psp:organ:735,735,649,Meziparlamentní skupina v rámci MPU,TURK,Turecko
psp:organ:736,736,649,Meziparlamentní skupina v rámci MPU,VIET,Vietnam
psp:organ:737,737,611,Podvýbor,Pisigik,"Podvýbor pro informační společnost, informační gramotnost a informační a komunikační technologie"
psp:organ:738,738,613,Podvýbor,PVSAP,Podvýbor pro státní aktiva a pasiva a činnost Finančně analytického útvaru
psp:organ:739,739,614,Podvýbor,PVKM,Podvýbor pro kriminalitu mládeže
psp:organ:740,740,,Vláda,VládaČR,Vláda České republiky
psp:organ:741,741,608,Podvýbor,PVEVKOV,Podvýbor pro vnější ekonomické vztahy a kontrolu obchodu s vojenským materiálem
psp:organ:742,742,168,Komise,VKPSZRV,"Vyšetřovací komise Poslanecké sněmovny pro zjištění role vlády, privátních firem a dalších subjektů v procesu restrukturalizace a privatizace chemického průmyslu"
psp:organ:743,743,649,Meziparlamentní skupina v rámci MPU,IRN,Íránská islámská republika
psp:organ:744,744,,Evropská centrální banka,ECB,Evropská centrální banka
psp:organ:745,745,649,Meziparlamentní skupina v rámci MPU,BULHAR,Bulharsko
psp:organ:746,746,168,Komise,VKVZP,Vyšetřovací komise Poslanecké sněmovny k prošetření hospodaření Všeobecné zdravotní pojišťovny České republiky
psp:organ:747,747,168,Komise,SKNBU,Stálá komise pro kontrolu činnosti NBÚ
psp:organ:748,748,167,Komise,VKTEL,Vyšetřovací komise pro vyšetření pochyb. v kauze TELECOM
psp:organ:749,749,,Politická strana,SZ,Strana zelených
psp:organ:750,750,169,Klub,ČSSD,Poslanecký klub České strany sociálně demokratické
psp:organ:751,751,169,Klub,KDU-ČSL,Poslanecký klub Křesťanské a demokratické unie-Československé strany lidové
psp:organ:752,752,169,Klub,KSČM,Poslanecký klub Komunistické strany Čech a Moravy
psp:organ:753,753,169,Klub,ODS,Poslanecký klub Občanské demokratické strany
psp:organ:754,754,169,Klub,Nez.-SZ,Nezařazení - Strana zelených
psp:organ:755,755,169,Komise,VK,Volební komise
psp:organ:756,756,169,Výbor,MIV,Mandátový a imunitní výbor
psp:organ:757,757,,Vláda,VládaČR,Vláda České republiky
psp:organ:758,758,169,Výbor,PV,Petiční výbor
psp:organ:759,759,169,Výbor,RV,Rozpočtový výbor
psp:organ:760,760,169,Výbor,KV,Kontrolní výbor
psp:organ:761,761,169,Výbor,ORGV,Organizační výbor
psp:organ:762,762,169,Výbor,VEZ,Výbor pro evropské záležitosti
psp:organ:763,763,169,Výbor,HV,Hospodářský výbor
psp:organ:764,764,169,Výbor,UPV,Ústavně právní výbor
psp:organ:765,765,169,Výbor,VO,Výbor pro obranu
psp:organ:766,766,169,Výbor,VB,Výbor pro bezpečnost
psp:organ:767,767,169,Výbor,VSP,Výbor pro sociální politiku
psp:organ:768,768,169,Výbor,VZ,Výbor pro zdravotnictví
psp:organ:769,769,169,Výbor,VVVKM,"Výbor pro vědu, vzdělání, kulturu, mládež a tělovýchovu"
psp:organ:770,770,169,Výbor,VSR,Výbor pro veřejnou správu a regionální rozvoj
psp:organ:771,771,169,Výbor,VZP,Výbor pro životní prostředí
psp:organ:772,772,169,Výbor,ZAV,Zahraniční výbor
psp:organ:773,773,169,Výbor,ZEV,Zemědělský výbor
psp:organ:774,774,764,Podvýbor,FP,Finanční podvýbor
psp:organ:775,775,769,Podvýbor,PKML,Podvýbor pro kulturu a mediální legislativu
psp:organ:776,776,769,Podvýbor,PMS,Podvýbor pro mládež a sport
psp:organ:777,777,768,Podvýbor,PEZ,Podvýbor pro ekonomiku ve zdravotnictví
psp:organ:778,778,768,Podvýbor,POFSR,"Podvýbor pro oblasti financované ze státního rozpočtu - výzkum, investice, dotace"
psp:organ:779,779,768,Podvýbor,PPCOZ,Podvýbor pro problematiku civilizačních onemocnění a závislostí
psp:organ:780,780,767,Podvýbor,PZPSVS,Podvýbor pro zdravotně postižené a sociálně vyloučené skupiny
psp:organ:781,781,767,Podvýbor,PISO,Podvýbor pro investice v sociální oblasti
psp:organ:782,782,763,Podvýbor,PP,Podvýbor pro dopravu
psp:organ:783,783,763,Podvýbor,PPP,Podvýbor pro podnikatelské prostředí
psp:organ:784,784,765,Podvýbor,PKOVM,Podvýbor pro kontrolu obchodu s vojenským materiálem
psp:organ:785,785,765,Podvýbor,PKPÚR,Podvýbor pro kontrolu plnění úkolů reformy AČR
psp:organ:786,786,770,Podvýbor,PVSIS,Podvýbor pro veřejnou správu a informační systémy
psp:organ:787,787,770,Podvýbor,PRRVFEU,Podvýbor pro regionální rozvoj a využívání fondů EU
psp:organ:788,788,770,Podvýbor,PBP,Podvýbor pro bytovou politiku
psp:organ:789,789,772,Podvýbor,PK,Podvýbor pro krajany
psp:organ:790,790,772,Podvýbor,PPČRZ,Podvýbor pro prezentaci České republiky v zahraničí
psp:organ:791,791,772,Podvýbor,PVEV,Podvýbor pro vnější ekonomické vztahy
psp:organ:792,792,761,Podvýbor,PPNPUSV,Podvýbor pro přípravu návrhů na propůjčení nebo udělení státních vyznamenání
psp:organ:793,793,760,Podvýbor,PKS,Podvýbor pro kontrolní systémy
psp:organ:794,794,760,Podvýbor,PL,Podvýbor pro legislativu
psp:organ:795,795,760,Podvýbor,PKHVS,Podvýbor pro kontrolu hospodaření ve veřejné správě
psp:organ:796,796,169,Komise,SKBIS,Stálá komise pro kontrolu činnosti Bezpečnostní informační služby
psp:organ:797,797,169,Komise,SKVZ,Stálá komise pro kontrolu činnosti Vojenského zpravodajství
psp:organ:798,798,169,Komise,SKNBU,Stálá komise pro kontrolu činnosti Národního bezpečnostního úřadu
psp:organ:799,799,169,Komise,SKSTB,Stálá komise pro sledování procesu zpřístupnění svazků vzniklých činností bývalé Státní bezpečnosti
psp:organ:800,800,169,Delegace,SDPSRE,Stálá delegace Parlamentu do Parlamentního shromáždění Rady Evropy
psp:organ:801,801,169,Delegace,SDOBSE,Stálá delegace Parlamentu do Parlamentního shromáždění Organizace pro bezpečnost a spolupráci v Evropě
psp:organ:802,802,169,Delegace,SDNATO,Stálá delegace Parlamentu do Parlamentního shromáždění NATO
psp:organ:803,803,169,Delegace,SDMPU,Stálá delegace Parlamentu do Meziparlamentní unie
psp:organ:804,804,169,Delegace,SDZEU,Stálá delegace Parlamentu do Shromáždění Západoevropské unie
psp:organ:805,805,169,Delegace,SDSEI,Stálá delegace Parlamentu do Středoevropské iniciativy
psp:organ:806,806,769,Podvýbor,PVVŠ,Podvýbor pro vědu a vysoké školy
psp:organ:807,807,769,Podvýbor,PŠ,Podvýbor pro školství
psp:organ:808,808,769,Podvýbor,PHV,Podvýbor pro heraldiku a vexilologii
psp:organ:809,809,169,Komise,SKR,Stálá komise pro rodinu
psp:organ:810,810,169,Komise,SKRP,Stálá komise pro rovné příležitosti
psp:organ:811,811,169,Komise,SKKPOTP,Stálá komise pro kontrolu použití operativní techniky Policie České republiky
psp:organ:812,812,169,Komise,SKBA,Stálá komise pro bankovnictví
psp:organ:813,813,169,Komise,SKPKPS,Stálá komise pro práci Kanceláře Poslanecké sněmovny
psp:organ:814,814,169,Komise,SKSP,Stálá komise pro sdělovací prostředky
psp:organ:815,815,766,Podvýbor,PV,Podvýbor pro vězeňství
psp:organ:816,816,766,Podvýbor,PZS,Podvýbor pro zpravodajské služby
psp:organ:817,817,766,Podvýbor,PIZS,Podvýbor pro Integrovaný záchranný systém
psp:organ:818,818,773,Podvýbor,PVPC,Podvýbor pro potravinářství a veterinární činnost
psp:organ:819,819,773,Podvýbor,PMRVZCH,"Podvýbor pro myslivost, rybářství, včelařství, zahrádkářství a chovatelství"
psp:organ:820,820,773,Podvýbor,PRV,Podvýbor pro rozvoj venkova
psp:organ:821,821,762,Podvýbor,PEF,Podvýbor pro evropské fondy
psp:organ:822,822,762,Podvýbor,PČPREU,Podvýbor pro české předsednictví Rady EU
psp:organ:823,823,762,Podvýbor,PRPS,Podvýbor pro regionální a přeshraniční spolupráci
psp:organ:824,824,771,Podvýbor,PFPŽP,Podvýbor pro financování péče o životní prostředí
psp:organ:825,825,771,Podvýbor,PSOOZOK,"Podvýbor pro suroviny, odpady, obnovitelné zdroje a ochranu klimatu"
psp:organ:826,826,771,Podvýbor,POPK,Podvýbor pro ochranu přírody a krajiny
psp:organ:827,827,169,Výbor,VOV,Volební výbor
psp:organ:828,828,759,Podvýbor,PFHÚSVF,Podvýbor pro finanční hospodaření územních samospráv a pro využívání fondů Evropské unie
psp:organ:829,829,759,Podvýbor,PČDCS,Podvýbor pro činnost daňové a celní správy
psp:organ:830,830,759,Podvýbor,PFTL,Podvýbor pro finanční trhy a loterie
psp:organ:831,831,169,Komise,SKOÚ,Stálá komise pro otázky Ústavy České republiky
psp:organ:832,832,,Orgány Registru,ÚOOÚ,Úřad pro ochranu osobních údajů
psp:organ:833,833,,Orgány Registru,ÚTNMSZ,"Úřad pro technickou normalizaci, metrologii a státní zkušebnictví"
psp:organ:834,834,,Orgány Registru,RČTÚ,Rada Českého telekomunikačního úřadu
psp:organ:836,836,,Orgány Registru,BRČNB,Bankovní rada České národní banky
psp:organ:837,837,,Orgány Registru,BIS,Bezpečnostní informační služba
psp:organ:838,838,,Orgány Registru,ÚZSI,Úřad pro zahraniční styky a informace
psp:organ:839,839,,Orgány Registru,ČSÚ,Český statistický úřad
psp:organ:840,840,,Orgány Registru,ČÚZK,Český úřad zeměměřičský a katastrální
psp:organ:841,841,,Orgány Registru,ČBÚ,Český báňský úřad
psp:organ:842,842,,Orgány Registru,ÚPV,Úřad průmyslového vlastnictví
psp:organ:843,843,,Orgány Registru,ÚOHS,Úřad pro ochranu hospodářské soutěže
psp:organ:844,844,,Orgány Registru,SSHR,Správa státních hmotných rezerv
psp:organ:845,845,,Orgány Registru,SÚJB,Státní úřad pro jadernou bezpečnost
psp:organ:846,846,,Orgány Registru,ERÚ,Energetický regulační úřad
psp:organ:847,847,,Orgány Registru,ÚVČR,Úřad vlády České republiky
psp:organ:848,848,,Orgány Registru,NBÚ,Národní bezpečnostní úřad
psp:organ:849,849,,Vláda,VládaČR,Vláda České republiky
psp:organ:850,850,,Senát,SE01,Senát
psp:organ:851,851,767,Podvýbor,PDR,Podvýbor pro důchodovou reformu
psp:organ:852,852,169,Klub,SZ,Poslanecký klub Strany zelených
psp:organ:853,853,765,Podvýbor,PKPFAČR,Podvýbor pro kontrolu programového financování AČR
psp:organ:854,854,773,Podvýbor,PLVH,Podvýbor pro lesní a vodní hospodářství
psp:organ:856,856,169,Klub,Nezařaz,Nezařazení
psp:organ:857,857,763,Podvýbor,PVVLK,"Podvýbor pro vědu, výzkum, letectví a kosmonautiku"
psp:organ:858,858,763,Podvýbor,POS,Podvýbor pro ochranu spotřebitele
psp:organ:859,859,763,Podvýbor,PSK,Podvýbor pro strategie a koncepce
psp:organ:860,860,763,Podvýbor,PE,Podvýbor pro energetiku
psp:organ:861,861,761,Podvýbor,PPNJR,Podvýbor pro přípravu novely zákona o jednacím řádu Poslanecké sněmovny
psp:organ:862,862,169,Komise,VKKPS,Vyšetřovací komise Poslanecké sněmovny k vyšetření okolností výběrového řízení a uzavření smlouvy na dodávku výkonového mýta pro nákladní vozidla nad 12 tun mezi Českou republikou a firmou Kapsch
psp:organ:863,863,170,Klub,ČSSD,Poslanecký klub České strany sociálně demokratické
psp:organ:864,864,170,Klub,ODS,Poslanecký klub Občanské demokratické strany
psp:organ:865,865,170,Klub,TOP09-S,Poslanecký klub TOP 09 a Starostové
psp:organ:866,866,170,Klub,KSČM,Poslanecký klub Komunistické strany Čech a Moravy
psp:organ:867,867,170,Klub,VV,Poslanecký klub Věci veřejné
psp:organ:871,871,803,Meziparlamentní skupina v rámci MPU,PXA,Arabské státy
psp:organ:872,872,803,Meziparlamentní skupina v rámci MPU,PYA,ASEAN
psp:organ:873,873,803,Meziparlamentní skupina v rámci MPU,PAUNZ,Austrálie a Nový Zéland
psp:organ:874,874,803,Meziparlamentní skupina v rámci MPU,PBNL,Benelux
psp:organ:875,875,803,Meziparlamentní skupina v rámci MPU,PBG,Bulharsko
psp:organ:876,876,803,Meziparlamentní skupina v rámci MPU,PCR,Chorvatsko
psp:organ:877,877,803,Meziparlamentní skupina v rámci MPU,PCN,Čína
psp:organ:878,878,803,Meziparlamentní skupina v rámci MPU,PYEA,Euroasie
psp:organ:879,879,803,Meziparlamentní skupina v rámci MPU,PFR,Francie
psp:organ:880,880,803,Meziparlamentní skupina v rámci MPU,PIN,Íránská islámská republika
psp:organ:881,881,803,Meziparlamentní skupina v rámci MPU,PIR,Irsko
psp:organ:882,882,803,Meziparlamentní skupina v rámci MPU,PIT,Itálie
psp:organ:883,883,803,Meziparlamentní skupina v rámci MPU,PIL,Izrael
psp:organ:884,884,803,Meziparlamentní skupina v rámci MPU,PJP,Japonsko
psp:organ:885,885,803,Meziparlamentní skupina v rámci MPU,PSA,Jihoafrická republika
psp:organ:886,886,803,Meziparlamentní skupina v rámci MPU,PCA,Kanada
psp:organ:887,887,803,Meziparlamentní skupina v rámci MPU,PROC,Korea
psp:organ:888,888,803,Meziparlamentní skupina v rámci MPU,PCW,Kuvajt
psp:organ:889,889,803,Meziparlamentní skupina v rámci MPU,PCY,Kypr
psp:organ:890,890,803,Meziparlamentní skupina v rámci MPU,PXLA,Latinská Amerika
psp:organ:891,891,803,Meziparlamentní skupina v rámci MPU,PHU,Maďarsko
psp:organ:892,892,803,Meziparlamentní skupina v rámci MPU,PMG,Mongolsko
psp:organ:893,893,803,Meziparlamentní skupina v rámci MPU,PDE,Německo
psp:organ:894,894,803,Meziparlamentní skupina v rámci MPU,PXBS,Pobaltské státy
psp:organ:895,895,803,Meziparlamentní skupina v rámci MPU,PPL,Polsko
psp:organ:896,896,803,Meziparlamentní skupina v rámci MPU,PAT,Rakousko
psp:organ:897,897,803,Meziparlamentní skupina v rámci MPU,PGR,Řecko
psp:organ:898,898,803,Meziparlamentní skupina v rámci MPU,PRU,Rusko
psp:organ:899,899,803,Meziparlamentní skupina v rámci MPU,PXNA,Severní Afrika
psp:organ:900,900,803,Meziparlamentní skupina v rámci MPU,PXSCAN,Skandinávské státy
psp:organ:901,901,803,Meziparlamentní skupina v rámci MPU,PSK,Slovensko
psp:organ:902,902,803,Meziparlamentní skupina v rámci MPU,PSI,Slovinsko
psp:organ:903,903,803,Meziparlamentní skupina v rámci MPU,PSRL,Srí Lanka
psp:organ:904,904,803,Meziparlamentní skupina v rámci MPU,PXCAC,Střední Amerika a Karibik
psp:organ:905,905,803,Meziparlamentní skupina v rámci MPU,PXSSA,Subsaharská Afrika
psp:organ:906,906,803,Meziparlamentní skupina v rámci MPU,PCH,Švýcarsko
psp:organ:907,907,803,Meziparlamentní skupina v rámci MPU,PTR,Turecko
psp:organ:908,908,803,Meziparlamentní skupina v rámci MPU,PUA,Ukrajina
psp:organ:909,909,803,Meziparlamentní skupina v rámci MPU,PUS,USA
psp:organ:910,910,803,Meziparlamentní skupina v rámci MPU,PGB,Spojené království Velké Británie a Severního Irska
psp:organ:911,911,803,Meziparlamentní skupina v rámci MPU,PVI,Vietnam
psp:organ:912,912,758,Podvýbor,PLP,Podvýbor pro lidská práva
psp:organ:913,913,758,Podvýbor,PNM,Podvýbor pro národnostní menšiny
psp:organ:914,914,827,Podvýbor,PVL,Podvýbor pro volební legislativu
psp:organ:915,915,803,Meziparlamentní skupina v rámci MPU,PSRB,Srbsko
psp:organ:916,916,,Pracovní skupina,PSJNRT,Pracovní skupina Parlamentu pro jednání s poslanci Národní rady Rakouska o otázkách souvisejících s provozem jaderné elektrárny Temelín
psp:organ:917,917,,Výbor,SV,Stálý výbor
psp:organ:918,918,,Výbor,PV,Politický výbor
psp:organ:919,919,,Výbor,VEBO,Výbor pro ekonomické a bezpečnostní otázky
psp:organ:920,920,,Výbor,VVT,Výbor pro vědu a technologii
psp:organ:921,921,,Výbor,VOB,Výbor pro obranu a bezpečnost
psp:organ:922,922,,Výbor,SD,Středomořský dialog
psp:organ:923,923,766,Podvýbor,POMP,Podvýbor pro obecní a městské policie
psp:organ:924,924,169,Komise,DKMSC,Dočasná komise pro řešení majetkových otázek mezi státem a církvemi a náboženskými společnostmi
psp:organ:925,925,,Senát,SE02,Senát
psp:organ:926,926,,Senát,SE03,Senát
psp:organ:927,927,,Senát,SE05,Senát
psp:organ:928,928,,Senát,SE06,Senát
psp:organ:929,929,169,Komise,VKNZS,Vyšetřovací komise pro vyšetření neoprávněných zásahů do soukromého a rodinného života některých osob uskutečňovaných za účelem nátlaku na členy Parlamentu České republiky
psp:organ:930,930,803,Meziparlamentní skupina v rámci MPU,PEG,Egypt
psp:organ:931,931,,Mezinárodní organizace,MPU,Meziparlamentní unie
psp:organ:932,932,,Mezinárodní organizace,SCTPMPU,Řídící výbor geopolitické skupiny 12+ Meziparlamentní unie
psp:organ:933,933,772,Podvýbor,PPCRZVE,Podvýbor pro prezentaci České republiky v zahraničí a vnější ekonomické vztahy
psp:organ:934,934,,Senát,SE07,Senát
psp:organ:935,935,803,Meziparlamentní skupina v rámci MPU,PKZ,Kazachstán
psp:organ:936,936,169,Komise,DKJUS,Dočasná komise pro otázky posouzení nezávislosti výkonu a budoucího uspořádání české justice
psp:organ:937,937,169,Komise,VKPOZ,Vyšetřovací komise pro vyšetření prorůstání organizovaného zločinu a zájmových skupin do činnosti orgánů veřejné moci
psp:organ:938,938,772,Podvýbor,PZRP,Podvýbor pro zahraniční rozvojovou pomoc
psp:organ:939,939,803,Meziparlamentní skupina v rámci MPU,PMK,Makedonie (FYROM)
psp:organ:940,940,,Vláda,VládaČR,Vláda České republiky
psp:organ:941,941,144,Meziparlamentní skupina v rámci MPU,LAT,latinskoamerické země
psp:organ:942,942,144,Meziparlamentní skupina v rámci MPU,EST,Estonsko
psp:organ:943,943,803,Meziparlamentní skupina v rámci MPU,PYV,Venezuela
psp:organ:944,944,803,Meziparlamentní skupina v rámci MPU,AFG,Afghánistán
psp:organ:945,945,169,Komise,VKNUAT,"Vyšetřovací komise pro vyšetření důvodů a souvislostí neoprávněného udělování akademických titulů na Fakultě právnické Západočeské univerzity v Plzni, včetně vyšetření role Akreditační komise a MŠMTV při garanci a kontrole kvalit vysokoškolského vzdělávání na veřejných a soukromých vysokých školách v České republice"
psp:organ:946,946,803,Meziparlamentní skupina v rámci MPU,BIH,Bosna a Hercegovina
psp:organ:947,947,803,Meziparlamentní skupina v rámci MPU,AZE,Ázerbájdžán
psp:organ:948,948,,Politická strana,TOP09,TOP 09
psp:organ:949,949,,Politická strana,VV,Věci veřejné
psp:organ:950,950,170,Výbor,MIV,Mandátový a imunitní výbor
psp:organ:951,951,,Vláda,VládaČR,Vláda České republiky
psp:organ:952,952,170,Komise,VK,Volební komise
psp:organ:953,953,170,Výbor,ORGV,Organizační výbor
psp:organ:954,954,170,Výbor,PV,Petiční výbor
psp:organ:955,955,170,Výbor,RV,Rozpočtový výbor
psp:organ:956,956,170,Výbor,KV,Kontrolní výbor
psp:organ:957,957,170,Výbor,VOV,Volební výbor
psp:organ:958,958,170,Výbor,VEZ,Výbor pro evropské záležitosti
psp:organ:959,959,170,Výbor,HV,Hospodářský výbor
psp:organ:960,960,170,Výbor,UPV,Ústavně právní výbor
psp:organ:961,961,170,Výbor,VOB,Výbor pro obranu a bezpečnost
psp:organ:962,962,170,Výbor,VSP,Výbor pro sociální politiku
psp:organ:963,963,170,Výbor,VZ,Výbor pro zdravotnictví
psp:organ:964,964,170,Výbor,VVVKM,"Výbor pro vědu, vzdělání, kulturu, mládež a tělovýchovu"
psp:organ:965,965,170,Výbor,VSR,Výbor pro veřejnou správu a regionální rozvoj
psp:organ:966,966,170,Výbor,VZP,Výbor pro životní prostředí
psp:organ:967,967,170,Výbor,ZAV,Zahraniční výbor
psp:organ:968,968,170,Výbor,ZEV,Zemědělský výbor
psp:organ:969,969,170,Komise,SKPKPS,Stálá komise pro práci Kanceláře Poslanecké sněmovny
psp:organ:970,970,170,Komise,SKRRP,Stálá komise pro rodinu a rovné příležitosti
psp:organ:971,971,170,Komise,SKBIS,Stálá komise pro kontrolu činnosti Bezpečnostní informační služby
psp:organ:972,972,170,Komise,SKKPO,"Stálá komise pro kontrolu použití odposlechu a záznamu telekomunikačního provozu, použití sledování osob a věcí a rušení provozu elektronických komunikací"
psp:organ:973,973,170,Komise,SKVZ,Stálá komise pro kontrolu činnosti Vojenského zpravodajství
psp:organ:974,974,170,Komise,SKNBU,Stálá komise pro kontrolu činnosti Národního bezpečnostního úřadu
psp:organ:975,975,170,Delegace,SDMPU,Stálá delegace Parlamentu do Meziparlamentní unie
psp:organ:976,976,170,Delegace,SDOBSE,Stálá delegace Parlamentu do Parlamentního shromáždění Organizace pro bezpečnost a spolupráci v Evropě
psp:organ:977,977,964,Podvýbor,PVVS,Podvýbor pro vědu a vysoké školy
psp:organ:978,978,964,Podvýbor,PHV,Podvýbor pro heraldiku a vexilologii
psp:organ:979,979,964,Podvýbor,PK,Podvýbor pro kulturu
psp:organ:980,980,964,Podvýbor,PMS,Podvýbor pro mládež a sport
psp:organ:981,981,964,Podvýbor,PRS,Podvýbor pro regionální školství
psp:organ:982,982,956,Podvýbor,PLKS,Podvýbor pro legislativu a kontrolní systémy
psp:organ:983,983,968,Podvýbor,PLVHP,Podvýbor pro lesní a vodní hospodářství a potravinářství
psp:organ:984,984,968,Podvýbor,PMRVZCH,"Podvýbor pro myslivost, rybářství, včelařství, zahrádkářství, chovatelství a rozvoj venkova"
psp:organ:985,985,965,Podvýbor,PVSIS,Podvýbor pro veřejnou správu a informační systémy
psp:organ:986,986,965,Podvýbor,PURFVS,Podvýbor pro územní rozvoj a financování veřejné správy
psp:organ:987,987,965,Podvýbor,PCR,Podvýbor pro cestovní ruch
psp:organ:988,988,961,Podvýbor,POPSBS,Podvýbor pro obecní policie a soukromé bezpečnostní služby
psp:organ:989,989,961,Podvýbor,PV,Podvýbor pro vězeňství
psp:organ:990,990,961,Podvýbor,PIZS,Podvýbor pro integrovaný záchranný systém
psp:organ:991,991,961,Podvýbor,PRPČR,Podvýbor pro reformu Policie ČR
psp:organ:992,992,961,Podvýbor,PAČR,Podvýbor pro strategické koncepce a reformu AČR
psp:organ:993,993,961,Podvýbor,PAMO,Podvýbor pro kontrolu akvizic Ministerstva obrany a obchodu s vojenským materiálem
psp:organ:994,994,959,Podvýbor,PD,Podvýbor pro dopravu
psp:organ:995,995,959,Podvýbor,PE,Podvýbor pro energetiku
psp:organ:996,996,959,Podvýbor,PPP,Podvýbor pro podnikatelské prostředí
psp:organ:997,997,959,Podvýbor,PVVLK,"Podvýbor pro vědu, výzkum, letectví a kosmonautiku"
psp:organ:998,998,953,Podvýbor,PJŘ,Podvýbor pro přípravu novely zákona o jednacím řádu Poslanecké sněmovny
psp:organ:999,999,953,Podvýbor,PSV,Podvýbor pro přípravu návrhů na propůjčení nebo udělení státních vyznamenání
psp:organ:1000,1000,955,Podvýbor,PEU,Podvýbor pro financování územních samospráv a využívání prostředků Evropské unie
psp:organ:1001,1001,955,Podvýbor,PDCL,"Podvýbor pro daně, cla a loterie"
psp:organ:1002,1002,955,Podvýbor,PBPFT,"Podvýbor pro bankovnictví, pojišťovnictví a finanční trhy"
psp:organ:1003,1003,963,Podvýbor,PEZ,"Podvýbor pro ekonomiku ve zdravotnictví, zdravotní pojistění a lékovou politiku"
psp:organ:1004,1004,963,Podvýbor,PZP,"Podvýbor pro oblast zdravotní péče, vzdělávání a prevenci"
psp:organ:1005,1005,966,Podvýbor,POPK,Podvýbor pro ochranu přírody a krajiny
psp:organ:1006,1006,966,Podvýbor,PFPŽP,Podvýbor pro financování péče o životní prostředí
psp:organ:1007,1007,966,Podvýbor,PSO,"Podvýbor pro suroviny, odpady, obnovitelné zdroje a ochranu klimatu"
psp:organ:1008,1008,,Národná rada Slovenskej republiky,NRSR5,Národná rada
psp:organ:1009,1009,,Národná rada Slovenskej republiky,NRSR4,Národná rada
psp:organ:1010,1010,,Národná rada Slovenskej republiky,NRSR3,Národná rada
psp:organ:1011,1011,,Národná rada Slovenskej republiky,NRSR2,Národná rada
psp:organ:1012,1012,,Národná rada Slovenskej republiky,NRSR1,Národná rada
psp:organ:1013,1013,170,Delegace,SDNATO,Stálá delegace Parlamentu do Parlamentního shromáždění NATO
psp:organ:1014,1014,170,Delegace,SDRE,Stálá delegace Parlamentu do Parlamentního shromáždění Rady Evropy
psp:organ:1015,1015,170,Delegace,SDSZE,Stálá delegace Parlamentu do Shromáždění Západoevropské unie
psp:organ:1016,1016,170,Delegace,SDSI,Stálá delegace Parlamentu do Středoevropské iniciativy
psp:organ:1017,1017,956,Podvýbor,PVKHVS,Podvýbor pro kontrolu hospodaření ve veřejné správě
psp:organ:1018,1018,967,Podvýbor,PKPCR,"Podvýbor pro styky s krajany, prezentaci České republiky v zahraničí a vnější ekonomické vztahy"
psp:organ:1019,1019,967,Podvýbor,PBSCR,Podvýbor pro vytváření bezpečnostní strategie České republiky a zbrojní politiku
psp:organ:1020,1020,958,Podvýbor,PPS,Podvýbor pro regionální a přeshraniční spolupráci
psp:organ:1021,1021,958,Podvýbor,PEF,Podvýbor pro evropské fondy
psp:organ:1022,1022,,Senát,SE08,Senát
psp:organ:1023,1023,959,Podvýbor,PEKICTP,Podvýbor pro elektronické komunikace a ICT průmysl
psp:organ:1024,1024,,Instituce,VF,Vinařský fond
psp:organ:1025,1025,962,Podvýbor,PPPZ,Podvýbor pro pracovní právo a zaměstnanost
psp:organ:1026,1026,962,Podvýbor,PSPS,Podvýbor pro sociálně pojistné systémy
psp:organ:1027,1027,962,Podvýbor,POZPSP,Podvýbor pro osoby se zdravotním postižením a sociálně potřebné
psp:organ:1028,1028,975,Meziparlamentní skupina v rámci MPU,RU,Ruská federace
psp:organ:1029,1029,975,Meziparlamentní skupina v rámci MPU,FR,Francie
psp:organ:1030,1030,975,Meziparlamentní skupina v rámci MPU,IT,Itálie
psp:organ:1031,1031,975,Meziparlamentní skupina v rámci MPU,CA,Kanada
psp:organ:1032,1032,975,Meziparlamentní skupina v rámci MPU,MN,Mongolsko
psp:organ:1033,1033,975,Meziparlamentní skupina v rámci MPU,SK,Slovensko
psp:organ:1034,1034,975,Meziparlamentní skupina v rámci MPU,SI,Republika Slovinsko
psp:organ:1035,1035,975,Meziparlamentní skupina v rámci MPU,US,Spojené státy americké
psp:organ:1036,1036,975,Meziparlamentní skupina v rámci MPU,AF,Afghánistán
psp:organ:1037,1037,975,Meziparlamentní skupina v rámci MPU,DE,Spolková republika Německo
psp:organ:1038,1038,975,Meziparlamentní skupina v rámci MPU,UA,Ukrajina
psp:organ:1039,1039,975,Meziparlamentní skupina v rámci MPU,PL,Polsko
psp:organ:1040,1040,975,Meziparlamentní skupina v rámci MPU,GB,Spojené království Velké Británie a Severního Irska
psp:organ:1041,1041,975,Meziparlamentní skupina v rámci MPU,HR,Chorvatsko
psp:organ:1042,1042,975,Meziparlamentní skupina v rámci MPU,CY,Kypr
psp:organ:1043,1043,975,Meziparlamentní skupina v rámci MPU,CN,Čínská lidová republika
psp:organ:1044,1044,975,Meziparlamentní skupina v rámci MPU,XNS,"Severské státy (Švédsko, Finsko, Norsko, Dánsko, Island)"
psp:organ:1045,1045,975,Meziparlamentní skupina v rámci MPU,VN,Vietnam
psp:organ:1046,1046,975,Meziparlamentní skupina v rámci MPU,TR,Turecko
psp:organ:1047,1047,975,Meziparlamentní skupina v rámci MPU,XBS,"Baltské státy (Estonsko, Litva, Lotyšsko)"
psp:organ:1048,1048,975,Meziparlamentní skupina v rámci MPU,H,Maďarsko
psp:organ:1049,1049,975,Meziparlamentní skupina v rámci MPU,SRB,Srbská republika
psp:organ:1050,1050,975,Meziparlamentní skupina v rámci MPU,XJA,"státy Jižní Ameriky (Argentina, Bolívie, Ekvádor, Chile, Kolumbie, Peru, Paraguay, Uruguay)"
psp:organ:1051,1051,975,Meziparlamentní skupina v rámci MPU,IL,Izrael
psp:organ:1052,1052,975,Meziparlamentní skupina v rámci MPU,A,Rakousko
psp:organ:1053,1053,975,Meziparlamentní skupina v rámci MPU,XSV,"státy Středního východu (Kuvajt, Saudská Arábie, Spojené arabské emiráty, Jordánsko, Sýrie, Jemen, Libanon, Irák, Irán, Palestina, Bahrajn)"
psp:organ:1054,1054,975,Meziparlamentní skupina v rámci MPU,"AUS, NZ","Austrálie, Nový Zéland"
psp:organ:1055,1055,975,Meziparlamentní skupina v rámci MPU,"IND, CL","Indie, Srí Lanka"
psp:organ:1056,1056,975,Meziparlamentní skupina v rámci MPU,J,Japonsko
psp:organ:1057,1057,975,Meziparlamentní skupina v rámci MPU,XJVE,"státy jihovýchodní Evropy (Albánie, Bosna a Hercegovina, Černá Hora, Kosovo, Makedonie/FYROM, Moldavie, Rumunsko)"
psp:organ:1058,1058,975,Meziparlamentní skupina v rámci MPU,"MEX, XS","Mexiko, státy Střední Ameriky a Karibiku (Mexiko, Kuba, Kostarika, Guatemala, Salvádor, Honduras, Panama Nikaragua)"
psp:organ:1059,1059,975,Meziparlamentní skupina v rámci MPU,XAS,"státy ASEAN (Thajsko, Indonésie, Malajsie, Filipíny, Singapur, Kambodža)"
psp:organ:1060,1060,975,Meziparlamentní skupina v rámci MPU,XSSA,"státy severní Afriky (Alžírsko,  Libye, Tunisko)"
psp:organ:1061,1061,975,Meziparlamentní skupina v rámci MPU,KOR,Korejská republika
psp:organ:1062,1062,975,Meziparlamentní skupina v rámci MPU,XJKSA,"státy jižního Kavkazu a Střední Asie ( Kazachstán, Uzbekistán, Kyrgyzstán, Tádžikistán, Turkmenistán)"
psp:organ:1063,1063,975,Meziparlamentní skupina v rámci MPU,BG,Bulharsko
psp:organ:1064,1064,963,Pracovní skupina,ESDNP,Expertní skupina pro řešení problematiky definice nároku pacienta (standardu a nadstandardu)
psp:organ:1065,1065,170,Klub,Nezařaz,Nezařazení
psp:organ:1066,1066,,Instituce,KR TA,Kontrolní rada Technologické agentury ČR
psp:organ:1067,1067,975,Meziparlamentní skupina v rámci MPU,AZ,Ázerbajdžán
psp:organ:1068,1068,975,Meziparlamentní skupina v rámci MPU,VE,Venezuela
psp:organ:1069,1069,975,Meziparlamentní skupina v rámci MPU,MA,Maroko
psp:organ:1070,1070,975,Meziparlamentní skupina v rámci MPU,ET,Egypt
psp:organ:1071,1071,975,Meziparlamentní skupina v rámci MPU,BR,Brazílie
psp:organ:1072,1072,975,Meziparlamentní skupina v rámci MPU,GR,Řecko
psp:organ:1073,1073,975,Meziparlamentní skupina v rámci MPU,BNL,Benelux
psp:organ:1074,1074,975,Meziparlamentní skupina v rámci MPU,CH,Švýcarsko
psp:organ:1075,1075,975,Meziparlamentní skupina v rámci MPU,"E,P","Španělsko, Portugalsko"
psp:organ:1076,1076,170,Komise,SKGIBS,Stálá komise pro kontrolu činnosti Generální inspekce bezpečnostních sborů
psp:organ:1077,1077,,Instituce,EKOPO,Etická komise ČR pro ocenění účastníků odboje a odporu proti komunismu
psp:organ:1078,1078,170,Výbor,VO,Výbor pro obranu
psp:organ:1079,1079,170,Výbor,VB,Výbor pro bezpečnost
psp:organ:1080,1080,1078,Podvýbor,PV,Podvýbor pro vězeňství
psp:organ:1081,1081,1078,Podvýbor,PSKACR,Podvýbor pro strategické koncepce a reformu AČR
psp:organ:1082,1082,1078,Podvýbor,PKAMO,Podvýbor pro kontrolu akvizic Ministerstva obrany a obchodu s vojenským materiálem
psp:organ:1083,1083,960,Podvýbor,PLP,Podvýbor pro lidská práva
psp:organ:1084,1084,960,Podvýbor,FP,Finanční podvýbor
psp:organ:1085,1085,1079,Podvýbor,OPSBS,Podvýbor pro obecní policie a soukromé bezpečnostní služby
psp:organ:1086,1086,1079,Podvýbor,IZS,Podvýbor pro integrovaný záchranný systém
psp:organ:1087,1087,1079,Podvýbor,PPČR,Podvýbor pro Policii České republiky
psp:organ:1088,1088,975,Meziparlamentní skupina v rámci MPU,CPV,Kapverdská republika
psp:organ:1089,1089,975,Meziparlamentní skupina v rámci MPU,ZAF,Jihoafrická republika
psp:organ:1090,1090,975,Meziparlamentní skupina v rámci MPU,XSBSA,státy subsaharské Afriky
psp:organ:1091,1091,975,Meziparlamentní skupina v rámci MPU,AM,Arménie
psp:organ:1092,1092,975,Meziparlamentní skupina v rámci MPU,GE,Gruzie
psp:organ:1093,1093,975,Meziparlamentní skupina v rámci MPU,IE,Irsko
psp:organ:1094,1094,975,Meziparlamentní skupina v rámci MPU,PK,Pakistan
psp:organ:1095,1095,987,Pracovní skupina,NSLCR,Pracovní skupina k problematice zvyšování nájmů LČR pod sportovišti
psp:organ:1096,1096,987,Pracovní skupina,PSPC,Pracovní skupina k problematice průvodcovské činnosti
psp:organ:1097,1097,,Senát,SE09,Senát
psp:organ:1098,1098,166,Společné schůze Poslanecké sněmovny a Senátu,PSSE02,Společné schůze Poslanecké sněmovny a Senátu
psp:organ:1099,1099,168,Společné schůze Poslanecké sněmovny a Senátu,PSSE04,Spolecne schuze Poslanecké sněmovny a Senátu
psp:organ:1100,1100,169,Společné schůze Poslanecké sněmovny a Senátu,PSSE05,Společné schůze Poslanecké sněmovny a Senátu
psp:organ:1101,1101,170,Společné schůze Poslanecké sněmovny a Senátu,PSSE06,Společné schůze Poslanecké sněmovny a Senátu
psp:organ:1102,1102,,Orgány Registru,GIBS,Generální inspekce bezpečnostních sborů
psp:organ:1103,1103,,Vláda,VládaČR,Vláda České republiky
psp:organ:1104,1104,,Politická strana,ANO2011,ANO2011
psp:organ:1105,1105,,Politická strana,Usvit,Úsvit přímé demokracie Tomia Okamury
psp:organ:1106,1106,171,Klub,ODS,Poslanecký klub Občanské demokratické strany
psp:organ:1107,1107,171,Klub,ČSSD,Poslanecký klub České strany sociálně demokratické
psp:organ:1108,1108,171,Klub,ANO,Poslanecký klub ANO 2011
psp:organ:1109,1109,171,Klub,KSČM,Poslanecký klub Komunistické strany Čech a Moravy
psp:organ:1110,1110,171,Klub,KDU-ČSL,Poslanecký klub Křesťanské a demokratické unie-Československé strany lidové
psp:organ:1111,1111,171,Klub,Úsvit,Poslanecký klub Úsvit - Národní Koalice
psp:organ:1112,1112,171,Klub,TOP09-S,Poslanecký klub TOP 09 a Starostové
psp:organ:1113,1113,,Instituce,RUSTR,Rada Ústavu pro studium totalitních režimů
psp:organ:1115,1115,171,Výbor,MIV,Mandátový a imunitní výbor
psp:organ:1116,1116,171,Komise,VK,Volební komise
psp:organ:1117,1117,171,Výbor,PV,Petiční výbor
psp:organ:1118,1118,171,Výbor,RV,Rozpočtový výbor
psp:organ:1119,1119,171,Výbor,KV,Kontrolní výbor
psp:organ:1120,1120,171,Výbor,ORGV,Organizační výbor
psp:organ:1121,1121,171,Výbor,VOV,Volební výbor
psp:organ:1122,1122,171,Výbor,VEZ,Výbor pro evropské záležitosti
psp:organ:1123,1123,171,Výbor,HV,Hospodářský výbor
psp:organ:1124,1124,171,Výbor,UPV,Ústavně právní výbor
psp:organ:1125,1125,171,Výbor,VO,Výbor pro obranu
psp:organ:1126,1126,171,Výbor,VB,Výbor pro bezpečnost
psp:organ:1127,1127,171,Výbor,VSP,Výbor pro sociální politiku
psp:organ:1128,1128,171,Výbor,VZ,Výbor pro zdravotnictví
psp:organ:1129,1129,171,Výbor,VVVKM,"Výbor pro vědu, vzdělání, kulturu, mládež a tělovýchovu"
psp:organ:1130,1130,171,Výbor,VSR,Výbor pro veřejnou správu a regionální rozvoj
psp:organ:1131,1131,171,Výbor,VZP,Výbor pro životní prostředí
psp:organ:1132,1132,171,Výbor,ZAV,Zahraniční výbor
psp:organ:1133,1133,171,Výbor,ZEV,Zemědělský výbor
psp:organ:1134,1134,171,Komise,RRPNM,"Stálá komise pro rodinu, rovné příležitosti a národnostní menšiny"
psp:organ:1135,1135,171,Komise,SKBIS,Stálá komise pro kontrolu činnosti Bezpečnostní informační služby
psp:organ:1136,1136,171,Komise,SKGIBS,Stálá komise pro kontrolu činnosti Generální inspekce bezpečnostních sborů
psp:organ:1137,1137,171,Komise,SKNBU,Stálá komise pro kontrolu činnosti Národního bezpečnostního úřadu
psp:organ:1138,1138,171,Komise,SKVZ,Stálá komise pro kontrolu činnosti Vojenského zpravodajství
psp:organ:1139,1139,171,Komise,SKKPO,"Stálá komise pro kontrolu použití odposlechu a záznamu telekomunikačního provozu, použití sledování osob a věcí a rušení provozu elektronických komunikací"
psp:organ:1140,1140,171,Delegace,SDMPU,Stálá delegace Parlamentu do Meziparlamentní unie
psp:organ:1141,1141,171,Delegace,SDNATO,Stálá delegace Parlamentu do Parlamentního shromáždění NATO
psp:organ:1142,1142,171,Delegace,SDOBSE,Stálá delegace Parlamentu do Parlamentního shromáždění Organizace pro bezpečnost a spolupráci v Evropě
psp:organ:1143,1143,171,Delegace,SDPSRE,Stálá delegace Parlamentu do Parlamentního shromáždění Rady Evropy
psp:organ:1144,1144,171,Delegace,SDSEI,Stálá delegace Parlamentu do Středoevropské iniciativy
psp:organ:1145,1145,1120,Podvýbor,PNPUSV,Podvýbor pro přípravu návrhů na propůjčení nebo udělení státních vyznamenání
psp:organ:1146,1146,1118,Podvýbor,PBPFT,"Podvýbor pro bankovnictví, pojišťovnictví a finanční trhy"
psp:organ:1147,1147,1118,Podvýbor,PDCL,"Podvýbor pro daně, cla a loterie"
psp:organ:1148,1148,1118,Podvýbor,PEU,Podvýbor pro financování územních samospráv a využívání prostředků Evropské unie
psp:organ:1149,1149,1140,Meziparlamentní skupina v rámci MPU,AM,Arménie
psp:organ:1150,1150,1129,Podvýbor,PH,Podvýbor pro heraldiku a vexilologii
psp:organ:1151,1151,1129,Podvýbor,PK,Podvýbor pro kulturu
psp:organ:1152,1152,1129,Podvýbor,PS,Podvýbor pro regionální školství
psp:organ:1153,1153,1129,Podvýbor,PM,Podvýbor pro mládež a sport
psp:organ:1154,1154,1129,Podvýbor,PV,Podvýbor pro vědu a vysoké školy
psp:organ:1161,1161,1128,Podvýbor,POZPVP,"Podvýbor pro oblast zdravotní péče, vzdělávání a prevenci"
psp:organ:1162,1162,1128,Podvýbor,PEZZPLP,"Podvýbor pro ekonomiku ve zdravotnictví, zdravotní pojištění a lékovou politiku"
psp:organ:1163,1163,1122,Podvýbor,PEFPS,Podvýbor pro evropské fondy a přeshraniční spolupráci
psp:organ:1164,1164,,Vláda,VládaČR,Vláda České republiky
psp:organ:1165,1165,171,Klub,Nezařaz,Nezařazení
psp:organ:1166,1166,1140,Meziparlamentní skupina v rámci MPU,PK,Pákistán
psp:organ:1167,1167,1140,Meziparlamentní skupina v rámci MPU,MA,Maroko
psp:organ:1168,1168,1140,Meziparlamentní skupina v rámci MPU,FR,Francie
psp:organ:1169,1169,1140,Meziparlamentní skupina v rámci MPU,KR,Korejská republika
psp:organ:1170,1170,1140,Meziparlamentní skupina v rámci MPU,CU,Kuba
psp:organ:1171,1171,1140,Meziparlamentní skupina v rámci MPU,RU,Ruská federace
psp:organ:1172,1172,1140,Meziparlamentní skupina v rámci MPU,IT,Itálie
psp:organ:1173,1173,1140,Meziparlamentní skupina v rámci MPU,SK,Slovenská republika
psp:organ:1174,1174,1140,Meziparlamentní skupina v rámci MPU,AZ,Ázerbájdžán
psp:organ:1175,1175,1140,Meziparlamentní skupina v rámci MPU,BG,Bulharsko
psp:organ:1176,1176,1140,Meziparlamentní skupina v rámci MPU,A,Rakousko
psp:organ:1177,1177,1140,Meziparlamentní skupina v rámci MPU,PL,Polsko
psp:organ:1178,1178,1140,Meziparlamentní skupina v rámci MPU,XJKSA,"státy Střední Asie (Kazachstán, Uzbekistán, Kyrgyzstán, Tádžikistán, Turkmenistán)"
psp:organ:1179,1179,1140,Meziparlamentní skupina v rámci MPU,RS,Srbská republika
psp:organ:1180,1180,1140,Meziparlamentní skupina v rámci MPU,XNS,"Severské státy (Švédsko, Finsko, Norsko, Dánsko, Island)"
psp:organ:1181,1181,1140,Meziparlamentní skupina v rámci MPU,US,Spojené státy americké
psp:organ:1182,1182,1140,Meziparlamentní skupina v rámci MPU,XJA,"státy Jižní Ameriky (Argentina, Bolívie, Ekvádor, Kolumbie, Peru, Paraguay, Uruguay)"
psp:organ:1183,1183,1140,Meziparlamentní skupina v rámci MPU,XSV,"státy Středního východu (Kuvajt, Saúdská Arábie, Spojené arabské emiráty, Jordánsko, Sýrie, Jemen, Libanon, Irák, Palestina)"
psp:organ:1184,1184,1140,Meziparlamentní skupina v rámci MPU,GRCY,"Řecko, Kypr"
psp:organ:1185,1185,1140,Meziparlamentní skupina v rámci MPU,DE,Spolková republika Německo
psp:organ:1186,1186,1140,Meziparlamentní skupina v rámci MPU,UA,Ukrajina
psp:organ:1187,1187,1140,Meziparlamentní skupina v rámci MPU,CN,Čínská lidová republika
psp:organ:1188,1188,1140,Meziparlamentní skupina v rámci MPU,GE,Gruzie
psp:organ:1189,1189,1140,Meziparlamentní skupina v rámci MPU,IL,Izrael
psp:organ:1190,1190,1140,Meziparlamentní skupina v rámci MPU,CA,Kanada
psp:organ:1191,1191,1140,Meziparlamentní skupina v rámci MPU,MN,Mongolsko
psp:organ:1192,1192,1140,Meziparlamentní skupina v rámci MPU,BNL,Benelux
psp:organ:1193,1193,1140,Meziparlamentní skupina v rámci MPU,XBS,"Baltské státy (Estonsko, Litva, Lotyšsko)"
psp:organ:1194,1194,1140,Meziparlamentní skupina v rámci MPU,HR,Chorvatská republika
psp:organ:1195,1195,1140,Meziparlamentní skupina v rámci MPU,GB,Spojené království Velké Británie a Severního Irska
psp:organ:1196,1196,1140,Meziparlamentní skupina v rámci MPU,SI,Republika Slovinsko
psp:organ:1197,1197,1140,Meziparlamentní skupina v rámci MPU,H,Maďarsko
psp:organ:1198,1198,1140,Meziparlamentní skupina v rámci MPU,IE,Irsko
psp:organ:1199,1199,1140,Meziparlamentní skupina v rámci MPU,XJVE,"státy jihovýchodní Evropy (Albánská republika, Bosna a Hercegovina, Černá Hora, Kosovská republika, Makedonská republika)"
psp:organ:1200,1200,1126,Podvýbor,PIZS,Podvýbor pro integrovaný záchranný systém a pro prevenci kriminality
psp:organ:1201,1201,1126,Podvýbor,PPČR,"Podvýbor pro Policii České republiky, obecní policie a soukromé bezpečnostní služby"
psp:organ:1202,1202,1126,Podvýbor,PV,Podvýbor pro vězeňství
psp:organ:1203,1203,1140,Meziparlamentní skupina v rámci MPU,CH,Švýcarská konfederace
psp:organ:1204,1204,1140,Meziparlamentní skupina v rámci MPU,XSPK,"Španělské království, Portugalská republika, Kapverdská republika"
psp:organ:1205,1205,1140,Meziparlamentní skupina v rámci MPU,TR,Turecká republika
psp:organ:1206,1206,1140,Meziparlamentní skupina v rámci MPU,"AU, NZ","Austrálie, Nový Zéland"
psp:organ:1207,1207,1140,Meziparlamentní skupina v rámci MPU,BR,Brazílie
psp:organ:1208,1208,1140,Meziparlamentní skupina v rámci MPU,CL,Chile
psp:organ:1209,1209,1140,Meziparlamentní skupina v rámci MPU,"IN, LK","Indie, Srí Lanka"
psp:organ:1210,1210,1140,Meziparlamentní skupina v rámci MPU,JP,Japonsko
psp:organ:1211,1211,1140,Meziparlamentní skupina v rámci MPU,ZA,Jihoafrická republika
psp:organ:1212,1212,1140,Meziparlamentní skupina v rámci MPU,XAS,"státy jihovýchodní Asie (Thajsko, Malajsie, Singapur, Kambodža, Myanmar/Barma, Laos)"
psp:organ:1213,1213,1140,Meziparlamentní skupina v rámci MPU,"MX, XS","státy Střední Ameriky a Karibiku (Kostarika, Guatemala, Salvador, Honduras, Panama, Nikaragua)"
psp:organ:1214,1214,1140,Meziparlamentní skupina v rámci MPU,XSSA,"státy severní Afriky (Alžírsko, Egypt, Libye, Tunisko)"
psp:organ:1215,1215,1140,Meziparlamentní skupina v rámci MPU,XSBSA,státy subsaharské Afriky
psp:organ:1216,1216,1140,Meziparlamentní skupina v rámci MPU,VE,Venezuela
psp:organ:1217,1217,1140,Meziparlamentní skupina v rámci MPU,VN,Vietnam
psp:organ:1218,1218,1131,Podvýbor,POK,Podvýbor pro ochranu přírody a krajiny
psp:organ:1219,1219,1131,Podvýbor,PFPZP,Podvýbor pro financování péče o životní prostředí
psp:organ:1220,1220,1131,Podvýbor,PTOK,Podvýbor pro technickou ochranu přírody
psp:organ:1221,1221,1117,Podvýbor,POS,Podvýbor pro ochranu soukromí
psp:organ:1222,1222,1117,Podvýbor,PLP,Podvýbor pro lidská práva
psp:organ:1223,1223,1123,Podvýbor,PD,Podvýbor pro dopravu
psp:organ:1224,1224,1123,Podvýbor,PE,Podvýbor pro energetiku
psp:organ:1225,1225,1123,Podvýbor,PPP,Podvýbor pro podnikatelské prostředí
psp:organ:1226,1226,1123,Podvýbor,PILK,"Podvýbor pro inovace, letectví a kosmonautiku"
psp:organ:1227,1227,1123,Podvýbor,PICTPEG,Podvýbor pro ICT průmysl a e-Government
psp:organ:1228,1228,1129,Podvýbor,PSSVOS,Podvýbor pro střední a vyšší odborné školství
psp:organ:1229,1229,1129,Podvýbor,PPPSZS,Podvýbor pro předškolní a základní školství
psp:organ:1230,1230,1130,Podvýbor,PBP,Podvýbor pro bytovou politiku
psp:organ:1231,1231,1130,Podvýbor,PCR,Podvýbor pro cestovní ruch
psp:organ:1232,1232,1130,Podvýbor,PVSEG,Podvýbor pro veřejnou správu a E-Government
psp:organ:1233,1233,1119,Podvýbor,PLKS,Podvýbor pro legislativu a kontrolní systémy
psp:organ:1234,1234,1127,Podvýbor,PSSDR,Podvýbor pro sociálně pojistné systémy a důchodovou reformu
psp:organ:1235,1235,1127,Podvýbor,PNDS,"Podvýbor pro nepojistné dávkové systémy, zdravotně postižené, seniory a sociálně ohrožené skupiny"
psp:organ:1236,1236,1127,Podvýbor,PPL,"Podvýbor pro pracovní legislativu, zaměstnanost a činnost Úřadu práce"
psp:organ:1237,1237,1124,Podvýbor,PUCR,Podvýbor pro Ústavu České republiky a parlamentní procedury
psp:organ:1238,1238,1124,Podvýbor,PJS,Podvýbor pro justici a soudní samosprávu
psp:organ:1239,1239,1124,Podvýbor,PLP,Podvýbor pro legislativní podněty veřejného ochránce práv a Evropský soud pro lidská práva
psp:organ:1240,1240,1132,Podvýbor,PSK,Podvýbor pro styky s krajany
psp:organ:1241,1241,1132,Podvýbor,PRS,Podvýbor pro rozvojovou spolupráci
psp:organ:1242,1242,1132,Podvýbor,PVEV,Podvýbor pro vnější ekonomické vztahy
psp:organ:1243,1243,1133,Podvýbor,PMRVZ,"Podvýbor pro myslivost, rybářství, včelařství, zahrádkářství a chovatelství"
psp:organ:1244,1244,1133,Podvýbor,PLVH,Podvýbor pro lesní a vodní hospodářství
psp:organ:1245,1245,1133,Podvýbor,PPV,"Podvýbor pro potravinářství, veterinární činnost a živočišnou výrobu"
psp:organ:1246,1246,1133,Podvýbor,PRV,Podvýbor pro rozvoj venkova
psp:organ:1247,1247,171,Komise,VKOPC,Vyšetřovací komise k prověření způsobu vyšetřování kauzy Opencard
psp:organ:1248,1248,1125,Podvýbor,PVV,Podvýbor pro válečné veterány
psp:organ:1249,1249,1125,Podvýbor,POBP,Podvýbor pro obrannou a bezpečnostní politiku a strategické koncepce ČR
psp:organ:1250,1250,1125,Podvýbor,PAMO,"Podvýbor pro akvizice Ministerstva obrany, obchod s vojenským materiálem a inovace AČR"
psp:organ:1251,1251,1140,Meziparlamentní skupina v rámci MPU,ET,Etiopie
psp:organ:1253,1253,1140,Meziparlamentní skupina v rámci MPU,LT,Litva
psp:organ:1254,1254,1140,Meziparlamentní skupina v rámci MPU,LV,Lotyšsko
psp:organ:1255,1255,1140,Meziparlamentní skupina v rámci MPU,EE,Estonsko
psp:organ:1256,1256,,Instituce,RSFK,Rada Státního fondu kinematografie
psp:organ:1257,1257,,Senát,SE10,Senát
psp:organ:1258,1258,171,Komise,VKD47,"Vyšetřovací komise pro vyšetření závažných pochybení, která se stala při přípravě a realizaci stavby dálnice D47"
psp:organ:1259,1259,1124,Podvýbor,FP,Finanční podvýbor
psp:organ:1260,1260,1140,Meziparlamentní skupina v rámci MPU,"RO, MD","Rumunsko, Moldavská republika"
psp:organ:1261,1261,1140,Meziparlamentní skupina v rámci MPU,BY,Bělorusko
psp:organ:1262,1262,1140,Meziparlamentní skupina v rámci MPU,SC,Seychelská republika
psp:organ:1263,1263,1140,Meziparlamentní skupina v rámci MPU,MX,Spojené státy Mexické
psp:organ:1264,1264,,Senátoský klub,STAN,Klub Starostové a nezávislí
psp:organ:1265,1265,,Senátoský klub,Nezařaz,Nezařazení
psp:organ:1266,1266,,Senátoský klub,ANOSCZ,Senátorský klub ANO + Severočeši.cz
psp:organ:1267,1267,,Senátoský klub,KDUČSLN,Senátorský klub KDU-ČSL a nezávislí
psp:organ:1268,1268,,Senátoský klub,ODS,Senátorský klub Občanské demokratické strany
psp:organ:1269,1269,,Senátoský klub,SKS,Senátorský klub SPO+KSČM+Severočech
psp:organ:1270,1270,,Senátoský klub,ZN,Senátorský klub Zelení - nezávislí
psp:organ:1271,1271,,Senátoský klub,ČSSD,Senátorský klub České strany sociálně demokratické
psp:organ:1272,1272,1122,Podvýbor,PMAP,Podvýbor pro migraci a azylovou politiku
psp:organ:1273,1273,1118,Podvýbor,PSAFAU,Podvýbor pro státní aktiva a pasiva a činnost Finančně analytického útvaru
psp:organ:1274,1274,171,Komise,SKPKPS,Stálá komise pro práci Kanceláře Poslanecké sněmovny
psp:organ:1275,1275,1140,Meziparlamentní skupina v rámci MPU,PH,Filipínská republika
psp:organ:1276,1276,1140,Meziparlamentní skupina v rámci MPU,ID,Indonésie
psp:organ:1277,1277,,Mezinárodní organizace,PSOBSE,Parlamentní shromáždění OBSE
psp:organ:1278,1278,,Mezinárodní organizace,CPSOBSE,"Hlavní výbor pro demokracii, lidská práva a humanitární otázky PS OBSE"
psp:organ:1279,1279,171,Komise,SKFAU,Stálá komise pro kontrolu činnosti Finančního analytického úřadu
psp:organ:1280,1280,1140,Meziparlamentní skupina v rámci MPU,XFR,Frankofonie
psp:organ:1281,1281,1140,Meziparlamentní skupina v rámci MPU,SN,Senegalská republika
psp:organ:1282,1282,171,Komise,VKÚOOZ,"Vyšetřovací komise k prověření činnosti příslušníků Policejního prezidia České republiky, Útvaru pro odhalování organizovaného zločinu Policie České republiky a státních zástupců Vrchního státního zastupitelství v Olomouci v souvislosti s reorganizací ÚOOZ a ÚOKFK Policie České republiky k 1. srpnu 2016"
psp:organ:1283,1283,,Senát,SE11,Senát
psp:organ:1284,1284,,Instituce,ÚDHPSH,Úřad pro dohled nad hospodařením politických stran a politických hnutí
psp:organ:1285,1285,1140,Meziparlamentní skupina v rámci MPU,IRN,Íránská islámská republika
psp:organ:1286,1286,144,Meziparlamentní skupina v rámci MPU,Čína,Čína
psp:organ:1287,1287,171,Komise,VKZS,"Vyšetřovací komise k prověření, zda nedocházelo k protiprávnímu jednání v souvislosti s možným neoprávněným získáváním spisů orgánů činných v trestním řízení nebo informací z těchto spisů a zda informace takto získané nebyly zneužívány k ovlivňování politické soutěže nebo destabilizaci demokratického právního státu"
psp:organ:1288,1288,1140,Meziparlamentní skupina v rámci MPU,BD,Bangladéš
psp:organ:1289,1289,,Politická strana,STAN,Starostove a nezavisli
psp:organ:1290,1290,,Politická strana,Piráti,Česká pirátská strana
psp:organ:1291,1291,,Politická strana,SPD,Svoboda a prima demokracie - Tomio Okamura
psp:organ:1292,1292,172,Klub,ANO,Poslanecký klub ANO 2011
psp:organ:1293,1293,172,Klub,KSČM,Poslanecký klub Komunistické strany Čech a Moravy
psp:organ:1294,1294,172,Klub,ČSSD,Poslanecký klub České strany sociálně demokratické
psp:organ:1295,1295,172,Klub,ODS,Poslanecký klub Občanské demokratické strany
psp:organ:1296,1296,172,Klub,STAN,Poslanecký klub Starostové a nezávislí
psp:organ:1297,1297,172,Klub,KDU-ČSL,Poslanecký klub KDU-ČSL
psp:organ:1298,1298,172,Klub,SPD,Poslanecký klub Svoboda a přímá demokracie
psp:organ:1299,1299,172,Klub,TOP09,Poslanecký klub TOP 09
psp:organ:1300,1300,172,Klub,Piráti,Poslanecký klub České pirátské strany
psp:organ:1301,1301,172,Komise,VK,Volební komise
psp:organ:1302,1302,172,Výbor,MIV,Mandátový a imunitní výbor
psp:organ:1303,1303,172,Výbor,PV,Petiční výbor
psp:organ:1304,1304,172,Výbor,ORGV,Organizační výbor
psp:organ:1305,1305,172,Výbor,RV,Rozpočtový výbor
psp:organ:1306,1306,172,Výbor,KV,Kontrolní výbor
psp:organ:1307,1307,172,Výbor,VOV,Volební výbor
psp:organ:1308,1308,172,Výbor,VEZ,Výbor pro evropské záležitosti
psp:organ:1309,1309,172,Výbor,HV,Hospodářský výbor
psp:organ:1310,1310,172,Výbor,UPV,Ústavně právní výbor
psp:organ:1311,1311,172,Výbor,VB,Výbor pro bezpečnost
psp:organ:1312,1312,172,Výbor,VO,Výbor pro obranu
psp:organ:1313,1313,172,Výbor,VSP,Výbor pro sociální politiku
psp:organ:1314,1314,172,Výbor,VVVKM,"Výbor pro vědu, vzdělání, kulturu, mládež a tělovýchovu"
psp:organ:1315,1315,172,Výbor,VSR,Výbor pro veřejnou správu a regionální rozvoj
psp:organ:1316,1316,172,Výbor,VZ,Výbor pro zdravotnictví
psp:organ:1317,1317,172,Výbor,VZP,Výbor pro životní prostředí
psp:organ:1318,1318,172,Výbor,ZAV,Zahraniční výbor
psp:organ:1319,1319,172,Výbor,ZEV,Zemědělský výbor
psp:organ:1320,1320,172,Komise,SKPKPS,Stálá komise pro práci Kanceláře Poslanecké sněmovny
psp:organ:1321,1321,172,Komise,SKRRPM,"Stálá komise pro rodinu, rovné příležitosti a národnostní menšiny"
psp:organ:1322,1322,172,Komise,SKÚČR,Stálá komise pro Ústavu České republiky
psp:organ:1323,1323,172,Komise,SKGIBS,Stálá komise pro kontrolu činnosti Generální inspekce bezpečnostních sborů
psp:organ:1324,1324,172,Komise,SKKPO,"Stálá komise pro kontrolu použití odposlechu a záznamu telekomunikačního provozu, použití sledování osob a věcí a rušení provozu elektronických komunikací"
psp:organ:1325,1325,172,Komise,SKCEÚ,Stálá komise pro kontrolu poskytnutí údajů z centrální evidence účtů
psp:organ:1326,1326,172,Komise,SKBIS,Stálá komise pro kontrolu činnosti Bezpečnostní informační služby
psp:organ:1327,1327,172,Komise,SKNBÚ,Stálá komise pro kontrolu činnosti Národního bezpečnostního úřadu
psp:organ:1328,1328,172,Komise,SKVZ,Stálá komise pro kontrolu činnosti Vojenského zpravodajství
psp:organ:1329,1329,172,Komise,SKFAÚ,Stálá komise pro kontrolu činnosti Finančního analytického úřadu
psp:organ:1330,1330,172,Komise,SKNÚKIB,Stálá komise pro kontrolu činnosti Národního úřadu pro kybernetickou a informační bezpečnost
psp:organ:1331,1331,172,Delegace,SDMPU,Stálá delegace Parlamentu do Meziparlamentní unie
psp:organ:1332,1332,172,Delegace,SDNATO,Stálá delegace Parlamentu do Parlamentního shromáždění NATO
psp:organ:1333,1333,172,Delegace,SDOBSE,Stálá delegace Parlamentu do Parlamentního shromáždění Organizace pro bezpečnost a spolupráci v Evropě
psp:organ:1334,1334,172,Delegace,SDPSRE,Stálá delegace Parlamentu do Parlamentního shromáždění Rady Evropy
psp:organ:1335,1335,172,Delegace,SDSEI,Stálá delegace Parlamentu do Středoevropské iniciativy
psp:organ:1336,1336,1310,Podvýbor,FP,Finanční podvýbor
psp:organ:1337,1337,172,Komise,VKOKD,Vyšetřovací komise k OKD
psp:organ:1338,1338,,Vláda,VládaČR,Vláda České republiky
psp:organ:1339,1339,1306,Podvýbor,PKHVS,Podvýbor pro kontrolu hospodaření veřejného sektoru
psp:organ:1340,1340,1309,Podvýbor,PD,Podvýbor pro dopravu
psp:organ:1341,1341,1309,Podvýbor,PE,Podvýbor pro energetiku
psp:organ:1342,1342,1309,Podvýbor,PPP,Podvýbor pro podnikatelské prostředí
psp:organ:1343,1343,1309,Podvýbor,POS,Podvýbor pro ochranu spotřebitele
psp:organ:1344,1344,1309,Podvýbor,PITDE,"Podvýbor pro ICT, telekomunikace a digitální ekonomiku"
psp:organ:1345,1345,1309,Podvýbor,PLVP,Podvýbor pro letectví a vesmírný program
psp:organ:1346,1346,1309,Podvýbor,PVVI,"Podvýbor pro vědu, výzkum a inovace"
psp:organ:1347,1347,1316,Podvýbor,PE,"Podvýbor pro ekonomiku ve zdravotnictví, zdravotní pojištění a přímo řízené organizace"
psp:organ:1348,1348,1316,Podvýbor,PPP,"Podvýbor pro preventivní programy, přednemocniční zdravotní péči a práva pacientů"
psp:organ:1349,1349,1316,Podvýbor,PNLP,"Podvýbor pro implementaci nových léčebných a vyšetřovacích postupů do praxe, propojení vědy a praxe"
psp:organ:1350,1350,1316,Podvýbor,PV,"Podvýbor pro vzdělávání ve zdravotnictví, včetně nelékařských pracovníků"
psp:organ:1351,1351,1316,Podvýbor,PEZ,Podvýbor pro elektronizaci ve zdravotnictví
psp:organ:1352,1352,1316,Podvýbor,PLK,"Podvýbor pro lékovou politiku, racionální využití farmakoterapie a přístrojové techniky"
psp:organ:1353,1353,1304,Podvýbor,PNPUSV,Podvýbor pro přípravu návrhů na propůjčení nebo udělení státních vyznamenání
psp:organ:1354,1354,1305,Podvýbor,PDCL,"Podvýbor pro daně, cla a loterie"
psp:organ:1355,1355,1305,Podvýbor,PBPFT,"Podvýbor pro bankovnictví, pojišťovnictví a finanční trhy"
psp:organ:1356,1356,1305,Podvýbor,PFUSVPE,Podvýbor pro financování územních samospráv a využívání prostředků Evropské unie
psp:organ:1357,1357,1314,Podvýbor,PHV,Podvýbor pro heraldiku a vexilologii
psp:organ:1358,1358,1314,Podvýbor,PS,Podvýbor pro sport
psp:organ:1359,1359,1314,Podvýbor,PVVS,Podvýbor pro vědu a vysoké školy
psp:organ:1360,1360,1314,Podvýbor,PRS,Podvýbor pro regionální školství
psp:organ:1361,1361,1314,Podvýbor,PNVP,Podvýbor pro náhradní výchovnou péči
psp:organ:1362,1362,1314,Podvýbor,PMVA,Podvýbor pro mládež a volnočasové aktivity
psp:organ:1363,1363,1314,Podvýbor,PK,Podvýbor pro kulturu
psp:organ:1364,1364,1317,Podvýbor,PFPZP,Podvýbor pro financování péče o životní prostředí
psp:organ:1365,1365,1317,Podvýbor,POPK,Podvýbor pro ochranu přírody a krajiny
psp:organ:1366,1366,1317,Podvýbor,PTOZP,Podvýbor pro technickou ochranu životního prostředí
psp:organ:1367,1367,1312,Podvýbor,PAMO,"Podvýbor pro akvizice Ministerstva obrany, obchod s vojenským materiálem a inovace AČR"
psp:organ:1368,1368,1312,Podvýbor,POKBP,"Podvýbor pro obrannou, kybernetickou a bezpečnostní politiku a strategické koncepce ČR"
psp:organ:1369,1369,1312,Podvýbor,PVV,Podvýbor pro válečné veterány
psp:organ:1370,1370,1313,Podvýbor,PSS,Podvýbor pro sociální služby a osoby zdravotně postižené
psp:organ:1371,1371,1313,Podvýbor,PSZP,Podvýbor pro sociálně zdravotní pomezí
psp:organ:1372,1372,1313,Podvýbor,PIT,Podvýbor pro informační technologie a dávkové systémy
psp:organ:1373,1373,1303,Podvýbor,POP,Podvýbor pro ochranu práv osob omezených na svobodě
psp:organ:1374,1374,1303,Podvýbor,PSSM,Podvýbor pro svobodu slova a média
psp:organ:1375,1375,172,Komise,SKÚZSI,Stálá komise pro kontrolu činnosti Úřadu pro zahraniční styky a informace
psp:organ:1376,1376,1319,Podvýbor,PMRVZCH,"Podvýbor pro myslivost, rybářství, včelařství, zahrádkářství a chovatelství"
psp:organ:1377,1377,1319,Podvýbor,PLH,Podvýbor pro lesní hospodářství
psp:organ:1378,1378,1319,Podvýbor,PVH,Podvýbor pro vodní hospodářství
psp:organ:1379,1379,1319,Podvýbor,PP,"Podvýbor pro potravinářství, veterinární činnost a živočišnou výrobu"
psp:organ:1380,1380,1319,Podvýbor,PRV,Podvýbor pro rozvoj venkova
psp:organ:1381,1381,,Instituce,NRR,Národní rozpočtová rada
psp:organ:1382,1382,1310,Podvýbor,PEIO,"Podvýbor pro problematiku exekucí, insolvencí a oddlužení"
psp:organ:1383,1383,1310,Podvýbor,PDJESB,Podvýbor pro digitalizaci justice a e-Sbírku
psp:organ:1384,1384,1310,Podvýbor,PJSS,Podvýbor pro justici a soudní samosprávu
psp:organ:1385,1385,1318,Podvýbor,PSK,Podvýbor pro styky s krajany
psp:organ:1386,1386,1318,Podvýbor,PRS,Podvýbor pro rozvojovou spolupráci
psp:organ:1387,1387,1318,Podvýbor,PVEV,Podvýbor pro vnější ekonomické vztahy
psp:organ:1388,1388,1315,Podvýbor,PBP,Podvýbor pro bytovou politiku
psp:organ:1389,1389,1315,Podvýbor,PEG,Podvýbor pro e – Government
psp:organ:1390,1390,1315,Podvýbor,PVS,Podvýbor pro veřejnou správu
psp:organ:1391,1391,1315,Podvýbor,PCR,Podvýbor pro cestovní ruch
psp:organ:1393,1393,1311,Podvýbor,PPČR,"Podvýbor pro Policii České republiky, obecní policii a soukromé bezpečnostní služby"
psp:organ:1394,1394,1311,Podvýbor,PHZS,Podvýbor pro Hasičský záchranný sbor České republiky
psp:organ:1395,1395,1311,Podvýbor,PV,Podvýbor pro vězeňství
psp:organ:1396,1396,1311,Podvýbor,PZZS,Podvýbor pro zdravotnické záchranné služby
psp:organ:1397,1397,1317,Podvýbor,PUR,Podvýbor pro udržitelný rozvoj
psp:organ:1413,1413,,Společné schůze Poslanecké sněmovny a Senátu,PSSE08,Společné schůze Poslanecké sněmovny a Senátu
psp:organ:1414,1414,1308,Podvýbor,PEFPS,Podvýbor pro evropské fondy a přeshraniční spolupráci
psp:organ:1415,1415,1308,Podvýbor,PMAP,Podvýbor pro migraci a azylovou politiku
psp:organ:1416,1416,1331,Meziparlamentní skupina v rámci MPU,VN,Vietnam
psp:organ:1417,1417,1331,Meziparlamentní skupina v rámci MPU,IT,Itálie
psp:organ:1418,1418,1331,Meziparlamentní skupina v rámci MPU,DE,Spolková republika Německo
psp:organ:1419,1419,1331,Meziparlamentní skupina v rámci MPU,A,Rakousko
psp:organ:1420,1420,1331,Meziparlamentní skupina v rámci MPU,MX,Mexiko
psp:organ:1421,1421,1331,Meziparlamentní skupina v rámci MPU,CU,Kuba
psp:organ:1422,1422,1331,Meziparlamentní skupina v rámci MPU,KR,Korejská republika
psp:organ:1423,1423,1331,Meziparlamentní skupina v rámci MPU,JP,Japonsko
psp:organ:1424,1424,1331,Meziparlamentní skupina v rámci MPU,"AU, NZ","Austrálie, Nový Zéland"
psp:organ:1425,1425,1331,Meziparlamentní skupina v rámci MPU,AM,Arménie
psp:organ:1426,1426,1331,Meziparlamentní skupina v rámci MPU,SY,Syrská arabská republika
psp:organ:1427,1427,1331,Meziparlamentní skupina v rámci MPU,LT,Litva
psp:organ:1428,1428,1331,Meziparlamentní skupina v rámci MPU,LV,Lotyšsko
psp:organ:1429,1429,1331,Meziparlamentní skupina v rámci MPU,EE,Estonsko
psp:organ:1430,1430,1331,Meziparlamentní skupina v rámci MPU,FR,Francie
psp:organ:1431,1431,1331,Meziparlamentní skupina v rámci MPU,KZ,Kazachstán
psp:organ:1432,1432,1331,Meziparlamentní skupina v rámci MPU,RU,Ruská federace
psp:organ:1433,1433,1331,Meziparlamentní skupina v rámci MPU,UA,Ukrajina
psp:organ:1434,1434,1331,Meziparlamentní skupina v rámci MPU,BY,Bělorusko
psp:organ:1435,1435,1331,Meziparlamentní skupina v rámci MPU,ES,Španělské království
psp:organ:1436,1436,1331,Meziparlamentní skupina v rámci MPU,NS,Severské státy
psp:organ:1437,1437,1331,Meziparlamentní skupina v rámci MPU,H,Maďarsko
psp:organ:1438,1438,1331,Meziparlamentní skupina v rámci MPU,GR,Řecko
psp:organ:1439,1439,1331,Meziparlamentní skupina v rámci MPU,BG,Bulharsko
psp:organ:1440,1440,1331,Meziparlamentní skupina v rámci MPU,GE,Gruzie
psp:organ:1441,1441,1331,Meziparlamentní skupina v rámci MPU,CA,Kanada
psp:organ:1442,1442,1331,Meziparlamentní skupina v rámci MPU,PL,Polsko
psp:organ:1443,1443,1331,Meziparlamentní skupina v rámci MPU,SK,Slovensko
psp:organ:1444,1444,1331,Meziparlamentní skupina v rámci MPU,CH,Švýcarsko
psp:organ:1445,1445,1331,Meziparlamentní skupina v rámci MPU,USA,Spojené státy americké
psp:organ:1446,1446,1331,Meziparlamentní skupina v rámci MPU,ARE,Spojené arabské emiráty
psp:organ:1447,1447,1331,Meziparlamentní skupina v rámci MPU,ISR,Izrael
psp:organ:1448,1448,1331,Meziparlamentní skupina v rámci MPU,OMN,Sultanát Omán
psp:organ:1453,1453,1331,Meziparlamentní skupina v rámci MPU,CN,Čína
psp:organ:1454,1454,1331,Meziparlamentní skupina v rámci MPU,CL,Chile
psp:organ:1455,1455,1331,Meziparlamentní skupina v rámci MPU,PT,Portugalsko
psp:organ:1456,1456,1331,Meziparlamentní skupina v rámci MPU,NPL,Nepál
psp:organ:1457,1457,1331,Meziparlamentní skupina v rámci MPU,GBR,Velká Británie
psp:organ:1458,1458,1331,Meziparlamentní skupina v rámci MPU,SVN,Slovinsko
psp:organ:1459,1459,1331,Meziparlamentní skupina v rámci MPU,HRV,Chorvatsko
psp:organ:1460,1460,1331,Meziparlamentní skupina v rámci MPU,XJA,státy Jižní Ameriky
psp:organ:1461,1461,1331,Meziparlamentní skupina v rámci MPU,THA,Thajské království
psp:organ:1462,1462,1331,Meziparlamentní skupina v rámci MPU,AZE,Ázerbajdžán
psp:organ:1463,1463,1313,Podvýbor,PKSR,Podvýbor pro krizové situace v rodinách
psp:organ:1464,1464,1331,Meziparlamentní skupina v rámci MPU,KW,Kuvajt
psp:organ:1465,1465,1331,Meziparlamentní skupina v rámci MPU,SA,Saudská Arábie
psp:organ:1466,1466,1331,Meziparlamentní skupina v rámci MPU,IR,Íránská islámská republika
psp:organ:1467,1467,1331,Meziparlamentní skupina v rámci MPU,TN,Tunisko
psp:organ:1468,1468,1331,Meziparlamentní skupina v rámci MPU,JM,Jamajka
psp:organ:1469,1469,1331,Meziparlamentní skupina v rámci MPU,JO,Jordánské hášimovské království
psp:organ:1470,1470,1331,Meziparlamentní skupina v rámci MPU,PK,Pákistánská islámská republika
psp:organ:1471,1471,1402,Oddělení,I_OL,I. oddělení legislativní
psp:organ:1473,1473,1403,Oddělení,OSC,Oddělení sněmovní činnosti
psp:organ:1474,1474,1403,Oddělení,OSS,Oddělení stenografické služby
psp:organ:1475,1475,1404,Oddělení,ODS,Oddělení sítí a infrastruktury
psp:organ:1476,1476,1404,Oddělení,OIS,Oddělení vývoje a aplikačních služeb
psp:organ:1477,1477,1404,Oddělení,OAV,Oddělení audiovizuální techniky
psp:organ:1478,1478,1406,Oddělení,OZ,Oddělení zahraniční
psp:organ:1479,1479,1406,Oddělení,OR,Oddělení realizace zahraničních cest a návštěv
psp:organ:1480,1480,1407,Oddělení,EO,Oddělení ekonomické
psp:organ:1481,1481,1408,Oddělení,OSS,Oddělení spisové služby
psp:organ:1482,1482,1407,Oddělení,OHP,Oddělení hospodářského provozu
psp:organ:1483,1483,1407,Oddělení,OPP,Oddělení přípravy pokrmů
psp:organ:1485,1485,1408,Oddělení,OPK,Oddělení Parlamentní knihovny
psp:organ:1486,1486,1408,Oddělení,OA,Oddělení Archivu Poslanecké sněmovny
psp:organ:1487,1487,1409,Oddělení,OVS,Oddělení pro všeobecné studie
psp:organ:1488,1488,1409,Oddělení,OEU,Oddělení pro záležitosti Evropské unie
psp:organ:1489,1489,1409,Oddělení,OKV,Oddělení komunikace a vzdělávání
psp:organ:1490,1490,1398,Oddělení,OSPPS,Oddělení sekretariátu předsedy PS
psp:organ:1491,1491,1398,Oddělení,OÚPPS,Odborný útvar předsedy PS
psp:organ:1492,1492,1398,Oddělení,OP,Oddělení protokolu
psp:organ:1493,1493,1398,Oddělení,DO,Dopisové oddělení
psp:organ:1494,1494,,Vláda,VládaČR,Vláda České republiky
psp:organ:1495,1495,,Test,Test,Test
psp:organ:1496,1496,1331,Meziparlamentní skupina v rámci MPU,RS,Srbská republika
psp:organ:1497,1497,,Senát,SE12,Senát
psp:organ:1498,1498,1331,Meziparlamentní skupina v rámci MPU,MN,Mongolsko
psp:organ:1499,1499,1331,Meziparlamentní skupina v rámci MPU,CY,Kypr
psp:organ:1500,1500,172,Klub,Nezařaz,Nezařazení
psp:organ:1501,1501,1331,Meziparlamentní skupina v rámci MPU,AO,Angola
psp:organ:1502,1502,1331,Meziparlamentní skupina v rámci MPU,BR,Brazílie
psp:organ:1503,1503,1331,Meziparlamentní skupina v rámci MPU,NL,Nizozemské království
psp:organ:1507,1507,1331,Meziparlamentní skupina v rámci MPU,MA,Marocké království
psp:organ:1508,1508,1331,Meziparlamentní skupina v rámci MPU,LB,Libanon
psp:organ:1509,1509,1331,Meziparlamentní skupina v rámci MPU,QA,Katar
psp:organ:1510,1510,1331,Meziparlamentní skupina v rámci MPU,AL,Albánská republika
psp:organ:1511,1511,1331,Meziparlamentní skupina v rámci MPU,IQ,Irácká republika
psp:organ:1512,1512,,Evropský parlament,EP,Evropský parlament
psp:organ:1513,1513,1331,Meziparlamentní skupina v rámci MPU,MK,Severní Makedonie
psp:organ:1514,1514,1331,Meziparlamentní skupina v rámci MPU,BH,Bahrajnské království
psp:organ:1515,1515,1331,Meziparlamentní skupina v rámci MPU,MD,Moldavská republika
psp:organ:1516,1516,1331,Meziparlamentní skupina v rámci MPU,PE,Peruánská rapublika
psp:organ:1517,1517,1331,Meziparlamentní skupina v rámci MPU,AFG,Afghánská islámská republika
psp:organ:1518,1518,172,Komise,DKCOVID,Dočasná komise pro hodnocení účinnosti vládní pomoci v rámci COVID
psp:organ:1519,1519,,Externi,OO,Odborová organizace
psp:organ:1520,1520,172,Komise,SKHH,Stálá komise pro hybridní hrozby
psp:organ:1521,1521,,Senát,SE13,Senát
psp:organ:1522,1522,,Ostatní,GA ČR,Grantová agentura České republiky
psp:organ:1523,1523,,Ostatní,ČNB,Česká národní banka
psp:organ:1524,1524,,Ostatní,EGAP,"Exportní garanční a pojišťovací společnost, a.s."
psp:organ:1525,1525,,Ostatní,ČEB,Česká exportní banka
psp:organ:1526,1526,,Ostatní,ÚPDI,Úřad pro přístup k dopravní infrastruktuře
psp:organ:1527,1527,,Ostatní,ČTÚ,Český telekomunikační úřad
psp:organ:1528,1528,,Ostatní,FA,Finanční arbitr
psp:organ:1529,1529,,Ostatní,VOP,Veřejný ochránce práv
psp:organ:1530,1530,1315,Podvýbor,PRT,Podvýbor pro regiony v transformaci
psp:organ:1531,1531,172,Komise,VKBEČVA,Vyšetřovací komise k ekologické katastrofě na řece Bečvě
psp:organ:1532,1532,,Instituce,ONKZSČR,Orgán nezávislé kontroly zpravodajských služeb České republiky
psp:organ:1533,1533,,Politická strana,SPOLU,Spolu
psp:organ:1534,1534,,Politická strana,PirSTAN,Pirati+STAN
psp:organ:1535,1535,173,Klub,Piráti,Poslanecký klub České pirátské strany
psp:organ:1536,1536,173,Klub,STAN,Poslanecký klub Starostové a nezávislí
psp:organ:1537,1537,173,Klub,ANO,Poslanecký klub ANO 2011
psp:organ:1538,1538,173,Klub,ODS,Poslanecký klub Občanské demokratické strany
psp:organ:1539,1539,173,Klub,KDU-ČSL,Poslanecký klub KDU-ČSL
psp:organ:1540,1540,173,Klub,SPD,Poslanecký klub Svoboda a přímá demokracie
psp:organ:1541,1541,173,Klub,TOP09,Poslanecký klub TOP 09
psp:organ:1542,1542,173,Komise,VK,Volební komise
psp:organ:1543,1543,173,Výbor,MIV,Mandátový a imunitní výbor
psp:organ:1544,1544,173,Výbor,PV,Petiční výbor
psp:organ:1545,1545,173,Výbor,RV,Rozpočtový výbor
psp:organ:1546,1546,173,Výbor,KV,Kontrolní výbor
psp:organ:1547,1547,173,Výbor,ORGV,Organizační výbor
psp:organ:1548,1548,173,Výbor,VMZ,Výbor pro mediální záležitosti
psp:organ:1549,1549,173,Výbor,VEZ,Výbor pro evropské záležitosti
psp:organ:1550,1550,173,Výbor,HV,Hospodářský výbor
psp:organ:1551,1551,173,Výbor,ÚPV,Ústavně-právní výbor
psp:organ:1552,1552,173,Výbor,VB,Výbor pro bezpečnost
psp:organ:1553,1553,173,Výbor,VO,Výbor pro obranu
psp:organ:1554,1554,173,Výbor,VSP,Výbor pro sociální politiku
psp:organ:1555,1555,173,Výbor,VVVKM,"Výbor pro vědu, vzdělání, kulturu, mládež a tělovýchovu"
psp:organ:1556,1556,173,Výbor,VSR,Výbor pro veřejnou správu a regionální rozvoj
psp:organ:1557,1557,173,Výbor,VZ,Výbor pro zdravotnictví
psp:organ:1558,1558,173,Výbor,VŽP,Výbor pro životní prostředí
psp:organ:1559,1559,173,Výbor,ZAV,Zahraniční výbor
psp:organ:1560,1560,173,Výbor,ZEV,Zemědělský výbor
psp:organ:1561,1561,173,Komise,SKKPO,"Stálá komise pro kontrolu použití odposlechu a záznamu telekomunikačního provozu, použití sledování osob a věcí a rušení provozu elektronických komunikací"
psp:organ:1562,1562,173,Komise,SKCEÚ,Stálá komise pro kontrolu poskytnutí údajů z centrální evidence účtů
psp:organ:1563,1563,173,Komise,SKBIS,Stálá komise pro kontrolu činnosti Bezpečnostní informační služby
psp:organ:1564,1564,173,Komise,SKNBÚ,Stálá komise pro kontrolu činnosti Národního bezpečnostního úřadu
psp:organ:1565,1565,173,Komise,SKVZ,Stálá komise pro kontrolu činnosti Vojenského zpravodajství
psp:organ:1566,1566,173,Komise,SKFAÚ,Stálá komise pro kontrolu činnosti Finančního analytického úřadu
psp:organ:1567,1567,173,Komise,SKNÚKIB,Stálá komise pro kontrolu činnosti Národního úřadu pro kybernetickou a informační bezpečnost
psp:organ:1568,1568,173,Komise,SKÚZSI,Stálá komise pro kontrolu činnosti Úřadu pro zahraniční styky a informace
psp:organ:1569,1569,173,Komise,SKGIBS,Stálá komise pro kontrolu činnosti Generální inspekce bezpečnostních sborů
psp:organ:1570,1570,173,Komise,SKRRP,Stálá komise pro rodinu a rovné příležitosti
psp:organ:1571,1571,173,Komise,SKÚČR,Stálá komise pro Ústavu České republiky
psp:organ:1572,1572,173,Komise,SKPKPS,Stálá komise pro práci Kanceláře Poslanecké sněmovny
psp:organ:1573,1573,173,Komise,SKHH,Stálá komise pro hybridní hrozby
psp:organ:1574,1574,173,Delegace,SDMPU,Stálá delegace Parlamentu do Meziparlamentní unie
psp:organ:1575,1575,173,Delegace,SDNATO,Stálá delegace Parlamentu do Parlamentního shromáždění NATO
psp:organ:1576,1576,173,Delegace,SDOBSE,Stálá delegace Parlamentu do Parlamentního shromáždění Organizace pro bezpečnost a spolupráci v Evropě
psp:organ:1577,1577,173,Delegace,SDPSRE,Stálá delegace Parlamentu do Parlamentního shromáždění Rady Evropy
psp:organ:1578,1578,173,Delegace,SDSEI,Stálá delegace Parlamentu do Středoevropské iniciativy
psp:organ:1579,1579,1555,Podvýbor,PVVS,Podvýbor pro vědu a vysoké školy
psp:organ:1580,1580,1555,Podvýbor,PRSCV,Podvýbor pro regionální školství a celoživotní učení
psp:organ:1581,1581,1555,Podvýbor,PNVP,Podvýbor pro náhradní výchovnou péči
psp:organ:1582,1582,1555,Podvýbor,PK,Podvýbor pro kulturu
psp:organ:1583,1583,1555,Podvýbor,PHV,Podvýbor pro heraldiku a vexilologii
psp:organ:1584,1584,1555,Podvýbor,PMVA,Podvýbor pro mládež a volnočasové aktivity
psp:organ:1585,1585,1555,Podvýbor,PS,Podvýbor pro sport
psp:organ:1586,1586,1551,Podvýbor,PPEI,Podvýbor pro problematiku exekucí a insolvencí
psp:organ:1587,1587,1551,Podvýbor,PJ,Podvýbor pro justici
psp:organ:1588,1588,1551,Podvýbor,PDSN,Podvýbor pro problematiku domácího a sexuálního násilí
psp:organ:1589,1589,1551,Podvýbor,PF,Finanční podvýbor
psp:organ:1590,1590,1559,Podvýbor,PSK,Podvýbor pro styky s krajany
psp:organ:1591,1591,1559,Podvýbor,PRS,Podvýbor pro rozvojovou spolupráci
psp:organ:1592,1592,1559,Podvýbor,PVEV,Podvýbor pro vnější ekonomické vztahy
psp:organ:1593,1593,1558,Podvýbor,PFPŽP,Podvýbor pro financování péče o životní prostředí
psp:organ:1594,1594,1558,Podvýbor,POPK,Podvýbor pro ochranu přírody a krajiny
psp:organ:1595,1595,1558,Podvýbor,PTOŽP,Podvýbor pro technickou ochranu životního prostředí
psp:organ:1596,1596,1558,Podvýbor,PEL,Podvýbor pro environmentální legislativu EU
psp:organ:1597,1597,1550,Podvýbor,PD,Podvýbor pro dopravu
psp:organ:1598,1598,1550,Podvýbor,PE,Podvýbor pro energetiku
psp:organ:1599,1599,1550,Podvýbor,PPP,Podvýbor pro podnikatelské prostředí
psp:organ:1600,1600,1550,Podvýbor,POS,Podvýbor pro ochranu spotřebitele
psp:organ:1601,1601,1550,Podvýbor,PITDE,"Podvýbor pro ICT, telekomunikace a digitální ekonomiku"
psp:organ:1602,1602,1550,Podvýbor,PLVP,Podvýbor pro letectví a vesmírný program
psp:organ:1603,1603,1550,Podvýbor,PSVVI,"Podvýbor pro startupy, vědu, výzkum a inovace"
psp:organ:1604,1604,1552,Podvýbor,PPČR,"Podvýbor pro Policii České republiky, obecní policii a soukromé bezpečnostní služby"
psp:organ:1605,1605,1552,Podvýbor,PHZS,Podvýbor pro Hasičský záchranný sbor České republiky
psp:organ:1606,1606,1552,Podvýbor,PV,Podvýbor pro vězeňství
psp:organ:1607,1607,1552,Podvýbor,PZZS,Podvýbor pro zdravotnické záchranné služby
psp:organ:1608,1608,1549,Podvýbor,PEFPSZT,"Podvýbor pro evropské fondy, přeshraniční spolupráci a zelenou transformaci"
psp:organ:1609,1609,1549,Podvýbor,PMAP,Podvýbor pro migraci a azylovou politiku
psp:organ:1610,1610,1545,Podvýbor,PBPFT,"Podvýbor pro bankovnictví, pojišťovnictví a finanční trhy"
psp:organ:1611,1611,1545,Podvýbor,PDCL,"Podvýbor pro daně, cla a loterie"
psp:organ:1612,1612,1545,Podvýbor,PFMSPEU,Podvýbor pro financování územních samospráv a využívání prostředků Evropské unie
psp:organ:1613,1613,1560,Podvýbor,PMRVZC,"Podvýbor pro myslivost, rybářství, včelařství, zahrádkářství a chovatelství"
psp:organ:1614,1614,1560,Podvýbor,PLH,Podvýbor pro lesní hospodářství
psp:organ:1615,1615,1560,Podvýbor,PVH,Podvýbor pro vodní hospodářství
psp:organ:1616,1616,1560,Podvýbor,PPVČŽV,"Podvýbor pro potravinářství, veterinární činnost a živočišnou výrobu"
psp:organ:1617,1617,1560,Podvýbor,PRV,Podvýbor pro rozvoj venkova
psp:organ:1618,1618,1557,Podvýbor,PFZZP,Podvýbor pro oblast financování zdravotnictví a zdravotní pojištění
psp:organ:1619,1619,1557,Podvýbor,PVZEP,"Podvýbor pro veřejné zdravotnictví, epidemiologii a prevenci"
psp:organ:1620,1620,1557,Podvýbor,PPZILVM,"Podvýbor pro oblast populačního zdraví, implementaci nových léčebných a vyšetřovacích metod"
psp:organ:1622,1622,1557,Podvýbor,PEZEZL,Podvýbor pro elektronizaci ve zdravotnictví a evropskou zdravotní legislativu
psp:organ:1623,1623,1557,Podvýbor,PLPPTZP,"Podvýbor pro lékovou politiku, přístrojovou techniku a zdravotnické prostředky"
psp:organ:1625,1625,1557,Podvýbor,POSPVVV,"Podvýbor pro oblast specializačního a profesního vzdělávání, vědu a výzkum"
psp:organ:1626,1626,1544,Podvýbor,POLP,Podvýbor pro ochranu lidských práv
psp:organ:1627,1627,1544,Podvýbor,PNM,Podvýbor pro národnostní menšiny
psp:organ:1628,1628,,Vláda,VládaČR,Vláda České republiky
psp:organ:1629,1629,1554,Podvýbor,PSSOZP,Podvýbor pro sociální služby a osoby zdravotně postižené
psp:organ:1630,1630,1554,Podvýbor,PSZP,Podvýbor pro sociálně zdravotní pomezí
psp:organ:1631,1631,1554,Podvýbor,PITDSPU,"Podvýbor pro informační technologie, dávkové systémy a problematiku Úřadu práce"
psp:organ:1632,1632,1547,Podvýbor,PNPUSV,Podvýbor pro přípravu návrhů na propůjčení nebo udělení státních vyznamenání
psp:organ:1633,1633,1554,Podvýbor,SVLZLVT,Podvýbor pro sociálně vyloučené lokality a začleňování lidí po výkonu trestu
psp:organ:1635,1635,1556,Podvýbor,PBPV,Podvýbor pro bytovou politiku a výstavbu
psp:organ:1636,1636,1556,Podvýbor,PCR,Podvýbor pro cestovní ruch
psp:organ:1637,1637,1556,Podvýbor,PEG,Podvýbor pro e – Government
psp:organ:1638,1638,1556,Podvýbor,PRT,Podvýbor pro regiony v transformaci
psp:organ:1639,1639,1556,Podvýbor,PVS,Podvýbor pro veřejnou správu
psp:organ:1640,1640,1546,Podvýbor,PKHVS,Podvýbor pro kontrolu hospodaření veřejného sektoru
psp:organ:1641,1641,1548,Podvýbor,PMSS,Podvýbor pro média a svobodu slova
psp:organ:1643,1643,1574,Meziparlamentní skupina v rámci MPU,AM,Arménie
psp:organ:1644,1644,1574,Meziparlamentní skupina v rámci MPU,"AU, NZ","Austrálie, Nový Zéland"
psp:organ:1645,1645,1574,Meziparlamentní skupina v rámci MPU,AZE,Ázerbajdžán
psp:organ:1646,1646,1574,Meziparlamentní skupina v rámci MPU,EE,Estonsko
psp:organ:1647,1647,1574,Meziparlamentní skupina v rámci MPU,FR,Francie
psp:organ:1648,1648,1574,Meziparlamentní skupina v rámci MPU,GE,Gruzie
psp:organ:1649,1649,1574,Meziparlamentní skupina v rámci MPU,CL,Chile
psp:organ:1650,1650,1574,Meziparlamentní skupina v rámci MPU,HRV,Chorvatsko
psp:organ:1651,1651,1574,Meziparlamentní skupina v rámci MPU,IR,Íránská islámská republika
psp:organ:1652,1652,1574,Meziparlamentní skupina v rámci MPU,IT,Itálie
psp:organ:1653,1653,1574,Meziparlamentní skupina v rámci MPU,ISR,Izrael
psp:organ:1654,1654,1574,Meziparlamentní skupina v rámci MPU,JP,Japonsko
psp:organ:1655,1655,1574,Meziparlamentní skupina v rámci MPU,CA,Kanada
psp:organ:1656,1656,1574,Meziparlamentní skupina v rámci MPU,QA,Katar
psp:organ:1657,1657,1574,Meziparlamentní skupina v rámci MPU,KZ,Kazachstán
psp:organ:1658,1658,1574,Meziparlamentní skupina v rámci MPU,KR,Korejská republika
psp:organ:1659,1659,1574,Meziparlamentní skupina v rámci MPU,CU,Kuba
psp:organ:1660,1660,1574,Meziparlamentní skupina v rámci MPU,KW,Kuvajt
psp:organ:1661,1661,1574,Meziparlamentní skupina v rámci MPU,LT,Litva
psp:organ:1662,1662,1574,Meziparlamentní skupina v rámci MPU,LV,Lotyšsko
psp:organ:1663,1663,1574,Meziparlamentní skupina v rámci MPU,H,Maďarsko
psp:organ:1664,1664,1574,Meziparlamentní skupina v rámci MPU,MA,Marocké království
psp:organ:1665,1665,1574,Meziparlamentní skupina v rámci MPU,MX,Mexiko
psp:organ:1666,1666,1574,Meziparlamentní skupina v rámci MPU,MN,Mongolsko
psp:organ:1667,1667,1574,Meziparlamentní skupina v rámci MPU,PL,Polsko
psp:organ:1668,1668,1574,Meziparlamentní skupina v rámci MPU,PT,Portugalsko
psp:organ:1669,1669,1574,Meziparlamentní skupina v rámci MPU,A,Rakousko
psp:organ:1670,1670,1574,Meziparlamentní skupina v rámci MPU,GR,Řecko
psp:organ:1671,1671,1574,Meziparlamentní skupina v rámci MPU,SA,Saudská Arábie
psp:organ:1672,1672,1574,Meziparlamentní skupina v rámci MPU,MK,Severní Makedonie
psp:organ:1673,1673,1574,Meziparlamentní skupina v rámci MPU,NS,Severské státy
psp:organ:1674,1674,1574,Meziparlamentní skupina v rámci MPU,SK,Slovensko
psp:organ:1675,1675,1574,Meziparlamentní skupina v rámci MPU,SVN,Slovinsko
psp:organ:1676,1676,1574,Meziparlamentní skupina v rámci MPU,ARE,Spojené arabské emiráty
psp:organ:1677,1677,1574,Meziparlamentní skupina v rámci MPU,DE,Spolková republika Německo
psp:organ:1678,1678,1574,Meziparlamentní skupina v rámci MPU,CH,Švýcarsko
psp:organ:1679,1679,1574,Meziparlamentní skupina v rámci MPU,THA,Thajské království
psp:organ:1680,1680,1574,Meziparlamentní skupina v rámci MPU,UA,Ukrajina
psp:organ:1681,1681,1574,Meziparlamentní skupina v rámci MPU,GBR,Velká Británie
psp:organ:1682,1682,1574,Meziparlamentní skupina v rámci MPU,VN,Vietnam
psp:organ:1683,1683,1574,Meziparlamentní skupina v rámci MPU,AL,Albánská republika
psp:organ:1684,1684,1574,Meziparlamentní skupina v rámci MPU,BH,Bahrajnské království
psp:organ:1685,1685,1574,Meziparlamentní skupina v rámci MPU,IQ,Irácká republika
psp:organ:1686,1686,1574,Meziparlamentní skupina v rámci MPU,JO,Jordánské hášimovské království
psp:organ:1687,1687,1574,Meziparlamentní skupina v rámci MPU,PK,Pákistánská islámská republika
psp:organ:1688,1688,1574,Meziparlamentní skupina v rámci MPU,RS,Srbská republika
psp:organ:1689,1689,1574,Meziparlamentní skupina v rámci MPU,ES,Španělské království
psp:organ:1690,1690,1574,Meziparlamentní skupina v rámci MPU,TN,Tunisko
psp:organ:1691,1691,1574,Meziparlamentní skupina v rámci MPU,USA,Spojené státy americké
psp:organ:1692,1692,1574,Meziparlamentní skupina v rámci MPU,CN,Čína
psp:organ:1693,1693,1574,Meziparlamentní skupina v rámci MPU,OMN,Sultanát Omán
psp:organ:1694,1694,1574,Meziparlamentní skupina v rámci MPU,TR,Turecká republika
psp:organ:1695,1695,1574,Meziparlamentní skupina v rámci MPU,PH,Filipínská republika
psp:organ:1696,1696,1574,Meziparlamentní skupina v rámci MPU,ME,Černá Hora
psp:organ:1697,1697,1574,Meziparlamentní skupina v rámci MPU,RW,Rwandská republika
psp:organ:1698,1698,1574,Meziparlamentní skupina v rámci MPU,BH,Bosna a Hercegovina
psp:organ:1699,1699,1553,Podvýbor,PAMO,"Podvýbor pro akvizice Ministerstva obrany, obchod s vojenským materiálem a inovace AČR"
psp:organ:1700,1700,1553,Podvýbor,POKBP,"Podvýbor pro obrannou, kybernetickou a bezpečnostní politiku a strategické koncepce ČR"
psp:organ:1701,1701,1553,Podvýbor,PVV,Podvýbor pro válečné veterány
psp:organ:1702,1702,1574,Meziparlamentní skupina v rámci MPU,MD,Moldavsko
psp:organ:1703,1703,1574,Meziparlamentní skupina v rámci MPU,RO,Rumunsko
psp:organ:1705,1705,1574,Meziparlamentní skupina v rámci MPU,TZ,Tanzanie
psp:organ:1708,1708,1574,Meziparlamentní skupina v rámci MPU,GH,Ghana
psp:organ:1709,1709,1574,Meziparlamentní skupina v rámci MPU,"BE, LU","Belgie, Lucembursko"
psp:organ:1710,1710,1574,Meziparlamentní skupina v rámci MPU,SY,Sýrie
psp:organ:1711,1711,1574,Meziparlamentní skupina v rámci MPU,BENELUX,Benelux
psp:organ:1712,1712,1402,Oddělení,II_OL,II. oddělení legislativní
psp:organ:1713,1713,1405,Oddělení,PRM,Oddělení médií a PR
psp:organ:1714,1714,1406,Oddělení,OMO,Oddělení meziparlamentních organizací
psp:organ:1715,1715,1408,Oddělení,OD,Oddělení digitalizace a ochrany archivních a knihovních fondů
psp:organ:1716,1716,1409,Oddělení,OREA,Oddělení rozpočtových a ekonomických analýz
psp:organ:1717,1717,1559,Podvýbor,PPD,Podvýbor pro podporu demokracie a lidských práv v zahraničí
psp:organ:1718,1718,1574,Meziparlamentní skupina v rámci MPU,IN,Indie
psp:organ:1719,1719,,Společné schůze Poslanecké sněmovny a Senátu,PSSE09,Společné schůze Poslanecké sněmovny a Senátu
psp:organ:1720,1720,173,Klub,Nezařaz,Nezařazení
psp:organ:1722,1722,,Senát,SE14,Senát
psp:organ:1723,1723,1574,Meziparlamentní skupina v rámci MPU,MYA,Republika Myanmarský svaz
psp:organ:1724,1724,1574,Meziparlamentní skupina v rámci MPU,RI,Indonéská republika
psp:organ:1725,1725,,Dozorčí komise,DKNSA,Dozorčí komise Národní sportovní agentury
psp:organ:1726,1726,1574,Meziparlamentní skupina v rámci MPU,NG,Nigerijská federativní republika
psp:organ:1727,1727,1574,Meziparlamentní skupina v rámci MPU,UY,Uruguayská východní republika
psp:organ:1728,1728,1405,Oddělení,OM,Oddělení marketingu
psp:organ:1729,1729,1721,Oddělení,OM,Oddělení provozu gastronomických zařízení
psp:organ:1730,1730,1721,Oddělení,OM,Oddělení administrativy a nákupu
psp:organ:1731,1731,1574,Meziparlamentní skupina v rámci MPU,CY,Kypr
psp:organ:1732,1732,1574,Meziparlamentní skupina v rámci MPU,DZ,Alžírsko
psp:organ:1734,1734,1574,Meziparlamentní skupina v rámci MPU,AO,Angolská republika
psp:organ:1735,1735,,Instituce,KFA,Kancelář finančního arbitra
psp:organ:1736,1736,1574,Meziparlamentní skupina v rámci MPU,PY,Paraguyaská republika
psp:organ:1737,1737,1574,Meziparlamentní skupina v rámci MPU,AR,Argentinská republika
psp:organ:1738,1738,173,Komise,VKFF,Vyšetřovací komise ke střelbě na Filozofické fakultě Univerzity Karlovy dne 21. 12. 2023
psp:organ:1739,1739,,Senát,SE15,Senát
psp:organ:1740,1740,,Instituce,RSFAPK,Rada Státního fondu audiovize pro poskytování podpory kinematografie
psp:organ:1741,1741,,Instituce,RSFAPTV,Rada Státního fondu audiovize pro poskytování podpory televizních děl
psp:organ:1742,1742,,Instituce,RSFAPAA,Rada Státního fondu audiovize pro poskytování podpory animovaných audiovizuálních děl a videoher
psp:organ:1743,1743,,Instituce,RSFAPIA,Rada Státního fondu audiovize pro poskytování podpory infrastruktury audiovize
psp:organ:1744,1744,,Politická strana,Moto,Motoristé sobě
psp:organ:1745,1745,174,Klub,Piráti,Poslanecký klub Piráti
psp:organ:1746,1746,174,Klub,SPD,Poslanecký klub Svoboda a přímá demokracie
psp:organ:1747,1747,174,Klub,TOP09,Poslanecký klub TOP 09
psp:organ:1748,1748,174,Klub,KDU-ČSL,Poslanecký klub KDU-ČSL
psp:organ:1749,1749,174,Klub,MS,Poslanecký klub Motoristé sobě
psp:organ:1750,1750,174,Klub,ANO2011,Poslanecký klub ANO 2011
psp:organ:1751,1751,174,Klub,ODS,Poslanecký klub ODS
psp:organ:1752,1752,174,Klub,STAN,Poslanecký klub Starostové a nezávislí
psp:organ:1753,1753,174,Test,VK-X,VK (extra)
psp:organ:1754,1754,174,Komise,VK,Volební komise
psp:organ:1755,1755,174,Výbor,MIV,Mandátový a imunitní výbor
psp:organ:1756,1756,174,Výbor,PV,Petiční výbor
psp:organ:1757,1757,174,Výbor,KV,Kontrolní výbor
psp:organ:1758,1758,174,Výbor,ORGV,Organizační výbor
psp:organ:1759,1759,174,Výbor,VMZ,Výbor pro mediální záležitosti
psp:organ:1760,1760,174,Výbor,VEZ,Výbor pro evropské záležitosti
psp:organ:1761,1761,174,Výbor,HV,Hospodářský výbor
psp:organ:1762,1762,174,Výbor,ÚPV,Ústavně-právní výbor
psp:organ:1763,1763,174,Výbor,VO,Výbor pro obranu
psp:organ:1764,1764,174,Výbor,VSP,Výbor pro sociální politiku
psp:organ:1765,1765,174,Výbor,VVVMS,"Výbor pro vědu, vzdělávání, mládež a sport"
psp:organ:1766,1766,174,Výbor,VSR,Výbor pro veřejnou správu a regionální rozvoj
psp:organ:1767,1767,174,Výbor,VZ,Výbor pro zdravotnictví
psp:organ:1768,1768,174,Výbor,VŽP,Výbor pro životní prostředí
psp:organ:1769,1769,174,Výbor,ZAV,Zahraniční výbor
psp:organ:1770,1770,174,Výbor,ZEV,Zemědělský výbor
psp:organ:1771,1771,174,Výbor,VB,Výbor pro bezpečnost
psp:organ:1772,1772,174,Výbor,RV,Rozpočtový výbor
psp:organ:1773,1773,174,Komise,SKPKPS,Stálá komise pro práci Kanceláře Poslanecké sněmovny
psp:organ:1774,1774,174,Komise,SKRRP,Stálá komise pro rodinu a rovné příležitosti
psp:organ:1775,1775,174,Komise,SKÚPP,Stálá komise pro Ústavu České republiky a parlamentní procedury
psp:organ:1776,1776,174,Komise,SKHH,Stálá komise pro hybridní hrozby
psp:organ:1777,1777,174,Komise,SKGIBS,Stálá komise pro kontrolu činnosti Generální inspekce bezpečnostních sborů
psp:organ:1778,1778,174,Komise,SKKPO,"Stálá komise pro kontrolu použití odposlechu a záznamu telekomunikačního provozu, použití sledování osob a věcí a rušení provozu elektronických komunikací"
psp:organ:1779,1779,174,Komise,SKCEÚ,Stálá komise pro kontrolu poskytnutí údajů z centrální evidence účtů
psp:organ:1780,1780,174,Komise,SKBIS,Stálá komise pro kontrolu činnosti Bezpečnostní informační služby
psp:organ:1781,1781,174,Komise,SKNBÚ,Stálá komise pro kontrolu činnosti Národního bezpečnostního úřadu
psp:organ:1782,1782,174,Komise,SKVZ,Stálá komise pro kontrolu činnosti Vojenského zpravodajství
psp:organ:1783,1783,174,Komise,SKFAÚ,Stálá komise pro kontrolu činnosti Finančního analytického úřadu
psp:organ:1784,1784,174,Komise,SKNÚKIB,Stálá komise pro kontrolu činnosti Národního úřadu pro kybernetickou a informační bezpečnost
psp:organ:1785,1785,174,Komise,SKÚZSI,Stálá komise pro kontrolu činnosti Úřadu pro zahraniční styky a informace
psp:organ:1786,1786,174,Delegace,SDMPU,Stálá delegace Parlamentu do Meziparlamentní unie
psp:organ:1787,1787,174,Delegace,SDNATO,Stálá delegace Parlamentu do Parlamentního shromáždění NATO
psp:organ:1788,1788,174,Delegace,SDOBSE,Stálá delegace Parlamentu do Parlamentního shromáždění Organizace pro bezpečnost a spolupráci v Evropě
psp:organ:1789,1789,174,Delegace,SDPSRE,Stálá delegace Parlamentu do Parlamentního shromáždění Rady Evropy
psp:organ:1790,1790,174,Delegace,SDPDSEI,Stálá delegace Parlamentu do Parlamentní dimenze Středoevropské iniciativy
psp:organ:1791,1791,1770,Podvýbor,PMRVZC,"Podvýbor pro myslivost, rybářství, včelařství, zahrádkářství a chovatelství"
psp:organ:1792,1792,1770,Podvýbor,PLH,Podvýbor pro lesní hospodářství
psp:organ:1793,1793,1770,Podvýbor,PVH,Podvýbor pro vodní hospodářství
psp:organ:1794,1794,1770,Podvýbor,PPVČŽV,"Podvýbor pro potravinářství, veterinární činnost a živočišnou výrobu"
psp:organ:1795,1795,1770,Podvýbor,PRV,Podvýbor pro rozvoj venkova
psp:organ:1796,1796,1761,Podvýbor,PD,Podvýbor pro dopravu
psp:organ:1797,1797,1761,Podvýbor,PE,Podvýbor pro energetiku
psp:organ:1798,1798,1761,Podvýbor,POS,Podvýbor pro ochranu spotřebitele
psp:organ:1799,1799,1761,Podvýbor,PICTAIDEK,"Podvýbor pro ICT, AI, digitální ekonomiku a kryptoaktiva"
psp:organ:1800,1800,1761,Podvýbor,PLK,Podvýbor pro letectví a kosmonautiku
psp:organ:1801,1801,1761,Podvýbor,PSAVIPP,"Podvýbor pro startupy, aplikovaný výzkum, inovace a podnikatelské prostředí"
psp:organ:1802,1802,,Vláda,VládaČR,Vláda České republiky
psp:organ:1803,1803,1758,Podvýbor,PNPUSV,Podvýbor pro přípravu návrhů na propůjčení nebo udělení státních vyznamenání
psp:organ:1804,1804,1764,Podvýbor,PSLOZPSZP,"Podvýbor pro sociální služby, osoby zdravotně postižené a sociálně zdravotní pomezí"
psp:organ:1805,1805,1764,Podvýbor,PSVLZLVK,Podvýbor pro sociálně vyloučené lokality a začleňování lidí po výkonu trestu
psp:organ:1806,1806,1767,Podvýbor,PEZZPPŘO,"Podvýbor pro ekonomiku ve zdravotnictví, zdravotní pojištění a přímo řízené organizace"
psp:organ:1807,1807,1767,Podvýbor,PDZ,Podvýbor pro duševní zdraví
psp:organ:1808,1808,1767,Podvýbor,PNPSPSPVPP,"Podvýbor pro nelékařská povolání, specializační a profesní vzdělávání a práva pacientů"
psp:organ:1809,1809,1767,Podvýbor,PEZAIEZP,"Podvýbor pro elektronizaci ve zdravotnictví, AI a evropskou zdravotní legislativu"
psp:organ:1810,1810,1767,Podvýbor,PLKPLLPPTZP,"Podvýbor pro léčebné konopí, přírodní látky, lékovou politiku, přístrojovou techniku a zdravotnické prostředky"
psp:organ:1811,1811,1767,Podvýbor,PVZPEVV,"Podvýbor pro veřejné zdravotnictví, prevenci, epidemiologii, vědu a výzkum"
psp:organ:1812,1812,1767,Podvýbor,PUMMKZZS,"Podvýbor pro urgentní medicínu, medicínu katastrof a zdravotnické záchranné služby"
psp:organ:1813,1813,1763,Podvýbor,PAMOOPOVM,"Podvýbor pro akvizice Ministerstva obrany, obranný průmysl a obchod s vojenským materiálem"
psp:organ:1814,1814,1763,Podvýbor,PVV,Podvýbor pro válečné veterány
psp:organ:1815,1815,1765,Podvýbor,PHV,Podvýbor pro heraldiku a vexilologii
psp:organ:1816,1816,1765,Podvýbor,PMVA,Podvýbor pro mládež a volnočasové aktivity
psp:organ:1817,1817,1765,Podvýbor,PNVP,Podvýbor pro náhradní výchovnou péči
psp:organ:1818,1818,1765,Podvýbor,PRŠCUI,"Podvýbor pro regionální školství, celoživotní učení a inkluzi"
psp:organ:1819,1819,1765,Podvýbor,PS,Podvýbor pro sport
psp:organ:1820,1820,1765,Podvýbor,PVVŠ,Podvýbor pro vědu a vysoké školy
psp:organ:1821,1821,1757,Podvýbor,PKHVS,Podvýbor pro kontrolu hospodaření veřejného sektoru
psp:organ:1822,1822,1768,Podvýbor,POZ,Podvýbor pro ochranu zvířat
psp:organ:1823,1823,1768,Podvýbor,PIOŽP,Podvýbor pro inovace v ochraně životního prostředí
psp:organ:1824,1824,1772,Podvýbor,PBPFTDFZ,"Podvýbor pro bankovnictví, pojišťovnictví, finanční trhy a další finanční záležitosti"
psp:organ:1825,1825,1772,Podvýbor,PFÚSVPEU,Podvýbor pro financování územních samospráv a využívání prostředků Evropské unie
psp:organ:1826,1826,1762,Podvýbor,PJ,Podvýbor pro justici
psp:organ:1827,1827,1762,Podvýbor,POPN,Podvýbor pro oběti a problematiku násilí
psp:organ:1828,1828,1762,Podvýbor,PSS,Podvýbor pro svobodu slova
psp:organ:1829,1829,1762,Podvýbor,PPEIO,"Podvýbor pro problematiku exekucí, insolvencí a oddlužení"
psp:organ:1830,1830,1759,Podvýbor,PK,Podvýbor pro kulturu
psp:organ:1831,1831,1760,Podvýbor,PEFPSZT,"Podvýbor pro evropské fondy, přeshraniční spolupráci a zelenou transformaci"
psp:organ:1832,1832,1760,Podvýbor,PDEAIOU,"Podvýbor pro digitální ekonomiku, AI a ochranu uživatelů"
psp:organ:1833,1833,1760,Podvýbor,PMAP,Podvýbor pro migraci a azylovou politiku
psp:organ:1834,1834,1769,Podvýbor,PSK,Podvýbor pro styky s krajany
psp:organ:1835,1835,1769,Podvýbor,PVEV,Podvýbor pro vnější ekonomické vztahy
psp:organ:1836,1836,1769,Podvýbor,PRS,Podvýbor pro rozvojovou spolupráci
psp:organ:1837,1837,1769,Podvýbor,PLPZ,Podvýbor pro lidská práva v zahraničí
psp:organ:1838,1838,1766,Podvýbor,PBPV,Podvýbor pro bytovou politiku a výstavbu
psp:organ:1839,1839,1766,Podvýbor,PCR,Podvýbor pro cestovní ruch
psp:organ:1840,1840,1766,Podvýbor,PMVS,Podvýbor pro modernizaci veřejné správy
psp:organ:1841,1841,1766,Podvýbor,PRTHSOÚ,Podvýbor pro regiony v transformaci a hospodářsky a sociálně ohrožená území
psp:organ:1842,1842,1756,Podvýbor,POLPNM,Podvýbor pro ochranu lidských práv a národnostní menšiny
psp:organ:1843,1843,1771,Podvýbor,PPČRHZSOPSBA,"Podvýbor pro Policii České republiky, Hasičský záchranný sbor České republiky, obecní policii a soukromé bezpečnostní agentury"
psp:organ:1844,1844,1771,Podvýbor,PV,Podvýbor pro vězeňství
psp:organ:1845,1845,1786,Meziparlamentní skupina v rámci MPU,ALB,Albánie
psp:organ:1846,1846,1786,Meziparlamentní skupina v rámci MPU,DZ,Alžírsko
psp:organ:1847,1847,1786,Meziparlamentní skupina v rámci MPU,ID,Indonésie
psp:organ:1848,1848,1786,Meziparlamentní skupina v rámci MPU,AR,Argentina
psp:organ:1849,1849,1786,Meziparlamentní skupina v rámci MPU,AM,Arménie
psp:organ:1850,1850,1786,Meziparlamentní skupina v rámci MPU,"AU, NZ","Austrálie, Nový Zéland"
psp:organ:1851,1851,1786,Meziparlamentní skupina v rámci MPU,AZE,Ázerbajdžán
psp:organ:1852,1852,1786,Meziparlamentní skupina v rámci MPU,BH,Bahrajn
psp:organ:1853,1853,1786,Meziparlamentní skupina v rámci MPU,BENELUX,Benelux
psp:organ:1854,1854,1786,Meziparlamentní skupina v rámci MPU,BH,Bosna a Hercegovina
psp:organ:1855,1855,1786,Meziparlamentní skupina v rámci MPU,ME,Černá Hora
psp:organ:1856,1856,1786,Meziparlamentní skupina v rámci MPU,CL,Chile
psp:organ:1857,1857,1786,Meziparlamentní skupina v rámci MPU,HRV,Chorvatsko
psp:organ:1858,1858,1786,Meziparlamentní skupina v rámci MPU,CN,Čína
psp:organ:1859,1859,1786,Meziparlamentní skupina v rámci MPU,EE,Estonsko
psp:organ:1860,1860,1786,Meziparlamentní skupina v rámci MPU,PH,Filipíny
psp:organ:1861,1861,1786,Meziparlamentní skupina v rámci MPU,FR,Francie
psp:organ:1862,1862,1786,Meziparlamentní skupina v rámci MPU,GH,Ghana
psp:organ:1863,1863,1786,Meziparlamentní skupina v rámci MPU,GE,Gruzie
psp:organ:1864,1864,1786,Meziparlamentní skupina v rámci MPU,IN,Indie
psp:organ:1865,1865,,Politická strana,ODS-KDS,Kolalice ODS-KDS
psp:organ:1866,1866,,Politická strana,LSU,Liberálně sociální unie
psp:organ:1867,1867,,Politická strana,LB,Koalice Levý blok
psp:organ:1868,1868,1786,Meziparlamentní skupina v rámci MPU,IT,Itálie
psp:organ:1869,1869,1786,Meziparlamentní skupina v rámci MPU,ISR,Izrael
psp:organ:1870,1870,1786,Meziparlamentní skupina v rámci MPU,JP,Japonsko
psp:organ:1871,1871,1786,Meziparlamentní skupina v rámci MPU,PK,Pákistán
psp:organ:1872,1872,1786,Meziparlamentní skupina v rámci MPU,CA,Kanada
psp:organ:1873,1873,1786,Meziparlamentní skupina v rámci MPU,QA,Katar
psp:organ:1874,1874,1786,Meziparlamentní skupina v rámci MPU,KZ,Kazachstán
psp:organ:1875,1875,1786,Meziparlamentní skupina v rámci MPU,KR,Korejská republika
psp:organ:1876,1876,1786,Meziparlamentní skupina v rámci MPU,KE,Keňa
psp:organ:1877,1877,1786,Meziparlamentní skupina v rámci MPU,BR,Brazílie
psp:organ:1878,1878,1786,Meziparlamentní skupina v rámci MPU,LT,Litva
psp:organ:1879,1879,1786,Meziparlamentní skupina v rámci MPU,LV,Lotyšsko
psp:organ:1880,1880,1786,Meziparlamentní skupina v rámci MPU,H,Maďarsko
psp:organ:1881,1881,1786,Meziparlamentní skupina v rámci MPU,MA,Marocké království
psp:organ:1882,1882,1786,Meziparlamentní skupina v rámci MPU,MX,Mexiko
psp:organ:1883,1883,1786,Meziparlamentní skupina v rámci MPU,MD,Moldavsko
psp:organ:1884,1884,1786,Meziparlamentní skupina v rámci MPU,MN,Mongolsko
psp:organ:1885,1885,1495,Test,PUP,První univerzální podvýbor
psp:organ:1886,1886,1495,Test,DUP,Druhý univerzální podvýbor
psp:organ:1887,1887,1762,Podvýbor,PRPCP,Podvýbor pro rodinné právo a civilní proces
psp:organ:1888,1888,1786,Meziparlamentní skupina v rámci MPU,PL,Polsko
psp:organ:1889,1889,1786,Meziparlamentní skupina v rámci MPU,PT,Portugalsko
psp:organ:1890,1890,1786,Meziparlamentní skupina v rámci MPU,A,Rakousko
psp:organ:1891,1891,,Instituce,NRB,Národní rozvojová banka
psp:organ:1892,1892,1786,Meziparlamentní skupina v rámci MPU,MYA,Republika Myanmarský svaz
psp:organ:1893,1893,1786,Meziparlamentní skupina v rámci MPU,RO,Rumunsko
psp:organ:1897,1897,1786,Meziparlamentní skupina v rámci MPU,XSS,"Severské státy (Dánsko, Finsko, Norsko, Švédsko, Island)"
psp:organ:1898,1898,1786,Meziparlamentní skupina v rámci MPU,SK,Slovensko
psp:organ:1899,1899,1786,Meziparlamentní skupina v rámci MPU,SVN,Slovinsko
psp:organ:1900,1900,1786,Meziparlamentní skupina v rámci MPU,ESP,Španělsko
psp:organ:1901,1901,1786,Meziparlamentní skupina v rámci MPU,ARE,Spojené arabské emiráty
psp:organ:1902,1902,1786,Meziparlamentní skupina v rámci MPU,USA,Spojené státy americké
psp:organ:1903,1903,1786,Meziparlamentní skupina v rámci MPU,PDE,Německo
psp:organ:1904,1904,1786,Meziparlamentní skupina v rámci MPU,PSRB,Srbsko
psp:organ:1905,1905,1786,Meziparlamentní skupina v rámci MPU,OMN,Sultanát Omán
psp:organ:1906,1906,1786,Meziparlamentní skupina v rámci MPU,CH,Švýcarsko
psp:organ:1908,1908,1786,Meziparlamentní skupina v rámci MPU,TZ,Tanzanie
psp:organ:1911,1911,1786,Meziparlamentní skupina v rámci MPU,UA,Ukrajina
psp:organ:1913,1913,1786,Meziparlamentní skupina v rámci MPU,GBR,Velká Británie
psp:organ:1914,1914,1786,Meziparlamentní skupina v rámci MPU,VN,Vietnam
psp:organ:1916,1916,1786,Meziparlamentní skupina v rámci MPU,TH,Thajsko
psp:organ:1917,1917,1786,Meziparlamentní skupina v rámci MPU,IE,Irsko
psp:organ:1918,1918,1786,Meziparlamentní skupina v rámci MPU,GR,Řecko
psp:organ:1919,1919,,Politická strana,HSD-SMS,Hnutí za samosprávnou demkoracii - Společnost pro Moravu a Slezsko
psp:organ:1920,1920,1786,Meziparlamentní skupina v rámci MPU,TR,Turecko
psp:organ:1921,1921,1786,Meziparlamentní skupina v rámci MPU,IRQ,Irák
psp:organ:1922,1922,174,Komise,VKDOZIMETR,"Vyšetřovací komise k prošetření okolností, systémových souvislostí a institucionálního fungování Dopravního podniku hlavního města Prahy, akciová společnost, Krajské správy a údržby silnic Středočeského kraje, příspěvková organizace a Všeobecné zdravotní pojišťovny ve věci podezření z korupčního jednání (tzv. &bdquo;kauza Dozimetr&ldquo;)"
psp:organ:1923,1923,1786,Meziparlamentní skupina v rámci MPU,SA,Saudská Arábie
psp:organ:1924,1924,1769,Podvýbor,PRSLPZ,Podvýbor pro rozvojovou spolupráci a lidská práva v zahraničí
psp:organ:1925,1925,1786,Meziparlamentní skupina v rámci MPU,EG,Egypt
psp:organ:1926,1926,1786,Meziparlamentní skupina v rámci MPU,UZ,Uzbekistán
psp:organ:1927,1927,1786,Meziparlamentní skupina v rámci MPU,TJ,Tádžikistán
