id,psp_id,name_full,name_norm,first_name,last_name,gender
psp:osoba:1,1,Petr Bachna,petr bachna,Petr,Bachna,M
psp:osoba:2,2,Ivan Bečvář,ivan becvar,Ivan,Bečvář,M
psp:osoba:3,3,Josef Bejček,josef bejcek,Josef,Bejček,M
psp:osoba:4,4,Marek Benda,marek benda,Marek,Benda,M
psp:osoba:5,5,Stanislav Bělehrádek,stanislav belehradek,Stanislav,Bělehrádek,M
psp:osoba:6,6,Jiří Bílý,jiri bily,Jiří,Bílý,M
psp:osoba:7,7,Ladislav Blažek,ladislav blazek,Ladislav,Blažek,M
psp:osoba:8,8,Jan Bláha,jan blaha,Jan,Bláha,M
psp:osoba:9,9,Ladislav Body,ladislav body,Ladislav,Body,M
psp:osoba:10,10,Petr Brodský,petr brodsky,Petr,Brodský,M
psp:osoba:11,11,Jaroslav Broulík,jaroslav broulik,Jaroslav,Broulík,M
psp:osoba:12,12,František Brožík,frantisek brozik,František,Brožík,M
psp:osoba:13,13,Vladimír Budinský,vladimir budinsky,Vladimír,Budinský,M
psp:osoba:14,14,Stanislava Bumbová,stanislava bumbova,Stanislava,Bumbová,F
psp:osoba:15,15,Eduard Bureš,eduard bures,Eduard,Bureš,M
psp:osoba:16,16,Petra Buzková,petra buzkova,Petra,Buzková,F
psp:osoba:17,17,Miroslav Čapek,miroslav capek,Miroslav,Čapek,M
psp:osoba:18,18,Vojtěch Čechák,vojtech cechak,Vojtěch,Čechák,M
psp:osoba:19,19,Květoslava Čelišová,kvetoslava celisova,Květoslava,Čelišová,F
psp:osoba:20,20,Miroslav Čerbák,miroslav cerbak,Miroslav,Čerbák,M
psp:osoba:21,21,Petr Čermák,petr cermak,Petr,Čermák,M
psp:osoba:22,22,Jan Černý,jan cerny,Jan,Černý,M
psp:osoba:23,23,Josef Červinka,josef cervinka,Josef,Červinka,M
psp:osoba:24,24,Václav Čundrle,vaclav cundrle,Václav,Čundrle,M
psp:osoba:25,25,Jan Decker,jan decker,Jan,Decker,M
psp:osoba:26,26,Viktor Dobal,viktor dobal,Viktor,Dobal,M
psp:osoba:27,27,Robert Dostál,robert dostal,Robert,Dostál,M
psp:osoba:28,28,Vlastimil Doubrava,vlastimil doubrava,Vlastimil,Doubrava,M
psp:osoba:29,29,Jiří Drápela,jiri drapela,Jiří,Drápela,M
psp:osoba:30,30,Josef Effenberger,josef effenberger,Josef,Effenberger,M
psp:osoba:31,31,Václav Exner,vaclav exner,Václav,Exner,M
psp:osoba:32,32,Jiří Faifr,jiri faifr,Jiří,Faifr,M
psp:osoba:33,33,Ota Fejfar,ota fejfar,Ota,Fejfar,M
psp:osoba:34,34,Tomáš Fejfar,tomas fejfar,Tomáš,Fejfar,M
psp:osoba:35,35,Eva Fischerová,eva fischerova,Eva,Fischerová,F
psp:osoba:36,36,Václav Frank,vaclav frank,Václav,Frank,M
psp:osoba:37,37,Alfred Frommer,alfred frommer,Alfred,Frommer,M
psp:osoba:38,38,Andrej Gjurič,andrej gjuric,Andrej,Gjurič,M
psp:osoba:39,39,Stanislav Gross,stanislav gross,Stanislav,Gross,M
psp:osoba:40,40,Václav Grulich,vaclav grulich,Václav,Grulich,M
psp:osoba:41,41,Jiří Haringer,jiri haringer,Jiří,Haringer,M
psp:osoba:42,42,René Hába,rene haba,René,Hába,M
psp:osoba:43,43,Jiří Hájek,jiri hajek,Jiří,Hájek,M
psp:osoba:44,44,Josef Hájek,josef hajek,Josef,Hájek,M
psp:osoba:45,45,Pavel Hirš,pavel hirs,Pavel,Hirš,M
psp:osoba:46,46,Čestmír Hofhanzl,cestmir hofhanzl,Čestmír,Hofhanzl,M
psp:osoba:47,47,Josef Holub,josef holub,Josef,Holub,M
psp:osoba:48,48,Jiří Honajzer,jiri honajzer,Jiří,Honajzer,M
psp:osoba:49,49,Antonín Hrazdíra,antonin hrazdira,Antonín,Hrazdíra,M
psp:osoba:50,50,Karel Hrdý,karel hrdy,Karel,Hrdý,M
psp:osoba:51,51,Marta Hubová,marta hubova,Marta,Hubová,F
psp:osoba:52,52,Josef Hurta,josef hurta,Josef,Hurta,M
psp:osoba:53,53,Martin Chudoba,martin chudoba,Martin,Chudoba,M
psp:osoba:54,54,Josef Janeček,josef janecek,Josef,Janeček,M
psp:osoba:55,55,Emil Jaroš,emil jaros,Emil,Jaroš,M
psp:osoba:56,56,Jan Jegla,jan jegla,Jan,Jegla,M
psp:osoba:57,57,Josef Ježek,josef jezek,Josef,Ježek,M
psp:osoba:58,58,Tomáš Ježek,tomas jezek,Tomáš,Ježek,M
psp:osoba:59,59,František Kačenka,frantisek kacenka,František,Kačenka,M
psp:osoba:60,60,Milada Kadlecová,milada kadlecova,Milada,Kadlecová,F
psp:osoba:61,61,Jaromír Kalus,jaromir kalus,Jaromír,Kalus,M
psp:osoba:62,62,Jan Kalvoda,jan kalvoda,Jan,Kalvoda,M
psp:osoba:63,63,Jiří Karas,jiri karas,Jiří,Karas,M
psp:osoba:64,64,Jan Kasal,jan kasal,Jan,Kasal,M
psp:osoba:65,65,Miroslav Kašpárek,miroslav kasparek,Miroslav,Kašpárek,M
psp:osoba:66,66,Petr Kavan,petr kavan,Petr,Kavan,M
psp:osoba:67,67,Jan Klas,jan klas,Jan,Klas,M
psp:osoba:68,68,Václav Klučka,vaclav klucka,Václav,Klučka,M
psp:osoba:69,69,Petr Koháček,petr kohacek,Petr,Koháček,M
psp:osoba:70,70,Pavel Kolář,pavel kolar,Pavel,Kolář,M
psp:osoba:71,71,Robert Kolář,robert kolar,Robert,Kolář,M
psp:osoba:72,72,Milena Kolářová,milena kolarova,Milena,Kolářová,F
psp:osoba:73,73,Vladimír Koronthály,vladimir koronthaly,Vladimír,Koronthály,M
psp:osoba:74,74,Jan Koucký,jan koucky,Jan,Koucký,M
psp:osoba:75,75,Stanislav Kozák,stanislav kozak,Stanislav,Kozák,M
psp:osoba:76,76,František Kozel,frantisek kozel,František,Kozel,M
psp:osoba:77,77,Michal Kraus,michal kraus,Michal,Kraus,M
psp:osoba:78,78,Jan Krámek,jan kramek,Jan,Krámek,M
psp:osoba:79,79,Václav Krása,vaclav krasa,Václav,Krása,M
psp:osoba:80,80,Josef Krupík,josef krupik,Josef,Krupík,M
psp:osoba:81,81,Jan Kryčer,jan krycer,Jan,Kryčer,M
psp:osoba:82,82,Josef Křížek,josef krizek,Josef,Křížek,M
psp:osoba:83,83,Bohuslav Kuba,bohuslav kuba,Bohuslav,Kuba,M
psp:osoba:84,84,Josef Kubiš,josef kubis,Josef,Kubiš,M
psp:osoba:85,85,Vlastislav Kuchař,vlastislav kuchar,Vlastislav,Kuchař,M
psp:osoba:86,86,Pavel Kulička,pavel kulicka,Pavel,Kulička,M
psp:osoba:87,87,Oldřich Kužílek,oldrich kuzilek,Oldřich,Kužílek,M
psp:osoba:88,88,Hana Lagová,hana lagova,Hana,Lagová,F
psp:osoba:89,89,Karel Ledvinka,karel ledvinka,Karel,Ledvinka,M
psp:osoba:90,90,Jan Litomiský,jan litomisky,Jan,Litomiský,M
psp:osoba:91,91,Michal Lobkowicz,michal lobkowicz,Michal,Lobkowicz,M
psp:osoba:92,92,Kateřina Lojdová,katerina lojdova,Kateřina,Lojdová,F
psp:osoba:93,93,Milan Loukota,milan loukota,Milan,Loukota,M
psp:osoba:94,94,Věnceslav Lukáš,venceslav lukas,Věnceslav,Lukáš,M
psp:osoba:95,95,Karel Mach,karel mach,Karel,Mach,M
psp:osoba:96,96,Jiří Machalík,jiri machalik,Jiří,Machalík,M
psp:osoba:97,97,Jiří Macháček,jiri machacek,Jiří,Macháček,M
psp:osoba:98,98,Richard Mandelík,richard mandelik,Richard,Mandelík,M
psp:osoba:99,99,Josef Mandík,josef mandik,Josef,Mandík,M
psp:osoba:100,100,Hana Kordová Marvanová,hana kordova marvanova,Hana,Kordová Marvanová,F
psp:osoba:101,101,Jiří Maryt,jiri maryt,Jiří,Maryt,M
psp:osoba:102,102,Ivan Mašek,ivan masek,Ivan,Mašek,M
psp:osoba:103,103,Jaroslav Matějka,jaroslav matejka,Jaroslav,Matějka,M
psp:osoba:104,104,Eva Matoušková,eva matouskova,Eva,Matoušková,F
psp:osoba:105,105,Dalibor Matulka,dalibor matulka,Dalibor,Matulka,M
psp:osoba:106,106,Gerta Mazalová,gerta mazalova,Gerta,Mazalová,F
psp:osoba:107,107,Jaroslav Melichar,jaroslav melichar,Jaroslav,Melichar,M
psp:osoba:108,108,Ludvík Motyčka,ludvik motycka,Ludvík,Motyčka,M
psp:osoba:109,109,Jan Navrátil,jan navratil,Jan,Navrátil,M
psp:osoba:110,110,Václav Nájemník,vaclav najemnik,Václav,Nájemník,M
psp:osoba:111,111,Petr Nečas,petr necas,Petr,Nečas,M
psp:osoba:112,112,Ladislav Nedorost,ladislav nedorost,Ladislav,Nedorost,M
psp:osoba:113,113,Jindřich Němčík,jindrich nemcik,Jindřich,Němčík,M
psp:osoba:114,114,Luboš Němec,lubos nemec,Luboš,Němec,M
psp:osoba:115,115,Jaroslav Novák,jaroslav novak,Jaroslav,Novák,M
psp:osoba:116,116,Jiří Novák,jiri novak,Jiří,Novák,M
psp:osoba:117,117,Libor Novák,libor novak,Libor,Novák,M
psp:osoba:118,118,Libor Novák,libor novak,Libor,Novák,M
psp:osoba:119,119,Eva Nováková,eva novakova,Eva,Nováková,F
psp:osoba:120,120,Miroslav Novotný,miroslav novotny,Miroslav,Novotný,M
psp:osoba:121,121,Rudolf Opatřil,rudolf opatril,Rudolf,Opatřil,M
psp:osoba:122,122,Hana Orgoníková,hana orgonikova,Hana,Orgoníková,F
psp:osoba:123,123,Jaroslav Ortman,jaroslav ortman,Jaroslav,Ortman,M
psp:osoba:124,124,Jaroslav Palas,jaroslav palas,Jaroslav,Palas,M
psp:osoba:125,125,Josef Pavela,josef pavela,Josef,Pavela,M
psp:osoba:126,126,Jiřina Pavlíková,jirina pavlikova,Jiřina,Pavlíková,F
psp:osoba:127,127,Jiří Payne,jiri payne,Jiří,Payne,M
psp:osoba:128,128,Tomáš Páv,tomas pav,Tomáš,Páv,M
psp:osoba:129,129,Pavel Pešek,pavel pesek,Pavel,Pešek,M
psp:osoba:130,130,Pavel Petržílek,pavel petrzilek,Pavel,Petržílek,M
psp:osoba:131,131,Stanislav Pěnička,stanislav penicka,Stanislav,Pěnička,M
psp:osoba:132,132,František Pluhař,frantisek pluhar,František,Pluhař,M
psp:osoba:133,133,Vladimír Procházka,vladimir prochazka,Vladimír,Procházka,M
psp:osoba:134,134,Martin Přibáň,martin priban,Martin,Přibáň,M
psp:osoba:135,135,Miroslav Raška,miroslav raska,Miroslav,Raška,M
psp:osoba:136,136,Svatomír Recman,svatomir recman,Svatomír,Recman,M
psp:osoba:137,137,Luděk Rubáš,ludek rubas,Luděk,Rubáš,M
psp:osoba:138,138,Ladislav Rymeš,ladislav rymes,Ladislav,Rymeš,M
psp:osoba:139,139,Anna Röschová,anna roschova,Anna,Röschová,F
psp:osoba:140,140,Vladimír Řezáč,vladimir rezac,Vladimír,Řezáč,M
psp:osoba:141,141,Miroslav Řezníček,miroslav reznicek,Miroslav,Řezníček,M
psp:osoba:142,142,Pavel Seifer,pavel seifer,Pavel,Seifer,M
psp:osoba:143,143,Pavel Severa,pavel severa,Pavel,Severa,M
psp:osoba:144,144,Miloš Skočovský,milos skocovsky,Miloš,Skočovský,M
psp:osoba:145,145,Antonín Sochor,antonin sochor,Antonín,Sochor,M
psp:osoba:146,146,Vítězslav Sochor,vitezslav sochor,Vítězslav,Sochor,M
psp:osoba:147,147,Tomáš Sojka,tomas sojka,Tomáš,Sojka,M
psp:osoba:148,148,Jaroslav Soural,jaroslav soural,Jaroslav,Soural,M
psp:osoba:149,149,Jiří Stadler,jiri stadler,Jiří,Stadler,M
psp:osoba:150,150,Marie Stiborová,marie stiborova,Marie,Stiborová,F
psp:osoba:151,151,Zbyšek Stodůlka,zbysek stodulka,Zbyšek,Stodůlka,M
psp:osoba:152,152,Jan Stráský,jan strasky,Jan,Stráský,M
psp:osoba:153,153,Tomáš Svoboda,tomas svoboda,Tomáš,Svoboda,M
psp:osoba:154,154,Martin Syka,martin syka,Martin,Syka,M
psp:osoba:155,155,Jaroslav Sýkora,jaroslav sykora,Jaroslav,Sýkora,M
psp:osoba:156,156,Pavel Šafařík,pavel safarik,Pavel,Šafařík,M
psp:osoba:157,157,Jaromír Šimánek,jaromir simanek,Jaromír,Šimánek,M
psp:osoba:158,158,Jiří Šoler,jiri soler,Jiří,Šoler,M
psp:osoba:159,159,Radim Špaček,radim spacek,Radim,Špaček,M
psp:osoba:160,160,Dalibor Štambera,dalibor stambera,Dalibor,Štambera,M
psp:osoba:161,161,Tomáš Štěrba,tomas sterba,Tomáš,Štěrba,M
psp:osoba:162,162,Jaroslav Štrait,jaroslav strait,Jaroslav,Štrait,M
psp:osoba:163,163,Vladimír Šuman,vladimir suman,Vladimír,Šuman,M
psp:osoba:164,164,Vlastimil Tlustý,vlastimil tlusty,Vlastimil,Tlustý,M
psp:osoba:165,165,Pavel Tollner,pavel tollner,Pavel,Tollner,M
psp:osoba:166,166,Hana Tomanová,hana tomanova,Hana,Tomanová,F
psp:osoba:167,167,František Trnka,frantisek trnka,František,Trnka,M
psp:osoba:168,168,Václav Trojan,vaclav trojan,Václav,Trojan,M
psp:osoba:169,169,Zdeněk Trojan,zdenek trojan,Zdeněk,Trojan,M
psp:osoba:170,170,Jan Třebický,jan trebicky,Jan,Třebický,M
psp:osoba:171,171,Milan Uhde,milan uhde,Milan,Uhde,M
psp:osoba:172,172,Josef Ullmann,josef ullmann,Josef,Ullmann,M
psp:osoba:173,173,Jaroslav Unger,jaroslav unger,Jaroslav,Unger,M
psp:osoba:174,174,Jiří Uřičář,jiri uricar,Jiří,Uřičář,M
psp:osoba:175,175,Jiří Vačkář,jiri vackar,Jiří,Vačkář,M
psp:osoba:176,176,Vítězslav Valach,vitezslav valach,Vítězslav,Valach,M
psp:osoba:177,177,Josef Valenta,josef valenta,Josef,Valenta,M
psp:osoba:178,178,Oldřich Váca,oldrich vaca,Oldřich,Váca,M
psp:osoba:179,179,Anna Váchalová,anna vachalova,Anna,Váchalová,F
psp:osoba:180,180,Jan Vik,jan vik,Jan,Vik,M
psp:osoba:181,181,Jiří Vlach,jiri vlach,Jiří,Vlach,M
psp:osoba:182,182,Jaroslav Vlček,jaroslav vlcek,Jaroslav,Vlček,M
psp:osoba:183,183,Vlastimil Vlček,vlastimil vlcek,Vlastimil,Vlček,M
psp:osoba:184,184,Zdeněk Vlček,zdenek vlcek,Zdeněk,Vlček,M
psp:osoba:185,185,Stanislav Volák,stanislav volak,Stanislav,Volák,M
psp:osoba:186,186,Zdeněk Vorlíček,zdenek vorlicek,Zdeněk,Vorlíček,M
psp:osoba:187,187,Vratislav Votava,vratislav votava,Vratislav,Votava,M
psp:osoba:188,188,Jan Vraný,jan vrany,Jan,Vraný,M
psp:osoba:189,189,Oldřich Vrcha,oldrich vrcha,Oldřich,Vrcha,M
psp:osoba:190,190,Ivan Vrzal,ivan vrzal,Ivan,Vrzal,M
psp:osoba:191,191,Otakar Vychodil,otakar vychodil,Otakar,Vychodil,M
psp:osoba:192,192,Jiří Vyvadil,jiri vyvadil,Jiří,Vyvadil,M
psp:osoba:193,193,Miloslav Výborný,miloslav vyborny,Miloslav,Výborný,M
psp:osoba:194,194,Jozef Wagner,jozef wagner,Jozef,Wagner,M
psp:osoba:195,195,Jan Zahradníček,jan zahradnicek,Jan,Zahradníček,M
psp:osoba:196,196,Eduard Zeman,eduard zeman,Eduard,Zeman,M
psp:osoba:197,197,Ondřej Zemina,ondrej zemina,Ondřej,Zemina,M
psp:osoba:198,198,Anton Zima,anton zima,Anton,Zima,M
psp:osoba:199,199,Leopold Zubek,leopold zubek,Leopold,Zubek,M
psp:osoba:200,200,Jaroslav Žižka,jaroslav zizka,Jaroslav,Žižka,M
psp:osoba:201,201,Petr Lom,petr lom,Petr,Lom,M
psp:osoba:202,202,Ivana Janů,ivana janu,Ivana,Janů,F
psp:osoba:203,203,Vladimír Cisár,vladimir cisar,Vladimír,Cisár,M
psp:osoba:204,204,František Čech,frantisek cech,František,Čech,M
psp:osoba:205,205,Ivo Honický,ivo honicky,Ivo,Honický,M
psp:osoba:206,206,Ludmila Brynychová,ludmila brynychova,Ludmila,Brynychová,F
psp:osoba:207,207,Jaroslav Bašta,jaroslav basta,Jaroslav,Bašta,M
psp:osoba:208,208,Rostislav Čevela,rostislav cevela,Rostislav,Čevela,M
psp:osoba:209,209,Pavel Dostál,pavel dostal,Pavel,Dostál,M
psp:osoba:210,210,Milan Ekert,milan ekert,Milan,Ekert,M
psp:osoba:211,211,Milada Emmerová,milada emmerova,Milada,Emmerová,F
psp:osoba:212,212,Jana Gavlasová,jana gavlasova,Jana,Gavlasová,F
psp:osoba:213,213,Miroslav Grégr,miroslav gregr,Miroslav,Grégr,M
psp:osoba:214,214,Jiří Hofman,jiri hofman,Jiří,Hofman,M
psp:osoba:215,215,Josef Hojdar,josef hojdar,Josef,Hojdar,M
psp:osoba:216,216,Petr Hulinský,petr hulinsky,Petr,Hulinský,M
psp:osoba:217,217,František Chobot,frantisek chobot,František,Chobot,M
psp:osoba:218,218,Zdeněk Jičínský,zdenek jicinsky,Zdeněk,Jičínský,M
psp:osoba:219,219,Miroslav Kapoun,miroslav kapoun,Miroslav,Kapoun,M
psp:osoba:220,220,Robert Kopecký,robert kopecky,Robert,Kopecký,M
psp:osoba:221,221,Květoslava Kořínková,kvetoslava korinkova,Květoslava,Kořínková,F
psp:osoba:222,222,Jan Kostrhun,jan kostrhun,Jan,Kostrhun,M
psp:osoba:223,223,Miloslav Kučera,miloslav kucera,Miloslav,Kučera,M
psp:osoba:224,224,Michael Kuneš,michael kunes,Michael,Kuneš,M
psp:osoba:225,225,Jitka Kupčová,jitka kupcova,Jitka,Kupčová,F
psp:osoba:226,226,Vladimír Laštůvka,vladimir lastuvka,Vladimír,Laštůvka,M
psp:osoba:227,227,Antonín Macháček,antonin machacek,Antonín,Macháček,M
psp:osoba:228,228,Karel Machovec,karel machovec,Karel,Machovec,M
psp:osoba:229,229,Jaroslav Maňásek,jaroslav manasek,Jaroslav,Maňásek,M
psp:osoba:230,230,Miloš Melčák,milos melcak,Miloš,Melčák,M
psp:osoba:231,231,Marie Noveská,marie noveska,Marie,Noveská,F
psp:osoba:232,232,Luděk Polášek,ludek polasek,Luděk,Polášek,M
psp:osoba:233,233,Olga Sehnalová,olga sehnalova,Olga,Sehnalová,F
psp:osoba:234,234,Jaromír Schling,jaromir schling,Jaromír,Schling,M
psp:osoba:235,235,Ladislav Skopal,ladislav skopal,Ladislav,Skopal,M
psp:osoba:236,236,Evžen Snítilý,evzen snitily,Evžen,Snítilý,M
psp:osoba:237,237,Bohuslav Sobotka,bohuslav sobotka,Bohuslav,Sobotka,M
psp:osoba:238,238,Václav Svoboda,vaclav svoboda,Václav,Svoboda,M
psp:osoba:239,239,Zdeněk Škromach,zdenek skromach,Zdeněk,Škromach,M
psp:osoba:240,240,František Španbauer,frantisek spanbauer,František,Španbauer,M
psp:osoba:241,241,Vladimír Špidla,vladimir spidla,Vladimír,Špidla,M
psp:osoba:242,242,Vlasta Štěpová,vlasta stepova,Vlasta,Štěpová,F
psp:osoba:243,243,Petr Šulák,petr sulak,Petr,Šulák,M
psp:osoba:244,244,Tomáš Teplík,tomas teplik,Tomáš,Teplík,M
psp:osoba:245,245,Dušan Tešnar,dusan tesnar,Dušan,Tešnar,M
psp:osoba:246,246,Miloš Titz,milos titz,Miloš,Titz,M
psp:osoba:247,247,Rudolf Tomíček,rudolf tomicek,Rudolf,Tomíček,M
psp:osoba:248,248,Radim Turek,radim turek,Radim,Turek,M
psp:osoba:249,249,Jiří Václavek,jiri vaclavek,Jiří,Václavek,M
psp:osoba:250,250,Miloslav Vlček,miloslav vlcek,Miloslav,Vlček,M
psp:osoba:251,251,Jindřiška Zachardová,jindriska zachardova,Jindřiška,Zachardová,F
psp:osoba:252,252,Lubomír Zaorálek,lubomir zaoralek,Lubomír,Zaorálek,M
psp:osoba:253,253,Miloš Zeman,milos zeman,Miloš,Zeman,M
psp:osoba:254,254,Jan Žižka,jan zizka,Jan,Žižka,M
psp:osoba:255,255,Vladimír Bartoš,vladimir bartos,Vladimír,Bartoš,M
psp:osoba:256,256,Drahoslava Bartošková,drahoslava bartoskova,Drahoslava,Bartošková,F
psp:osoba:257,257,Vlastimil Bařinka,vlastimil barinka,Vlastimil,Bařinka,M
psp:osoba:258,258,Tomáš Březina,tomas brezina,Tomáš,Březina,M
psp:osoba:259,259,Vavřinec Fójcik,vavrinec fojcik,Vavřinec,Fójcik,M
psp:osoba:260,260,Michal Frankl,michal frankl,Michal,Frankl,M
psp:osoba:261,261,Zdeňka Horníková,zdenka hornikova,Zdeňka,Horníková,F
psp:osoba:262,262,Ondřej Huml,ondrej huml,Ondřej,Huml,M
psp:osoba:263,263,Václav Klaus,vaclav klaus,Václav,Klaus,M
psp:osoba:264,264,Ivan Kočárník,ivan kocarnik,Ivan,Kočárník,M
psp:osoba:265,265,Tomáš Květák,tomas kvetak,Tomáš,Květák,M
psp:osoba:266,266,Ivan Langer,ivan langer,Ivan,Langer,M
psp:osoba:267,267,Karel Nejezchleb,karel nejezchleb,Karel,Nejezchleb,M
psp:osoba:268,268,František Novák,frantisek novak,František,Novák,M
psp:osoba:269,269,Jiří Papež,jiri papez,Jiří,Papež,M
psp:osoba:270,270,Jaroslav Pešán,jaroslav pesan,Jaroslav,Pešán,M
psp:osoba:271,271,Jana Marcová - Petrová,jana marcova - petrova,Jana,Marcová - Petrová,F
psp:osoba:272,272,Ivan Pilip,ivan pilip,Ivan,Pilip,M
psp:osoba:273,273,Jaroslav Plachý,jaroslav plachy,Jaroslav,Plachý,M
psp:osoba:274,274,Ivana Plechatá,ivana plechata,Ivana,Plechatá,F
psp:osoba:275,275,Petr Pleva,petr pleva,Petr,Pleva,M
psp:osoba:276,276,Jan Ruml,jan ruml,Jan,Ruml,M
psp:osoba:277,277,Karel Sehoř,karel sehor,Karel,Sehoř,M
psp:osoba:278,278,Zdeněk Švrček,zdenek svrcek,Zdeněk,Švrček,M
psp:osoba:279,279,Miroslav Tyl,miroslav tyl,Miroslav,Tyl,M
psp:osoba:280,280,Jan Vidím,jan vidim,Jan,Vidím,M
psp:osoba:281,281,Jindřich Vodička,jindrich vodicka,Jindřich,Vodička,M
psp:osoba:282,282,Oldřich Vojíř,oldrich vojir,Oldřich,Vojíř,M
psp:osoba:283,283,Zdeněk Zajíček,zdenek zajicek,Zdeněk,Zajíček,M
psp:osoba:284,284,Josef Zieleniec,josef zieleniec,Josef,Zieleniec,M
psp:osoba:285,285,Jaroslav Zvěřina,jaroslav zverina,Jaroslav,Zvěřina,M
psp:osoba:286,286,Pavel Bratinka,pavel bratinka,Pavel,Bratinka,M
psp:osoba:287,287,Roman Češka,roman ceska,Roman,Češka,M
psp:osoba:288,288,Vladimír Dlouhý,vladimir dlouhy,Vladimír,Dlouhý,M
psp:osoba:289,289,Daniel Kroupa,daniel kroupa,Daniel,Kroupa,M
psp:osoba:290,290,Libor Kudláček,libor kudlacek,Libor,Kudláček,M
psp:osoba:291,291,Dušan Kulka,dusan kulka,Dušan,Kulka,M
psp:osoba:292,292,Dušan Navrátil,dusan navratil,Dušan,Navrátil,M
psp:osoba:293,293,Michal Prokop,michal prokop,Michal,Prokop,M
psp:osoba:294,294,Jiří Skalický,jiri skalicky,Jiří,Skalický,M
psp:osoba:295,295,Libor Ambrozek,libor ambrozek,Libor,Ambrozek,M
psp:osoba:296,296,Josef Borák,josef borak,Josef,Borák,M
psp:osoba:297,297,Vilém Holáň,vilem holan,Vilém,Holáň,M
psp:osoba:298,298,Pavla Jurková,pavla jurkova,Pavla,Jurková,F
psp:osoba:299,299,Josef Lux,josef lux,Josef,Lux,M
psp:osoba:300,300,Jaroslav Orel,jaroslav orel,Jaroslav,Orel,M
psp:osoba:301,301,Michaela Šojdrová,michaela sojdrova,Michaela,Šojdrová,F
psp:osoba:302,302,Jaromír Talíř,jaromir talir,Jaromír,Talíř,M
psp:osoba:303,303,Vojtěch Filip,vojtech filip,Vojtěch,Filip,M
psp:osoba:304,304,Jaroslav Gongol,jaroslav gongol,Jaroslav,Gongol,M
psp:osoba:305,305,Miroslav Grebeníček,miroslav grebenicek,Miroslav,Grebeníček,M
psp:osoba:306,306,Josef Houzák,josef houzak,Josef,Houzák,M
psp:osoba:307,307,Taťána Jirousová,tatana jirousova,Taťána,Jirousová,F
psp:osoba:308,308,Zdeněk Klanica,zdenek klanica,Zdeněk,Klanica,M
psp:osoba:309,309,Pavel Kováčik,pavel kovacik,Pavel,Kováčik,M
psp:osoba:310,310,Jiří Maštálka,jiri mastalka,Jiří,Maštálka,M
psp:osoba:311,311,Miloslav Ransdorf,miloslav ransdorf,Miloslav,Ransdorf,M
psp:osoba:312,312,Zuzka Bebarová Rujbrová,zuzka bebarova rujbrova,Zuzka,Bebarová Rujbrová,F
psp:osoba:313,313,Alena Svobodová,alena svobodova,Alena,Svobodová,F
psp:osoba:314,314,Petr Šimůnek,petr simunek,Petr,Šimůnek,M
psp:osoba:315,315,Hana Škorpilová,hana skorpilova,Hana,Škorpilová,F
psp:osoba:316,316,Miroslav Vacek,miroslav vacek,Miroslav,Vacek,M
psp:osoba:317,317,Karel Vymětal,karel vymetal,Karel,Vymětal,M
psp:osoba:318,318,Vlasta Hrůzová,vlasta hruzova,Vlasta,Hrůzová,F
psp:osoba:319,319,Zdeněk Krampera,zdenek krampera,Zdeněk,Krampera,M
psp:osoba:320,320,Josef Krejsa,josef krejsa,Josef,Krejsa,M
psp:osoba:321,321,Pavel Maixner,pavel maixner,Pavel,Maixner,M
psp:osoba:322,322,Jindřich Nehera,jindrich nehera,Jindřich,Nehera,M
psp:osoba:323,323,Radomíra Nývltová,radomira nyvltova,Radomíra,Nývltová,F
psp:osoba:324,324,Jana Pešková,jana peskova,Jana,Pešková,F
psp:osoba:325,325,Laura Rajsiglová,laura rajsiglova,Laura,Rajsiglová,F
psp:osoba:326,326,Miroslav Sládek,miroslav sladek,Miroslav,Sládek,M
psp:osoba:327,327,Martin Smetana,martin smetana,Martin,Smetana,M
psp:osoba:328,328,Rudolf Šmucr,rudolf smucr,Rudolf,Šmucr,M
psp:osoba:329,329,Oldřich Vrcha,oldrich vrcha,Oldřich,Vrcha,M
psp:osoba:330,330,Petr Vrzáň,petr vrzan,Petr,Vrzáň,M
psp:osoba:331,331,Petr Zajíc,petr zajic,Petr,Zajíc,M
psp:osoba:332,332,Blanka Zajícová,blanka zajicova,Blanka,Zajícová,F
psp:osoba:333,333,Jan Grůza,jan gruza,Jan,Grůza,M
psp:osoba:334,334,Vladimír Procházka,vladimir prochazka,Vladimír,Procházka,M
psp:osoba:335,335,Tomáš Kladívko,tomas kladivko,Tomáš,Kladívko,M
psp:osoba:336,336,Milan Kynčl,milan kyncl,Milan,Kynčl,M
psp:osoba:337,337,Josef Molín,josef molin,Josef,Molín,M
psp:osoba:338,338,Igor Němec,igor nemec,Igor,Němec,M
psp:osoba:339,339,Miroslav Leština,miroslav lestina,Miroslav,Leština,M
psp:osoba:340,340,Vlasta Parkanová,vlasta parkanova,Vlasta,Parkanová,F
psp:osoba:341,341,Jiří Černota,jiri cernota,Jiří,Černota,M
psp:osoba:342,342,František Šnajdauf,frantisek snajdauf,František,Šnajdauf,M
psp:osoba:343,343,Václav Hrubý,vaclav hruby,Václav,Hrubý,M
psp:osoba:344,344,Vlastimil Aubrecht,vlastimil aubrecht,Vlastimil,Aubrecht,M
psp:osoba:345,345,Walter Bartoš,walter bartos,Walter,Bartoš,M
psp:osoba:346,346,Petr Bendl,petr bendl,Petr,Bendl,M
psp:osoba:347,347,Miroslav Beneš,miroslav benes,Miroslav,Beneš,M
psp:osoba:348,348,Jiří Bílý,jiri bily,Jiří,Bílý,M
psp:osoba:349,349,Jarmila Boháčková,jarmila bohackova,Jarmila,Boháčková,F
psp:osoba:350,350,Václav Brousek,vaclav brousek,Václav,Brousek,M
psp:osoba:351,351,Jiří Brtnický,jiri brtnicky,Jiří,Brtnický,M
psp:osoba:352,352,Augustin Bubník,augustin bubnik,Augustin,Bubník,M
psp:osoba:353,353,Milan Cabrnoch,milan cabrnoch,Milan,Cabrnoch,M
psp:osoba:354,354,Karel Černý,karel cerny,Karel,Černý,M
psp:osoba:355,355,Ivan David,ivan david,Ivan,David,M
psp:osoba:356,356,Michal Doktor,michal doktor,Michal,Doktor,M
psp:osoba:357,357,Vladimír Doležal,vladimir dolezal,Vladimír,Doležal,M
psp:osoba:358,358,Kateřina Dostálová,katerina dostalova,Kateřina,Dostálová,F
psp:osoba:359,359,Jiří Drda,jiri drda,Jiří,Drda,M
psp:osoba:360,360,Eva Dundáčková,eva dundackova,Eva,Dundáčková,F
psp:osoba:361,361,Stanislav Fischer,stanislav fischer,Stanislav,Fischer,M
psp:osoba:362,362,Andrej Grega,andrej grega,Andrej,Grega,M
psp:osoba:363,363,Václav Grüner,vaclav gruner,Václav,Grüner,M
psp:osoba:364,364,Ivana Hanačíková,ivana hanacikova,Ivana,Hanačíková,F
psp:osoba:365,365,Václav Hanuš,vaclav hanus,Václav,Hanuš,M
psp:osoba:366,366,Pavel Hojda,pavel hojda,Pavel,Hojda,M
psp:osoba:367,367,Pavel Hönig,pavel honig,Pavel,Hönig,M
psp:osoba:368,368,Monika Mihaličková,monika mihalickova,Monika,Mihaličková,F
psp:osoba:369,369,Petr Hort,petr hort,Petr,Hort,M
psp:osoba:370,370,Vladimír Hradil,vladimir hradil,Vladimír,Hradil,M
psp:osoba:371,371,Pavel Hrnčíř,pavel hrncir,Pavel,Hrnčíř,M
psp:osoba:372,372,Radim Chytka,radim chytka,Radim,Chytka,M
psp:osoba:373,373,Josef Jalůvka,josef jaluvka,Josef,Jalůvka,M
psp:osoba:374,374,Libor Ježek,libor jezek,Libor,Ježek,M
psp:osoba:375,375,Josef Ježek,josef jezek,Josef,Ježek,M
psp:osoba:376,376,Yvona Jungová,yvona jungova,Yvona,Jungová,F
psp:osoba:377,377,Miroslav Kalousek,miroslav kalousek,Miroslav,Kalousek,M
psp:osoba:378,378,Martin Kocourek,martin kocourek,Martin,Kocourek,M
psp:osoba:379,379,Jaromír Kohlíček,jaromir kohlicek,Jaromír,Kohlíček,M
psp:osoba:380,380,Ladislav Korbel,ladislav korbel,Ladislav,Korbel,M
psp:osoba:381,381,Zdeněk Kořistka,zdenek koristka,Zdeněk,Kořistka,M
psp:osoba:382,382,Zdeněk Koudelka,zdenek koudelka,Zdeněk,Koudelka,M
psp:osoba:383,383,Miroslav Krajíček,miroslav krajicek,Miroslav,Krajíček,M
psp:osoba:384,384,Libor Krátký,libor kratky,Libor,Krátký,M
psp:osoba:385,385,Josef Krejčí,josef krejci,Josef,Krejčí,M
psp:osoba:386,386,Stanislav Křeček,stanislav krecek,Stanislav,Křeček,M
psp:osoba:387,387,Miloslav Kučera ml.,miloslav kucera ml.,Miloslav,Kučera ml.,M
psp:osoba:388,388,Miloslav Kučera st.,miloslav kucera st.,Miloslav,Kučera st.,M
psp:osoba:389,389,Karel Kühnl,karel kuhnl,Karel,Kühnl,M
psp:osoba:390,390,Tomáš Kvapil,tomas kvapil,Tomáš,Kvapil,M
psp:osoba:391,391,Pavel Lang,pavel lang,Pavel,Lang,M
psp:osoba:392,392,Jaroslav Lobkowicz,jaroslav lobkowicz,Jaroslav,Lobkowicz,M
psp:osoba:393,393,Miroslav Máče,miroslav mace,Miroslav,Máče,M
psp:osoba:394,394,Marie Machatá,marie machata,Marie,Machatá,F
psp:osoba:395,395,Petr Mareš,petr mares,Petr,Mareš,M
psp:osoba:396,396,Radko Martínek,radko martinek,Radko,Martínek,M
psp:osoba:397,397,Petr Matějů,petr mateju,Petr,Matějů,M
psp:osoba:398,398,Vladimír Mlynář,vladimir mlynar,Vladimír,Mlynář,M
psp:osoba:399,399,Ludmila Müllerová,ludmila mullerova,Ludmila,Müllerová,F
psp:osoba:400,400,Veronika Nedvědová,veronika nedvedova,Veronika,Nedvědová,F
psp:osoba:401,401,Miroslava Němcová,miroslava nemcova,Miroslava,Němcová,F
psp:osoba:402,402,Stanislav Němec,stanislav nemec,Stanislav,Němec,M
psp:osoba:403,403,Pavel Němec,pavel nemec,Pavel,Němec,M
psp:osoba:404,404,František Ondruš,frantisek ondrus,František,Ondruš,M
psp:osoba:405,405,Miroslav Ouzký,miroslav ouzky,Miroslav,Ouzký,M
psp:osoba:406,406,Alena Páralová,alena paralova,Alena,Páralová,F
psp:osoba:407,407,Jiří Patočka,jiri patocka,Jiří,Patočka,M
psp:osoba:408,408,Vladimír Paulík,vladimir paulik,Vladimír,Paulík,M
psp:osoba:409,409,František Pejřil,frantisek pejril,František,Pejřil,M
psp:osoba:410,410,Břetislav Petr,bretislav petr,Břetislav,Petr,M
psp:osoba:411,411,Václav Pícl,vaclav picl,Václav,Pícl,M
psp:osoba:412,412,Aleš Rozehnal,ales rozehnal,Aleš,Rozehnal,M
psp:osoba:413,413,Martin Starec,martin starec,Martin,Starec,M
psp:osoba:414,414,Zdeňka Stránská,zdenka stranska,Zdeňka,Stránská,F
psp:osoba:415,415,Pavel Suchánek,pavel suchanek,Pavel,Suchánek,M
psp:osoba:416,416,Cyril Svoboda,cyril svoboda,Cyril,Svoboda,M
psp:osoba:417,417,Pavel Svoboda,pavel svoboda,Pavel,Svoboda,M
psp:osoba:418,418,Jan Svoboda,jan svoboda,Jan,Svoboda,M
psp:osoba:419,419,Karel Šplíchal,karel splichal,Karel,Šplíchal,M
psp:osoba:420,420,Ladislav Šustr,ladislav sustr,Ladislav,Šustr,M
psp:osoba:421,421,Lucie Talmanová,lucie talmanova,Lucie,Talmanová,F
psp:osoba:422,422,Milan Urban,milan urban,Milan,Urban,M
psp:osoba:423,423,Eduard Vávra,eduard vavra,Eduard,Vávra,M
psp:osoba:424,424,Josef Vejvoda,josef vejvoda,Josef,Vejvoda,M
psp:osoba:425,425,Miroslava Vlčková,miroslava vlckova,Miroslava,Vlčková,F
psp:osoba:426,426,František Vnouček,frantisek vnoucek,František,Vnouček,M
psp:osoba:427,427,Jana Volfová,jana volfova,Jana,Volfová,F
psp:osoba:428,428,Vojtěch Vymětal,vojtech vymetal,Vojtěch,Vymětal,M
psp:osoba:429,429,Jan Zahradil,jan zahradil,Jan,Zahradil,M
psp:osoba:430,430,Tom Zajíček,tom zajicek,Tom,Zajíček,M
psp:osoba:431,431,Bohuslav Záruba,bohuslav zaruba,Bohuslav,Záruba,M
psp:osoba:432,432,Milan Zuna,milan zuna,Milan,Zuna,M
psp:osoba:433,433,Karel Dyba,karel dyba,Karel,Dyba,M
psp:osoba:434,434,Pavel Tigrid,pavel tigrid,Pavel,Tigrid,M
psp:osoba:435,435,František Benda,frantisek benda,František,Benda,M
psp:osoba:436,436,Jaromír Schneider,jaromir schneider,Jaromír,Schneider,M
psp:osoba:437,437,Martin Říman,martin riman,Martin,Říman,M
psp:osoba:438,438,Jiří Gruša,jiri grusa,Jiří,Gruša,M
psp:osoba:439,439,Jaroslav Šedivý,jaroslav sedivy,Jaroslav,Šedivý,M
psp:osoba:440,440,Josef Tošovský,josef tosovsky,Josef,Tošovský,M
psp:osoba:441,441,Martin Bursík,martin bursik,Martin,Bursík,M
psp:osoba:442,442,Zuzana Roithová,zuzana roithova,Zuzana,Roithová,F
psp:osoba:443,443,Martin Stropnický,martin stropnicky,Martin,Stropnický,M
psp:osoba:444,444,Jan Sokol,jan sokol,Jan,Sokol,M
psp:osoba:445,445,Petr Moos,petr moos,Petr,Moos,M
psp:osoba:446,446,Egon Lánský,egon lansky,Egon,Lánský,M
psp:osoba:447,447,Pavel Mertlík,pavel mertlik,Pavel,Mertlík,M
psp:osoba:448,448,Pavel Rychetský,pavel rychetsky,Pavel,Rychetský,M
psp:osoba:449,449,Ivo Svoboda,ivo svoboda,Ivo,Svoboda,M
psp:osoba:450,450,Jan Kavan,jan kavan,Jan,Kavan,M
psp:osoba:451,451,Vladimír Vetchý,vladimir vetchy,Vladimír,Vetchý,M
psp:osoba:452,452,Jaromír Císař,jaromir cisar,Jaromír,Císař,M
psp:osoba:453,453,Jan Fencl,jan fencl,Jan,Fencl,M
psp:osoba:454,454,Miloš Kužvart,milos kuzvart,Miloš,Kužvart,M
psp:osoba:455,455,Otakar Motejl,otakar motejl,Otakar,Motejl,M
psp:osoba:456,456,Antonín Peltrám,antonin peltram,Antonín,Peltrám,M
psp:osoba:457,457,Jiří Havlíček,jiri havlicek,Jiří,Havlíček,M
psp:osoba:458,458,Karol Śliwka,karol sliwka,Karol,Śliwka,M
psp:osoba:459,459,Jan Abrahám,jan abraham,Jan,Abrahám,M
psp:osoba:460,460,Josef Abrt,josef abrt,Josef,Abrt,M
psp:osoba:461,461,Silvestr Ács,silvestr acs,Silvestr,Ács,M
psp:osoba:462,462,Čestmír Adam,cestmir adam,Čestmír,Adam,M
psp:osoba:463,463,Gejza Adam,gejza adam,Gejza,Adam,M
psp:osoba:464,464,Margita Adamčíková,margita adamcikova,Margita,Adamčíková,F
psp:osoba:465,465,Ervín Adamec,ervin adamec,Ervín,Adamec,M
psp:osoba:466,466,Ladislav Adamec,ladislav adamec,Ladislav,Adamec,M
psp:osoba:467,467,František Adámek,frantisek adamek,František,Adámek,M
psp:osoba:468,468,Jiří Adámek,jiri adamek,Jiří,Adámek,M
psp:osoba:469,469,Josef Adámek,josef adamek,Josef,Adámek,M
psp:osoba:470,470,Milan Adámek,milan adamek,Milan,Adámek,M
psp:osoba:471,471,Miroslav Adámek,miroslav adamek,Miroslav,Adámek,M
psp:osoba:472,472,Jaroslav Adamík,jaroslav adamik,Jaroslav,Adamík,M
psp:osoba:473,473,Margita Adamová,margita adamova,Margita,Adamová,F
psp:osoba:474,474,Marie Adamová,marie adamova,Marie,Adamová,F
psp:osoba:475,475,Antonín Adamovský,antonin adamovsky,Antonín,Adamovský,M
psp:osoba:476,476,Mária Adrianová,maria adrianova,Mária,Adrianová,F
psp:osoba:477,477,Rafael Ambros,rafael ambros,Rafael,Ambros,M
psp:osoba:478,478,Vladimír Ambruz,vladimir ambruz,Vladimír,Ambruz,M
psp:osoba:479,479,Karel Anděl,karel andel,Karel,Anděl,M
psp:osoba:480,480,Václav Anděl,vaclav andel,Václav,Anděl,M
psp:osoba:481,481,Oľga Andelová,olga andelova,Oľga,Andelová,F
psp:osoba:482,482,Anton Anderko,anton anderko,Anton,Anderko,M
psp:osoba:483,483,František Andrássy,frantisek andrassy,František,Andrássy,M
psp:osoba:484,484,Terézia Andrejová,terezia andrejova,Terézia,Andrejová,F
psp:osoba:485,485,Antonín Andrle,antonin andrle,Antonín,Andrle,M
psp:osoba:486,486,Vladimír Andrlík,vladimir andrlik,Vladimír,Andrlík,M
psp:osoba:487,487,Josef Andrš,josef andrs,Josef,Andrš,M
psp:osoba:488,488,Ján Andrýs,jan andrys,Ján,Andrýs,M
psp:osoba:489,489,Milan Andrýsek,milan andrysek,Milan,Andrýsek,M
psp:osoba:490,490,Vojtech Antal,vojtech antal,Vojtech,Antal,M
psp:osoba:491,491,František Antony,frantisek antony,František,Antony,M
psp:osoba:492,492,Rudolf Appelt,rudolf appelt,Rudolf,Appelt,M
psp:osoba:493,493,František Arnošt,frantisek arnost,František,Arnošt,M
psp:osoba:494,494,Jozef Árvay,jozef arvay,Jozef,Árvay,M
psp:osoba:495,495,Jaroslav Aster,jaroslav aster,Jaroslav,Aster,M
psp:osoba:496,496,Jan Aubrecht,jan aubrecht,Jan,Aubrecht,M
psp:osoba:497,497,Vojtěch Aubrecht,vojtech aubrecht,Vojtěch,Aubrecht,M
psp:osoba:498,498,Pavel Auersperg,pavel auersperg,Pavel,Auersperg,M
psp:osoba:499,499,Zdeňka Augenthalerová,zdenka augenthalerova,Zdeňka,Augenthalerová,F
psp:osoba:500,500,Irena Aulitisová,irena aulitisova,Irena,Aulitisová,F
psp:osoba:501,501,Jaromír Aust,jaromir aust,Jaromír,Aust,M
psp:osoba:502,502,Ludvík Aust,ludvik aust,Ludvík,Aust,M
psp:osoba:503,503,Miloš Axman,milos axman,Miloš,Axman,M
psp:osoba:504,504,František Axmann,frantisek axmann,František,Axmann,M
psp:osoba:505,505,Rudolf Axmann,rudolf axmann,Rudolf,Axmann,M
psp:osoba:506,506,Marta Babálová,marta babalova,Marta,Babálová,F
psp:osoba:507,507,Josef Babánek,josef babanek,Josef,Babánek,M
psp:osoba:508,508,Peter Babej,peter babej,Peter,Babej,M
psp:osoba:509,509,Alois Bábek,alois babek,Alois,Bábek,M
psp:osoba:510,510,Kurt Babel,kurt babel,Kurt,Babel,M
psp:osoba:511,511,Péter Bábi,peter babi,Péter,Bábi,M
psp:osoba:512,512,Zita Babilonská,zita babilonska,Zita,Babilonská,F
psp:osoba:513,513,Štefan Babinec,stefan babinec,Štefan,Babinec,M
psp:osoba:514,514,Vladimír Bačík,vladimir bacik,Vladimír,Bačík,M
psp:osoba:515,515,Karol Bacílek,karol bacilek,Karol,Bacílek,M
psp:osoba:516,516,Štefan Bačinský,stefan bacinsky,Štefan,Bačinský,M
psp:osoba:517,517,Peter Baco,peter baco,Peter,Baco,M
psp:osoba:518,518,Veronika Baculáková,veronika baculakova,Veronika,Baculáková,F
psp:osoba:519,519,Alois Baeran,alois baeran,Alois,Baeran,M
psp:osoba:520,520,Pavol Bagín,pavol bagin,Pavol,Bagín,M
psp:osoba:521,521,Ondrej Bagoňa,ondrej bagona,Ondrej,Bagoňa,M
psp:osoba:522,522,Pavol Bahyl,pavol bahyl,Pavol,Bahyl,M
psp:osoba:523,523,František Bacher,frantisek bacher,František,Bacher,M
psp:osoba:524,524,Jiří Baier,jiri baier,Jiří,Baier,M
psp:osoba:525,525,Antonie Bajerová,antonie bajerova,Antonie,Bajerová,F
psp:osoba:526,526,István Bajnok,istvan bajnok,István,Bajnok,M
psp:osoba:527,527,Jozef Bakšay,jozef baksay,Jozef,Bakšay,M
psp:osoba:528,528,Michal Bakuľa,michal bakula,Michal,Bakuľa,M
psp:osoba:529,529,Oldřich Balabán,oldrich balaban,Oldřich,Balabán,M
psp:osoba:530,530,Irena Balánová,irena balanova,Irena,Balánová,F
psp:osoba:531,531,Vladimír Balaš,vladimir balas,Vladimír,Balaš,M
psp:osoba:532,532,Jozef Baláž,jozef balaz,Jozef,Baláž,M
psp:osoba:533,533,Pavel Balcárek,pavel balcarek,Pavel,Balcárek,M
psp:osoba:534,534,Ľudovít Baldovský,ludovit baldovsky,Ľudovít,Baldovský,M
psp:osoba:535,535,Mária Baleszová,maria baleszova,Mária,Baleszová,F
psp:osoba:536,536,Pavol Balgavý,pavol balgavy,Pavol,Balgavý,M
psp:osoba:537,537,Petr Balík,petr balik,Petr,Balík,M
psp:osoba:538,538,Zoltán Balla,zoltan balla,Zoltán,Balla,M
psp:osoba:539,539,Dezider Balog,dezider balog,Dezider,Balog,M
psp:osoba:540,540,Ernest Balog,ernest balog,Ernest,Balog,M
psp:osoba:541,541,Štefan Balogh,stefan balogh,Štefan,Balogh,M
psp:osoba:542,542,Eva Baňařová,eva banarova,Eva,Baňařová,F
psp:osoba:543,543,Ján Bandžák,jan bandzak,Ján,Bandžák,M
psp:osoba:544,544,Alexander Bánes,alexander banes,Alexander,Bánes,M
psp:osoba:545,545,Zoltán Bánský,zoltan bansky,Zoltán,Bánský,M
psp:osoba:546,546,Gustav Baráček,gustav baracek,Gustav,Baráček,M
psp:osoba:547,547,Rudolf Barák,rudolf barak,Rudolf,Barák,M
psp:osoba:548,548,Michal Baran,michal baran,Michal,Baran,M
psp:osoba:549,549,Pavol Baran,pavol baran,Pavol,Baran,M
psp:osoba:550,550,Andrej Barčák,andrej barcak,Andrej,Barčák,M
psp:osoba:551,551,Jana Bardoňová,jana bardonova,Jana,Bardoňová,F
psp:osoba:552,552,Gustav Bareš,gustav bares,Gustav,Bareš,M
psp:osoba:553,553,František Bařina,frantisek barina,František,Bařina,M
psp:osoba:554,554,Pavla Bařinová,pavla barinova,Pavla,Bařinová,F
psp:osoba:555,555,Emanuel Barša,emanuel barsa,Emanuel,Barša,M
psp:osoba:556,556,Josef Barša,josef barsa,Josef,Barša,M
psp:osoba:557,557,Boleslav Bárta,boleslav barta,Boleslav,Bárta,M
psp:osoba:558,558,Zdeněk Bárta,zdenek barta,Zdeněk,Bárta,M
psp:osoba:559,559,Radko Barták,radko bartak,Radko,Barták,M
psp:osoba:560,560,Václav Barták,vaclav bartak,Václav,Barták,M
psp:osoba:561,561,Štefan Bartakovics,stefan bartakovics,Štefan,Bartakovics,M
psp:osoba:562,562,Štefan Bartalos,stefan bartalos,Štefan,Bartalos,M
psp:osoba:563,563,Jaromír Bartášek,jaromir bartasek,Jaromír,Bartášek,M
psp:osoba:564,564,Hans Bartel,hans bartel,Hans,Bartel,M
psp:osoba:565,565,Miroslav Bartheldy,miroslav bartheldy,Miroslav,Bartheldy,M
psp:osoba:566,566,Krista Bartíková,krista bartikova,Krista,Bartíková,F
psp:osoba:567,567,Josef Bartončík,josef bartoncik,Josef,Bartončík,M
psp:osoba:568,568,Antonín Bartoš,antonin bartos,Antonín,Bartoš,M
psp:osoba:569,569,Lubomír Bartoš,lubomir bartos,Lubomír,Bartoš,M
psp:osoba:570,570,Miroslav Bartoš,miroslav bartos,Miroslav,Bartoš,M
psp:osoba:571,571,Václav Bartoš,vaclav bartos,Václav,Bartoš,M
psp:osoba:572,572,Miroslav Bartošek,miroslav bartosek,Miroslav,Bartošek,M
psp:osoba:573,573,Theodor Bartošek,theodor bartosek,Theodor,Bartošek,M
psp:osoba:574,574,Jan Bartošík,jan bartosik,Jan,Bartošík,M
psp:osoba:575,575,Věra Bartošková,vera bartoskova,Věra,Bartošková,F
psp:osoba:576,576,Jan Bartuška,jan bartuska,Jan,Bartuška,M
psp:osoba:577,577,Vlastimil Baruš,vlastimil barus,Vlastimil,Baruš,M
psp:osoba:578,578,Jan Baryl,jan baryl,Jan,Baryl,M
psp:osoba:579,579,Eduard Baštigál,eduard bastigal,Eduard,Baštigál,M
psp:osoba:580,580,Štefan Bašťovanský,stefan bastovansky,Štefan,Bašťovanský,M
psp:osoba:581,581,Václav Bátěk,vaclav batek,Václav,Bátěk,M
psp:osoba:582,582,Jaromíra Žáčková-Batková,jaromira zackova-batkova,Jaromíra,Žáčková-Batková,F
psp:osoba:583,583,István Batta,istvan batta,István,Batta,M
psp:osoba:584,584,Rudolf Battěk,rudolf battek,Rudolf,Battěk,M
psp:osoba:585,585,Stanislav Baudyš,stanislav baudys,Stanislav,Baudyš,M
psp:osoba:586,586,Miroslav Bauer,miroslav bauer,Miroslav,Bauer,M
psp:osoba:587,587,Oldřich Bauer,oldrich bauer,Oldřich,Bauer,M
psp:osoba:588,588,Johann Baumgartl,johann baumgartl,Johann,Baumgartl,M
psp:osoba:589,589,František Bayer,frantisek bayer,František,Bayer,M
psp:osoba:590,590,Stanislav Bazala,stanislav bazala,Stanislav,Bazala,M
psp:osoba:591,591,Štefan Bazala,stefan bazala,Štefan,Bazala,M
psp:osoba:592,592,Ludevít Bazovský,ludevit bazovsky,Ludevít,Bazovský,M
psp:osoba:593,593,Jaroslav Bečák,jaroslav becak,Jaroslav,Bečák,M
psp:osoba:594,594,Bohdan Bečka,bohdan becka,Bohdan,Bečka,M
psp:osoba:595,595,Ján Bečko,jan becko,Ján,Bečko,M
psp:osoba:596,596,Marie Bednaříková,marie bednarikova,Marie,Bednaříková,F
psp:osoba:597,597,Luboš Běhálek,lubos behalek,Luboš,Běhálek,M
psp:osoba:598,598,Ján Beharka,jan beharka,Ján,Beharka,M
psp:osoba:599,599,Rudolf Bechyně,rudolf bechyne,Rudolf,Bechyně,M
psp:osoba:600,600,Milan Bekárek,milan bekarek,Milan,Bekárek,M
psp:osoba:601,601,Antonín Bekr,antonin bekr,Antonín,Bekr,M
psp:osoba:602,602,Jozef Belas,jozef belas,Jozef,Belas,M
psp:osoba:603,603,Jan Bělehrádek,jan belehradek,Jan,Bělehrádek,M
psp:osoba:604,604,Adéla Bělíková,adela belikova,Adéla,Bělíková,F
psp:osoba:605,605,Jozef Belko,jozef belko,Jozef,Belko,M
psp:osoba:606,606,Methoděj Bella,methodej bella,Methoděj,Bella,M
psp:osoba:607,607,Samuel Belluš,samuel bellus,Samuel,Belluš,M
psp:osoba:608,608,Edita Bellušová,edita bellusova,Edita,Bellušová,F
psp:osoba:609,609,Irena Belohorská,irena belohorska,Irena,Belohorská,F
psp:osoba:610,610,Mária Belokostolská,maria belokostolska,Mária,Belokostolská,F
psp:osoba:611,611,Ľudovít Benada,ludovit benada,Ľudovít,Benada,M
psp:osoba:612,612,Miloslav Benc,miloslav benc,Miloslav,Benc,M
psp:osoba:613,613,Michal Benčík,michal bencik,Michal,Benčík,M
psp:osoba:614,614,Albína Benčíková,albina bencikova,Albína,Benčíková,F
psp:osoba:615,615,Břetislav Benda,bretislav benda,Břetislav,Benda,M
psp:osoba:616,616,Ferdinand Benda,ferdinand benda,Ferdinand,Benda,M
psp:osoba:617,617,Štěpán Benda,stepan benda,Štěpán,Benda,M
psp:osoba:618,618,Václav Benda,vaclav benda,Václav,Benda,M
psp:osoba:619,619,Ján Bendík,jan bendik,Ján,Bendík,M
psp:osoba:620,620,Miroslav Bendík,miroslav bendik,Miroslav,Bendík,M
psp:osoba:621,621,Gizela Bendová,gizela bendova,Gizela,Bendová,F
psp:osoba:622,622,Ján Bendžák,jan bendzak,Ján,Bendžák,M
psp:osoba:623,623,Alois Beneš,alois benes,Alois,Beneš,M
psp:osoba:624,624,Edvard Beneš,edvard benes,Edvard,Beneš,M
psp:osoba:625,625,František Beneš,frantisek benes,František,Beneš,M
psp:osoba:626,626,Jiří Beneš,jiri benes,Jiří,Beneš,M
psp:osoba:627,627,Vojta Beneš,vojta benes,Vojta,Beneš,M
psp:osoba:628,628,Josefa Benešová,josefa benesova,Josefa,Benešová,F
psp:osoba:629,629,Lenka Benešová,lenka benesova,Lenka,Benešová,F
psp:osoba:630,630,Zdeňka Benešová,zdenka benesova,Zdeňka,Benešová,F
psp:osoba:631,631,Peter Beniač,peter beniac,Peter,Beniač,M
psp:osoba:632,632,František Benko,frantisek benko,František,Benko,M
psp:osoba:633,633,Pavel Benko,pavel benko,Pavel,Benko,M
psp:osoba:634,634,Mikuláš Beňo,mikulas beno,Mikuláš,Beňo,M
psp:osoba:635,635,Ondrej Beňo,ondrej beno,Ondrej,Beňo,M
psp:osoba:636,636,Jaromír Berák,jaromir berak,Jaromír,Berák,M
psp:osoba:637,637,Alois Beran,alois beran,Alois,Beran,M
psp:osoba:638,638,Josef Beran,josef beran,Josef,Beran,M
psp:osoba:639,639,Oldřich Beran,oldrich beran,Oldřich,Beran,M
psp:osoba:640,640,Rudolf Beran,rudolf beran,Rudolf,Beran,M
psp:osoba:641,641,Vlasta Beránková,vlasta berankova,Vlasta,Beránková,F
psp:osoba:642,642,Rudolf Berečka,rudolf berecka,Rudolf,Berečka,M
psp:osoba:643,643,Václav Berenreiter,vaclav berenreiter,Václav,Berenreiter,M
psp:osoba:644,644,Rudolf Bereza,rudolf bereza,Rudolf,Bereza,M
psp:osoba:645,645,Rudolf Bergman,rudolf bergman,Rudolf,Bergman,M
psp:osoba:646,646,Hugo Bergmann,hugo bergmann,Hugo,Bergmann,M
psp:osoba:647,647,Jaromír Berit,jaromir berit,Jaromír,Berit,M
psp:osoba:648,648,Vilém Bernard,vilem bernard,Vilém,Bernard,M
psp:osoba:649,649,Jaroslav Bernášek,jaroslav bernasek,Jaroslav,Bernášek,M
psp:osoba:650,650,Alena Bernášková,alena bernaskova,Alena,Bernášková,F
psp:osoba:651,651,Květoslava Bernášková,kvetoslava bernaskova,Květoslava,Bernášková,F
psp:osoba:652,652,Alojz Bernát,alojz bernat,Alojz,Bernát,M
psp:osoba:653,653,Matej Berník,matej bernik,Matej,Berník,M
psp:osoba:654,654,Ján Berta,jan berta,Ján,Berta,M
psp:osoba:655,655,Pavel Bertl,pavel bertl,Pavel,Bertl,M
psp:osoba:656,656,Ivana Bešíková,ivana besikova,Ivana,Bešíková,F
psp:osoba:657,657,Ladislava Besserová-Kleňhová,ladislava besserova-klenhova,Ladislava,Besserová-Kleňhová,F
psp:osoba:658,658,Anna Betíková,anna betikova,Anna,Betíková,F
psp:osoba:659,659,Gustav Beuer,gustav beuer,Gustav,Beuer,M
psp:osoba:660,660,Franz Beutel,franz beutel,Franz,Beutel,M
psp:osoba:661,661,Bedřich Bezděk,bedrich bezdek,Bedřich,Bezděk,M
psp:osoba:662,662,Josef Bezděk,josef bezdek,Josef,Bezděk,M
psp:osoba:663,663,Zdeněk Bezděk,zdenek bezdek,Zdeněk,Bezděk,M
psp:osoba:664,664,Jiří Bezecný,jiri bezecny,Jiří,Bezecný,M
psp:osoba:665,665,Václav Běžel,vaclav bezel,Václav,Běžel,M
psp:osoba:666,666,Vladimír Bibeň,vladimir biben,Vladimír,Bibeň,M
psp:osoba:667,667,Jitka Bicková,jitka bickova,Jitka,Bicková,F
psp:osoba:668,668,Ernest Bielik,ernest bielik,Ernest,Bielik,M
psp:osoba:669,669,Štefan Bielik,stefan bielik,Štefan,Bielik,M
psp:osoba:670,670,Antonín Bichler,antonin bichler,Antonín,Bichler,M
psp:osoba:671,671,Vasil Biľak,vasil bilak,Vasil,Biľak,M
psp:osoba:673,673,František Bílek,frantisek bilek,František,Bílek,M
psp:osoba:674,674,Jarmila Bilková,jarmila bilkova,Jarmila,Bilková,F
psp:osoba:675,675,František Bill,frantisek bill,František,Bill,M
psp:osoba:676,676,Josef Bína,josef bina,Josef,Bína,M
psp:osoba:677,677,Tibor Bindas,tibor bindas,Tibor,Bindas,M
psp:osoba:678,678,František Biňovec,frantisek binovec,František,Biňovec,M
psp:osoba:679,679,Karel Biňovec,karel binovec,Karel,Biňovec,M
psp:osoba:680,680,Hubert Birke,hubert birke,Hubert,Birke,M
psp:osoba:681,681,Otomar Bistřický,otomar bistricky,Otomar,Bistřický,M
psp:osoba:682,682,Ladislav Blaha,ladislav blaha,Ladislav,Blaha,M
psp:osoba:683,683,Bohuslav Bláha,bohuslav blaha,Bohuslav,Bláha,M
psp:osoba:684,684,František Bláha,frantisek blaha,František,Bláha,M
psp:osoba:685,685,Michal Bláha,michal blaha,Michal,Bláha,M
psp:osoba:686,686,Ján Blahák,jan blahak,Ján,Blahák,M
psp:osoba:687,687,Miloslav Blahník,miloslav blahnik,Miloslav,Blahník,M
psp:osoba:688,688,Pavel Blaho,pavel blaho,Pavel,Blaho,M
psp:osoba:689,689,Pavol Blaho,pavol blaho,Pavol,Blaho,M
psp:osoba:690,690,Štefan Blaško,stefan blasko,Štefan,Blaško,M
psp:osoba:691,691,Fanni Blatny,fanni blatny,Fanni,Blatny,M
psp:osoba:692,692,Anton Blažej,anton blazej,Anton,Blažej,M
psp:osoba:693,693,Antonín Blažek,antonin blazek,Antonín,Blažek,M
psp:osoba:694,694,Jan Blažek,jan blazek,Jan,Blažek,M
psp:osoba:695,695,Jaroslav Blažek,jaroslav blazek,Jaroslav,Blažek,M
psp:osoba:696,696,Oldřich Blažek,oldrich blazek,Oldřich,Blažek,M
psp:osoba:697,697,Štefan Blažek,stefan blazek,Štefan,Blažek,M
psp:osoba:698,698,Václav Blažek,vaclav blazek,Václav,Blažek,M
psp:osoba:699,699,Vladimír Blažek,vladimir blazek,Vladimír,Blažek,M
psp:osoba:700,700,Dionýz Blažkovič,dionyz blazkovic,Dionýz,Blažkovič,M
psp:osoba:701,701,Jan Bleyer,jan bleyer,Jan,Bleyer,M
psp:osoba:702,702,Josef Blín,josef blin,Josef,Blín,M
psp:osoba:703,703,Anna Blisková,anna bliskova,Anna,Blisková,F
psp:osoba:704,704,Bedřich Bobek,bedrich bobek,Bedřich,Bobek,M
psp:osoba:705,705,Emil Bobek,emil bobek,Emil,Bobek,M
psp:osoba:706,706,Božena Bobková,bozena bobkova,Božena,Bobková,F
psp:osoba:707,707,Arnold Bobok,arnold bobok,Arnold,Bobok,M
psp:osoba:708,708,Július Bobovnický,julius bobovnicky,Július,Bobovnický,M
psp:osoba:709,709,Karel Bocek,karel bocek,Karel,Bocek,M
psp:osoba:710,710,Jiřina Bočková,jirina bockova,Jiřina,Bočková,F
psp:osoba:711,711,Koloman Boďa,koloman boda,Koloman,Boďa,M
psp:osoba:712,712,Miloslav Boďa,miloslav boda,Miloslav,Boďa,M
psp:osoba:713,713,Elena Bódisová,elena bodisova,Elena,Bódisová,F
psp:osoba:714,714,František Bodnár,frantisek bodnar,František,Bodnár,M
psp:osoba:715,715,Anna Bohatová,anna bohatova,Anna,Bohatová,F
psp:osoba:716,716,Přemysl Bohdálek,premysl bohdalek,Přemysl,Bohdálek,M
psp:osoba:717,717,Tibor Bohdanovský,tibor bohdanovsky,Tibor,Bohdanovský,M
psp:osoba:718,718,Emanuel Böhm,emanuel bohm,Emanuel,Böhm,M
psp:osoba:719,719,Georg Böhm,georg bohm,Georg,Böhm,M
psp:osoba:720,720,Rudolf Böhm,rudolf bohm,Rudolf,Böhm,M
psp:osoba:721,721,Josef Böhr,josef bohr,Josef,Böhr,M
psp:osoba:722,722,Peter Bohunický,peter bohunicky,Peter,Bohunický,M
psp:osoba:723,723,Ján Bohunský,jan bohunsky,Ján,Bohunský,M
psp:osoba:724,724,Vincent Bohuš,vincent bohus,Vincent,Bohuš,M
psp:osoba:725,725,Adolf Bohuslav,adolf bohuslav,Adolf,Bohuslav,M
psp:osoba:726,726,Miroslav Bochenek,miroslav bochenek,Miroslav,Bochenek,M
psp:osoba:727,727,Václav Bolen,vaclav bolen,Václav,Bolen,M
psp:osoba:728,728,Georg Böllmann,georg bollmann,Georg,Böllmann,M
psp:osoba:729,729,Alexander Bollo,alexander bollo,Alexander,Bollo,M
psp:osoba:730,730,Elena Bónová,elena bonova,Elena,Bónová,F
psp:osoba:731,731,Michal Borguľa,michal borgula,Michal,Borguľa,M
psp:osoba:732,732,Zdena Borisová,zdena borisova,Zdena,Borisová,F
psp:osoba:733,733,Olexa Borkaňuk,olexa borkanuk,Olexa,Borkaňuk,M
psp:osoba:734,734,Zoltán Boros,zoltan boros,Zoltán,Boros,M
psp:osoba:735,735,Ján Boroš,jan boros,Ján,Boroš,M
psp:osoba:736,736,Martin Borovička,martin borovicka,Martin,Borovička,M
psp:osoba:737,737,Ondrej Borovský,ondrej borovsky,Ondrej,Borovský,M
psp:osoba:738,738,Géza Borovszky,geza borovszky,Géza,Borovszky,M
psp:osoba:739,739,Vladimír Borský,vladimir borsky,Vladimír,Borský,M
psp:osoba:740,740,Josef Borůvka,josef boruvka,Josef,Borůvka,M
psp:osoba:741,741,Vladimír Bosák,vladimir bosak,Vladimír,Bosák,M
psp:osoba:742,742,Štefan Bošnák,stefan bosnak,Štefan,Bošnák,M
psp:osoba:743,743,Terezia Botková,terezia botkova,Terezia,Botková,F
psp:osoba:744,744,Zdena Botková,zdena botkova,Zdena,Botková,F
psp:osoba:745,745,Ján Botto,jan botto,Ján,Botto,M
psp:osoba:746,746,Václav Bouček,vaclav boucek,Václav,Bouček,M
psp:osoba:747,747,Adolf Bouchal,adolf bouchal,Adolf,Bouchal,M
psp:osoba:748,748,Jaroslav Bouška,jaroslav bouska,Jaroslav,Bouška,M
psp:osoba:749,749,Antonín Brabec,antonin brabec,Antonín,Brabec,M
psp:osoba:750,750,Jaroslav Brabec,jaroslav brabec,Jaroslav,Brabec,M
psp:osoba:751,751,František Brabenec,frantisek brabenec,František,Brabenec,M
psp:osoba:752,752,Miloslav Bráborec,miloslav braborec,Miloslav,Bráborec,M
psp:osoba:753,753,Štefan Bračok,stefan bracok,Štefan,Bračok,M
psp:osoba:754,754,Stanislav Brada,stanislav brada,Stanislav,Brada,M
psp:osoba:755,755,Bohumír Bradáč,bohumir bradac,Bohumír,Bradáč,M
psp:osoba:756,756,Antonín Brančík,antonin brancik,Antonín,Brančík,M
psp:osoba:757,757,Jozef Branecký,jozef branecky,Jozef,Branecký,M
psp:osoba:758,758,Dana Branná,dana branna,Dana,Branná,F
psp:osoba:759,759,Jiří Branžovský,jiri branzovsky,Jiří,Branžovský,M
psp:osoba:760,760,Vladislav Brdlík,vladislav brdlik,Vladislav,Brdlík,M
psp:osoba:761,761,Jiří Brejha,jiri brejha,Jiří,Brejha,M
psp:osoba:762,762,Štefan Brenčič,stefan brencic,Štefan,Brenčič,M
psp:osoba:763,763,Květoslava Březinová,kvetoslava brezinova,Květoslava,Březinová,F
psp:osoba:764,764,Jan Brežný,jan brezny,Jan,Brežný,M
psp:osoba:765,765,Vladimír Brežný,vladimir brezny,Vladimír,Brežný,M
psp:osoba:766,766,Matúš Brida,matus brida,Matúš,Brida,M
psp:osoba:767,767,Jozef Brieška,jozef brieska,Jozef,Brieška,M
psp:osoba:768,768,Jaroslav Břicháček,jaroslav brichacek,Jaroslav,Břicháček,M
psp:osoba:769,769,Josef Brisuda,josef brisuda,Josef,Brisuda,M
psp:osoba:770,770,Vilém Brodecký,vilem brodecky,Vilém,Brodecký,M
psp:osoba:771,771,Andrej Bródy,andrej brody,Andrej,Bródy,M
psp:osoba:772,772,Kamil Brodziansky,kamil brodziansky,Kamil,Brodziansky,M
psp:osoba:773,773,Stanislav Broj,stanislav broj,Stanislav,Broj,M
psp:osoba:774,774,Slavoj Brokeš,slavoj brokes,Slavoj,Brokeš,M
psp:osoba:775,775,Josef Brož,josef broz,Josef,Brož,M
psp:osoba:776,776,Karel Brožík,karel brozik,Karel,Brožík,M
psp:osoba:777,777,Jozef Brúha,jozef bruha,Jozef,Brúha,M
psp:osoba:778,778,Jan Brukner,jan brukner,Jan,Brukner,M
psp:osoba:779,779,Heinrich Brunar,heinrich brunar,Heinrich,Brunar,M
psp:osoba:780,780,Miloš Brunner,milos brunner,Miloš,Brunner,M
psp:osoba:781,781,Miloslav Brůžek,miloslav bruzek,Miloslav,Brůžek,M
psp:osoba:782,782,Zdeněk Brůžek,zdenek bruzek,Zdeněk,Brůžek,M
psp:osoba:783,783,Ludmila Brychová,ludmila brychova,Ludmila,Brychová,F
psp:osoba:784,784,Slávko Buban,slavko buban,Slávko,Buban,M
psp:osoba:785,785,Jan Bubeník,jan bubenik,Jan,Bubeník,M
psp:osoba:786,786,Radomír Bubeník,radomir bubenik,Radomír,Bubeník,M
psp:osoba:787,787,František Bubník,frantisek bubnik,František,Bubník,M
psp:osoba:788,788,Josef Bubník,josef bubnik,Josef,Bubník,M
psp:osoba:789,789,Stanislav Bubník,stanislav bubnik,Stanislav,Bubník,M
psp:osoba:790,790,Pavel Bučák,pavel bucak,Pavel,Bučák,M
psp:osoba:791,791,Pavol Bučák,pavol bucak,Pavol,Bučák,M
psp:osoba:792,792,Jozef Buday,jozef buday,Jozef,Buday,M
psp:osoba:793,793,Franz Budig,franz budig,Franz,Budig,M
psp:osoba:794,794,Max Budig,max budig,Max,Budig,M
psp:osoba:795,795,Jaroslav Budínský,jaroslav budinsky,Jaroslav,Budínský,M
psp:osoba:796,796,Miloš Bugár,milos bugar,Miloš,Bugár,M
psp:osoba:797,797,Vojtěch Bugár,vojtech bugar,Vojtěch,Bugár,M
psp:osoba:798,798,Alois Buchta,alois buchta,Alois,Buchta,M
psp:osoba:799,799,Jan Buchvaldek,jan buchvaldek,Jan,Buchvaldek,M
psp:osoba:800,800,Ernest Bukó,ernest buko,Ernest,Bukó,M
psp:osoba:801,801,Peter Bulík,peter bulik,Peter,Bulík,M
psp:osoba:802,802,Hynek Bulín,hynek bulin,Hynek,Bulín,M
psp:osoba:803,803,Štefan Buľko,stefan bulko,Štefan,Buľko,M
psp:osoba:804,804,Juraj Buňa,juraj buna,Juraj,Buňa,M
psp:osoba:805,805,Bohumír Bunža,bohumir bunza,Bohumír,Bunža,M
psp:osoba:806,806,Ján Buocik,jan buocik,Ján,Buocik,M
psp:osoba:807,807,Anna Buráňová,anna buranova,Anna,Buráňová,F
psp:osoba:808,808,Pavol Burčák,pavol burcak,Pavol,Burčák,M
psp:osoba:809,809,Oldřich Burda,oldrich burda,Oldřich,Burda,M
psp:osoba:810,810,Bohumil Bureš,bohumil bures,Bohumil,Bureš,M
psp:osoba:811,811,Jiří Bureš,jiri bures,Jiří,Bureš,M
psp:osoba:812,812,Josef Bureš,josef bures,Josef,Bureš,M
psp:osoba:813,813,Rudolf Bureš,rudolf bures,Rudolf,Bureš,M
psp:osoba:814,814,Dagmar Burešová,dagmar buresova,Dagmar,Burešová,F
psp:osoba:815,815,Jaroslav Burger,jaroslav burger,Jaroslav,Burger,M
psp:osoba:816,816,Oldřich Burger,oldrich burger,Oldřich,Burger,M
psp:osoba:817,817,Edmund Burian,edmund burian,Edmund,Burian,M
psp:osoba:818,818,Emil Burian,emil burian,Emil,Burian,M
psp:osoba:819,819,Gustav Burian,gustav burian,Gustav,Burian,M
psp:osoba:820,820,Jiří Burian,jiri burian,Jiří,Burian,M
psp:osoba:821,821,Petr Burian,petr burian,Petr,Burian,M
psp:osoba:822,822,Václav Burian,vaclav burian,Václav,Burian,M
psp:osoba:823,823,Jaromír Búřil,jaromir buril,Jaromír,Búřil,M
psp:osoba:824,824,František Buříval,frantisek burival,František,Buříval,M
psp:osoba:825,825,Jan Burjan,jan burjan,Jan,Burjan,M
psp:osoba:826,826,Vladimír Burša,vladimir bursa,Vladimír,Burša,M
psp:osoba:827,827,Oldřich Burský,oldrich bursky,Oldřich,Burský,M
psp:osoba:828,828,Mária Bušíková,maria busikova,Mária,Bušíková,F
psp:osoba:829,829,Vladimír Buzalka,vladimir buzalka,Vladimír,Buzalka,M
psp:osoba:830,830,Jan Buzek,jan buzek,Jan,Buzek,M
psp:osoba:831,831,Leopold Buzek,leopold buzek,Leopold,Buzek,M
psp:osoba:832,832,Ľubor Bystrický,lubor bystricky,Ľubor,Bystrický,M
psp:osoba:833,833,Jaroslav Cabal,jaroslav cabal,Jaroslav,Cabal,M
psp:osoba:834,834,Drahomíra Cabalková,drahomira cabalkova,Drahomíra,Cabalková,F
psp:osoba:835,835,Václav Čada,vaclav cada,Václav,Čada,M
psp:osoba:836,836,Miroslav Caha,miroslav caha,Miroslav,Caha,M
psp:osoba:837,837,Milan Čaja,milan caja,Milan,Čaja,M
psp:osoba:838,838,Lubomír Čajko,lubomir cajko,Lubomír,Čajko,M
psp:osoba:839,839,Blažena Čakrtová,blazena cakrtova,Blažena,Čakrtová,F
psp:osoba:840,840,Marián Čalfa,marian calfa,Marián,Čalfa,M
psp:osoba:841,841,Vincencia Čambalová,vincencia cambalova,Vincencia,Čambalová,F
psp:osoba:842,842,Jan Čančara,jan cancara,Jan,Čančara,M
psp:osoba:843,843,Mikuláš Čanda,mikulas canda,Mikuláš,Čanda,M
psp:osoba:844,844,Josef Caňkář,josef cankar,Josef,Caňkář,M
psp:osoba:845,845,Štefan Cap,stefan cap,Štefan,Cap,M
psp:osoba:846,846,František Čáp,frantisek cap,František,Čáp,M
psp:osoba:847,847,Josef Čáp,josef cap,Josef,Čáp,M
psp:osoba:848,848,Drahoslav Čapek,drahoslav capek,Drahoslav,Čapek,M
psp:osoba:849,849,František Čapka,frantisek capka,František,Čapka,M
psp:osoba:850,850,Miroslav Čapka,miroslav capka,Miroslav,Čapka,M
psp:osoba:851,851,Vladímír Čaplovič,vladimir caplovic,Vladímír,Čaplovič,M
psp:osoba:852,852,Libuše Čápová,libuse capova,Libuše,Čápová,F
psp:osoba:853,853,Ivan Čarnogurský,ivan carnogursky,Ivan,Čarnogurský,M
psp:osoba:854,854,Pavla Čáslavská,pavla caslavska,Pavla,Čáslavská,F
psp:osoba:855,855,Felix Časný,felix casny,Felix,Časný,M
psp:osoba:856,856,Rudolf Čavojský,rudolf cavojsky,Rudolf,Čavojský,M
psp:osoba:857,857,Ján Čech,jan cech,Ján,Čech,M
psp:osoba:858,858,Vítězslav Čech,vitezslav cech,Vítězslav,Čech,M
psp:osoba:859,859,Vladimír Čech,vladimir cech,Vladimír,Čech,M
psp:osoba:860,860,Heda Čechová,heda cechova,Heda,Čechová,F
psp:osoba:861,861,Růžena Čechová,ruzena cechova,Růžena,Čechová,F
psp:osoba:862,862,Jiří Čejka,jiri cejka,Jiří,Čejka,M
psp:osoba:863,863,Mahulena Čejková,mahulena cejkova,Mahulena,Čejková,F
psp:osoba:864,864,Rudolf Cejnek,rudolf cejnek,Rudolf,Cejnek,M
psp:osoba:865,865,Žofia Čekanová,zofia cekanova,Žofia,Čekanová,F
psp:osoba:866,866,Alexej Čepička,alexej cepicka,Alexej,Čepička,M
psp:osoba:867,867,Jana Čepičková,jana cepickova,Jana,Čepičková,F
psp:osoba:868,868,Ladislav Cepl,ladislav cepl,Ladislav,Cepl,M
psp:osoba:869,869,Ľudovít Čermáček,ludovit cermacek,Ľudovít,Čermáček,M
psp:osoba:870,870,Karl Čermak,karl cermak,Karl,Čermak,M
psp:osoba:871,871,Augustin Čermák,augustin cermak,Augustin,Čermák,M
psp:osoba:872,872,Bohumil Čermák,bohumil cermak,Bohumil,Čermák,M
psp:osoba:873,873,Josef Čermák,josef cermak,Josef,Čermák,M
psp:osoba:874,874,Július Čermák,julius cermak,Július,Čermák,M
psp:osoba:875,875,Helena Čermáková,helena cermakova,Helena,Čermáková,F
psp:osoba:876,876,Marie Čermáková,marie cermakova,Marie,Čermáková,F
psp:osoba:877,877,Marcela Černá,marcela cerna,Marcela,Černá,F
psp:osoba:878,878,Marie Černá,marie cerna,Marie,Černá,F
psp:osoba:879,879,Ľudovít Černáček,ludovit cernacek,Ľudovít,Černáček,M
psp:osoba:880,880,Zoltán Černák,zoltan cernak,Zoltán,Černák,M
psp:osoba:881,881,Josef Černík,josef cernik,Josef,Černík,M
psp:osoba:882,882,Oldřich Černík,oldrich cernik,Oldřich,Černík,M
psp:osoba:883,883,Jan Černo,jan cerno,Jan,Černo,M
psp:osoba:884,884,Václav Černovský,vaclav cernovsky,Václav,Černovský,M
psp:osoba:885,885,Albert Černý,albert cerny,Albert,Černý,M
psp:osoba:886,886,Antonín Černý,antonin cerny,Antonín,Černý,M
psp:osoba:887,887,Emanuel Černý,emanuel cerny,Emanuel,Černý,M
psp:osoba:888,888,Jan Černý,jan cerny,Jan,Černý,M
psp:osoba:889,889,Jan Černý,jan cerny,Jan,Černý,M
psp:osoba:890,890,Jan Černý,jan cerny,Jan,Černý,M
psp:osoba:891,891,Jaroslav Černý,jaroslav cerny,Jaroslav,Černý,M
psp:osoba:892,892,Jiří Černý,jiri cerny,Jiří,Černý,M
psp:osoba:893,893,Josef Černý,josef cerny,Josef,Černý,M
psp:osoba:894,894,Josef Černý,josef cerny,Josef,Černý,M
psp:osoba:895,895,Josef Černý,josef cerny,Josef,Černý,M
psp:osoba:896,896,Josef Černý,josef cerny,Josef,Černý,M
psp:osoba:897,897,Josef Černý,josef cerny,Josef,Černý,M
psp:osoba:898,898,Josef Černý,josef cerny,Josef,Černý,M
psp:osoba:899,899,Ludvík Černý,ludvik cerny,Ludvík,Černý,M
psp:osoba:900,900,Vratislav Černý,vratislav cerny,Vratislav,Černý,M
psp:osoba:901,901,František Červenka,frantisek cervenka,František,Červenka,M
psp:osoba:902,902,Vladimír Červenka,vladimir cervenka,Vladimír,Červenka,M
psp:osoba:903,903,Zdeněk Červenka,zdenek cervenka,Zdeněk,Červenka,M
psp:osoba:904,904,Rudolf Červený,rudolf cerveny,Rudolf,Červený,M
psp:osoba:905,905,Václav Červený,vaclav cerveny,Václav,Červený,M
psp:osoba:906,906,Antonín Červinka,antonin cervinka,Antonín,Červinka,M
psp:osoba:907,907,Ervín Červinka,ervin cervinka,Ervín,Červinka,M
psp:osoba:908,908,František Červinka,frantisek cervinka,František,Červinka,M
psp:osoba:909,909,Jan Červinka,jan cervinka,Jan,Červinka,M
psp:osoba:910,910,Vincenc Červinka,vincenc cervinka,Vincenc,Červinka,M
psp:osoba:911,911,Ladislav Češka,ladislav ceska,Ladislav,Češka,M
psp:osoba:912,912,Zdeněk Češka,zdenek ceska,Zdeněk,Češka,M
psp:osoba:913,913,Vojtech Česnek,vojtech cesnek,Vojtech,Česnek,M
psp:osoba:914,914,Jiří Cibelius,jiri cibelius,Jiří,Cibelius,M
psp:osoba:915,915,Josef Cibulka,josef cibulka,Josef,Cibulka,M
psp:osoba:916,916,Václav Cibuzar,vaclav cibuzar,Václav,Cibuzar,M
psp:osoba:917,917,Milan Čič,milan cic,Milan,Čič,M
psp:osoba:918,918,Jaromír Čičmanec,jaromir cicmanec,Jaromír,Čičmanec,M
psp:osoba:919,919,Pavel Čičmanec,pavel cicmanec,Pavel,Čičmanec,M
psp:osoba:920,920,Ján Cigan,jan cigan,Ján,Cigan,M
psp:osoba:921,921,Ladislav Cígler,ladislav cigler,Ladislav,Cígler,M
psp:osoba:922,922,Bohumil Čihák,bohumil cihak,Bohumil,Čihák,M
psp:osoba:923,923,Josef Čihák,josef cihak,Josef,Čihák,M
psp:osoba:924,924,Antonín Číhalík,antonin cihalik,Antonín,Číhalík,M
psp:osoba:925,925,Božena Číhalová,bozena cihalova,Božena,Číhalová,F
psp:osoba:926,926,Josef Cihlář,josef cihlar,Josef,Cihlář,M
psp:osoba:927,927,Ján Čillik,jan cillik,Ján,Čillik,M
psp:osoba:928,928,Věra Cimplová,vera cimplova,Věra,Cimplová,F
psp:osoba:929,929,Petr Cingr,petr cingr,Petr,Cingr,M
psp:osoba:930,930,Dušan Cinkota,dusan cinkota,Dušan,Cinkota,M
psp:osoba:931,931,Vojtěch Čipera,vojtech cipera,Vojtěch,Čipera,M
psp:osoba:932,932,Václav Cipro,vaclav cipro,Václav,Cipro,M
psp:osoba:933,933,František Cirkl,frantisek cirkl,František,Cirkl,M
psp:osoba:934,934,Čestmír Císař,cestmir cisar,Čestmír,Císař,M
psp:osoba:935,935,Lumír Čivrný,lumir civrny,Lumír,Čivrný,M
psp:osoba:936,936,Gabriel Číž,gabriel ciz,Gabriel,Číž,M
psp:osoba:937,937,Augustin Čižek,augustin cizek,Augustin,Čižek,M
psp:osoba:938,938,Alois Čížek,alois cizek,Alois,Čížek,M
psp:osoba:939,939,Marie Čižinská,marie cizinska,Marie,Čižinská,F
psp:osoba:940,940,Anna Čížková,anna cizkova,Anna,Čížková,F
psp:osoba:941,941,Jana Čížková,jana cizkova,Jana,Čížková,F
psp:osoba:942,942,Vladimír Clementis,vladimir clementis,Vladimír,Clementis,M
psp:osoba:943,943,Alojz Čmelo,alojz cmelo,Alojz,Čmelo,M
psp:osoba:944,944,Marie Cmíralová,marie cmiralova,Marie,Cmíralová,F
psp:osoba:945,945,Vladimír Čobrda,vladimir cobrda,Vladimír,Čobrda,M
psp:osoba:946,946,Pavol Čollák,pavol collak,Pavol,Čollák,M
psp:osoba:947,947,Peter Colotka,peter colotka,Peter,Colotka,M
psp:osoba:948,948,Jozef Comba,jozef comba,Jozef,Comba,M
psp:osoba:949,949,Alois Coufal,alois coufal,Alois,Coufal,M
psp:osoba:950,950,Břetislav Coufal,bretislav coufal,Břetislav,Coufal,M
psp:osoba:951,951,Ladislav Coufal,ladislav coufal,Ladislav,Coufal,M
psp:osoba:952,952,Eugen Csank,eugen csank,Eugen,Csank,M
psp:osoba:953,953,Jozef Csémi,jozef csemi,Jozef,Csémi,M
psp:osoba:954,954,Karol Cserge,karol cserge,Karol,Cserge,M
psp:osoba:955,955,Štefan Csomor,stefan csomor,Štefan,Csomor,M
psp:osoba:956,956,Tomáš Ctibor,tomas ctibor,Tomáš,Ctibor,M
psp:osoba:957,957,Miloslav Čtvrtníček,miloslav ctvrtnicek,Miloslav,Čtvrtníček,M
psp:osoba:958,958,Václav Čubár,vaclav cubar,Václav,Čubár,M
psp:osoba:959,959,Marta Čubová,marta cubova,Marta,Čubová,F
psp:osoba:960,960,Jaroslav Čubrda,jaroslav cubrda,Jaroslav,Čubrda,M
psp:osoba:961,961,Jaroslav Cuhra,jaroslav cuhra,Jaroslav,Cuhra,M
psp:osoba:962,962,Marek Čulen,marek culen,Marek,Čulen,M
psp:osoba:963,963,Věra Čulíková,vera culikova,Věra,Čulíková,F
psp:osoba:964,964,Zdeněk Čumpl,zdenek cumpl,Zdeněk,Čumpl,M
psp:osoba:965,965,Vincenc Čundrlík,vincenc cundrlik,Vincenc,Čundrlík,M
psp:osoba:966,966,Ján Cuper,jan cuper,Ján,Cuper,M
psp:osoba:967,967,František Čupr,frantisek cupr,František,Čupr,M
psp:osoba:968,968,Jiří Čurda,jiri curda,Jiří,Čurda,M
psp:osoba:969,969,Antonín Čuřík,antonin curik,Antonín,Čuřík,M
psp:osoba:970,970,Michal Čverčko,michal cvercko,Michal,Čverčko,M
psp:osoba:971,971,Rudolf Cvik,rudolf cvik,Rudolf,Cvik,M
psp:osoba:972,972,Andrej Cvinček,andrej cvincek,Andrej,Cvinček,M
psp:osoba:973,973,František Cvinček,frantisek cvincek,František,Cvinček,M
psp:osoba:974,974,Michal Cyprich,michal cyprich,Michal,Cyprich,M
psp:osoba:975,975,Ludwig Czech,ludwig czech,Ludwig,Czech,M
psp:osoba:976,976,Josef Daněk,josef danek,Josef,Daněk,M
psp:osoba:977,977,Ladislav Daněk,ladislav danek,Ladislav,Daněk,M
psp:osoba:978,978,Andrej Daniel,andrej daniel,Andrej,Daniel,M
psp:osoba:979,979,Peter Danielič,peter danielic,Peter,Danielič,M
psp:osoba:980,980,Božena Danielová,bozena danielova,Božena,Danielová,F
psp:osoba:981,981,Marie Danielová,marie danielova,Marie,Danielová,F
psp:osoba:982,982,Ivan Danihel,ivan danihel,Ivan,Danihel,M
psp:osoba:983,983,Štefan Danihel,stefan danihel,Štefan,Danihel,M
psp:osoba:984,984,Vincent Danihel,vincent danihel,Vincent,Danihel,M
psp:osoba:985,985,Imrich Daniš,imrich danis,Imrich,Daniš,M
psp:osoba:986,986,Ivan Daniš,ivan danis,Ivan,Daniš,M
psp:osoba:987,987,Ján Daniš,jan danis,Ján,Daniš,M
psp:osoba:988,988,Ján Danko,jan danko,Ján,Danko,M
psp:osoba:989,989,Jozefína Dankovičová,jozefina dankovicova,Jozefína,Dankovičová,F
psp:osoba:990,990,Leonard Danneberg,leonard danneberg,Leonard,Danneberg,M
psp:osoba:991,991,Karol Daráž,karol daraz,Karol,Daráž,M
psp:osoba:992,992,Štefan Darula,stefan darula,Štefan,Darula,M
psp:osoba:993,993,Vojtech Daubner,vojtech daubner,Vojtech,Daubner,M
psp:osoba:994,994,Josef David,josef david,Josef,David,M
psp:osoba:995,995,Pavol David,pavol david,Pavol,David,M
psp:osoba:996,996,Václav David,vaclav david,Václav,David,M
psp:osoba:997,997,Vlastimil David,vlastimil david,Vlastimil,David,M
psp:osoba:998,998,Jindřich Daxer,jindrich daxer,Jindřich,Daxer,M
psp:osoba:999,999,Ján Daxner,jan daxner,Ján,Daxner,M
psp:osoba:1000,1000,Samo Daxner,samo daxner,Samo,Daxner,M
psp:osoba:1001,1001,Bohuslav Deči,bohuslav deci,Bohuslav,Deči,M
psp:osoba:1002,1002,Jan Děd,jan ded,Jan,Děd,M
psp:osoba:1003,1003,Václav Dědek,vaclav dedek,Václav,Dědek,M
psp:osoba:1004,1004,Karel Dědic,karel dedic,Karel,Dědic,M
psp:osoba:1005,1005,Jakub Dědič,jakub dedic,Jakub,Dědič,M
psp:osoba:1006,1006,Pavel Delinga,pavel delinga,Pavel,Delinga,M
psp:osoba:1007,1007,Karol Dembovský,karol dembovsky,Karol,Dembovský,M
psp:osoba:1008,1008,Tibor Demmer,tibor demmer,Tibor,Demmer,M
psp:osoba:1009,1009,Ivan Dérer,ivan derer,Ivan,Dérer,M
psp:osoba:1010,1010,František Desenský,frantisek desensky,František,Desenský,M
psp:osoba:1011,1011,Marie Deutsch,marie deutsch,Marie,Deutsch,M
psp:osoba:1012,1012,Stanislav Devátý,stanislav devaty,Stanislav,Devátý,M
psp:osoba:1013,1013,Andrej Devečka,andrej devecka,Andrej,Devečka,M
psp:osoba:1015,1015,Vojtěch Deyl,vojtech deyl,Vojtěch,Deyl,M
psp:osoba:1016,1016,Jiří Dienstbier,jiri dienstbier,Jiří,Dienstbier,M
psp:osoba:1017,1017,Jiří Dienstbier,jiri dienstbier,Jiří,Dienstbier,M
psp:osoba:1018,1018,Anton Dietl,anton dietl,Anton,Dietl,M
psp:osoba:1019,1019,Olga Divilová,olga divilova,Olga,Divilová,F
psp:osoba:1020,1020,Eduard Diviš,eduard divis,Eduard,Diviš,M
psp:osoba:1021,1021,František Dlouhý,frantisek dlouhy,František,Dlouhý,M
psp:osoba:1022,1022,Jaromír Dlouhý,jaromir dlouhy,Jaromír,Dlouhý,M
psp:osoba:1023,1023,Jan Dobiáš,jan dobias,Jan,Dobiáš,M
psp:osoba:1024,1024,Václav Dobiáš,vaclav dobias,Václav,Dobiáš,M
psp:osoba:1025,1025,Stanislav Dobos,stanislav dobos,Stanislav,Dobos,M
psp:osoba:1026,1026,Imrich Doboš,imrich dobos,Imrich,Doboš,M
psp:osoba:1027,1027,Ján Dobránsky,jan dobransky,Ján,Dobránsky,M
psp:osoba:1028,1028,Jozef Dobrovolný,jozef dobrovolny,Jozef,Dobrovolný,M
psp:osoba:1029,1029,Ludmila Dobrozemská,ludmila dobrozemska,Ludmila,Dobrozemská,F
psp:osoba:1030,1030,Miloslav Dočkal,miloslav dockal,Miloslav,Dočkal,M
psp:osoba:1031,1031,Anežka Dočkalová,anezka dockalova,Anežka,Dočkalová,F
psp:osoba:1032,1032,Lubomír Dohnal,lubomir dohnal,Lubomír,Dohnal,M
psp:osoba:1033,1033,Milan Dohnal,milan dohnal,Milan,Dohnal,M
psp:osoba:1034,1034,Vojtěch Dohnal,vojtech dohnal,Vojtěch,Dohnal,M
psp:osoba:1035,1035,Karel Dohnálek,karel dohnalek,Karel,Dohnálek,M
psp:osoba:1036,1036,Danuše Dohnalová,danuse dohnalova,Danuše,Dohnalová,F
psp:osoba:1037,1037,Zdena Dohnalová,zdena dohnalova,Zdena,Dohnalová,F
psp:osoba:1038,1038,Josef Doksanský,josef doksansky,Josef,Doksanský,M
psp:osoba:1039,1039,Jaromír Dolanský,jaromir dolansky,Jaromír,Dolanský,M
psp:osoba:1040,1040,Josef Dolanský,josef dolansky,Josef,Dolanský,M
psp:osoba:1041,1041,Julius Dolanský,julius dolansky,Julius,Dolanský,M
psp:osoba:1042,1042,Jan Doleček,jan dolecek,Jan,Doleček,M
psp:osoba:1043,1043,Stanislav Dolejšek,stanislav dolejsek,Stanislav,Dolejšek,M
psp:osoba:1044,1044,Bohumil Doležal,bohumil dolezal,Bohumil,Doležal,M
psp:osoba:1045,1045,Jiří Doležal,jiri dolezal,Jiří,Doležal,M
psp:osoba:1046,1046,Josef Doležal,josef dolezal,Josef,Doležal,M
psp:osoba:1047,1047,Ladislav Doležal,ladislav dolezal,Ladislav,Doležal,M
psp:osoba:1048,1048,Václav Doležal,vaclav dolezal,Václav,Doležal,M
psp:osoba:1049,1049,Kamila Doležalová,kamila dolezalova,Kamila,Doležalová,F
psp:osoba:1050,1050,Jan Doležel,jan dolezel,Jan,Doležel,M
psp:osoba:1051,1051,Ľubomír Dolgoš,lubomir dolgos,Ľubomír,Dolgoš,M
psp:osoba:1052,1052,Rudolf Dölling,rudolf dolling,Rudolf,Dölling,M
psp:osoba:1053,1053,Milan Dolník,milan dolnik,Milan,Dolník,M
psp:osoba:1054,1054,Josef Domas,josef domas,Josef,Domas,M
psp:osoba:1055,1055,Karel Domin,karel domin,Karel,Domin,M
psp:osoba:1056,1056,Rudolf Dominik,rudolf dominik,Rudolf,Dominik,M
psp:osoba:1057,1057,Jiří Dona,jiri dona,Jiří,Dona,M
psp:osoba:1058,1058,Václav Donát,vaclav donat,Václav,Donát,M
psp:osoba:1059,1059,Alena Dondová,alena dondova,Alena,Dondová,F
psp:osoba:1060,1060,Halina Dordová,halina dordova,Halina,Dordová,F
psp:osoba:1061,1061,Michal Dorič,michal doric,Michal,Dorič,M
psp:osoba:1062,1062,Ivan Dospíšil,ivan dospisil,Ivan,Dospíšil,M
psp:osoba:1063,1063,František Dostál,frantisek dostal,František,Dostál,M
psp:osoba:1064,1064,Jan Dostálek,jan dostalek,Jan,Dostálek,M
psp:osoba:1065,1065,Bohumil Doubek,bohumil doubek,Bohumil,Doubek,M
psp:osoba:1066,1066,Štěpán Doubek,stepan doubek,Štěpán,Doubek,M
psp:osoba:1067,1067,Karel Doupovec,karel doupovec,Karel,Doupovec,M
psp:osoba:1068,1068,Rudolf Dráb,rudolf drab,Rudolf,Dráb,M
psp:osoba:1069,1069,Věra Dragounová,vera dragounova,Věra,Dragounová,F
psp:osoba:1070,1070,Miloslav Drahota,miloslav drahota,Miloslav,Drahota,M
psp:osoba:1071,1071,Václav Draxl,vaclav draxl,Václav,Draxl,M
psp:osoba:1072,1072,Jan Drda,jan drda,Jan,Drda,M
psp:osoba:1073,1073,Dana Drešerová,dana dreserova,Dana,Drešerová,F
psp:osoba:1074,1074,Dominik Drgoň,dominik drgon,Dominik,Drgoň,M
psp:osoba:1075,1075,Michal Drobáň,michal droban,Michal,Drobáň,M
psp:osoba:1076,1076,Jozef Drobný,jozef drobny,Jozef,Drobný,M
psp:osoba:1077,1077,Vladimír Drobný,vladimir drobny,Vladimír,Drobný,M
psp:osoba:1078,1078,Prokop Drtina,prokop drtina,Prokop,Drtina,M
psp:osoba:1079,1079,Alexander Dubček,alexander dubcek,Alexander,Dubček,M
psp:osoba:1080,1080,Baltazár Dubeň,baltazar duben,Baltazár,Dubeň,M
psp:osoba:1081,1081,Jan Dubický,jan dubicky,Jan,Dubický,M
psp:osoba:1082,1082,Alžběta Dubnická,alzbeta dubnicka,Alžběta,Dubnická,F
psp:osoba:1083,1083,Mária Dubová,maria dubova,Mária,Dubová,F
psp:osoba:1084,1084,Marie Dubská,marie dubska,Marie,Dubská,F
psp:osoba:1085,1085,Zdeňka Dubská,zdenka dubska,Zdeňka,Dubská,F
psp:osoba:1086,1086,Milan Duda,milan duda,Milan,Duda,M
psp:osoba:1087,1087,František Dudač,frantisek dudac,František,Dudač,M
psp:osoba:1088,1088,Helena Dudášová-Géreczová,helena dudasova-gereczova,Helena,Dudášová-Géreczová,F
psp:osoba:1089,1089,Petr Dudešek,petr dudesek,Petr,Dudešek,M
psp:osoba:1090,1090,Emil Dufala,emil dufala,Emil,Dufala,M
psp:osoba:1091,1091,Josef Dufek,josef dufek,Josef,Dufek,M
psp:osoba:1092,1092,Alojz Dúha,alojz duha,Alojz,Dúha,M
psp:osoba:1093,1093,Michal Duhančik,michal duhancik,Michal,Duhančik,M
psp:osoba:1094,1094,Ivo Ducháček,ivo duchacek,Ivo,Ducháček,M
psp:osoba:1095,1095,Jan Duchaj,jan duchaj,Jan,Duchaj,M
psp:osoba:1096,1096,Michal Ducho,michal ducho,Michal,Ducho,M
psp:osoba:1097,1097,Matúš Dula,matus dula,Matúš,Dula,M
psp:osoba:1098,1098,Peter Dupej,peter dupej,Peter,Dupej,M
psp:osoba:1099,1099,Miklós Duray,miklos duray,Miklós,Duray,M
psp:osoba:1100,1100,Mária Durcová-Heřmanová,maria durcova-hermanova,Mária,Durcová-Heřmanová,F
psp:osoba:1101,1101,Július Ďuriš,julius duris,Július,Ďuriš,M
psp:osoba:1102,1102,Irena Ďurišová,irena durisova,Irena,Ďurišová,F
psp:osoba:1103,1103,Herbert Ďurkovič,herbert durkovic,Herbert,Ďurkovič,M
psp:osoba:1104,1104,Jolana Durná-Hercková,jolana durna-herckova,Jolana,Durná-Hercková,F
psp:osoba:1105,1105,Cyril Dušek,cyril dusek,Cyril,Dušek,M
psp:osoba:1106,1106,Jiří Dušek,jiri dusek,Jiří,Dušek,M
psp:osoba:1107,1107,Pavel Dušek,pavel dusek,Pavel,Dušek,M
psp:osoba:1108,1108,Rudolf Dušek,rudolf dusek,Rudolf,Dušek,M
psp:osoba:1109,1109,Eva Dutková,eva dutkova,Eva,Dutková,F
psp:osoba:1110,1110,Jan Dvořáček,jan dvoracek,Jan,Dvořáček,M
psp:osoba:1111,1111,Drahomír Dvořák,drahomir dvorak,Drahomír,Dvořák,M
psp:osoba:1112,1112,František Dvořák,frantisek dvorak,František,Dvořák,M
psp:osoba:1113,1113,Jan Dvořák,jan dvorak,Jan,Dvořák,M
psp:osoba:1114,1114,Josef Dvořák,josef dvorak,Josef,Dvořák,M
psp:osoba:1115,1115,Josef Dvořák,josef dvorak,Josef,Dvořák,M
psp:osoba:1116,1116,Ladislav Dvořák,ladislav dvorak,Ladislav,Dvořák,M
psp:osoba:1117,1117,Leo Dvořák,leo dvorak,Leo,Dvořák,M
psp:osoba:1118,1118,Richard Dvořák,richard dvorak,Richard,Dvořák,M
psp:osoba:1119,1119,Vladimír Dvořák,vladimir dvorak,Vladimír,Dvořák,M
psp:osoba:1120,1120,Eliška Dvořáková,eliska dvorakova,Eliška,Dvořáková,F
psp:osoba:1121,1121,Ludmila Dvořáková,ludmila dvorakova,Ludmila,Dvořáková,F
psp:osoba:1122,1122,Ferdinand Dvorín,ferdinand dvorin,Ferdinand,Dvorín,M
psp:osoba:1123,1123,František Dvorský,frantisek dvorsky,František,Dvorský,M
psp:osoba:1124,1124,Jozef Dvorský,jozef dvorsky,Jozef,Dvorský,M
psp:osoba:1125,1125,Hana Dýčková,hana dyckova,Hana,Dýčková,F
psp:osoba:1126,1126,Viktor Dyk,viktor dyk,Viktor,Dyk,M
psp:osoba:1127,1127,Michal Dymáček,michal dymacek,Michal,Dymáček,M
psp:osoba:1128,1128,Marie Dymáčková,marie dymackova,Marie,Dymáčková,F
psp:osoba:1129,1129,Andrej Džupina,andrej dzupina,Andrej,Džupina,M
psp:osoba:1130,1130,Martin Dzúr,martin dzur,Martin,Dzúr,M
psp:osoba:1131,1131,Ernst Eckert,ernst eckert,Ernst,Eckert,M
psp:osoba:1132,1132,Božena Ecksteinová,bozena ecksteinova,Božena,Ecksteinová,F
psp:osoba:1133,1133,Václav Eger,vaclav eger,Václav,Eger,M
psp:osoba:1134,1134,Ladislav Egri,ladislav egri,Ladislav,Egri,M
psp:osoba:1135,1135,Vlastimil Ehenberger,vlastimil ehenberger,Vlastimil,Ehenberger,M
psp:osoba:1136,1136,Vlastimil Ehrenberger,vlastimil ehrenberger,Vlastimil,Ehrenberger,M
psp:osoba:1137,1137,Ludwig Eichholz,ludwig eichholz,Ludwig,Eichholz,M
psp:osoba:1138,1138,Theodor Eisenhamr,theodor eisenhamr,Theodor,Eisenhamr,M
psp:osoba:1139,1139,Josef Ejem,josef ejem,Josef,Ejem,M
psp:osoba:1140,1140,Gustav Elstner,gustav elstner,Gustav,Elstner,M
psp:osoba:1141,1141,Karel Engliš,karel englis,Karel,Engliš,M
psp:osoba:1142,1142,Jiří Enoch,jiri enoch,Jiří,Enoch,M
psp:osoba:1143,1143,Hana Entlerová,hana entlerova,Hana,Entlerová,F
psp:osoba:1144,1144,Vendelín Erôs,vendelin eros,Vendelín,Erôs,M
psp:osoba:1145,1145,Evžen Erban,evzen erban,Evžen,Erban,M
psp:osoba:1146,1146,Vojtěch Erban,vojtech erban,Vojtěch,Erban,M
psp:osoba:1147,1147,Vendelín Erös,vendelin eros,Vendelín,Erös,M
psp:osoba:1148,1148,Ida Ertingerová,ida ertingerova,Ida,Ertingerová,F
psp:osoba:1149,1149,Daniel Ertl,daniel ertl,Daniel,Ertl,M
psp:osoba:1150,1150,Josef Ešner,josef esner,Josef,Ešner,M
psp:osoba:1151,1151,János Esterházy,janos esterhazy,János,Esterházy,M
psp:osoba:1152,1152,František Exner,frantisek exner,František,Exner,M
psp:osoba:1153,1153,Josef Fabián,josef fabian,Josef,Fabián,M
psp:osoba:1154,1154,Martin Fabík,martin fabik,Martin,Fabík,M
psp:osoba:1155,1155,Štefan Fábry,stefan fabry,Štefan,Fábry,M
psp:osoba:1156,1156,Vladimír Fáček,vladimir facek,Vladimír,Fáček,M
psp:osoba:1157,1157,Andrej Faglic,andrej faglic,Andrej,Faglic,M
psp:osoba:1158,1158,Josef Fail,josef fail,Josef,Fail,M
psp:osoba:1159,1159,Karel Fajfrlík,karel fajfrlik,Karel,Fajfrlík,M
psp:osoba:1160,1160,Aloisie Faktorová,aloisie faktorova,Aloisie,Faktorová,F
psp:osoba:1161,1161,Miroslav Faldýn,miroslav faldyn,Miroslav,Faldýn,M
psp:osoba:1162,1162,Michal Falťan,michal faltan,Michal,Falťan,M
psp:osoba:1163,1163,Samuel Faľtan,samuel faltan,Samuel,Faľtan,M
psp:osoba:1164,1164,Libuše Faltýnková,libuse faltynkova,Libuše,Faltýnková,F
psp:osoba:1165,1165,Lubomír Fanta,lubomir fanta,Lubomír,Fanta,M
psp:osoba:1166,1166,Robert Farbula,robert farbula,Robert,Farbula,M
psp:osoba:1167,1167,Marián Farkaš,marian farkas,Marián,Farkaš,M
psp:osoba:1168,1168,Gizela Farkašovská-Gajdošová,gizela farkasovska-gajdosova,Gizela,Farkašovská-Gajdošová,F
psp:osoba:1169,1169,Pavla Farníková,pavla farnikova,Pavla,Farníková,F
psp:osoba:1170,1170,Miroslav Fassati,miroslav fassati,Miroslav,Fassati,M
psp:osoba:1171,1171,Štefan Feczko,stefan feczko,Štefan,Feczko,M
psp:osoba:1172,1172,Miklós Fedor,miklos fedor,Miklós,Fedor,M
psp:osoba:1173,1173,Mikuláš Fedor,mikulas fedor,Mikuláš,Fedor,M
psp:osoba:1174,1174,Zdenka Fehérová,zdenka feherova,Zdenka,Fehérová,F
psp:osoba:1175,1175,Wenzel Feierfeil,wenzel feierfeil,Wenzel,Feierfeil,M
psp:osoba:1176,1176,Antonín Feigl,antonin feigl,Antonín,Feigl,M
psp:osoba:1177,1177,František Fejfuša,frantisek fejfusa,František,Fejfuša,M
psp:osoba:1178,1178,Jozef Fekete,jozef fekete,Jozef,Fekete,M
psp:osoba:1179,1179,Mária Feketeová,maria feketeova,Mária,Feketeová,F
psp:osoba:1180,1180,Monika Felcmanová,monika felcmanova,Monika,Felcmanová,F
psp:osoba:1181,1181,Milan Felix,milan felix,Milan,Felix,M
psp:osoba:1182,1182,Štefan Fencik,stefan fencik,Štefan,Fencik,M
psp:osoba:1183,1183,Luděk Fendrych,ludek fendrych,Luděk,Fendrych,M
psp:osoba:1184,1184,Štefan Ferencei,stefan ferencei,Štefan,Ferencei,M
psp:osoba:1185,1185,Ján Ferianc,jan ferianc,Ján,Ferianc,M
psp:osoba:1186,1186,Ján Ferjak,jan ferjak,Ján,Ferjak,M
psp:osoba:1187,1187,Mikuláš Ferjenčík,mikulas ferjencik,Mikuláš,Ferjenčík,M
psp:osoba:1188,1188,Edwin Feyerfeil,edwin feyerfeil,Edwin,Feyerfeil,M
psp:osoba:1189,1189,Antonín Fiala,antonin fiala,Antonín,Fiala,M
psp:osoba:1190,1190,Čeněk Fiala,cenek fiala,Čeněk,Fiala,M
psp:osoba:1191,1191,Luděk Fiala,ludek fiala,Luděk,Fiala,M
psp:osoba:1192,1192,Václav Fiala,vaclav fiala,Václav,Fiala,M
psp:osoba:1193,1193,Vladimír Fiala,vladimir fiala,Vladimír,Fiala,M
psp:osoba:1194,1194,Marie Fialková,marie fialkova,Marie,Fialková,F
psp:osoba:1195,1195,Božena Fialová,bozena fialova,Božena,Fialová,F
psp:osoba:1196,1196,Božena Ficová,bozena ficova,Božena,Ficová,F
psp:osoba:1197,1197,Jiří Fiedor,jiri fiedor,Jiří,Fiedor,M
psp:osoba:1198,1198,Zdeněk Fierlinger,zdenek fierlinger,Zdeněk,Fierlinger,M
psp:osoba:1199,1199,Štefan Figura,stefan figura,Štefan,Figura,M
psp:osoba:1200,1200,Zdeněk Fikr,zdenek fikr,Zdeněk,Fikr,M
psp:osoba:1202,1202,Marie Filipcová,marie filipcova,Marie,Filipcová,F
psp:osoba:1203,1203,Jan Filipinský,jan filipinsky,Jan,Filipinský,M
psp:osoba:1204,1204,Rudolf Filkus,rudolf filkus,Rudolf,Filkus,M
psp:osoba:1205,1205,Kornel Filo,kornel filo,Kornel,Filo,M
psp:osoba:1206,1206,Lívia Fiľová,livia filova,Lívia,Fiľová,F
psp:osoba:1207,1207,Julius Firt,julius firt,Julius,Firt,M
psp:osoba:1208,1208,Marie Fišarová,marie fisarova,Marie,Fišarová,F
psp:osoba:1209,1209,Bohumil Fišer,bohumil fiser,Bohumil,Fišer,M
psp:osoba:1210,1210,Ivan Fišera,ivan fisera,Ivan,Fišera,M
psp:osoba:1211,1211,Věra Fišerová,vera fiserova,Věra,Fišerová,F
psp:osoba:1212,1212,Benno Fischer,benno fischer,Benno,Fischer,M
psp:osoba:1213,1213,Bohumil Fischer,bohumil fischer,Bohumil,Fischer,M
psp:osoba:1214,1214,Josef Fischer,josef fischer,Josef,Fischer,M
psp:osoba:1215,1215,Richard Fischer,richard fischer,Richard,Fischer,M
psp:osoba:1216,1216,Rudolf Fischer,rudolf fischer,Rudolf,Fischer,M
psp:osoba:1217,1217,Miluše Fischerová,miluse fischerova,Miluše,Fischerová,F
psp:osoba:1218,1218,Jiří Fleyberk,jiri fleyberk,Jiří,Fleyberk,M
psp:osoba:1219,1219,Jan Flídr,jan flidr,Jan,Flídr,M
psp:osoba:1220,1220,Marie Flídrová,marie flidrova,Marie,Flídrová,F
psp:osoba:1221,1221,Jiří Flieger,jiri flieger,Jiří,Flieger,M
psp:osoba:1222,1222,Josef Flodrman,josef flodrman,Josef,Flodrman,M
psp:osoba:1223,1223,Pavel Florek,pavel florek,Pavel,Florek,M
psp:osoba:1224,1224,Miroslav Florian,miroslav florian,Miroslav,Florian,M
psp:osoba:1225,1225,Stanislav Florián,stanislav florian,Stanislav,Florián,M
psp:osoba:1226,1226,Helena Flösslerová,helena flosslerova,Helena,Flösslerová,F
psp:osoba:1228,1228,Jozef Fogel,jozef fogel,Jozef,Fogel,M
psp:osoba:1229,1229,Jan Fojtík,jan fojtik,Jan,Fojtík,M
psp:osoba:1230,1230,Vladimír Fojtík,vladimir fojtik,Vladimír,Fojtík,M
psp:osoba:1231,1231,József Földessy,jozsef foldessy,József,Földessy,M
psp:osoba:1232,1232,Alois Foltýn,alois foltyn,Alois,Foltýn,M
psp:osoba:1233,1233,Ivan Foltýn,ivan foltyn,Ivan,Foltýn,M
psp:osoba:1234,1234,Karel Foniok,karel foniok,Karel,Foniok,M
psp:osoba:1235,1235,Libuše Foretová,libuse foretova,Libuše,Foretová,F
psp:osoba:1236,1236,Melichar Formánek,melichar formanek,Melichar,Formánek,M
psp:osoba:1237,1237,Marie Formanová,marie formanova,Marie,Formanová,F
psp:osoba:1238,1238,Anna Fornouzová,anna fornouzova,Anna,Fornouzová,F
psp:osoba:1239,1239,Josef Fořt,josef fort,Josef,Fořt,M
psp:osoba:1240,1240,Mikuláš Franek,mikulas franek,Mikuláš,Franek,M
psp:osoba:1241,1241,Antonín Fránek,antonin franek,Antonín,Fránek,M
psp:osoba:1242,1242,Eduard Frank,eduard frank,Eduard,Frank,M
psp:osoba:1243,1243,Josef Frank,josef frank,Josef,Frank,M
psp:osoba:1244,1244,Karl Frank,karl frank,Karl,Frank,M
psp:osoba:1245,1245,Vítězslav Frank,vitezslav frank,Vítězslav,Frank,M
psp:osoba:1246,1246,Emil Franke,emil franke,Emil,Franke,M
psp:osoba:1247,1247,Jozef Franko,jozef franko,Jozef,Franko,M
psp:osoba:1248,1248,Bohuslav Franta,bohuslav franta,Bohuslav,Franta,M
psp:osoba:1249,1249,Rudolf Fraštacký,rudolf frastacky,Rudolf,Fraštacký,M
psp:osoba:1250,1250,Václav Freiman,vaclav freiman,Václav,Freiman,M
psp:osoba:1251,1251,Marie Freiová,marie freiova,Marie,Freiová,F
psp:osoba:1252,1252,Michaela Freiová,michaela freiova,Michaela,Freiová,F
psp:osoba:1253,1253,Josef Freising,josef freising,Josef,Freising,M
psp:osoba:1254,1254,Adolf Freisler,adolf freisler,Adolf,Freisler,M
psp:osoba:1255,1255,Václav Frič,vaclav fric,Václav,Frič,M
psp:osoba:1256,1256,Jan Fričar,jan fricar,Jan,Fričar,M
psp:osoba:1257,1257,Antonín Fridrich,antonin fridrich,Antonín,Fridrich,M
psp:osoba:1258,1258,Eduard Friš,eduard fris,Eduard,Friš,M
psp:osoba:1260,1260,Gejza Fritz,gejza fritz,Gejza,Fritz,M
psp:osoba:1261,1261,Jiří Frkal,jiri frkal,Jiří,Frkal,M
psp:osoba:1262,1262,Ivan Frlička,ivan frlicka,Ivan,Frlička,M
psp:osoba:1263,1263,Vladimír Fröhlich,vladimir frohlich,Vladimír,Fröhlich,M
psp:osoba:1264,1264,Dagmar Frýbortová,dagmar frybortova,Dagmar,Frýbortová,F
psp:osoba:1265,1265,Ladislav Fryček,ladislav frycek,Ladislav,Fryček,M
psp:osoba:1266,1266,Václav Frynta,vaclav frynta,Václav,Frynta,M
psp:osoba:1267,1267,Mojmír Fučík,mojmir fucik,Mojmír,Fučík,M
psp:osoba:1268,1268,Gusta Fučíková,gusta fucikova,Gusta,Fučíková,F
psp:osoba:1269,1269,Božena Fuchsová,bozena fuchsova,Božena,Fuchsová,F
psp:osoba:1270,1270,Hana Fuchsová,hana fuchsova,Hana,Fuchsová,F
psp:osoba:1271,1271,Božena Fuková,bozena fukova,Božena,Fuková,F
psp:osoba:1272,1272,Jan Fulík,jan fulik,Jan,Fulík,M
psp:osoba:1273,1273,Jozef Fundák,jozef fundak,Jozef,Fundák,M
psp:osoba:1274,1274,Vasil Fuščič,vasil fuscic,Vasil,Fuščič,M
psp:osoba:1275,1275,Eduard Fusek,eduard fusek,Eduard,Fusek,M
psp:osoba:1276,1276,Kálmán Füssy,kalman fussy,Kálmán,Füssy,M
psp:osoba:1277,1277,Daniel Futej,daniel futej,Daniel,Futej,M
psp:osoba:1278,1278,Jozef Gabriška,jozef gabriska,Jozef,Gabriška,M
psp:osoba:1279,1279,František Gacík,frantisek gacik,František,Gacík,M
psp:osoba:1280,1280,Stella Gaďurková,stella gadurkova,Stella,Gaďurková,F
psp:osoba:1281,1281,Andrej Gagatko,andrej gagatko,Andrej,Gagatko,M
psp:osoba:1282,1282,Jana Gahurová,jana gahurova,Jana,Gahurová,F
psp:osoba:1283,1283,Helena Gaidečková,helena gaideckova,Helena,Gaidečková,F
psp:osoba:1284,1284,Rudolf Gajda,rudolf gajda,Rudolf,Gajda,M
psp:osoba:1285,1285,Hilda Gajdáčková,hilda gajdackova,Hilda,Gajdáčková,F
psp:osoba:1286,1286,Ľudmila Gajdošíková,ludmila gajdosikova,Ľudmila,Gajdošíková,F
psp:osoba:1287,1287,Anna Gajdošová,anna gajdosova,Anna,Gajdošová,F
psp:osoba:1288,1288,Mária Gajdošová,maria gajdosova,Mária,Gajdošová,F
psp:osoba:1289,1289,Milan Gaľa,milan gala,Milan,Gaľa,M
psp:osoba:1290,1290,Viliam Galaba,viliam galaba,Viliam,Galaba,M
psp:osoba:1291,1291,Jozef Galik,jozef galik,Jozef,Galik,M
psp:osoba:1292,1292,Judita Gálová,judita galova,Judita,Gálová,F
psp:osoba:1293,1293,Josef Galovič,josef galovic,Josef,Galovič,M
psp:osoba:1294,1294,Miroslav Galuška,miroslav galuska,Miroslav,Galuška,M
psp:osoba:1295,1295,Peter Galvánek,peter galvanek,Peter,Galvánek,M
psp:osoba:1296,1296,Petr Gandalovič,petr gandalovic,Petr,Gandalovič,M
psp:osoba:1297,1297,František Garaj,frantisek garaj,František,Garaj,M
psp:osoba:1298,1298,Rudolf Garaj,rudolf garaj,Rudolf,Garaj,M
psp:osoba:1299,1299,Aloisie Garažijová,aloisie garazijova,Aloisie,Garažijová,F
psp:osoba:1300,1300,Rudolf Gärtner,rudolf gartner,Rudolf,Gärtner,M
psp:osoba:1301,1301,Štefan Gašo,stefan gaso,Štefan,Gašo,M
psp:osoba:1302,1302,Július Gašparík,julius gasparik,Július,Gašparík,M
psp:osoba:1303,1303,Vladimír Gašparovič,vladimir gasparovic,Vladimír,Gašparovič,M
psp:osoba:1304,1304,József Gáti,jozsef gati,József,Gáti,M
psp:osoba:1305,1305,Ján Gavač,jan gavac,Ján,Gavač,M
psp:osoba:1306,1306,Zdeněk Gavenda,zdenek gavenda,Zdeněk,Gavenda,M
psp:osoba:1307,1307,Karel Gavlík,karel gavlik,Karel,Gavlík,M
psp:osoba:1308,1308,Stanislav Gawlik,stanislav gawlik,Stanislav,Gawlik,M
psp:osoba:1309,1309,Marek Gažík,marek gazik,Marek,Gažík,M
psp:osoba:1310,1310,Štefan Gažík,stefan gazik,Štefan,Gažík,M
psp:osoba:1311,1311,Ružena Gdovinová,ruzena gdovinova,Ružena,Gdovinová,F
psp:osoba:1312,1312,Jaromír Gebas,jaromir gebas,Jaromír,Gebas,M
psp:osoba:1313,1313,František Gebauer,frantisek gebauer,František,Gebauer,M
psp:osoba:1314,1314,Michal Geci,michal geci,Michal,Geci,M
psp:osoba:1315,1315,Barbora Géciová,barbora geciova,Barbora,Géciová,F
psp:osoba:1316,1316,Karol Geher,karol geher,Karol,Geher,M
psp:osoba:1317,1317,Karol Gémesi,karol gemesi,Karol,Gémesi,M
psp:osoba:1318,1318,Josef Gemrot,josef gemrot,Josef,Gemrot,M
psp:osoba:1319,1319,Ladislav Gerle,ladislav gerle,Ladislav,Gerle,M
psp:osoba:1320,1320,Jarmila Gerlichová-Petrusková,jarmila gerlichova-petruskova,Jarmila,Gerlichová-Petrusková,F
psp:osoba:1321,1321,František Geršl,frantisek gersl,František,Geršl,M
psp:osoba:1322,1322,Rudolf Géryk,rudolf geryk,Rudolf,Géryk,M
psp:osoba:1323,1323,Josef Geyer,josef geyer,Josef,Geyer,M
psp:osoba:1324,1324,Štefan Giirtler,stefan giirtler,Štefan,Giirtler,M
psp:osoba:1325,1325,Ondřej Giňa,ondrej gina,Ondřej,Giňa,M
psp:osoba:1326,1326,Jaromír Glac,jaromir glac,Jaromír,Glac,M
psp:osoba:1327,1327,Christof Gläsel,christof glasel,Christof,Gläsel,M
psp:osoba:1328,1328,Jarmila Glazarová,jarmila glazarova,Jarmila,Glazarová,F
psp:osoba:1329,1329,Štefan Glezgo,stefan glezgo,Štefan,Glezgo,M
psp:osoba:1330,1330,Štefan Glitta,stefan glitta,Štefan,Glitta,M
psp:osoba:1331,1331,Oľga Glosíková,olga glosikova,Oľga,Glosíková,F
psp:osoba:1332,1332,Viera Gogová,viera gogova,Viera,Gogová,F
psp:osoba:1333,1333,Vladimír Golab,vladimir golab,Vladimír,Golab,M
psp:osoba:1334,1334,Angelo Goldstein,angelo goldstein,Angelo,Goldstein,M
psp:osoba:1335,1335,Ján Gonda,jan gonda,Ján,Gonda,M
psp:osoba:1336,1336,Ivan Gondáš,ivan gondas,Ivan,Gondáš,M
psp:osoba:1337,1337,Miluše Goppoldová,miluse goppoldova,Miluše,Goppoldová,F
psp:osoba:1338,1338,Vladimír Görner,vladimir gorner,Vladimír,Görner,M
psp:osoba:1339,1339,Robert Gottier,robert gottier,Robert,Gottier,M
psp:osoba:1340,1340,Antonín Gottwald,antonin gottwald,Antonín,Gottwald,M
psp:osoba:1341,1341,Klement Gottwald,klement gottwald,Klement,Gottwald,M
psp:osoba:1342,1342,František Gracel,frantisek gracel,František,Gracel,M
psp:osoba:1343,1343,Marcela Grácová,marcela gracova,Marcela,Grácová,F
psp:osoba:1344,1344,Milan Grande,milan grande,Milan,Grande,M
psp:osoba:1345,1345,Josef Gratcl,josef gratcl,Josef,Gratcl,M
psp:osoba:1346,1346,Ignác Grebáč-Orlov,ignac grebac-orlov,Ignác,Grebáč-Orlov,M
psp:osoba:1348,1348,Petr Grecko,petr grecko,Petr,Grecko,M
psp:osoba:1349,1349,Antonín Gregor,antonin gregor,Antonín,Gregor,M
psp:osoba:1350,1350,Ján Gregor,jan gregor,Ján,Gregor,M
psp:osoba:1351,1351,Lipót Gregorovits,lipot gregorovits,Lipót,Gregorovits,M
psp:osoba:1352,1352,Milan Grégr,milan gregr,Milan,Grégr,M
psp:osoba:1353,1353,Johann Greif,johann greif,Johann,Greif,M
psp:osoba:1354,1354,Stanislav Grohmann,stanislav grohmann,Stanislav,Grohmann,M
psp:osoba:1355,1355,Josef Grolmus,josef grolmus,Josef,Grolmus,M
psp:osoba:1356,1356,Alois Gros,alois gros,Alois,Gros,M
psp:osoba:1357,1357,Jiří Grospič,jiri grospic,Jiří,Grospič,M
psp:osoba:1358,1358,Josef Grösser,josef grosser,Josef,Grösser,M
psp:osoba:1359,1359,Karl Gruber,karl gruber,Karl,Gruber,M
psp:osoba:1360,1360,Květoslava Grünová,kvetoslava grunova,Květoslava,Grünová,F
psp:osoba:1361,1361,Ernst Grünzner,ernst grunzner,Ernst,Grünzner,M
psp:osoba:1362,1362,Alena Grygarová,alena grygarova,Alena,Grygarová,F
psp:osoba:1363,1363,Katarína Gubová,katarina gubova,Katarína,Gubová,F
psp:osoba:1364,1364,Zdeněk Gudrich,zdenek gudrich,Zdeněk,Gudrich,M
psp:osoba:1365,1365,Zdeněk Guži,zdenek guzi,Zdeněk,Guži,M
psp:osoba:1366,1366,Juraj Gyimesi,juraj gyimesi,Juraj,Gyimesi,M
psp:osoba:1367,1367,František Haas,frantisek haas,František,Haas,M
psp:osoba:1368,1368,Jiří Haas,jiri haas,Jiří,Haas,M
psp:osoba:1369,1369,Viktor Haas,viktor haas,Viktor,Haas,M
psp:osoba:1370,1370,Zdeněk Hába,zdenek haba,Zdeněk,Hába,M
psp:osoba:1371,1371,František Habáň,frantisek haban,František,Habáň,M
psp:osoba:1372,1372,Štěpán Habarta,stepan habarta,Štěpán,Habarta,M
psp:osoba:1373,1373,Marie Háblová,marie hablova,Marie,Háblová,F
psp:osoba:1374,1374,Josef Habovštiak,josef habovstiak,Josef,Habovštiak,M
psp:osoba:1375,1375,Gustav Habrman,gustav habrman,Gustav,Habrman,M
psp:osoba:1376,1376,Ján Hacaj,jan hacaj,Ján,Hacaj,M
psp:osoba:1377,1377,Theodor Hackenberg,theodor hackenberg,Theodor,Hackenberg,M
psp:osoba:1378,1378,Gustav Hacker,gustav hacker,Gustav,Hacker,M
psp:osoba:1379,1379,Marie Hadačová,marie hadacova,Marie,Hadačová,F
psp:osoba:1380,1380,Alfred Hadek,alfred hadek,Alfred,Hadek,M
psp:osoba:1381,1381,Jan Hadrava,jan hadrava,Jan,Hadrava,M
psp:osoba:1382,1382,František Haduch,frantisek haduch,František,Haduch,M
psp:osoba:1383,1383,Otto Hahn,otto hahn,Otto,Hahn,M
psp:osoba:1384,1384,Karl Haiblick,karl haiblick,Karl,Haiblick,M
psp:osoba:1385,1385,Oldřich Haičman,oldrich haicman,Oldřich,Haičman,M
psp:osoba:1386,1386,Kornel Haim,kornel haim,Kornel,Haim,M
psp:osoba:1387,1387,Jozef Hajdák,jozef hajdak,Jozef,Hajdák,M
psp:osoba:1388,1388,Jaromír Hájek,jaromir hajek,Jaromír,Hájek,M
psp:osoba:1389,1389,Jaroslav Hájek,jaroslav hajek,Jaroslav,Hájek,M
psp:osoba:1390,1390,Jiří Hájek,jiri hajek,Jiří,Hájek,M
psp:osoba:1391,1391,Richard Hájek,richard hajek,Richard,Hájek,M
psp:osoba:1392,1392,Václav Hájek,vaclav hajek,Václav,Hájek,M
psp:osoba:1393,1393,František Hajíč,frantisek hajic,František,Hajíč,M
psp:osoba:1394,1394,Viliam Hájíček,viliam hajicek,Viliam,Hájíček,M
psp:osoba:1395,1395,Vladimír Hajko,vladimir hajko,Vladimír,Hajko,M
psp:osoba:1396,1396,Jiřina Hájková,jirina hajkova,Jiřina,Hájková,F
psp:osoba:1397,1397,Jozef Hajmacher,jozef hajmacher,Jozef,Hajmacher,M
psp:osoba:1398,1398,Antonín Hajn,antonin hajn,Antonín,Hajn,M
psp:osoba:1399,1399,Jaroslav Hajn,jaroslav hajn,Jaroslav,Hajn,M
psp:osoba:1400,1400,Mojmír Hajník,mojmir hajnik,Mojmír,Hajník,M
psp:osoba:1401,1401,Karel Hajšman,karel hajsman,Karel,Hajšman,M
psp:osoba:1402,1402,Josef Haken,josef haken,Josef,Haken,M
psp:osoba:1403,1403,František Hála,frantisek hala,František,Hála,M
psp:osoba:1404,1404,Marie Halamová,marie halamova,Marie,Halamová,F
psp:osoba:1405,1405,František Halas,frantisek halas,František,Halas,M
psp:osoba:1406,1406,Ján Halász,jan halasz,Ján,Halász,M
psp:osoba:1407,1407,Ivan Hálek,ivan halek,Ivan,Hálek,M
psp:osoba:1408,1408,Jaroslav Hálek,jaroslav halek,Jaroslav,Hálek,M
psp:osoba:1409,1409,Otto Halke,otto halke,Otto,Halke,M
psp:osoba:1410,1410,Eva Hálková,eva halkova,Eva,Hálková,F
psp:osoba:1411,1411,Ján Halla,jan halla,Ján,Halla,M
psp:osoba:1412,1412,Josef Haman,josef haman,Josef,Haman,M
psp:osoba:1413,1413,Imrich Hamarčák,imrich hamarcak,Imrich,Hamarčák,M
psp:osoba:1414,1414,Gertruda Hambalčíková,gertruda hambalcikova,Gertruda,Hambalčíková,F
psp:osoba:1415,1415,Emilian Hamerník,emilian hamernik,Emilian,Hamerník,M
psp:osoba:1416,1416,František Hamouz,frantisek hamouz,František,Hamouz,M
psp:osoba:1417,1417,Antonín Hampl,antonin hampl,Antonín,Hampl,M
psp:osoba:1418,1418,Jan Hanáček,jan hanacek,Jan,Hanáček,M
psp:osoba:1419,1419,Stanislav Hanák,stanislav hanak,Stanislav,Hanák,M
psp:osoba:1420,1420,Štefan Hančikovský,stefan hancikovsky,Štefan,Hančikovský,M
psp:osoba:1421,1421,Anton Hancko,anton hancko,Anton,Hancko,M
psp:osoba:1422,1422,Dalibor Hanes,dalibor hanes,Dalibor,Hanes,M
psp:osoba:1423,1423,Emanuel Haninger,emanuel haninger,Emanuel,Haninger,M
psp:osoba:1424,1424,Marie Hánová,marie hanova,Marie,Hánová,F
psp:osoba:1425,1425,Georg Hanreich,georg hanreich,Georg,Hanreich,M
psp:osoba:1426,1426,František Hanus,frantisek hanus,František,Hanus,M
psp:osoba:1427,1427,Ján Hanus,jan hanus,Ján,Hanus,M
psp:osoba:1428,1428,Július Hanus,julius hanus,Július,Hanus,M
psp:osoba:1429,1429,Michal Hanusek,michal hanusek,Michal,Hanusek,M
psp:osoba:1430,1430,Ľudovít Hanúsek,ludovit hanusek,Ľudovít,Hanúsek,M
psp:osoba:1431,1431,Jozef Hanzel,jozef hanzel,Jozef,Hanzel,M
psp:osoba:1432,1432,Josef Hanzelka,josef hanzelka,Josef,Hanzelka,M
psp:osoba:1433,1433,Ján Hanzlík,jan hanzlik,Ján,Hanzlík,M
psp:osoba:1434,1434,Alena Hanzlová,alena hanzlova,Alena,Hanzlová,F
psp:osoba:1435,1435,Zdeňka Hanzlová,zdenka hanzlova,Zdeňka,Hanzlová,F
psp:osoba:1436,1436,Valéria Harasztiová,valeria harasztiova,Valéria,Harasztiová,F
psp:osoba:1437,1437,Mikuláš Harciník,mikulas harcinik,Mikuláš,Harciník,M
psp:osoba:1438,1438,Rozália Harciniková,rozalia harcinikova,Rozália,Harciniková,F
psp:osoba:1439,1439,Robert Harenčár,robert harencar,Robert,Harenčár,M
psp:osoba:1440,1440,Štefánia Hartiníková,stefania hartinikova,Štefánia,Hartiníková,F
psp:osoba:1441,1441,Jan Harus,jan harus,Jan,Harus,M
psp:osoba:1442,1442,Július Hašana,julius hasana,Július,Hašana,M
psp:osoba:1443,1443,Štefan Haščík,stefan hascik,Štefan,Haščík,M
psp:osoba:1444,1444,Vilém Hasík,vilem hasik,Vilém,Hasík,M
psp:osoba:1445,1445,Alfréd Haško,alfred hasko,Alfréd,Haško,M
psp:osoba:1446,1446,Ján Haško,jan hasko,Ján,Haško,M
psp:osoba:1447,1447,Jaroslav Hasnedl,jaroslav hasnedl,Jaroslav,Hasnedl,M
psp:osoba:1448,1448,Josef Hasnedl,josef hasnedl,Josef,Hasnedl,M
psp:osoba:1449,1449,Božena Hašplová,bozena hasplova,Božena,Hašplová,F
psp:osoba:1450,1450,Fritz Hassold,fritz hassold,Fritz,Hassold,M
psp:osoba:1451,1451,Vojtech Hatala,vojtech hatala,Vojtech,Hatala,M
psp:osoba:1452,1452,Kamil Haťapka,kamil hatapka,Kamil,Haťapka,M
psp:osoba:1453,1453,Alois Hatina,alois hatina,Alois,Hatina,M
psp:osoba:1454,1454,František Hatina,frantisek hatina,František,Hatina,M
psp:osoba:1455,1455,Vladimír Hatlák,vladimir hatlak,Vladimír,Hatlák,M
psp:osoba:1456,1456,Jakub Haupt,jakub haupt,Jakub,Haupt,M
psp:osoba:1458,1458,Wilhelm Häusler,wilhelm hausler,Wilhelm,Häusler,M
psp:osoba:1459,1459,Eduard Hausmann,eduard hausmann,Eduard,Hausmann,M
psp:osoba:1460,1460,Marta Hausnerová,marta hausnerova,Marta,Hausnerová,F
psp:osoba:1461,1461,Josef Havel,josef havel,Josef,Havel,M
psp:osoba:1462,1462,Jan Havelka,jan havelka,Jan,Havelka,M
psp:osoba:1463,1463,Jaroslav Havelka,jaroslav havelka,Jaroslav,Havelka,M
psp:osoba:1464,1464,Vladimír Haviar,vladimir haviar,Vladimír,Haviar,M
psp:osoba:1465,1465,Naděžda Havířová,nadezda havirova,Naděžda,Havířová,F
psp:osoba:1466,1466,Antonín Havlíček,antonin havlicek,Antonín,Havlíček,M
psp:osoba:1467,1467,Jaroslav Havlíček,jaroslav havlicek,Jaroslav,Havlíček,M
psp:osoba:1468,1468,Miroslav Havlíček,miroslav havlicek,Miroslav,Havlíček,M
psp:osoba:1469,1469,René Havlík,rene havlik,René,Havlík,M
psp:osoba:1470,1470,František Havlín,frantisek havlin,František,Havlín,M
psp:osoba:1471,1471,Josef Havlín,josef havlin,Josef,Havlín,M
psp:osoba:1472,1472,Pavel Havlovič,pavel havlovic,Pavel,Havlovič,M
psp:osoba:1473,1473,Rudolf Hawelka,rudolf hawelka,Rudolf,Hawelka,M
psp:osoba:1474,1474,Josef Hečko,josef hecko,Josef,Hečko,M
psp:osoba:1475,1475,Rudolf Heeger,rudolf heeger,Rudolf,Heeger,M
psp:osoba:1476,1476,Marie Hechtová,marie hechtova,Marie,Hechtová,F
psp:osoba:1477,1477,Ferdinand Heidler,ferdinand heidler,Ferdinand,Heidler,M
psp:osoba:1478,1478,Gustav Heidler,gustav heidler,Gustav,Heidler,M
psp:osoba:1479,1479,Arnošt Heinrich,arnost heinrich,Arnošt,Heinrich,M
psp:osoba:1480,1480,Marie Hejlová,marie hejlova,Marie,Hejlová,F
psp:osoba:1481,1481,Jaroslav Hejna,jaroslav hejna,Jaroslav,Hejna,M
psp:osoba:1482,1482,Josef Hejsek,josef hejsek,Josef,Hejsek,M
psp:osoba:1483,1483,Zdeněk Hejzlar,zdenek hejzlar,Zdeněk,Hejzlar,M
psp:osoba:1484,1484,Július Helbich,julius helbich,Július,Helbich,M
psp:osoba:1485,1485,Franz Heller,franz heller,Franz,Heller,M
psp:osoba:1486,1486,Jiří Hendrych,jiri hendrych,Jiří,Hendrych,M
psp:osoba:1487,1487,Karel Heneš,karel henes,Karel,Heneš,M
psp:osoba:1488,1488,Jaroslav Henzl,jaroslav henzl,Jaroslav,Henzl,M
psp:osoba:1489,1489,Jan Herben,jan herben,Jan,Herben,M
psp:osoba:1490,1490,Etela Hergeselová,etela hergeselova,Etela,Hergeselová,F
psp:osoba:1491,1491,Rudolf Herkommer,rudolf herkommer,Rudolf,Herkommer,M
psp:osoba:1492,1492,Josef Herl,josef herl,Josef,Herl,M
psp:osoba:1493,1493,Štefan Herman,stefan herman,Štefan,Herman,M
psp:osoba:1494,1494,Vladimír Herman,vladimir herman,Vladimír,Herman,M
psp:osoba:1495,1495,Jana Hermanová,jana hermanova,Jana,Hermanová,F
psp:osoba:1496,1496,Walter Herrgesell,walter herrgesell,Walter,Herrgesell,M
psp:osoba:1497,1497,Oswald Hillebrand,oswald hillebrand,Oswald,Hillebrand,M
psp:osoba:1498,1498,Antonín Himl,antonin himl,Antonín,Himl,M
psp:osoba:1499,1499,Kašpar Hintermüller,kaspar hintermuller,Kašpar,Hintermüller,M
psp:osoba:1500,1500,Anna Hirková,anna hirkova,Anna,Hirková,F
psp:osoba:1501,1501,Ernst Hirsch,ernst hirsch,Ernst,Hirsch,M
psp:osoba:1502,1502,Ernst Hirschl,ernst hirschl,Ernst,Hirschl,M
psp:osoba:1503,1503,Erich Hirte,erich hirte,Erich,Hirte,M
psp:osoba:1504,1504,Imrich Hlaď,imrich hlad,Imrich,Hlaď,M
psp:osoba:1505,1505,Jaroslav Hladík,jaroslav hladik,Jaroslav,Hladík,M
psp:osoba:1506,1506,Zlatuše Hladíková,zlatuse hladikova,Zlatuše,Hladíková,F
psp:osoba:1507,1507,Jaroslav Hladký,jaroslav hladky,Jaroslav,Hladký,M
psp:osoba:1508,1508,Milan Hladký,milan hladky,Milan,Hladký,M
psp:osoba:1509,1509,Miloslav Hlásek,miloslav hlasek,Miloslav,Hlásek,M
psp:osoba:1510,1510,Anton Hlaváč,anton hlavac,Anton,Hlaváč,M
psp:osoba:1511,1511,Grantišek Hlaváček,grantisek hlavacek,Grantišek,Hlaváček,M
psp:osoba:1512,1512,Karel Hlaváček,karel hlavacek,Karel,Hlaváček,M
psp:osoba:1513,1513,Miroslav Hlaváček,miroslav hlavacek,Miroslav,Hlaváček,M
psp:osoba:1514,1514,Jan Hlavačka,jan hlavacka,Jan,Hlavačka,M
psp:osoba:1515,1515,Jarmila Hlaváčková,jarmila hlavackova,Jarmila,Hlaváčková,F
psp:osoba:1516,1516,Bohumila Hlaváčová,bohumila hlavacova,Bohumila,Hlaváčová,F
psp:osoba:1517,1517,Gejza Hlavaj,gejza hlavaj,Gejza,Hlavaj,M
psp:osoba:1518,1518,Júlia Hlavatá,julia hlavata,Júlia,Hlavatá,F
psp:osoba:1519,1519,Jiří Hlavatý,jiri hlavaty,Jiří,Hlavatý,M
psp:osoba:1520,1520,Václav Hlavatý,vaclav hlavaty,Václav,Hlavatý,M
psp:osoba:1521,1521,Bohumil Hlavička,bohumil hlavicka,Bohumil,Hlavička,M
psp:osoba:1522,1522,Josef Hlavička,josef hlavicka,Josef,Hlavička,M
psp:osoba:1523,1523,František Hlavinka,frantisek hlavinka,František,Hlavinka,M
psp:osoba:1524,1524,Sonja Hlávková,sonja hlavkova,Sonja,Hlávková,F
psp:osoba:1525,1525,Jan Hlína,jan hlina,Jan,Hlína,M
psp:osoba:1526,1526,Andrej Hlinka,andrej hlinka,Andrej,Hlinka,M
psp:osoba:1527,1527,Juraj Hlinka,juraj hlinka,Juraj,Hlinka,M
psp:osoba:1528,1528,Vojtech Hlinka,vojtech hlinka,Vojtech,Hlinka,M
psp:osoba:1529,1529,Milan Hlobil,milan hlobil,Milan,Hlobil,M
psp:osoba:1530,1530,Alois Hložek,alois hlozek,Alois,Hložek,M
psp:osoba:1531,1531,Jan Hluší,jan hlusi,Jan,Hluší,M
psp:osoba:1532,1532,František Hnídek,frantisek hnidek,František,Hnídek,M
psp:osoba:1533,1533,Pavel Hnyk,pavel hnyk,Pavel,Hnyk,M
psp:osoba:1534,1534,Ladislav Hobza,ladislav hobza,Ladislav,Hobza,M
psp:osoba:1535,1535,František Hodáč,frantisek hodac,František,Hodáč,M
psp:osoba:1536,1536,Franz Hodina,franz hodina,Franz,Hodina,M
psp:osoba:1537,1537,Anežka Hodinová-Spurná,anezka hodinova-spurna,Anežka,Hodinová-Spurná,F
psp:osoba:1539,1539,Fedor Hodža,fedor hodza,Fedor,Hodža,M
psp:osoba:1540,1540,Milan Hodža,milan hodza,Milan,Hodža,M
psp:osoba:1541,1541,Roman Hofbauer,roman hofbauer,Roman,Hofbauer,M
psp:osoba:1542,1542,Karel Hoffmann,karel hoffmann,Karel,Hoffmann,M
psp:osoba:1543,1543,Max Hoffmann,max hoffmann,Max,Hoffmann,M
psp:osoba:1544,1544,Pavel Hofírek,pavel hofirek,Pavel,Hofírek,M
psp:osoba:1545,1545,František Hofman,frantisek hofman,František,Hofman,M
psp:osoba:1546,1546,Leopold Hofman,leopold hofman,Leopold,Hofman,M
psp:osoba:1547,1547,Vladimír Hofman,vladimir hofman,Vladimír,Hofman,M
psp:osoba:1548,1548,Jarmila Hofrová,jarmila hofrova,Jarmila,Hofrová,F
psp:osoba:1549,1549,Eduard Höhnel,eduard hohnel,Eduard,Höhnel,M
psp:osoba:1550,1550,Dagmar Hochová,dagmar hochova,Dagmar,Hochová,F
psp:osoba:1551,1551,Emil Hojnoš,emil hojnos,Emil,Hojnoš,M
psp:osoba:1552,1552,Karoly Hokky,karoly hokky,Karoly,Hokky,M
psp:osoba:1553,1553,Emil Holáň,emil holan,Emil,Holáň,M
psp:osoba:1554,1554,Marie Holatová,marie holatova,Marie,Holatová,F
psp:osoba:1555,1555,Juraj Holčík,juraj holcik,Juraj,Holčík,M
psp:osoba:1556,1556,Josef Holcman,josef holcman,Josef,Holcman,M
psp:osoba:1557,1557,Ladislav Holdoš,ladislav holdos,Ladislav,Holdoš,M
psp:osoba:1558,1558,Vojtěch Holeček,vojtech holecek,Vojtěch,Holeček,M
psp:osoba:1559,1559,Božena Holečková,bozena holeckova,Božena,Holečková,F
psp:osoba:1560,1560,František Holejšovský,frantisek holejsovsky,František,Holejšovský,M
psp:osoba:1561,1561,Jozef Holička,jozef holicka,Jozef,Holička,M
psp:osoba:1562,1562,Jana Holinková-Mičkovská,jana holinkova-mickovska,Jana,Holinková-Mičkovská,F
psp:osoba:1563,1563,Arnold Holitscher,arnold holitscher,Arnold,Holitscher,M
psp:osoba:1564,1564,Božena Hollerová,bozena hollerova,Božena,Hollerová,F
psp:osoba:1565,1565,Franz Hollube,franz hollube,Franz,Hollube,M
psp:osoba:1566,1566,Stanislav Hollý,stanislav holly,Stanislav,Hollý,M
psp:osoba:1567,1567,Karel Holomek,karel holomek,Karel,Holomek,M
psp:osoba:1568,1568,Tomáš Holomek,tomas holomek,Tomáš,Holomek,M
psp:osoba:1569,1569,János Holota,janos holota,János,Holota,M
psp:osoba:1570,1570,František Holub,frantisek holub,František,Holub,M
psp:osoba:1571,1571,Karel Holub,karel holub,Karel,Holub,M
psp:osoba:1572,1572,Václav Holub,vaclav holub,Václav,Holub,M
psp:osoba:1573,1573,Evžen Holuša,evzen holusa,Evžen,Holuša,M
psp:osoba:1574,1574,Ivan Holý,ivan holy,Ivan,Holý,M
psp:osoba:1575,1575,František Homola,frantisek homola,František,Homola,M
psp:osoba:1576,1576,Oleg Homola,oleg homola,Oleg,Homola,M
psp:osoba:1577,1577,Vladimír Homola,vladimir homola,Vladimír,Homola,M
psp:osoba:1578,1578,Jozef Honec,jozef honec,Jozef,Honec,M
psp:osoba:1579,1579,Karol Honner,karol honner,Karol,Honner,M
psp:osoba:1580,1580,František Hons,frantisek hons,František,Hons,M
psp:osoba:1581,1581,Josef Honsl,josef honsl,Josef,Honsl,M
psp:osoba:1582,1582,Jaroslav Hora,jaroslav hora,Jaroslav,Hora,M
psp:osoba:1583,1583,Ota Hora,ota hora,Ota,Hora,M
psp:osoba:1584,1584,Bohuslav Horáček,bohuslav horacek,Bohuslav,Horáček,M
psp:osoba:1585,1585,Cyril Horáček,cyril horacek,Cyril,Horáček,M
psp:osoba:1586,1586,Václav Horáček,vaclav horacek,Václav,Horáček,M
psp:osoba:1587,1587,Alexander Horák,alexander horak,Alexander,Horák,M
psp:osoba:1588,1588,Břetislav Horák,bretislav horak,Břetislav,Horák,M
psp:osoba:1589,1589,František Horák,frantisek horak,František,Horák,M
psp:osoba:1590,1590,Jan Horák,jan horak,Jan,Horák,M
psp:osoba:1591,1591,Jaromír Horák,jaromir horak,Jaromír,Horák,M
psp:osoba:1592,1592,Jaroslav Horák,jaroslav horak,Jaroslav,Horák,M
psp:osoba:1593,1593,Jiří Horák,jiri horak,Jiří,Horák,M
psp:osoba:1594,1594,Libuše Horáková,libuse horakova,Libuše,Horáková,F
psp:osoba:1595,1595,Milada Horáková,milada horakova,Milada,Horáková,F
psp:osoba:1596,1596,Ján Horár,jan horar,Ján,Horár,M
psp:osoba:1597,1597,Štefanie Horčičková,stefanie horcickova,Štefanie,Horčičková,F
psp:osoba:1598,1598,Zdeněk Horčík,zdenek horcik,Zdeněk,Horčík,M
psp:osoba:1599,1599,Irena Horečná,irena horecna,Irena,Horečná,F
psp:osoba:1600,1600,Zdeněk Hoření,zdenek horeni,Zdeněk,Hoření,M
psp:osoba:1601,1601,Alois Hořínek,alois horinek,Alois,Hořínek,M
psp:osoba:1602,1602,Milan Hořínek,milan horinek,Milan,Hořínek,M
psp:osoba:1603,1603,Vlasta Horklová-Damková,vlasta horklova-damkova,Vlasta,Horklová-Damková,F
psp:osoba:1604,1604,Josef Horn,josef horn,Josef,Horn,M
psp:osoba:1605,1605,Dana Hornáčková,dana hornackova,Dana,Hornáčková,F
psp:osoba:1606,1606,Ján Horník,jan hornik,Ján,Horník,M
psp:osoba:1607,1607,Štěpán Horník,stepan hornik,Štěpán,Horník,M
psp:osoba:1608,1608,Ján Hornyák,jan hornyak,Ján,Hornyák,M
psp:osoba:1609,1609,Otto Horpynka,otto horpynka,Otto,Horpynka,M
psp:osoba:1610,1610,Michal Horský,michal horsky,Michal,Horský,M
psp:osoba:1611,1611,Adolf Horvát,adolf horvat,Adolf,Horvát,M
psp:osoba:1612,1612,Ondrej Horvát,ondrej horvat,Ondrej,Horvát,M
psp:osoba:1613,1613,Ivan Horváth,ivan horvath,Ivan,Horváth,M
psp:osoba:1614,1614,Jozef Horváth,jozef horvath,Jozef,Horváth,M
psp:osoba:1615,1615,Oľga Horváthová,olga horvathova,Oľga,Horváthová,F
psp:osoba:1616,1616,Stanislav Hošek,stanislav hosek,Stanislav,Hošek,M
psp:osoba:1617,1617,Václav Hošek,vaclav hosek,Václav,Hošek,M
psp:osoba:1618,1618,Josef Hotovec,josef hotovec,Josef,Hotovec,M
psp:osoba:1619,1619,Fedor Houdek,fedor houdek,Fedor,Houdek,M
psp:osoba:1620,1620,František Houf,frantisek houf,František,Houf,M
psp:osoba:1621,1621,František Houser,frantisek houser,František,Houser,M
psp:osoba:1622,1622,Vladimír Houser,vladimir houser,Vladimír,Houser,M
psp:osoba:1623,1623,Jindřich Houska,jindrich houska,Jindřich,Houska,M
psp:osoba:1624,1624,František Houška,frantisek houska,František,Houška,M
psp:osoba:1625,1625,Václav Hrabal,vaclav hrabal,Václav,Hrabal,M
psp:osoba:1626,1626,Josef Hrabaň,josef hraban,Josef,Hrabaň,M
psp:osoba:1627,1627,Anna Hrabíková,anna hrabikova,Anna,Hrabíková,F
psp:osoba:1628,1628,Tomáš Hradílek,tomas hradilek,Tomáš,Hradílek,M
psp:osoba:1629,1629,Mária Hradská,maria hradska,Mária,Hradská,F
psp:osoba:1630,1630,Štefan Hrajnoha,stefan hrajnoha,Štefan,Hrajnoha,M
psp:osoba:1631,1631,Karol Hranai,karol hranai,Karol,Hranai,M
psp:osoba:1632,1632,Martin Hraško,martin hrasko,Martin,Hraško,M
psp:osoba:1633,1633,Jiří Hrbek,jiri hrbek,Jiří,Hrbek,M
psp:osoba:1634,1634,Růžena Hrbková,ruzena hrbkova,Růžena,Hrbková,F
psp:osoba:1635,1635,Jaroslav Hrbotický,jaroslav hrboticky,Jaroslav,Hrbotický,M
psp:osoba:1636,1636,Oldřich Hrdina,oldrich hrdina,Oldřich,Hrdina,M
psp:osoba:1637,1637,František Hrdlička,frantisek hrdlicka,František,Hrdlička,M
psp:osoba:1638,1638,Jiří Hrdlička,jiri hrdlicka,Jiří,Hrdlička,M
psp:osoba:1639,1639,Jiří Hrdlička,jiri hrdlicka,Jiří,Hrdlička,M
psp:osoba:1640,1640,Jiří Hrdlička,jiri hrdlicka,Jiří,Hrdlička,M
psp:osoba:1641,1641,Jiří Hrdlička,jiri hrdlicka,Jiří,Hrdlička,M
psp:osoba:1642,1642,Marie Hrdličková,marie hrdlickova,Marie,Hrdličková,F
psp:osoba:1643,1643,Jozef Hrebík,jozef hrebik,Jozef,Hrebík,M
psp:osoba:1644,1644,Antonín Hřebík,antonin hrebik,Antonín,Hřebík,M
psp:osoba:1645,1645,Otmar Hrejsa,otmar hrejsa,Otmar,Hrejsa,M
psp:osoba:1646,1646,Michal Hrib,michal hrib,Michal,Hrib,M
psp:osoba:1647,1647,Margita Hriniková,margita hrinikova,Margita,Hriniková,F
psp:osoba:1648,1648,Pavol Hrivík,pavol hrivik,Pavol,Hrivík,M
psp:osoba:1649,1649,Jan Hrizbyl,jan hrizbyl,Jan,Hrizbyl,M
psp:osoba:1650,1650,Elena Hroboňová,elena hrobonova,Elena,Hroboňová,F
psp:osoba:1651,1651,Růžena Hromádková,ruzena hromadkova,Růžena,Hromádková,F
psp:osoba:1652,1652,Pavel Hron,pavel hron,Pavel,Hron,M
psp:osoba:1653,1653,Josef Hronovský,josef hronovsky,Josef,Hronovský,M
psp:osoba:1654,1654,Jan V. Hrouda,jan v. hrouda,Jan V.,Hrouda,M
psp:osoba:1655,1655,Anna Hrubá,anna hruba,Anna,Hrubá,F
psp:osoba:1656,1656,Dagmar Hrubá,dagmar hruba,Dagmar,Hrubá,F
psp:osoba:1657,1657,Mořic Hruban,moric hruban,Mořic,Hruban,M
psp:osoba:1658,1658,Ivan Hrubjak,ivan hrubjak,Ivan,Hrubjak,M
psp:osoba:1659,1659,Adolf Hrubý,adolf hruby,Adolf,Hrubý,M
psp:osoba:1660,1660,Josef Hrubý,josef hruby,Josef,Hrubý,M
psp:osoba:1661,1661,František Hrudál,frantisek hrudal,František,Hrudál,M
psp:osoba:1662,1662,Rudolf Hrušínský,rudolf hrusinsky,Rudolf,Hrušínský,M
psp:osoba:1663,1663,Čeněk Hruška,cenek hruska,Čeněk,Hruška,M
psp:osoba:1664,1664,Milan Hruška,milan hruska,Milan,Hruška,M
psp:osoba:1665,1665,Marie Hrušková-Rozsypalová,marie hruskova-rozsypalova,Marie,Hrušková-Rozsypalová,F
psp:osoba:1666,1666,Miloslav Hruškovič,miloslav hruskovic,Miloslav,Hruškovič,M
psp:osoba:1667,1667,Miloš Hruškovský,milos hruskovsky,Miloš,Hruškovský,M
psp:osoba:1668,1668,Františka Hrušovská,frantiska hrusovska,Františka,Hrušovská,F
psp:osoba:1669,1669,Igor Hrušovský,igor hrusovsky,Igor,Hrušovský,M
psp:osoba:1670,1670,Pavol Hrušovský,pavol hrusovsky,Pavol,Hrušovský,M
psp:osoba:1671,1671,Vlasta Hrůzová,vlasta hruzova,Vlasta,Hrůzová,F
psp:osoba:1672,1672,Bohuslav Hubálek,bohuslav hubalek,Bohuslav,Hubálek,M
psp:osoba:1673,1673,Marie Hubálková,marie hubalkova,Marie,Hubálková,F
psp:osoba:1674,1674,Milan Hübl,milan hubl,Milan,Hübl,M
psp:osoba:1675,1675,Jaroslav Hübner,jaroslav hubner,Jaroslav,Hübner,M
psp:osoba:1676,1676,Otakar Hübner,otakar hubner,Otakar,Hübner,M
psp:osoba:1677,1677,Vojtech Hučka,vojtech hucka,Vojtech,Hučka,M
psp:osoba:1678,1678,Josef Hucl,josef hucl,Josef,Hucl,M
psp:osoba:1679,1679,Jan Hudec,jan hudec,Jan,Hudec,M
psp:osoba:1680,1680,Josef Hudec,josef hudec,Josef,Hudec,M
psp:osoba:1681,1681,Miloslav Hudeček,miloslav hudecek,Miloslav,Hudeček,M
psp:osoba:1682,1682,Miroslav Hudeček,miroslav hudecek,Miroslav,Hudeček,M
psp:osoba:1683,1683,Stanislav Hudeček,stanislav hudecek,Stanislav,Hudeček,M
psp:osoba:1684,1684,Stanislav Hula,stanislav hula,Stanislav,Hula,M
psp:osoba:1685,1685,Alois Hůla,alois hula,Alois,Hůla,M
psp:osoba:1686,1686,Václav Hůla,vaclav hula,Václav,Hůla,M
psp:osoba:1687,1687,Josef Hulínský,josef hulinsky,Josef,Hulínský,M
psp:osoba:1688,1688,Václav Hulínský,vaclav hulinsky,Václav,Hulínský,M
psp:osoba:1689,1689,Mária Humajová,maria humajova,Mária,Humajová,F
psp:osoba:1690,1690,Ján Humeník,jan humenik,Ján,Humeník,M
psp:osoba:1691,1691,Alois Huml,alois huml,Alois,Huml,M
psp:osoba:1692,1692,Josef Huml,josef huml,Josef,Huml,M
psp:osoba:1694,1694,František Hummelhans,frantisek hummelhans,František,Hummelhans,M
psp:osoba:1695,1695,Václav Humpál,vaclav humpal,Václav,Humpál,M
psp:osoba:1696,1696,Ladislav Hurdálek,ladislav hurdalek,Ladislav,Hurdálek,M
psp:osoba:1697,1697,Gustav Husák,gustav husak,Gustav,Husák,M
psp:osoba:1698,1698,Karol Hušek,karol husek,Karol,Hušek,M
psp:osoba:1699,1699,Julius Husnaj,julius husnaj,Julius,Husnaj,M
psp:osoba:1700,1700,Žofia Huspeninová,zofia huspeninova,Žofia,Huspeninová,F
psp:osoba:1701,1701,Miloslav Hvězda,miloslav hvezda,Miloslav,Hvězda,M
psp:osoba:1702,1702,Pavel Országh Hviezdoslav,pavel orszagh hviezdoslav,Pavel Országh,Hviezdoslav,M
psp:osoba:1703,1703,Andrej Hvizdák,andrej hvizdak,Andrej,Hvizdák,M
psp:osoba:1704,1704,Ján Hvozdzík,jan hvozdzik,Ján,Hvozdzík,M
psp:osoba:1705,1705,Josef Hybeš,josef hybes,Josef,Hybeš,M
psp:osoba:1706,1706,Václav Hýbner,vaclav hybner,Václav,Hýbner,M
psp:osoba:1707,1707,František Hybš,frantisek hybs,František,Hybš,M
psp:osoba:1708,1708,Alfons Hykl,alfons hykl,Alfons,Hykl,M
psp:osoba:1709,1709,Blanka Hyková,blanka hykova,Blanka,Hyková,F
psp:osoba:1710,1710,František Hynek,frantisek hynek,František,Hynek,M
psp:osoba:1711,1711,Jaroslav Hynek,jaroslav hynek,Jaroslav,Hynek,M
psp:osoba:1712,1712,Josef Hyrš,josef hyrs,Josef,Hyrš,M
psp:osoba:1713,1713,František Chabičovský,frantisek chabicovsky,František,Chabičovský,M
psp:osoba:1714,1714,Vojtěch Chajda,vojtech chajda,Vojtěch,Chajda,M
psp:osoba:1715,1715,Stanislav Chalánek,stanislav chalanek,Stanislav,Chalánek,M
psp:osoba:1716,1716,František Chaloupka,frantisek chaloupka,František,Chaloupka,M
psp:osoba:1717,1717,Albín Chalupa,albin chalupa,Albín,Chalupa,M
psp:osoba:1718,1718,Karel Chalupa,karel chalupa,Karel,Chalupa,M
psp:osoba:1719,1719,Rudolf Chalupa,rudolf chalupa,Rudolf,Chalupa,M
psp:osoba:1720,1720,Pavol Chalupek,pavol chalupek,Pavol,Chalupek,M
psp:osoba:1721,1721,Josef Chalupník,josef chalupnik,Josef,Chalupník,M
psp:osoba:1722,1722,Emanuel Chán,emanuel chan,Emanuel,Chán,M
psp:osoba:1723,1723,Cyril Charvát,cyril charvat,Cyril,Charvát,M
psp:osoba:1724,1724,Josef Charvát,josef charvat,Josef,Charvát,M
psp:osoba:1725,1725,Methoděj Charvát,methodej charvat,Methoděj,Charvát,M
psp:osoba:1726,1726,Stanislav Charvát,stanislav charvat,Stanislav,Charvát,M
psp:osoba:1727,1727,Vincenc Charvát,vincenc charvat,Vincenc,Charvát,M
psp:osoba:1728,1728,Rudolf Chlad,rudolf chlad,Rudolf,Chlad,M
psp:osoba:1729,1729,Jaroslav Chládek,jaroslav chladek,Jaroslav,Chládek,M
psp:osoba:1730,1730,Emil Chlebec,emil chlebec,Emil,Chlebec,M
psp:osoba:1731,1731,Václav Chleborád,vaclav chleborad,Václav,Chleborád,M
psp:osoba:1732,1732,Anna Chlebounová,anna chlebounova,Anna,Chlebounová,F
psp:osoba:1733,1733,František Chlouba,frantisek chlouba,František,Chlouba,M
psp:osoba:1734,1734,Antonín Chloupek,antonin chloupek,Antonín,Chloupek,M
psp:osoba:1735,1735,Zdeněk Chlup,zdenek chlup,Zdeněk,Chlup,M
psp:osoba:1736,1736,Jarmila Chmelaříková,jarmila chmelarikova,Jarmila,Chmelaříková,F
psp:osoba:1737,1737,Antonín Chmelík,antonin chmelik,Antonín,Chmelík,M
psp:osoba:1738,1738,Bohuslav Chňoupek,bohuslav chnoupek,Bohuslav,Chňoupek,M
psp:osoba:1739,1739,Emanuel Chobot,emanuel chobot,Emanuel,Chobot,M
psp:osoba:1740,1740,Drahomíra Chodurová,drahomira chodurova,Drahomíra,Chodurová,F
psp:osoba:1741,1741,Róbert Chocholáček,robert chocholacek,Róbert,Chocholáček,M
psp:osoba:1742,1742,Josef Cholek,josef cholek,Josef,Cholek,M
psp:osoba:1743,1743,Jan Chomutovský,jan chomutovsky,Jan,Chomutovský,M
psp:osoba:1744,1744,Michal Chorváth,michal chorvath,Michal,Chorváth,M
psp:osoba:1745,1745,Michal Chotár,michal chotar,Michal,Chotár,M
psp:osoba:1746,1746,František Chovanec,frantisek chovanec,František,Chovanec,M
psp:osoba:1747,1747,Heřman Chromý,herman chromy,Heřman,Chromý,M
psp:osoba:1748,1748,Antonín Chroustovský,antonin chroustovsky,Antonín,Chroustovský,M
psp:osoba:1749,1749,Michal Chudík,michal chudik,Michal,Chudík,M
psp:osoba:1750,1750,Bohdan Chudoba,bohdan chudoba,Bohdan,Chudoba,M
psp:osoba:1751,1751,Pavel Chudoba,pavel chudoba,Pavel,Chudoba,M
psp:osoba:1752,1752,Martin Chudý,martin chudy,Martin,Chudý,M
psp:osoba:1753,1753,Marie Churanová,marie churanova,Marie,Churanová,F
psp:osoba:1754,1754,Antonín Chutný,antonin chutny,Antonín,Chutný,M
psp:osoba:1755,1755,František Chvalkovský,frantisek chvalkovsky,František,Chvalkovský,M
psp:osoba:1756,1756,Jan Chvilíček,jan chvilicek,Jan,Chvilíček,M
psp:osoba:1757,1757,Valburga Chvílová-Oravcová,valburga chvilova-oravcova,Valburga,Chvílová-Oravcová,F
psp:osoba:1758,1758,Jan Chvojka,jan chvojka,Jan,Chvojka,M
psp:osoba:1759,1759,Karel Chýlek,karel chylek,Karel,Chýlek,M
psp:osoba:1760,1760,Stanislav Chýlek,stanislav chylek,Stanislav,Chýlek,M
psp:osoba:1761,1761,Václav Chytil,vaclav chytil,Václav,Chytil,M
psp:osoba:1762,1762,Stanislav Chytráček,stanislav chytracek,Stanislav,Chytráček,M
psp:osoba:1763,1763,Maxmilián Icha,maxmilian icha,Maxmilián,Icha,M
psp:osoba:1764,1764,Josef Illa,josef illa,Josef,Illa,M
psp:osoba:1765,1765,Mária Illiašová,maria illiasova,Mária,Illiašová,F
psp:osoba:1766,1766,Josef Illing,josef illing,Josef,Illing,M
psp:osoba:1767,1767,Gustav Imramovský,gustav imramovsky,Gustav,Imramovský,M
psp:osoba:1768,1768,Alois Indra,alois indra,Alois,Indra,M
psp:osoba:1769,1769,Lotar Indruch,lotar indruch,Lotar,Indruch,M
psp:osoba:1770,1770,Štefan Infner,stefan infner,Štefan,Infner,M
psp:osoba:1771,1771,Květoslav Innemann,kvetoslav innemann,Květoslav,Innemann,M
psp:osoba:1772,1772,Václav Ircing,vaclav ircing,Václav,Ircing,M
psp:osoba:1773,1773,Ján Ivák,jan ivak,Ján,Ivák,M
psp:osoba:1774,1774,Ladislav Iván,ladislav ivan,Ladislav,Iván,M
psp:osoba:1775,1775,Pavel Ivanič,pavel ivanic,Pavel,Ivanič,M
psp:osoba:1776,1776,Helena Ivaničová,helena ivanicova,Helena,Ivaničová,F
psp:osoba:1777,1777,Milan Ivanka,milan ivanka,Milan,Ivanka,M
psp:osoba:1778,1778,Michal Ivanovský,michal ivanovsky,Michal,Ivanovský,M
psp:osoba:1779,1779,Josef Izák,josef izak,Josef,Izák,M
psp:osoba:1780,1780,Johann Jabloniczky,johann jabloniczky,Johann,Jabloniczky,M
psp:osoba:1781,1781,Josef Jägerman,josef jagerman,Josef,Jägerman,M
psp:osoba:1782,1782,Josef Jägermann,josef jagermann,Josef,Jägermann,M
psp:osoba:1783,1783,Elena Jahodníková,elena jahodnikova,Elena,Jahodníková,F
psp:osoba:1784,1784,Pavel Jajtner,pavel jajtner,Pavel,Jajtner,M
psp:osoba:1785,1785,Josef Jäkel,josef jakel,Josef,Jäkel,M
psp:osoba:1786,1786,Miloš Jakeš,milos jakes,Miloš,Jakeš,M
psp:osoba:1787,1787,Ladislav Jakl,ladislav jakl,Ladislav,Jakl,M
psp:osoba:1788,1788,Václav Jakoubek,vaclav jakoubek,Václav,Jakoubek,M
psp:osoba:1789,1789,Wenzel Jaksch,wenzel jaksch,Wenzel,Jaksch,M
psp:osoba:1790,1790,Štefánia Jakubcová,stefania jakubcova,Štefánia,Jakubcová,F
psp:osoba:1791,1791,Bohumil Jakubka,bohumil jakubka,Bohumil,Jakubka,M
psp:osoba:1792,1792,Augustín Jambor,augustin jambor,Augustín,Jambor,M
psp:osoba:1793,1793,Alois Janáček,alois janacek,Alois,Janáček,M
psp:osoba:1794,1794,Ignác Janák,ignac janak,Ignác,Janák,M
psp:osoba:1795,1795,František Janalík,frantisek janalik,František,Janalík,M
psp:osoba:1796,1796,František Janata,frantisek janata,František,Janata,M
psp:osoba:1797,1797,Bohumil Janča,bohumil janca,Bohumil,Janča,M
psp:osoba:1798,1798,Julius Jančáry,julius jancary,Julius,Jančáry,M
psp:osoba:1799,1799,Ján Janček,jan jancek,Ján,Janček,M
psp:osoba:1800,1800,Antonín Janda,antonin janda,Antonín,Janda,M
psp:osoba:1801,1801,Arnold Janda,arnold janda,Arnold,Janda,M
psp:osoba:1802,1802,Bohuslav Janda,bohuslav janda,Bohuslav,Janda,M
psp:osoba:1803,1803,Stanislav Janda,stanislav janda,Stanislav,Janda,M
psp:osoba:1804,1804,Zlatuše Jandečková,zlatuse jandeckova,Zlatuše,Jandečková,F
psp:osoba:1805,1805,Ludmila Jandorová,ludmila jandorova,Ludmila,Jandorová,F
psp:osoba:1806,1806,Věra Jandová,vera jandova,Věra,Jandová,F
psp:osoba:1807,1807,Imrich Janec,imrich janec,Imrich,Janec,M
psp:osoba:1808,1808,Emília Janečková-Muríňová,emilia janeckova-murinova,Emília,Janečková-Muríňová,F
psp:osoba:1809,1809,Ján Janík,jan janik,Ján,Janík,M
psp:osoba:1810,1810,Emília Janíková,emilia janikova,Emília,Janíková,F
psp:osoba:1811,1811,Vladimír Janko,vladimir janko,Vladimír,Janko,M
psp:osoba:1812,1812,Ludmila Jankovcová,ludmila jankovcova,Ludmila,Jankovcová,F
psp:osoba:1813,1813,Antonín Jankovič,antonin jankovic,Antonín,Jankovič,M
psp:osoba:1814,1814,Jozef Jankovič,jozef jankovic,Jozef,Jankovič,M
psp:osoba:1815,1815,Josef Jann,josef jann,Josef,Jann,M
psp:osoba:1816,1816,Vladimír Janočko,vladimir janocko,Vladimír,Janočko,M
psp:osoba:1817,1817,Juro Janoška,juro janoska,Juro,Janoška,M
psp:osoba:1818,1818,Miroslav Janota,miroslav janota,Miroslav,Janota,M
psp:osoba:1819,1819,Josef Janouš,josef janous,Josef,Janouš,M
psp:osoba:1820,1820,Jakub Janovský,jakub janovsky,Jakub,Janovský,M
psp:osoba:1821,1821,Helena Jánská,helena janska,Helena,Jánská,F
psp:osoba:1822,1822,Květomila Jánská,kvetomila janska,Květomila,Jánská,F
psp:osoba:1823,1823,Miroslav Jansta,miroslav jansta,Miroslav,Jansta,M
psp:osoba:1824,1824,Jozef Jantošík,jozef jantosik,Jozef,Jantošík,M
psp:osoba:1825,1825,Jan Janulík,jan janulik,Jan,Janulík,M
psp:osoba:1826,1826,Ján Jarábek,jan jarabek,Ján,Jarábek,M
psp:osoba:1827,1827,Věra Jarkovská,vera jarkovska,Věra,Jarkovská,F
psp:osoba:1828,1828,Zdeněk Jaroň,zdenek jaron,Zdeněk,Jaroň,M
psp:osoba:1829,1829,Alois Jaroš,alois jaros,Alois,Jaroš,M
psp:osoba:1830,1830,František Jaroš,frantisek jaros,František,Jaroš,M
psp:osoba:1831,1831,Rudolf Jaroš,rudolf jaros,Rudolf,Jaroš,M
psp:osoba:1832,1832,Marie Jarošová,marie jarosova,Marie,Jarošová,F
psp:osoba:1833,1833,Andor Jaross,andor jaross,Andor,Jaross,M
psp:osoba:1834,1834,Václav Jaša,vaclav jasa,Václav,Jaša,M
psp:osoba:1835,1835,Vilma Jasenovcová,vilma jasenovcova,Vilma,Jasenovcová,F
psp:osoba:1836,1836,Ľubomír Javorský,lubomir javorsky,Ľubomír,Javorský,M
psp:osoba:1837,1837,Zdeněk Jedinák,zdenek jedinak,Zdeněk,Jedinák,M
psp:osoba:1838,1838,František Jedlička,frantisek jedlicka,František,Jedlička,M
psp:osoba:1839,1839,Věroslav Jedlička,veroslav jedlicka,Věroslav,Jedlička,M
psp:osoba:1840,1840,Pavel Jégl,pavel jegl,Pavel,Jégl,M
psp:osoba:1841,1841,František Jehlička,frantisek jehlicka,František,Jehlička,M
psp:osoba:1842,1842,Josef Jehlička,josef jehlicka,Josef,Jehlička,M
psp:osoba:1843,1843,Oskár Jeleň,oskar jelen,Oskár,Jeleň,M
psp:osoba:1844,1844,Josef Jelinek,josef jelinek,Josef,Jelinek,M
psp:osoba:1845,1845,Jan Jelínek,jan jelinek,Jan,Jelínek,M
psp:osoba:1846,1846,Josef Jelínek,josef jelinek,Josef,Jelínek,M
psp:osoba:1847,1847,Miroslav Jelínek,miroslav jelinek,Miroslav,Jelínek,M
psp:osoba:1848,1848,Mária Jendrejčáková,maria jendrejcakova,Mária,Jendrejčáková,F
psp:osoba:1849,1849,Jaroslav Jenerál,jaroslav jeneral,Jaroslav,Jenerál,M
psp:osoba:1850,1850,Josef Jenka,josef jenka,Josef,Jenka,M
psp:osoba:1851,1851,Alois Jenšovský,alois jensovsky,Alois,Jenšovský,M
psp:osoba:1852,1852,Štěpán Ješ,stepan jes,Štěpán,Ješ,M
psp:osoba:1853,1853,František Ježek,frantisek jezek,František,Ježek,M
psp:osoba:1854,1854,František Ježek,frantisek jezek,František,Ježek,M
psp:osoba:1855,1855,Karel Ježek,karel jezek,Karel,Ježek,M
psp:osoba:1856,1856,Bohumil Jílek,bohumil jilek,Bohumil,Jílek,M
psp:osoba:1857,1857,Jan Jílek,jan jilek,Jan,Jílek,M
psp:osoba:1858,1858,Jiří Jílek,jiri jilek,Jiří,Jílek,M
psp:osoba:1859,1859,Peter Jilemnický,peter jilemnicky,Peter,Jilemnický,M
psp:osoba:1860,1860,Theodor Jilly,theodor jilly,Theodor,Jilly,M
psp:osoba:1861,1861,Antonín Jiráček,antonin jiracek,Antonín,Jiráček,M
psp:osoba:1862,1862,Maxmilián Jirák,maxmilian jirak,Maxmilián,Jirák,M
psp:osoba:1863,1863,Václav Jiránek,vaclav jiranek,Václav,Jiránek,M
psp:osoba:1864,1864,Alois Jirásek,alois jirasek,Alois,Jirásek,M
psp:osoba:1865,1865,Ferdinand Jirásek,ferdinand jirasek,Ferdinand,Jirásek,M
psp:osoba:1866,1866,Jan Jirásek,jan jirasek,Jan,Jirásek,M
psp:osoba:1867,1867,Jiří Jirásek,jiri jirasek,Jiří,Jirásek,M
psp:osoba:1868,1868,Josef Jirásek,josef jirasek,Josef,Jirásek,M
psp:osoba:1869,1869,Václav Jirásek,vaclav jirasek,Václav,Jirásek,M
psp:osoba:1870,1870,Marie Jirásková,marie jiraskova,Marie,Jirásková,F
psp:osoba:1871,1871,Václav Jireček,vaclav jirecek,Václav,Jireček,M
psp:osoba:1872,1872,Václav Jirotka,vaclav jirotka,Václav,Jirotka,M
psp:osoba:1873,1873,Božena Jírová,bozena jirova,Božena,Jírová,F
psp:osoba:1874,1874,Josef Jirsík,josef jirsik,Josef,Jirsík,M
psp:osoba:1875,1875,Antonín Job,antonin job,Antonín,Job,M
psp:osoba:1876,1876,Adolf Jobst,adolf jobst,Adolf,Jobst,M
psp:osoba:1877,1877,Jaromír Jodas,jaromir jodas,Jaromír,Jodas,M
psp:osoba:1878,1878,Václav Johanis,vaclav johanis,Václav,Johanis,M
psp:osoba:1879,1879,Julius John,julius john,Julius,John,M
psp:osoba:1880,1880,Oldřich John,oldrich john,Oldřich,John,M
psp:osoba:1881,1881,Hans Jokl,hans jokl,Hans,Jokl,M
psp:osoba:1882,1882,Josef Jonáš,josef jonas,Josef,Jonáš,M
psp:osoba:1883,1883,Karel Jonáš,karel jonas,Karel,Jonáš,M
psp:osoba:1884,1884,Pavel Jonáš,pavel jonas,Pavel,Jonáš,M
psp:osoba:1885,1885,Matej Josko,matej josko,Matej,Josko,M
psp:osoba:1886,1886,Václav Juha,vaclav juha,Václav,Juha,M
psp:osoba:1887,1887,Ladislav Juhász,ladislav juhasz,Ladislav,Juhász,M
psp:osoba:1888,1888,Jiří Juchelka,jiri juchelka,Jiří,Juchelka,M
psp:osoba:1889,1889,Štefan Junás,stefan junas,Štefan,Junás,M
psp:osoba:1890,1890,Josef Jung,josef jung,Josef,Jung,M
psp:osoba:1891,1891,Rudolf Jung,rudolf jung,Rudolf,Jung,M
psp:osoba:1892,1892,Jan Jungbauer,jan jungbauer,Jan,Jungbauer,M
psp:osoba:1893,1893,Zuzana Jungerová,zuzana jungerova,Zuzana,Jungerová,F
psp:osoba:1894,1894,František Jungman,frantisek jungman,František,Jungman,M
psp:osoba:1895,1895,Anna Jungwirthová,anna jungwirthova,Anna,Jungwirthová,F
psp:osoba:1896,1896,Antonín Jura,antonin jura,Antonín,Jura,M
psp:osoba:1897,1897,Josef Jura,josef jura,Josef,Jura,M
psp:osoba:1898,1898,Josef Juran,josef juran,Josef,Juran,M
psp:osoba:1899,1899,František Jurča,frantisek jurca,František,Jurča,M
psp:osoba:1900,1900,Vladislav Jurčík,vladislav jurcik,Vladislav,Jurčík,M
psp:osoba:1901,1901,Jaroslav Jurečka,jaroslav jurecka,Jaroslav,Jurečka,M
psp:osoba:1902,1902,Jozef Jurica,jozef jurica,Jozef,Jurica,M
psp:osoba:1903,1903,Ferdiš Juriga,ferdis juriga,Ferdiš,Juriga,M
psp:osoba:1904,1904,Karol Jurík,karol jurik,Karol,Jurík,M
psp:osoba:1905,1905,Anton Juriš,anton juris,Anton,Juriš,M
psp:osoba:1906,1906,Marie Jurnečková-Vorlová,marie jurneckova-vorlova,Marie,Jurnečková-Vorlová,F
psp:osoba:1907,1907,Jiří Kabát,jiri kabat,Jiří,Kabát,M
psp:osoba:1908,1908,Jiří Kabelka,jiri kabelka,Jiří,Kabelka,M
psp:osoba:1909,1909,Marie Kabrhelová,marie kabrhelova,Marie,Kabrhelová,F
psp:osoba:1910,1910,Jan Kačer,jan kacer,Jan,Kačer,M
psp:osoba:1911,1911,Magdalena Kačicová,magdalena kacicova,Magdalena,Kačicová,F
psp:osoba:1912,1912,Bedřich Kačírek,bedrich kacirek,Bedřich,Kačírek,M
psp:osoba:1913,1913,Karel Kácl,karel kacl,Karel,Kácl,M
psp:osoba:1914,1914,Alois Kaderka,alois kaderka,Alois,Kaderka,M
psp:osoba:1915,1915,Josef Kadlčák,josef kadlcak,Josef,Kadlčák,M
psp:osoba:1916,1916,Amálie Kadlčíková,amalie kadlcikova,Amálie,Kadlčíková,F
psp:osoba:1917,1917,Amálie Kadlčíková-Braunová,amalie kadlcikova-braunova,Amálie,Kadlčíková-Braunová,F
psp:osoba:1918,1918,Ján Kadlec,jan kadlec,Ján,Kadlec,M
psp:osoba:1919,1919,Tomáš Kádner,tomas kadner,Tomáš,Kádner,M
psp:osoba:1920,1920,František Kaduk,frantisek kaduk,František,Kaduk,M
psp:osoba:1922,1922,Josef Kadura,josef kadura,Josef,Kadura,M
psp:osoba:1923,1923,František Kaďůrek,frantisek kadurek,František,Kaďůrek,M
psp:osoba:1924,1924,Bruno Kafka,bruno kafka,Bruno,Kafka,M
psp:osoba:1925,1925,Jaromír Kafka,jaromir kafka,Jaromír,Kafka,M
psp:osoba:1926,1926,František Kahuda,frantisek kahuda,František,Kahuda,M
psp:osoba:1927,1927,Miloslav Kácha,miloslav kacha,Miloslav,Kácha,M
psp:osoba:1928,1928,Antonín Kachlík,antonin kachlik,Antonín,Kachlík,M
psp:osoba:1929,1929,Leonhard Kaiser,leonhard kaiser,Leonhard,Kaiser,M
psp:osoba:1930,1930,Josef Kakačka,josef kakacka,Josef,Kakačka,M
psp:osoba:1931,1931,František Kakos,frantisek kakos,František,Kakos,M
psp:osoba:1932,1932,Břetislav Kaláb,bretislav kalab,Břetislav,Kaláb,M
psp:osoba:1933,1933,Jan Kalaš,jan kalas,Jan,Kalaš,M
psp:osoba:1934,1934,Josef Kalaš,josef kalas,Josef,Kalaš,M
psp:osoba:1935,1935,Zdeněk Kalaš,zdenek kalas,Zdeněk,Kalaš,M
psp:osoba:1936,1936,Alfred Kaleta,alfred kaleta,Alfred,Kaleta,M
psp:osoba:1937,1937,Jiří Kalfus,jiri kalfus,Jiří,Kalfus,M
psp:osoba:1938,1938,Antonín Kalina,antonin kalina,Antonín,Kalina,M
psp:osoba:1939,1939,Kamil Kalina,kamil kalina,Kamil,Kalina,M
psp:osoba:1940,1940,Juraj Kaliňák,juraj kalinak,Juraj,Kaliňák,M
psp:osoba:1941,1941,Jan Kalíšek,jan kalisek,Jan,Kalíšek,M
psp:osoba:1942,1942,Roman Kaliský,roman kalisky,Roman,Kaliský,M
psp:osoba:1943,1943,Jaroslav Kalkus,jaroslav kalkus,Jaroslav,Kalkus,M
psp:osoba:1944,1944,Othmar Kallina,othmar kallina,Othmar,Kallina,M
psp:osoba:1945,1945,Magdaléna Kalmárová,magdalena kalmarova,Magdaléna,Kalmárová,F
psp:osoba:1946,1946,Eva Kalousová,eva kalousova,Eva,Kalousová,F
psp:osoba:1947,1947,Jan Kamelský,jan kamelsky,Jan,Kamelský,M
psp:osoba:1948,1948,Ladislav Kameníček,ladislav kamenicek,Ladislav,Kameníček,M
psp:osoba:1949,1949,Josef Kaminský,josef kaminsky,Josef,Kaminský,M
psp:osoba:1950,1950,Josef Kaňa,josef kana,Josef,Kaňa,M
psp:osoba:1951,1951,Dana Kancírová,dana kancirova,Dana,Kancírová,F
psp:osoba:1952,1952,Pavel Kaniansky,pavel kaniansky,Pavel,Kaniansky,M
psp:osoba:1953,1953,Pavol Kanis,pavol kanis,Pavol,Kanis,M
psp:osoba:1954,1954,Jan Kaňka,jan kanka,Jan,Kaňka,M
psp:osoba:1955,1955,Jana Kaňková,jana kankova,Jana,Kaňková,F
psp:osoba:1956,1956,Antonín Kaňourek,antonin kanourek,Antonín,Kaňourek,M
psp:osoba:1957,1957,Irena Káňová,irena kanova,Irena,Káňová,F
psp:osoba:1958,1958,Emil Kantor,emil kantor,Emil,Kantor,M
psp:osoba:1959,1959,Ján Kantorák,jan kantorak,Ján,Kantorák,M
psp:osoba:1960,1960,Hana Kantorová,hana kantorova,Hana,Kantorová,F
psp:osoba:1961,1961,Eva Kantůrková,eva kanturkova,Eva,Kantůrková,F
psp:osoba:1962,1962,Pavel Kapec,pavel kapec,Pavel,Kapec,M
psp:osoba:1963,1963,Antonín Kapek,antonin kapek,Antonín,Kapek,M
psp:osoba:1964,1964,Vasil Kapišovský,vasil kapisovsky,Vasil,Kapišovský,M
psp:osoba:1965,1965,Vasiľ Kapišovský,vasil kapisovsky,Vasiľ,Kapišovský,M
psp:osoba:1966,1966,Luděk Kapitola,ludek kapitola,Luděk,Kapitola,M
psp:osoba:1967,1967,Mária Kapitulíková,maria kapitulikova,Mária,Kapitulíková,F
psp:osoba:1968,1968,František Kaplan,frantisek kaplan,František,Kaplan,M
psp:osoba:1969,1969,Gustav Kaplan,gustav kaplan,Gustav,Kaplan,M
psp:osoba:1970,1970,Eliška Kaplanová,eliska kaplanova,Eliška,Kaplanová,F
psp:osoba:1971,1971,Marie Kaplanová,marie kaplanova,Marie,Kaplanová,F
psp:osoba:1972,1972,Josef Kapoun,josef kapoun,Josef,Kapoun,M
psp:osoba:1973,1973,Jaromír Kapusta,jaromir kapusta,Jaromír,Kapusta,M
psp:osoba:1974,1974,Marián Kapusta,marian kapusta,Marián,Kapusta,M
psp:osoba:1975,1975,Karol Karaba,karol karaba,Karol,Karaba,M
psp:osoba:1976,1976,Jan Karásek,jan karasek,Jan,Karásek,M
psp:osoba:1977,1977,Miloslav Karban,miloslav karban,Miloslav,Karban,M
psp:osoba:1978,1978,Jaroslav Karbaš,jaroslav karbas,Jaroslav,Karbaš,M
psp:osoba:1979,1979,Jozef Karcol,jozef karcol,Jozef,Karcol,M
psp:osoba:1980,1980,Jaroslav Karhan,jaroslav karhan,Jaroslav,Karhan,M
psp:osoba:1981,1981,Anna Karlovská,anna karlovska,Anna,Karlovská,F
psp:osoba:1982,1982,Jiří Karlovský,jiri karlovsky,Jiří,Karlovský,M
psp:osoba:1983,1983,Michal Karlovský,michal karlovsky,Michal,Karlovský,M
psp:osoba:1984,1984,Franz Karmasin,franz karmasin,Franz,Karmasin,M
psp:osoba:1985,1985,Betty Karpíšková,betty karpiskova,Betty,Karpíšková,F
psp:osoba:1986,1986,Alexandr Karych,alexandr karych,Alexandr,Karych,M
psp:osoba:1987,1987,Vlastimil Kaše,vlastimil kase,Vlastimil,Kaše,M
psp:osoba:1988,1988,Jolana Kašičková,jolana kasickova,Jolana,Kašičková,F
psp:osoba:1989,1989,Emil Kasík,emil kasik,Emil,Kasík,M
psp:osoba:1990,1990,Radko Kaska,radko kaska,Radko,Kaska,M
psp:osoba:1991,1991,Ivan Kaspar,ivan kaspar,Ivan,Kaspar,M
psp:osoba:1992,1992,Vladimír Kašpar,vladimir kaspar,Vladimír,Kašpar,M
psp:osoba:1993,1993,Bohumil Kašpárek,bohumil kasparek,Bohumil,Kašpárek,M
psp:osoba:1994,1994,Rudolf Kasper,rudolf kasper,Rudolf,Kasper,M
psp:osoba:1995,1995,Josef Kašuba,josef kasuba,Josef,Kašuba,M
psp:osoba:1996,1996,Josef Katolický,josef katolicky,Josef,Katolický,M
psp:osoba:1997,1997,Franz Katz,franz katz,Franz,Katz,M
psp:osoba:1999,1999,Franz Kaufmann,franz kaufmann,Franz,Kaufmann,M
psp:osoba:2000,2000,Jaroslav Kavalský,jaroslav kavalsky,Jaroslav,Kavalský,M
psp:osoba:2001,2001,Miroslav Kazda,miroslav kazda,Miroslav,Kazda,M
psp:osoba:2002,2002,Jan Kazimour,jan kazimour,Jan,Kazimour,M
psp:osoba:2003,2003,Anton Kazmír,anton kazmir,Anton,Kazmír,M
psp:osoba:2004,2004,Josef Keibl,josef keibl,Josef,Keibl,M
psp:osoba:2005,2005,František Kejda,frantisek kejda,František,Kejda,M
psp:osoba:2006,2006,Emanuel Kejmar,emanuel kejmar,Emanuel,Kejmar,M
psp:osoba:2008,2008,Adolf Kellner,adolf kellner,Adolf,Kellner,M
psp:osoba:2009,2009,Jan Kellner,jan kellner,Jan,Kellner,M
psp:osoba:2010,2010,Jaroslav Kelnar,jaroslav kelnar,Jaroslav,Kelnar,M
psp:osoba:2011,2011,Ján Kempný,jan kempny,Ján,Kempný,M
psp:osoba:2012,2012,Josef Kempný,josef kempny,Josef,Kempný,M
psp:osoba:2013,2013,Zdena Kenclová,zdena kenclova,Zdena,Kenclová,F
psp:osoba:2014,2014,František Kendra,frantisek kendra,František,Kendra,M
psp:osoba:2015,2015,Svatoslava Kernerová,svatoslava kernerova,Svatoslava,Kernerová,F
psp:osoba:2016,2016,Zdeněk Kessler,zdenek kessler,Zdeněk,Kessler,M
psp:osoba:2017,2017,Josef Kestler,josef kestler,Josef,Kestler,M
psp:osoba:2018,2018,Stanislav Kettner,stanislav kettner,Stanislav,Kettner,M
psp:osoba:2019,2019,Josef Khek,josef khek,Josef,Khek,M
psp:osoba:2020,2020,Emanuela Kícová,emanuela kicova,Emanuela,Kícová,F
psp:osoba:2021,2021,Zbyněk Kiesewetter,zbynek kiesewetter,Zbyněk,Kiesewetter,M
psp:osoba:2022,2022,František Kincl,frantisek kincl,František,Kincl,M
psp:osoba:2023,2023,Jiří Kincl,jiri kincl,Jiří,Kincl,M
psp:osoba:2024,2024,Irene Kirpal,irene kirpal,Irene,Kirpal,M
psp:osoba:2025,2025,Jozefina Kišová-Horňáková,jozefina kisova-hornakova,Jozefina,Kišová-Horňáková,F
psp:osoba:2026,2026,Jiří Kladenský,jiri kladensky,Jiří,Kladenský,M
psp:osoba:2027,2027,Aleš Kladivo,ales kladivo,Aleš,Kladivo,M
psp:osoba:2028,2028,František Klajban,frantisek klajban,František,Klajban,M
psp:osoba:2029,2029,Otakar Klapka,otakar klapka,Otakar,Klapka,M
psp:osoba:2030,2030,Karel Klas,karel klas,Karel,Klas,M
psp:osoba:2031,2031,Jana Klasová,jana klasova,Jana,Klasová,F
psp:osoba:2032,2032,František Klátil,frantisek klatil,František,Klátil,M
psp:osoba:2033,2033,Henrieta Klčovská,henrieta klcovska,Henrieta,Klčovská,F
psp:osoba:2034,2034,Alexander Kleč,alexander klec,Alexander,Kleč,M
psp:osoba:2035,2035,Vladimír Klecanda,vladimir klecanda,Vladimír,Klecanda,M
psp:osoba:2036,2036,Antonín Klečka,antonin klecka,Antonín,Klečka,M
psp:osoba:2037,2037,Josef Klega,josef klega,Josef,Klega,M
psp:osoba:2038,2038,Miroslav Klega,miroslav klega,Miroslav,Klega,M
psp:osoba:2039,2039,Bedřich Klein,bedrich klein,Bedřich,Klein,M
psp:osoba:2040,2040,Břetislav Klein,bretislav klein,Břetislav,Klein,M
psp:osoba:2041,2041,Jozef Klein,jozef klein,Jozef,Klein,M
psp:osoba:2042,2042,Robert Klein,robert klein,Robert,Klein,M
psp:osoba:2043,2043,Antonie Kleinerová,antonie kleinerova,Antonie,Kleinerová,F
psp:osoba:2044,2044,Anna Klejchová,anna klejchova,Anna,Klejchová,F
psp:osoba:2045,2045,Pavel Klener,pavel klener,Pavel,Klener,M
psp:osoba:2046,2046,Ladislava Kleňhová-Besserová,ladislava klenhova-besserova,Ladislava,Kleňhová-Besserová,F
psp:osoba:2047,2047,Ján Kleštinský,jan klestinsky,Ján,Kleštinský,M
psp:osoba:2048,2048,Guido Klieber,guido klieber,Guido,Klieber,M
psp:osoba:2049,2049,Jan Kliešek,jan kliesek,Jan,Kliešek,M
psp:osoba:2050,2050,František Kliha,frantisek kliha,František,Kliha,M
psp:osoba:2051,2051,Bohumil Klícha,bohumil klicha,Bohumil,Klícha,M
psp:osoba:2052,2052,Jaroslav Klícha,jaroslav klicha,Jaroslav,Klícha,M
psp:osoba:2053,2053,Antonín Klíma,antonin klima,Antonín,Klíma,M
psp:osoba:2054,2054,Emanuel Klíma,emanuel klima,Emanuel,Klíma,M
psp:osoba:2055,2055,Václav Klíma,vaclav klima,Václav,Klíma,M
psp:osoba:2056,2056,Vlastimil Klíma,vlastimil klima,Vlastimil,Klíma,M
psp:osoba:2057,2057,Stanislav Kliman,stanislav kliman,Stanislav,Kliman,M
psp:osoba:2058,2058,Jaromír Klimecký,jaromir klimecky,Jaromír,Klimecký,M
psp:osoba:2059,2059,Adolf Klimek,adolf klimek,Adolf,Klimek,M
psp:osoba:2060,2060,Julius Klimek,julius klimek,Julius,Klimek,M
psp:osoba:2061,2061,Augustin Kliment,augustin kliment,Augustin,Kliment,M
psp:osoba:2062,2062,Gustav Kliment,gustav kliment,Gustav,Kliment,M
psp:osoba:2063,2063,Karel Kliment,karel kliment,Karel,Kliment,M
psp:osoba:2064,2064,Stanislav Klimeš,stanislav klimes,Stanislav,Klimeš,M
psp:osoba:2065,2065,Vladimír Klimeš,vladimir klimes,Vladimír,Klimeš,M
psp:osoba:2066,2066,Marta Klimková,marta klimkova,Marta,Klimková,F
psp:osoba:2067,2067,Bohuslav Klimo,bohuslav klimo,Bohuslav,Klimo,M
psp:osoba:2068,2068,Miluše Klímová,miluse klimova,Miluše,Klímová,F
psp:osoba:2069,2069,Ferdinand Klindera,ferdinand klindera,Ferdinand,Klindera,M
psp:osoba:2070,2070,Miroslav Klinger,miroslav klinger,Miroslav,Klinger,M
psp:osoba:2071,2071,Václav Klofáč,vaclav klofac,Václav,Klofáč,M
psp:osoba:2072,2072,Jozef Klokner,jozef klokner,Jozef,Klokner,M
psp:osoba:2073,2073,Ondrej Klokoč,ondrej klokoc,Ondrej,Klokoč,M
psp:osoba:2074,2074,Vladimír Klokočka,vladimir klokocka,Vladimír,Klokočka,M
psp:osoba:2075,2075,Antonín Klouda,antonin klouda,Antonín,Klouda,M
psp:osoba:2076,2076,Milan Klusák,milan klusak,Milan,Klusák,M
psp:osoba:2077,2077,Vítězslava Klůzová,vitezslava kluzova,Vítězslava,Klůzová,F
psp:osoba:2078,2078,Jaroslav Klvač,jaroslav klvac,Jaroslav,Klvač,M
psp:osoba:2079,2079,Dezider Kmecko,dezider kmecko,Dezider,Kmecko,M
psp:osoba:2080,2080,Ľudovít Kmeť,ludovit kmet,Ľudovít,Kmeť,M
psp:osoba:2081,2081,Karel Kmeťko,karel kmetko,Karel,Kmeťko,M
psp:osoba:2082,2082,Libuše Kmeťová,libuse kmetova,Libuše,Kmeťová,F
psp:osoba:2083,2083,Vladimír Knap,vladimir knap,Vladimír,Knap,M
psp:osoba:2084,2084,Viktor Knapp,viktor knapp,Viktor,Knapp,M
psp:osoba:2085,2085,Milan Kňažko,milan knazko,Milan,Kňažko,M
psp:osoba:2086,2086,Vilém Knebort,vilem knebort,Vilém,Knebort,M
psp:osoba:2087,2087,Vladimír Kneip,vladimir kneip,Vladimír,Kneip,M
psp:osoba:2088,2088,Josef Knejzlík,josef knejzlik,Josef,Knejzlík,M
psp:osoba:2089,2089,Jozef Kniebügl,jozef kniebugl,Jozef,Kniebügl,M
psp:osoba:2090,2090,Hans Knirsch,hans knirsch,Hans,Knirsch,M
psp:osoba:2091,2091,Gustav Knöchel,gustav knochel,Gustav,Knöchel,M
psp:osoba:2092,2092,Richard Knorre,richard knorre,Richard,Knorre,M
psp:osoba:2093,2093,Václav Knotek,vaclav knotek,Václav,Knotek,M
psp:osoba:2094,2094,August Koberg,august koberg,August,Koberg,M
psp:osoba:2095,2095,Karel Kobes,karel kobes,Karel,Kobes,M
psp:osoba:2096,2096,Václav Kobliha,vaclav kobliha,Václav,Kobliha,M
psp:osoba:2097,2097,Anna Kobosilová,anna kobosilova,Anna,Kobosilová,F
psp:osoba:2098,2098,Jan Kobylka,jan kobylka,Jan,Kobylka,M
psp:osoba:2099,2099,Štěpán Kobylka,stepan kobylka,Štěpán,Kobylka,M
psp:osoba:2100,2100,Michael Kocáb,michael kocab,Michael,Kocáb,M
psp:osoba:2101,2101,Josef Kočandrle,josef kocandrle,Josef,Kočandrle,M
psp:osoba:2102,2102,Božena Kocinová,bozena kocinova,Božena,Kocinová,F
psp:osoba:2103,2103,Jan Kocourek,jan kocourek,Jan,Kocourek,M
psp:osoba:2104,2104,Andrej Kocsis,andrej kocsis,Andrej,Kocsis,M
psp:osoba:2105,2105,Hvezdoň Kočtúch,hvezdon koctuch,Hvezdoň,Kočtúch,M
psp:osoba:2106,2106,Anna Kocurová,anna kocurova,Anna,Kocurová,F
psp:osoba:2107,2107,Štefan Kočvara,stefan kocvara,Štefan,Kočvara,M
psp:osoba:2108,2108,Gyula Koczor,gyula koczor,Gyula,Koczor,M
psp:osoba:2109,2109,Samuel Kodaj,samuel kodaj,Samuel,Kodaj,M
psp:osoba:2110,2110,Franz Kögler,franz kogler,Franz,Kögler,M
psp:osoba:2111,2111,Anton Köhler,anton kohler,Anton,Köhler,M
psp:osoba:2112,2112,Bruno Köhler,bruno kohler,Bruno,Köhler,M
psp:osoba:2113,2113,Ernst Köhler,ernst kohler,Ernst,Köhler,M
psp:osoba:2114,2114,Richard Köhler,richard kohler,Richard,Köhler,M
psp:osoba:2115,2115,Vlasta Kohoutová,vlasta kohoutova,Vlasta,Kohoutová,F
psp:osoba:2116,2116,Marie Kochtová,marie kochtova,Marie,Kochtová,F
psp:osoba:2117,2117,Eva Kokavcová,eva kokavcova,Eva,Kokavcová,F
psp:osoba:2118,2118,Jaroslav Kokeš,jaroslav kokes,Jaroslav,Kokeš,M
psp:osoba:2119,2119,František Koktán,frantisek koktan,František,Koktán,M
psp:osoba:2120,2120,Jan Koláčný,jan kolacny,Jan,Koláčný,M
psp:osoba:2121,2121,Jaroslav Kolář,jaroslav kolar,Jaroslav,Kolář,M
psp:osoba:2122,2122,Václav Kolář,vaclav kolar,Václav,Kolář,M
psp:osoba:2123,2123,Jaroslav Kolařík,jaroslav kolarik,Jaroslav,Kolařík,M
psp:osoba:2124,2124,Václav Kolařík,vaclav kolarik,Václav,Kolařík,M
psp:osoba:2125,2125,Františka Kolaříková,frantiska kolarikova,Františka,Kolaříková,F
psp:osoba:2126,2126,Heda Kolaříková,heda kolarikova,Heda,Kolaříková,F
psp:osoba:2127,2127,Daniela Kolářová,daniela kolarova,Daniela,Kolářová,F
psp:osoba:2128,2128,Růžena Kolářová,ruzena kolarova,Růžena,Kolářová,F
psp:osoba:2129,2129,Jana Kolbabová,jana kolbabova,Jana,Kolbabová,F
psp:osoba:2130,2130,Stanislav Kolda,stanislav kolda,Stanislav,Kolda,M
psp:osoba:2131,2131,Drahomír Kolder,drahomir kolder,Drahomír,Kolder,M
psp:osoba:2132,2132,Mária Kolesárová,maria kolesarova,Mária,Kolesárová,F
psp:osoba:2133,2133,Alois Kolísek,alois kolisek,Alois,Kolísek,M
psp:osoba:2134,2134,Gizela Kolláriková,gizela kollarikova,Gizela,Kolláriková,F
psp:osoba:2135,2135,Alžbeta Kollárová,alzbeta kollarova,Alžbeta,Kollárová,F
psp:osoba:2136,2136,Fritz Köllner,fritz kollner,Fritz,Köllner,M
psp:osoba:2137,2137,Vladimír Kolmistr,vladimir kolmistr,Vladimír,Kolmistr,M
psp:osoba:2138,2138,Jan Koloušek,jan kolousek,Jan,Koloušek,M
psp:osoba:2139,2139,František Komárek,frantisek komarek,František,Komárek,M
psp:osoba:2140,2140,Josef Komárek,josef komarek,Josef,Komárek,M
psp:osoba:2141,2141,Valtr Komárek,valtr komarek,Valtr,Komárek,M
psp:osoba:2142,2142,Vladimír Komárek,vladimir komarek,Vladimír,Komárek,M
psp:osoba:2143,2143,Mária Komlóšiová,maria komlosiova,Mária,Komlóšiová,F
psp:osoba:2144,2144,Ladislav Kompiš,ladislav kompis,Ladislav,Kompiš,M
psp:osoba:2145,2145,František Komzala,frantisek komzala,František,Komzala,M
psp:osoba:2146,2146,František Kondelík,frantisek kondelik,František,Kondelík,M
psp:osoba:2147,2147,Margita Kondrčíková,margita kondrcikova,Margita,Kondrčíková,F
psp:osoba:2148,2148,Anna Konečná,anna konecna,Anna,Konečná,F
psp:osoba:2149,2149,Blažena Konečná,blazena konecna,Blažena,Konečná,F
psp:osoba:2150,2150,Ján Konečník,jan konecnik,Ján,Konečník,M
psp:osoba:2151,2151,Alois Konečný,alois konecny,Alois,Konečný,M
psp:osoba:2152,2152,Jindřich Konečný,jindrich konecny,Jindřich,Konečný,M
psp:osoba:2153,2153,Josef Konečný,josef konecny,Josef,Konečný,M
psp:osoba:2154,2154,Pavel Konečný,pavel konecny,Pavel,Konečný,M
psp:osoba:2155,2155,František Koníček,frantisek konicek,František,Koníček,M
psp:osoba:2156,2156,Václav Konopa,vaclav konopa,Václav,Konopa,M
psp:osoba:2157,2157,Jiří Konopáč,jiri konopac,Jiří,Konopáč,M
psp:osoba:2158,2158,Martin Kontra,martin kontra,Martin,Kontra,M
psp:osoba:2159,2159,Mária Kontríková,maria kontrikova,Mária,Kontríková,F
psp:osoba:2160,2160,Josef Konvalina,josef konvalina,Josef,Konvalina,M
psp:osoba:2161,2161,Ján Konvit,jan konvit,Ján,Konvit,M
psp:osoba:2162,2162,Jozef Kopasz,jozef kopasz,Jozef,Kopasz,M
psp:osoba:2163,2163,Julius Kopeček,julius kopecek,Julius,Kopeček,M
psp:osoba:2164,2164,Anna Kopecká,anna kopecka,Anna,Kopecká,F
psp:osoba:2165,2165,Ludmila Kopecká,ludmila kopecka,Ludmila,Kopecká,F
psp:osoba:2166,2166,František Kopecký,frantisek kopecky,František,Kopecký,M
psp:osoba:2167,2167,Jan Kopecký,jan kopecky,Jan,Kopecký,M
psp:osoba:2168,2168,Jaromír Kopecký,jaromir kopecky,Jaromír,Kopecký,M
psp:osoba:2169,2169,Josef Kopecký,josef kopecky,Josef,Kopecký,M
psp:osoba:2170,2170,Václav Kopecký,vaclav kopecky,Václav,Kopecký,M
psp:osoba:2171,2171,Zdeněk Kopecký,zdenek kopecky,Zdeněk,Kopecký,M
psp:osoba:2172,2172,Jaroslav Kopenec,jaroslav kopenec,Jaroslav,Kopenec,M
psp:osoba:2173,2173,František Kopřiva,frantisek kopriva,František,Kopřiva,M
psp:osoba:2174,2174,Ladislav Kopřiva,ladislav kopriva,Ladislav,Kopřiva,M
psp:osoba:2175,2175,Tomáš Kopřiva,tomas kopriva,Tomáš,Kopřiva,M
psp:osoba:2176,2176,Jiří Kopsa,jiri kopsa,Jiří,Kopsa,M
psp:osoba:2177,2177,Jaroslav Koráb,jaroslav korab,Jaroslav,Koráb,M
psp:osoba:2178,2178,Ondrej Koráň,ondrej koran,Ondrej,Koráň,M
psp:osoba:2179,2179,Stanislav Koranda,stanislav koranda,Stanislav,Koranda,M
psp:osoba:2180,2180,Alžběta Korbeľová,alzbeta korbelova,Alžběta,Korbeľová,F
psp:osoba:2181,2181,Josef Korčák,josef korcak,Josef,Korčák,M
psp:osoba:2182,2182,František Kordač,frantisek kordac,František,Kordač,M
psp:osoba:2183,2183,Miroslav Kordiak,miroslav kordiak,Miroslav,Kordiak,M
psp:osoba:2184,2184,Jindřich Korf,jindrich korf,Jindřich,Korf,M
psp:osoba:2185,2185,Jan Korger,jan korger,Jan,Korger,M
psp:osoba:2186,2186,Adolf Kořínek,adolf korinek,Adolf,Kořínek,M
psp:osoba:2187,2187,Endre Korláth,endre korlath,Endre,Korláth,M
psp:osoba:2188,2188,Miroslav Korman,miroslav korman,Miroslav,Korman,M
psp:osoba:2189,2189,Lájos Körmendy-Ékes,lajos kormendy-ekes,Lájos,Körmendy-Ékes,M
psp:osoba:2190,2190,Jaroslav Kos,jaroslav kos,Jaroslav,Kos,M
psp:osoba:2191,2191,Jozef Kóša,jozef kosa,Jozef,Kóša,M
psp:osoba:2192,2192,Pavol Košala,pavol kosala,Pavol,Košala,M
psp:osoba:2193,2193,Ján Koscelanský,jan koscelansky,Ján,Koscelanský,M
psp:osoba:2194,2194,Václav Košek,vaclav kosek,Václav,Košek,M
psp:osoba:2195,2195,István Kosik,istvan kosik,István,Kosik,M
psp:osoba:2196,2196,Eduard Kosmel,eduard kosmel,Eduard,Kosmel,M
psp:osoba:2197,2197,Jozef Košnár,jozef kosnar,Jozef,Košnár,M
psp:osoba:2198,2198,Jozef Kosorín,jozef kosorin,Jozef,Kosorín,M
psp:osoba:2199,2199,Pavel Kossey,pavel kossey,Pavel,Kossey,M
psp:osoba:2200,2200,Albert Košťál,albert kostal,Albert,Košťál,M
psp:osoba:2201,2201,Rudolf Koštejn,rudolf kostejn,Rudolf,Koštejn,M
psp:osoba:2202,2202,Bedřich Kostelka,bedrich kostelka,Bedřich,Kostelka,M
psp:osoba:2203,2203,Karel Kostka,karel kostka,Karel,Kostka,M
psp:osoba:2204,2204,Karl Kostka,karl kostka,Karl,Kostka,M
psp:osoba:2205,2205,Vlasta Kostková,vlasta kostkova,Vlasta,Kostková,F
psp:osoba:2206,2206,Libor Kostya,libor kostya,Libor,Kostya,M
psp:osoba:2207,2207,Antonín Kotáb,antonin kotab,Antonín,Kotáb,M
psp:osoba:2208,2208,Marta Kotasová,marta kotasova,Marta,Kotasová,F
psp:osoba:2209,2209,Emílie Kotková,emilie kotkova,Emílie,Kotková,F
psp:osoba:2210,2210,Olga Kotlebová,olga kotlebova,Olga,Kotlebová,F
psp:osoba:2211,2211,Oľga Kotlebová,olga kotlebova,Oľga,Kotlebová,F
psp:osoba:2212,2212,Radko Kotoulek,radko kotoulek,Radko,Kotoulek,M
psp:osoba:2213,2213,František Kotrba,frantisek kotrba,František,Kotrba,M
psp:osoba:2214,2214,Helena Kotrlová,helena kotrlova,Helena,Kotrlová,F
psp:osoba:2215,2215,Zdeněk Kotrlý,zdenek kotrly,Zdeněk,Kotrlý,M
psp:osoba:2216,2216,Jan Kotvald,jan kotvald,Jan,Kotvald,M
psp:osoba:2217,2217,Josef Kotýnek,josef kotynek,Josef,Kotýnek,M
psp:osoba:2218,2218,Jan Kouba,jan kouba,Jan,Kouba,M
psp:osoba:2219,2219,Jindřich Kouba,jindrich kouba,Jindřich,Kouba,M
psp:osoba:2220,2220,Ladislav Koubek,ladislav koubek,Ladislav,Koubek,M
psp:osoba:2221,2221,Vladimír Koucký,vladimir koucky,Vladimír,Koucký,M
psp:osoba:2222,2222,Jan Koudelka,jan koudelka,Jan,Koudelka,M
psp:osoba:2223,2223,Mária Koudelová,maria koudelova,Mária,Koudelová,F
psp:osoba:2224,2224,Josef Kouša,josef kousa,Josef,Kouša,M
psp:osoba:2225,2225,Josef Kout,josef kout,Josef,Kout,M
psp:osoba:2226,2226,Tomáš Koutný,tomas koutny,Tomáš,Koutný,M
psp:osoba:2227,2227,Václav Koutný,vaclav koutny,Václav,Koutný,M
psp:osoba:2228,2228,Jan Koutský,jan koutsky,Jan,Koutský,M
psp:osoba:2229,2229,Jaroslav Koutský,jaroslav koutsky,Jaroslav,Koutský,M
psp:osoba:2230,2230,Ján Kováč,jan kovac,Ján,Kováč,M
psp:osoba:2231,2231,Ladislav Kováč,ladislav kovac,Ladislav,Kováč,M
psp:osoba:2232,2232,Marián Kováč,marian kovac,Marián,Kováč,M
psp:osoba:2233,2233,Michal Kováč,michal kovac,Michal,Kováč,M
psp:osoba:2234,2234,Michal Kováč,michal kovac,Michal,Kováč,M
psp:osoba:2235,2235,Roman Kováč,roman kovac,Roman,Kováč,M
psp:osoba:2236,2236,Štefan Kováč,stefan kovac,Štefan,Kováč,M
psp:osoba:2237,2237,Zdenek Kováč,zdenek kovac,Zdenek,Kováč,M
psp:osoba:2238,2238,Desider Kovačič,desider kovacic,Desider,Kovačič,M
psp:osoba:2239,2239,Ján Kováčik,jan kovacik,Ján,Kováčik,M
psp:osoba:2240,2240,Juraj Kováčik,juraj kovacik,Juraj,Kováčik,M
psp:osoba:2241,2241,Leopold Kovalčík,leopold kovalcik,Leopold,Kovalčík,M
psp:osoba:2242,2242,Jolana Kovalčíková,jolana kovalcikova,Jolana,Kovalčíková,F
psp:osoba:2244,2244,Antonín Kovář,antonin kovar,Antonín,Kovář,M
psp:osoba:2245,2245,Jiří Kovář,jiri kovar,Jiří,Kovář,M
psp:osoba:2246,2246,Mojmír Kovář,mojmir kovar,Mojmír,Kovář,M
psp:osoba:2247,2247,Josef Kovařík,josef kovarik,Josef,Kovařík,M
psp:osoba:2248,2248,Drahomíra Kovaříková,drahomira kovarikova,Drahomíra,Kovaříková,F
psp:osoba:2249,2249,Helena Kovářová,helena kovarova,Helena,Kovářová,F
psp:osoba:2250,2250,Vlasta Kovářová,vlasta kovarova,Vlasta,Kovářová,F
psp:osoba:2251,2251,Pavel Koyš,pavel koys,Pavel,Koyš,M
psp:osoba:2252,2252,Elena Koyšová,elena koysova,Elena,Koyšová,F
psp:osoba:2253,2253,Josef Koza,josef koza,Josef,Koza,M
psp:osoba:2254,2254,Antonín Kozák,antonin kozak,Antonín,Kozák,M
psp:osoba:2255,2255,Bohumil Kozák,bohumil kozak,Bohumil,Kozák,M
psp:osoba:2256,2256,František Kozák,frantisek kozak,František,Kozák,M
psp:osoba:2257,2257,Jan Kozák,jan kozak,Jan,Kozák,M
psp:osoba:2258,2258,Miroslav Kozák,miroslav kozak,Miroslav,Kozák,M
psp:osoba:2259,2259,Petr Kozánek,petr kozanek,Petr,Kozánek,M
psp:osoba:2260,2260,Jaroslav Kozel,jaroslav kozel,Jaroslav,Kozel,M
psp:osoba:2261,2261,Bedřich Kozelka,bedrich kozelka,Bedřich,Kozelka,M
psp:osoba:2262,2262,Helena Koželuhová-Procházková,helena kozeluhova-prochazkova,Helena,Koželuhová-Procházková,F
psp:osoba:2263,2263,Jaroslav Kožešník,jaroslav kozesnik,Jaroslav,Kožešník,M
psp:osoba:2264,2264,Anton Kožík,anton kozik,Anton,Kožík,M
psp:osoba:2265,2265,Viliam Kožík,viliam kozik,Viliam,Kožík,M
psp:osoba:2266,2266,Anna Krafčáková,anna krafcakova,Anna,Krafčáková,F
psp:osoba:2267,2267,Jaroslava Krafková,jaroslava krafkova,Jaroslava,Krafková,F
psp:osoba:2268,2268,František Krajčír,frantisek krajcir,František,Krajčír,M
psp:osoba:2269,2269,Jaroslav Krajhanzl,jaroslav krajhanzl,Jaroslav,Krajhanzl,M
psp:osoba:2270,2270,Vladimír Krajina,vladimir krajina,Vladimír,Krajina,M
psp:osoba:2271,2271,Mária Kraková,maria krakova,Mária,Kraková,F
psp:osoba:2272,2272,Alois Král,alois kral,Alois,Král,M
psp:osoba:2273,2273,Bartoloměj Král,bartolomej kral,Bartoloměj,Král,M
psp:osoba:2274,2274,Josef Král,josef kral,Josef,Král,M
psp:osoba:2275,2275,Ábel Kráľ,abel kral,Ábel,Kráľ,M
psp:osoba:2276,2276,Stanislaus Králíček,stanislaus kralicek,Stanislaus,Králíček,M
psp:osoba:2277,2277,Václav Králíček,vaclav kralicek,Václav,Králíček,M
psp:osoba:2278,2278,Hana Králíčková,hana kralickova,Hana,Králíčková,F
psp:osoba:2279,2279,František Králík,frantisek kralik,František,Králík,M
psp:osoba:2280,2280,Helena Králová,helena kralova,Helena,Králová,F
psp:osoba:2281,2281,Marie Králová,marie kralova,Marie,Králová,F
psp:osoba:2282,2282,Zdeňka Králová,zdenka kralova,Zdeňka,Králová,F
psp:osoba:2283,2283,Karel Kramář,karel kramar,Karel,Kramář,M
psp:osoba:2284,2284,Vilma Kramárová,vilma kramarova,Vilma,Kramárová,F
psp:osoba:2285,2285,Alena Krátká,alena kratka,Alena,Krátká,F
psp:osoba:2286,2286,Jan Krátký,jan kratky,Jan,Krátký,M
psp:osoba:2287,2287,Jiří Krátký,jiri kratky,Jiří,Krátký,M
psp:osoba:2288,2288,Petr Krátký,petr kratky,Petr,Krátký,M
psp:osoba:2289,2289,Bohuslav Kratochvíl,bohuslav kratochvil,Bohuslav,Kratochvíl,M
psp:osoba:2290,2290,Jaroslav Kratochvíl,jaroslav kratochvil,Jaroslav,Kratochvíl,M
psp:osoba:2291,2291,Josef Kratochvíl,josef kratochvil,Josef,Kratochvíl,M
psp:osoba:2292,2292,Vladimír Kratochvíl,vladimir kratochvil,Vladimír,Kratochvíl,M
psp:osoba:2293,2293,Marie Kratochvílová,marie kratochvilova,Marie,Kratochvílová,F
psp:osoba:2294,2294,Josef Kraus,josef kraus,Josef,Kraus,M
psp:osoba:2295,2295,Petr Kraus,petr kraus,Petr,Kraus,M
psp:osoba:2296,2296,Vinzenz Kraus,vinzenz kraus,Vinzenz,Kraus,M
psp:osoba:2297,2297,Evžen Krauskopf,evzen krauskopf,Evžen,Krauskopf,M
psp:osoba:2298,2298,Zdeněk Krč,zdenek krc,Zdeněk,Krč,M
psp:osoba:2299,2299,Antonín Krček,antonin krcek,Antonín,Krček,M
psp:osoba:2300,2300,Ladislav Krčma,ladislav krcma,Ladislav,Krčma,M
psp:osoba:2301,2301,Hans Krebs,hans krebs,Hans,Krebs,M
psp:osoba:2302,2302,Hermann Krehan,hermann krehan,Hermann,Krehan,M
psp:osoba:2303,2303,Karl Kreibich,karl kreibich,Karl,Kreibich,M
psp:osoba:2304,2304,Miloš Krejcar,milos krejcar,Miloš,Krejcar,M
psp:osoba:2305,2305,F. V. Krejčí,f. v. krejci,F. V.,Krejčí,M
psp:osoba:2306,2306,František Krejčí,frantisek krejci,František,Krejčí,M
psp:osoba:2307,2307,Franz Krejčí,franz krejci,Franz,Krejčí,M
psp:osoba:2308,2308,Jan Krejčí,jan krejci,Jan,Krejčí,M
psp:osoba:2309,2309,Jiří Krejčí,jiri krejci,Jiří,Krejčí,M
psp:osoba:2310,2310,Josef Krejčí,josef krejci,Josef,Krejčí,M
psp:osoba:2311,2311,Vilém Krejčí,vilem krejci,Vilém,Krejčí,M
psp:osoba:2312,2312,Vítězslav Krejčí,vitezslav krejci,Vítězslav,Krejčí,M
psp:osoba:2313,2313,Zdenka Krejčová,zdenka krejcova,Zdenka,Krejčová,F
psp:osoba:2314,2314,Jiří Krejsa,jiri krejsa,Jiří,Krejsa,M
psp:osoba:2315,2315,Božena Marečková,bozena mareckova,Božena,Marečková,F
psp:osoba:2316,2316,Adolf Křemen,adolf kremen,Adolf,Křemen,M
psp:osoba:2317,2317,Božena Kremláčková,bozena kremlackova,Božena,Kremláčková,F
psp:osoba:2318,2318,Heinrich Kremser,heinrich kremser,Heinrich,Kremser,M
psp:osoba:2319,2319,Drahoslav Křenek,drahoslav krenek,Drahoslav,Křenek,M
psp:osoba:2320,2320,Oldřich Křenek,oldrich krenek,Oldřich,Křenek,M
psp:osoba:2321,2321,Naděžda Křenová,nadezda krenova,Naděžda,Křenová,F
psp:osoba:2322,2322,Franz Křepek,franz krepek,Franz,Křepek,M
psp:osoba:2323,2323,František Křepela,frantisek krepela,František,Křepela,M
psp:osoba:2324,2324,Václav Křičenský,vaclav kricensky,Václav,Křičenský,M
psp:osoba:2325,2325,František Kriegel,frantisek kriegel,František,Kriegel,M
psp:osoba:2326,2326,Jan Krist,jan krist,Jan,Krist,M
psp:osoba:2327,2327,Marie Kristková,marie kristkova,Marie,Kristková,F
psp:osoba:2328,2328,Štefan Krištofík,stefan kristofik,Štefan,Krištofík,M
psp:osoba:2329,2329,Peter Krivda,peter krivda,Peter,Krivda,M
psp:osoba:2330,2330,Zdeněk Křivský,zdenek krivsky,Zdeněk,Křivský,M
psp:osoba:2331,2331,Jozef Kríž,jozef kriz,Jozef,Kríž,M
psp:osoba:2332,2332,Alois Kříž,alois kriz,Alois,Kříž,M
psp:osoba:2333,2333,Erich Kříž,erich kriz,Erich,Kříž,M
psp:osoba:2334,2334,Ivan Kříž,ivan kriz,Ivan,Kříž,M
psp:osoba:2335,2335,Josef Kříž,josef kriz,Josef,Kříž,M
psp:osoba:2336,2336,Karel Kříž,karel kriz,Karel,Kříž,M
psp:osoba:2337,2337,Vladimír Křižka,vladimir krizka,Vladimír,Křižka,M
psp:osoba:2338,2338,Jarmila Křížková,jarmila krizkova,Jarmila,Křížková,F
psp:osoba:2339,2339,Marie Křížová,marie krizova,Marie,Křížová,F
psp:osoba:2340,2340,Václav Krňávek,vaclav krnavek,Václav,Krňávek,M
psp:osoba:2341,2341,Jaroslav Krofta,jaroslav krofta,Jaroslav,Krofta,M
psp:osoba:2342,2342,František Kroiher,frantisek kroiher,František,Kroiher,M
psp:osoba:2343,2343,Josef Krosnář,josef krosnar,Josef,Krosnář,M
psp:osoba:2344,2344,Otakar Krouský,otakar krousky,Otakar,Krouský,M
psp:osoba:2345,2345,Matej Kršiak,matej krsiak,Matej,Kršiak,M
psp:osoba:2346,2346,Pavel Krubl,pavel krubl,Pavel,Krubl,M
psp:osoba:2347,2347,Vladislav Krumer,vladislav krumer,Vladislav,Krumer,M
psp:osoba:2348,2348,Hans Krumpe,hans krumpe,Hans,Krumpe,M
psp:osoba:2349,2349,Josef Kruntorád,josef kruntorad,Josef,Kruntorád,M
psp:osoba:2350,2350,Estera Krúpalová,estera krupalova,Estera,Krúpalová,F
psp:osoba:2351,2351,František Krupík,frantisek krupik,František,Krupík,M
psp:osoba:2352,2352,Vratislav Krutina,vratislav krutina,Vratislav,Krutina,M
psp:osoba:2353,2353,Josef Kryll,josef kryll,Josef,Kryll,M
psp:osoba:2354,2354,Pavel Krystyník,pavel krystynik,Pavel,Krystyník,M
psp:osoba:2355,2355,František Kuba,frantisek kuba,František,Kuba,M
psp:osoba:2356,2356,František Kubač,frantisek kubac,František,Kubač,M
psp:osoba:2357,2357,Andrej Kubál,andrej kubal,Andrej,Kubál,M
psp:osoba:2358,2358,Jaromír Kubánek,jaromir kubanek,Jaromír,Kubánek,M
psp:osoba:2359,2359,Oldřich Kubánek,oldrich kubanek,Oldřich,Kubánek,M
psp:osoba:2360,2360,Vladimír Kubánek,vladimir kubanek,Vladimír,Kubánek,M
psp:osoba:2361,2361,František Kubant,frantisek kubant,František,Kubant,M
psp:osoba:2362,2362,František Kubát,frantisek kubat,František,Kubát,M
psp:osoba:2363,2363,Josef Kubát,josef kubat,Josef,Kubát,M
psp:osoba:2364,2364,Milan Kubát,milan kubat,Milan,Kubát,M
psp:osoba:2365,2365,Marcel Kubec,marcel kubec,Marcel,Kubec,M
psp:osoba:2366,2366,Rudolf Kuběna,rudolf kubena,Rudolf,Kuběna,M
psp:osoba:2367,2367,František Kubeš,frantisek kubes,František,Kubeš,M
psp:osoba:2368,2368,Libuše Kubešová,libuse kubesova,Libuše,Kubešová,F
psp:osoba:2369,2369,Pavol Kubičár,pavol kubicar,Pavol,Kubičár,M
psp:osoba:2370,2370,Antonín Kubíček,antonin kubicek,Antonín,Kubíček,M
psp:osoba:2371,2371,František Kubíček,frantisek kubicek,František,Kubíček,M
psp:osoba:2372,2372,Josef Kubíček,josef kubicek,Josef,Kubíček,M
psp:osoba:2373,2373,Ladislav Kubíček,ladislav kubicek,Ladislav,Kubíček,M
psp:osoba:2374,2374,Michal Kubicsko,michal kubicsko,Michal,Kubicsko,M
psp:osoba:2375,2375,František Kubín,frantisek kubin,František,Kubín,M
psp:osoba:2376,2376,Karel Kubín,karel kubin,Karel,Kubín,M
psp:osoba:2377,2377,Zdeněk Kubín,zdenek kubin,Zdeněk,Kubín,M
psp:osoba:2378,2378,Florián Kubinský,florian kubinsky,Florián,Kubinský,M
psp:osoba:2379,2379,Robert Kubiš,robert kubis,Robert,Kubiš,M
psp:osoba:2380,2380,Bohumila Kubišová,bohumila kubisova,Bohumila,Kubišová,F
psp:osoba:2381,2381,Jan Kubišta,jan kubista,Jan,Kubišta,M
psp:osoba:2382,2382,Emília Kubištová,emilia kubistova,Emília,Kubištová,F
psp:osoba:2383,2383,Jaroslav Kuboš,jaroslav kubos,Jaroslav,Kuboš,M
psp:osoba:2384,2384,Karel Kubrt,karel kubrt,Karel,Kubrt,M
psp:osoba:2385,2385,Jaromír Kuča,jaromir kuca,Jaromír,Kuča,M
psp:osoba:2386,2386,Bohuslav Kučera,bohuslav kucera,Bohuslav,Kučera,M
psp:osoba:2387,2387,Felix Kučera,felix kucera,Felix,Kučera,M
psp:osoba:2388,2388,Jan Kučera,jan kucera,Jan,Kučera,M
psp:osoba:2389,2389,Jaroslav Kučera,jaroslav kucera,Jaroslav,Kučera,M
psp:osoba:2390,2390,Jaroslav Kučera,jaroslav kucera,Jaroslav,Kučera,M
psp:osoba:2391,2391,Jaroslav Kučera,jaroslav kucera,Jaroslav,Kučera,M
psp:osoba:2392,2392,Ladislav Kučera,ladislav kucera,Ladislav,Kučera,M
psp:osoba:2393,2393,Matúš Kučera,matus kucera,Matúš,Kučera,M
psp:osoba:2394,2394,Milan Kučera,milan kucera,Milan,Kučera,M
psp:osoba:2395,2395,Miloslav Kučera,miloslav kucera,Miloslav,Kučera,M
psp:osoba:2396,2396,Miroslav Kučera,miroslav kucera,Miroslav,Kučera,M
psp:osoba:2397,2397,Petr Kučera,petr kucera,Petr,Kučera,M
psp:osoba:2398,2398,Stanislav Kučera,stanislav kucera,Stanislav,Kučera,M
psp:osoba:2399,2399,Václav Kučera,vaclav kucera,Václav,Kučera,M
psp:osoba:2400,2400,Vladimír Kučera,vladimir kucera,Vladimír,Kučera,M
psp:osoba:2401,2401,Zdeněk Kučera,zdenek kucera,Zdeněk,Kučera,M
psp:osoba:2402,2402,Jozef Kučerák,jozef kucerak,Jozef,Kučerák,M
psp:osoba:2403,2403,Marcela Kučerová,marcela kucerova,Marcela,Kučerová,F
psp:osoba:2404,2404,Josef Kudela,josef kudela,Josef,Kudela,M
psp:osoba:2406,2406,Božena Kudláčková,bozena kudlackova,Božena,Kudláčková,F
psp:osoba:2407,2407,Mária Kudryová,maria kudryova,Mária,Kudryová,F
psp:osoba:2408,2408,Michal Kudzej,michal kudzej,Michal,Kudzej,M
psp:osoba:2409,2409,Chaim Kugel,chaim kugel,Chaim,Kugel,M
psp:osoba:2410,2410,František Kugler,frantisek kugler,František,Kugler,M
psp:osoba:2411,2411,Elvira Kuhnová,elvira kuhnova,Elvira,Kuhnová,F
psp:osoba:2412,2412,Jarmila Kuchařová,jarmila kucharova,Jarmila,Kuchařová,F
psp:osoba:2413,2413,Erika Kuchárová,erika kucharova,Erika,Kuchárová,F
psp:osoba:2414,2414,Jozef Kuka,jozef kuka,Jozef,Kuka,M
psp:osoba:2415,2415,František Kukla,frantisek kukla,František,Kukla,M
psp:osoba:2416,2416,Cyril Kuklínek,cyril kuklinek,Cyril,Kuklínek,M
psp:osoba:2417,2417,Stanislav Kukrál,stanislav kukral,Stanislav,Kukrál,M
psp:osoba:2418,2418,Jan Kukrecht,jan kukrecht,Jan,Kukrecht,M
psp:osoba:2419,2419,Martin Kukučka,martin kukucka,Martin,Kukučka,M
psp:osoba:2420,2420,Peter Kulan,peter kulan,Peter,Kulan,M
psp:osoba:2421,2421,Josef Kulička,josef kulicka,Josef,Kulička,M
psp:osoba:2422,2422,Ludmila Kulíčková,ludmila kulickova,Ludmila,Kulíčková,F
psp:osoba:2423,2423,Martin Kulich,martin kulich,Martin,Kulich,M
psp:osoba:2424,2424,Matilda Kulichová-Sutórisová,matilda kulichova-sutorisova,Matilda,Kulichová-Sutórisová,F
psp:osoba:2425,2425,Rudolf Kuljovský,rudolf kuljovsky,Rudolf,Kuljovský,M
psp:osoba:2426,2426,Miloš Kulovaný,milos kulovany,Miloš,Kulovaný,M
psp:osoba:2427,2427,Stanislav Kuna,stanislav kuna,Stanislav,Kuna,M
psp:osoba:2428,2428,Richard Kundrata,richard kundrata,Richard,Kundrata,M
psp:osoba:2429,2429,Ernst Kundt,ernst kundt,Ernst,Kundt,M
psp:osoba:2430,2430,Jozef Kunkela,jozef kunkela,Jozef,Kunkela,M
psp:osoba:2431,2431,Robert Kunst,robert kunst,Robert,Kunst,M
psp:osoba:2432,2432,Anna Kunstová,anna kunstova,Anna,Kunstová,F
psp:osoba:2433,2433,Alois Kunz,alois kunz,Alois,Kunz,M
psp:osoba:2434,2434,Lothar Kunz,lothar kunz,Lothar,Kunz,M
psp:osoba:2435,2435,Franz Künzel,franz kunzel,Franz,Künzel,M
psp:osoba:2436,2436,František Kupčík,frantisek kupcik,František,Kupčík,M
psp:osoba:2437,2437,Stanislav Kupčík,stanislav kupcik,Stanislav,Kupčík,M
psp:osoba:2438,2438,Rudolf Kupka,rudolf kupka,Rudolf,Kupka,M
psp:osoba:2439,2439,Josef Kürbel,josef kurbel,Josef,Kürbel,M
psp:osoba:2440,2440,Ján Kuriš,jan kuris,Ján,Kuriš,M
psp:osoba:2441,2441,Václav Kůrka,vaclav kurka,Václav,Kůrka,M
psp:osoba:2442,2442,Štefan Kuropka,stefan kuropka,Štefan,Kuropka,M
psp:osoba:2443,2443,Ivan Kurťak,ivan kurtak,Ivan,Kurťak,M
psp:osoba:2444,2444,Michal Kurťák,michal kurtak,Michal,Kurťák,M
psp:osoba:2445,2445,Štefan Kušík,stefan kusik,Štefan,Kušík,M
psp:osoba:2446,2446,Irena Kůsová,irena kusova,Irena,Kůsová,F
psp:osoba:2447,2447,Miroslav Kusý,miroslav kusy,Miroslav,Kusý,M
psp:osoba:2448,2448,Karel Kut,karel kut,Karel,Kut,M
psp:osoba:2449,2449,Josef Kůta,josef kuta,Josef,Kůta,M
psp:osoba:2450,2450,Vincent Kútik,vincent kutik,Vincent,Kútik,M
psp:osoba:2451,2451,František Kutiš,frantisek kutis,František,Kutiš,M
psp:osoba:2452,2452,Pavel Kutiš,pavel kutis,Pavel,Kutiš,M
psp:osoba:2453,2453,Václava Kuželová,vaclava kuzelova,Václava,Kuželová,F
psp:osoba:2454,2454,Peter Kvačkaj,peter kvackaj,Peter,Kvačkaj,M
psp:osoba:2455,2455,Jaroslav Kvapil,jaroslav kvapil,Jaroslav,Kvapil,M
psp:osoba:2456,2456,Jaroslava Kvapilová,jaroslava kvapilova,Jaroslava,Kvapilová,F
psp:osoba:2457,2457,Bohumil Kvasil,bohumil kvasil,Bohumil,Kvasil,M
psp:osoba:2458,2458,Augustin Kvasnica,augustin kvasnica,Augustin,Kvasnica,M
psp:osoba:2459,2459,Josef Kvasnička,josef kvasnicka,Josef,Kvasnička,M
psp:osoba:2460,2460,Ladislav Kvasnička,ladislav kvasnicka,Ladislav,Kvasnička,M
psp:osoba:2461,2461,Libuše Kvasnicová,libuse kvasnicova,Libuše,Kvasnicová,F
psp:osoba:2462,2462,Jan Květ,jan kvet,Jan,Květ,M
psp:osoba:2463,2463,Martin Kvetko,martin kvetko,Martin,Kvetko,M
psp:osoba:2464,2464,Jan Kvidera,jan kvidera,Jan,Kvidera,M
psp:osoba:2465,2465,Vojtěch Kyjovský,vojtech kyjovsky,Vojtěch,Kyjovský,M
psp:osoba:2466,2466,František Kyncl,frantisek kyncl,František,Kyncl,M
psp:osoba:2467,2467,Ondřej Kypr,ondrej kypr,Ondřej,Kypr,M
psp:osoba:2468,2468,Jozef Kyselý,jozef kysely,Jozef,Kyselý,M
psp:osoba:2469,2469,Pavel Kyzr,pavel kyzr,Pavel,Kyzr,M
psp:osoba:2470,2470,Ludevít Labaj,ludevit labaj,Ludevít,Labaj,M
psp:osoba:2471,2471,Josef Lacek,josef lacek,Josef,Lacek,M
psp:osoba:2472,2472,Jiří Lacina,jiri lacina,Jiří,Lacina,M
psp:osoba:2473,2473,Jana Lacinová,jana lacinova,Jana,Lacinová,F
psp:osoba:2474,2474,Karol Laco,karol laco,Karol,Laco,M
psp:osoba:2475,2475,Bohumil Ladislav,bohumil ladislav,Bohumil,Ladislav,M
psp:osoba:2476,2476,Jiří Ládr,jiri ladr,Jiří,Ládr,M
psp:osoba:2477,2477,Vladimír Lajčiak,vladimir lajciak,Vladimír,Lajčiak,M
psp:osoba:2478,2478,Miroslav Lajkep,miroslav lajkep,Miroslav,Lajkep,M
psp:osoba:2479,2479,Andrej Lakata,andrej lakata,Andrej,Lakata,M
psp:osoba:2480,2480,František Lakomý,frantisek lakomy,František,Lakomý,M
psp:osoba:2481,2481,Ivan Laluha,ivan laluha,Ivan,Laluha,M
psp:osoba:2482,2482,Josef Lanc,josef lanc,Josef,Lanc,M
psp:osoba:2483,2483,Luisa Landová-Štychová,luisa landova-stychova,Luisa,Landová-Štychová,F
psp:osoba:2484,2484,Jaromír Lang,jaromir lang,Jaromír,Lang,M
psp:osoba:2485,2485,Alois Langer,alois langer,Alois,Langer,M
psp:osoba:2486,2486,Gerard Langer,gerard langer,Gerard,Langer,M
psp:osoba:2487,2487,Anna Langerová,anna langerova,Anna,Langerová,F
psp:osoba:2488,2488,Ján Langoš,jan langos,Ján,Langoš,M
psp:osoba:2489,2489,František Langr,frantisek langr,František,Langr,M
psp:osoba:2490,2490,Magdaléna Lapárová,magdalena laparova,Magdaléna,Lapárová,F
psp:osoba:2491,2491,Alois Lapiš,alois lapis,Alois,Lapiš,M
psp:osoba:2492,2492,Miloslav Lapka,miloslav lapka,Miloslav,Lapka,M
psp:osoba:2493,2493,Dagmar Lastovecká,dagmar lastovecka,Dagmar,Lastovecká,F
psp:osoba:2494,2494,Bohuslav Laštovička,bohuslav lastovicka,Bohuslav,Laštovička,M
psp:osoba:2495,2495,Zdeněk Laštovička,zdenek lastovicka,Zdeněk,Laštovička,M
psp:osoba:2496,2496,Jan Latner,jan latner,Jan,Latner,M
psp:osoba:2497,2497,Rudolf Laube,rudolf laube,Rudolf,Laube,M
psp:osoba:2498,2498,Bohumil Laušman,bohumil lausman,Bohumil,Laušman,M
psp:osoba:2499,2499,Václav Lavička,vaclav lavicka,Václav,Lavička,M
psp:osoba:2500,2500,Ján Lazor,jan lazor,Ján,Lazor,M
psp:osoba:2501,2501,Jiří Lederer,jiri lederer,Jiří,Lederer,M
psp:osoba:2502,2502,Jaroslav Ledl,jaroslav ledl,Jaroslav,Ledl,M
psp:osoba:2503,2503,Lubomír Ledl,lubomir ledl,Lubomír,Ledl,M
psp:osoba:2504,2504,Nina Lefflerová,nina lefflerova,Nina,Lefflerová,F
psp:osoba:2505,2505,Drahomíra Leflerová,drahomira leflerova,Drahomíra,Leflerová,F
psp:osoba:2506,2506,Helena Leflerová,helena leflerova,Helena,Leflerová,F
psp:osoba:2507,2507,Wenzel Lehnert,wenzel lehnert,Wenzel,Lehnert,M
psp:osoba:2508,2508,Emanuel Lehocký,emanuel lehocky,Emanuel,Lehocký,M
psp:osoba:2509,2509,Emilia Lechanová,emilia lechanova,Emilia,Lechanová,F
psp:osoba:2510,2510,Dominik Leibl,dominik leibl,Dominik,Leibl,M
psp:osoba:2511,2511,Jarolím Leichman,jarolim leichman,Jarolím,Leichman,M
psp:osoba:2512,2512,Jenö Lelley,jeno lelley,Jenö,Lelley,M
psp:osoba:2513,2513,Jozef Lenárt,jozef lenart,Jozef,Lenárt,M
psp:osoba:2514,2514,Igor Lenský,igor lensky,Igor,Lenský,M
psp:osoba:2515,2515,Jaroslav Lentvorský,jaroslav lentvorsky,Jaroslav,Lentvorský,M
psp:osoba:2516,2516,Leopold Lér,leopold ler,Leopold,Lér,M
psp:osoba:2517,2517,Josef Lesák,josef lesak,Josef,Lesák,M
psp:osoba:2518,2518,Ivan Leščišin,ivan lescisin,Ivan,Leščišin,M
psp:osoba:2519,2519,Václav Leška,vaclav leska,Václav,Leška,M
psp:osoba:2520,2520,Pavla Letavajová,pavla letavajova,Pavla,Letavajová,F
psp:osoba:2521,2521,Jozef Letrich,jozef letrich,Jozef,Letrich,M
psp:osoba:2522,2522,Jozef Lettrich,jozef lettrich,Jozef,Lettrich,M
psp:osoba:2523,2523,Igor Levkanič,igor levkanic,Igor,Levkanič,M
psp:osoba:2524,2524,Jaroslav Lhotka,jaroslav lhotka,Jaroslav,Lhotka,M
psp:osoba:2525,2525,Vladimír Líbal,vladimir libal,Vladimír,Líbal,M
psp:osoba:2526,2526,Juraj Libovič,juraj libovic,Juraj,Libovič,M
psp:osoba:2527,2527,Otto Liebl,otto liebl,Otto,Liebl,M
psp:osoba:2528,2528,Valéria Lieskovská,valeria lieskovska,Valéria,Lieskovská,F
psp:osoba:2529,2529,Jozef Lietavec,jozef lietavec,Jozef,Lietavec,M
psp:osoba:2530,2530,Zdeňka Lietavská,zdenka lietavska,Zdeňka,Lietavská,F
psp:osoba:2531,2531,Ján Lichner,jan lichner,Ján,Lichner,M
psp:osoba:2532,2532,Josef Limpouch,josef limpouch,Josef,Limpouch,M
psp:osoba:2533,2533,Ľudovít Linczényi,ludovit linczenyi,Ľudovít,Linczényi,M
psp:osoba:2534,2534,Jaroslav Lindauer,jaroslav lindauer,Jaroslav,Lindauer,M
psp:osoba:2535,2535,Jaroslav Linhart,jaroslav linhart,Jaroslav,Linhart,M
psp:osoba:2536,2536,Josef Linhart,josef linhart,Josef,Linhart,M
psp:osoba:2537,2537,Viktor Linhart,viktor linhart,Viktor,Linhart,M
psp:osoba:2538,2538,Mária Lipianska,maria lipianska,Mária,Lipianska,M
psp:osoba:2539,2539,Ivan Lipovský,ivan lipovsky,Ivan,Lipovský,M
psp:osoba:2540,2540,Ladislav Lis,ladislav lis,Ladislav,Lis,M
psp:osoba:2541,2541,Vladislav Liščák,vladislav liscak,Vladislav,Liščák,M
psp:osoba:2542,2542,Adolf Lischka,adolf lischka,Adolf,Lischka,M
psp:osoba:2543,2543,Emil Liška,emil liska,Emil,Liška,M
psp:osoba:2544,2544,Jiří Liška,jiri liska,Jiří,Liška,M
psp:osoba:2545,2545,Ladislav Liška,ladislav liska,Ladislav,Liška,M
psp:osoba:2546,2546,Ján Líška,jan liska,Ján,Líška,M
psp:osoba:2547,2547,Jozef Líška,jozef liska,Jozef,Líška,M
psp:osoba:2548,2548,Eva Lišková,eva liskova,Eva,Lišková,F
psp:osoba:2549,2549,Josef Litera,josef litera,Josef,Litera,M
psp:osoba:2550,2550,Vladimír Litvaj,vladimir litvaj,Vladimír,Litvaj,M
psp:osoba:2551,2551,Elena Litvajová,elena litvajova,Elena,Litvajová,F
psp:osoba:2552,2552,Štefan Livinka,stefan livinka,Štefan,Livinka,M
psp:osoba:2553,2553,Václav Lněnička,vaclav lnenicka,Václav,Lněnička,M
psp:osoba:2554,2554,Jan Loberšíner,jan lobersiner,Jan,Loberšíner,M
psp:osoba:2555,2555,Karel Löbl,karel lobl,Karel,Löbl,M
psp:osoba:2556,2556,Rudolf Lodgman,rudolf lodgman,Rudolf,Lodgman,M
psp:osoba:2557,2557,Václav Lohr,vaclav lohr,Václav,Lohr,M
psp:osoba:2558,2558,František Lohynský,frantisek lohynsky,František,Lohynský,M
psp:osoba:2559,2559,Josef Lochner,josef lochner,Josef,Lochner,M
psp:osoba:2560,2560,Ivan Lokota,ivan lokota,Ivan,Lokota,M
psp:osoba:2561,2561,Hans Lokscha,hans lokscha,Hans,Lokscha,M
psp:osoba:2562,2562,Bohumír Lomský,bohumir lomsky,Bohumír,Lomský,M
psp:osoba:2563,2563,Martin Longa,martin longa,Martin,Longa,M
psp:osoba:2564,2564,Marta Lorencová,marta lorencova,Marta,Lorencová,F
psp:osoba:2565,2565,Július Lörincz,julius lorincz,Július,Lörincz,M
psp:osoba:2566,2566,Ján Ľorko,jan lorko,Ján,Ľorko,M
psp:osoba:2567,2567,Jarmila Losseová,jarmila losseova,Jarmila,Losseová,F
psp:osoba:2568,2568,Gustav Loubal,gustav loubal,Gustav,Loubal,M
psp:osoba:2569,2569,Stanislav Loutchan,stanislav loutchan,Stanislav,Loutchan,M
psp:osoba:2570,2570,Čestmír Lovětínský,cestmir lovetinsky,Čestmír,Lovětínský,M
psp:osoba:2571,2571,Eduard Löwa,eduard lowa,Eduard,Löwa,M
psp:osoba:2572,2572,Marie Lubinská,marie lubinska,Marie,Lubinská,F
psp:osoba:2573,2573,Matej Lúčan,matej lucan,Matej,Lúčan,M
psp:osoba:2574,2574,Štefan Ludva,stefan ludva,Štefan,Ludva,M
psp:osoba:2575,2575,Josef Luka,josef luka,Josef,Luka,M
psp:osoba:2576,2576,Emil Lukáč,emil lukac,Emil,Lukáč,M
psp:osoba:2577,2577,Jozef Lukačovič,jozef lukacovic,Jozef,Lukačovič,M
psp:osoba:2578,2578,František Lukavský,frantisek lukavsky,František,Lukavský,M
psp:osoba:2579,2579,Josef Lukeš,josef lukes,Josef,Lukeš,M
psp:osoba:2580,2580,Milan Lukeš,milan lukes,Milan,Lukeš,M
psp:osoba:2581,2581,Josef Lupač,josef lupac,Josef,Lupač,M
psp:osoba:2582,2582,Anna Luptáková,anna luptakova,Anna,Luptáková,F
psp:osoba:2583,2583,Felix Luschka,felix luschka,Felix,Luschka,M
psp:osoba:2584,2584,Bohuslav Luža,bohuslav luza,Bohuslav,Luža,M
psp:osoba:2585,2585,Ludmila Lužová,ludmila luzova,Ludmila,Lužová,F
psp:osoba:2586,2586,Václav Lyčka,vaclav lycka,Václav,Lyčka,M
psp:osoba:2587,2587,Božena Lyčková,bozena lyckova,Božena,Lyčková,F
psp:osoba:2588,2588,Zbyněk Máca,zbynek maca,Zbyněk,Máca,M
psp:osoba:2589,2589,Božík Macek,bozik macek,Božík,Macek,M
psp:osoba:2590,2590,Josef Macek,josef macek,Josef,Macek,M
psp:osoba:2591,2591,Miroslav Macek,miroslav macek,Miroslav,Macek,M
psp:osoba:2592,2592,Pavel Macek,pavel macek,Pavel,Macek,M
psp:osoba:2593,2593,Franz Macoun,franz macoun,Franz,Macoun,M
psp:osoba:2594,2594,Pavel Macúch,pavel macuch,Pavel,Macúch,M
psp:osoba:2595,2595,Josef Macura,josef macura,Josef,Macura,M
psp:osoba:2596,2596,Dušan Macuška,dusan macuska,Dušan,Macuška,M
psp:osoba:2597,2597,Alexander Madarász,alexander madarasz,Alexander,Madarász,M
psp:osoba:2598,2598,František Magyar,frantisek magyar,František,Magyar,M
psp:osoba:2599,2599,Jakub Mach,jakub mach,Jakub,Mach,M
psp:osoba:2600,2600,Miroslav Mach,miroslav mach,Miroslav,Mach,M
psp:osoba:2601,2601,Jaromír Machač,jaromir machac,Jaromír,Machač,M
psp:osoba:2602,2602,Jan Macháček,jan machacek,Jan,Macháček,M
psp:osoba:2603,2603,Pavel Macháček,pavel machacek,Pavel,Macháček,M
psp:osoba:2604,2604,Zdeněk Macháček,zdenek machacek,Zdeněk,Macháček,M
psp:osoba:2605,2605,Josef Machačka,josef machacka,Josef,Machačka,M
psp:osoba:2606,2606,Božena Machačová-Dostálová,bozena machacova-dostalova,Božena,Machačová-Dostálová,F
psp:osoba:2608,2608,Rudolf Machálek,rudolf machalek,Rudolf,Machálek,M
psp:osoba:2609,2609,Josef Machar,josef machar,Josef,Machar,M
psp:osoba:2610,2610,Antonín Machát,antonin machat,Antonín,Machát,M
psp:osoba:2611,2611,Augustín Machata,augustin machata,Augustín,Machata,M
psp:osoba:2612,2612,František Machník,frantisek machnik,František,Machník,M
psp:osoba:2613,2613,Vendelín Macho,vendelin macho,Vendelín,Macho,M
psp:osoba:2614,2614,Jan Machoň,jan machon,Jan,Machoň,M
psp:osoba:2615,2615,Karel Maiwald,karel maiwald,Karel,Maiwald,M
psp:osoba:2616,2616,Václav Majer,vaclav majer,Václav,Majer,M
psp:osoba:2617,2617,Žofie Majerová,zofie majerova,Žofie,Majerová,F
psp:osoba:2618,2618,Pavol Majling,pavol majling,Pavol,Majling,M
psp:osoba:2619,2619,Štefan Major,stefan major,Štefan,Major,M
psp:osoba:2620,2620,Ferdinand Majtán,ferdinand majtan,Ferdinand,Majtán,M
psp:osoba:2621,2621,Veronika Majtanová,veronika majtanova,Veronika,Majtanová,F
psp:osoba:2622,2622,František Majtl,frantisek majtl,František,Majtl,M
psp:osoba:2623,2623,Alojz Mako,alojz mako,Alojz,Mako,M
psp:osoba:2624,2624,Vladimír Makovický,vladimir makovicky,Vladimír,Makovický,M
psp:osoba:2625,2625,Anna Malá,anna mala,Anna,Malá,F
psp:osoba:2626,2626,Antonie Maláčková,antonie malackova,Antonie,Maláčková,F
psp:osoba:2627,2627,Stanislav Maleček,stanislav malecek,Stanislav,Maleček,M
psp:osoba:2628,2628,Jarmila Malecká,jarmila malecka,Jarmila,Malecká,F
psp:osoba:2629,2629,Oľga Malecká,olga malecka,Oľga,Malecká,F
psp:osoba:2630,2630,Josef Malejovský,josef malejovsky,Josef,Malejovský,M
psp:osoba:2631,2631,Alois Málek,alois malek,Alois,Málek,M
psp:osoba:2632,2632,Ivan Málek,ivan malek,Ivan,Málek,M
psp:osoba:2633,2633,Jarmila Maleňáková,jarmila malenakova,Jarmila,Maleňáková,F
psp:osoba:2634,2634,Jaroslav Malík,jaroslav malik,Jaroslav,Malík,M
psp:osoba:2635,2635,Jozef Malík,jozef malik,Jozef,Malík,M
psp:osoba:2636,2636,Rudolf Malík,rudolf malik,Rudolf,Malík,M
psp:osoba:2637,2637,Zdeněk Malík,zdenek malik,Zdeněk,Malík,M
psp:osoba:2638,2638,Vlasta Malíková,vlasta malikova,Vlasta,Malíková,F
psp:osoba:2639,2639,Jozef Malina,jozef malina,Jozef,Malina,M
psp:osoba:2640,2640,Zdeněk Malina,zdenek malina,Zdeněk,Malina,M
psp:osoba:2641,2641,Ján Maliňák,jan malinak,Ján,Maliňák,M
psp:osoba:2642,2642,František Malínský,frantisek malinsky,František,Malínský,M
psp:osoba:2643,2643,Dalibor Malíř,dalibor malir,Dalibor,Malíř,M
psp:osoba:2644,2644,František Malíř,frantisek malir,František,Malíř,M
psp:osoba:2645,2645,Emil Malivánek,emil malivanek,Emil,Malivánek,M
psp:osoba:2646,2646,Jan Malkus,jan malkus,Jan,Malkus,M
psp:osoba:2647,2647,Cyril Malý,cyril maly,Cyril,Malý,M
psp:osoba:2648,2648,František Malý,frantisek maly,František,Malý,M
psp:osoba:2649,2649,Jiří Malý,jiri maly,Jiří,Malý,M
psp:osoba:2650,2650,Josef Malý,josef maly,Josef,Malý,M
psp:osoba:2651,2651,Michal Malý,michal maly,Michal,Malý,M
psp:osoba:2652,2652,Oldřich Malý,oldrich maly,Oldřich,Malý,M
psp:osoba:2653,2653,Jan Malypetr,jan malypetr,Jan,Malypetr,M
psp:osoba:2654,2654,Anna Mamráková,anna mamrakova,Anna,Mamráková,F
psp:osoba:2655,2655,Miroslav Mamula,miroslav mamula,Miroslav,Mamula,M
psp:osoba:2656,2656,Štefan Manca,stefan manca,Štefan,Manca,M
psp:osoba:2657,2657,Eduard Manďák,eduard mandak,Eduard,Manďák,M
psp:osoba:2658,2658,Imrich Mandi,imrich mandi,Imrich,Mandi,M
psp:osoba:2659,2659,Emanuel Mandler,emanuel mandler,Emanuel,Mandler,M
psp:osoba:2660,2660,Imrich Mandli,imrich mandli,Imrich,Mandli,M
psp:osoba:2661,2661,Václav Mandovec,vaclav mandovec,Václav,Mandovec,M
psp:osoba:2662,2662,Emil Mánik,emil manik,Emil,Mánik,M
psp:osoba:2663,2663,František Mařas,frantisek maras,František,Mařas,M
psp:osoba:2664,2664,Ján Marčák,jan marcak,Ján,Marčák,M
psp:osoba:2665,2665,Jaroslav Marek,jaroslav marek,Jaroslav,Marek,M
psp:osoba:2666,2666,Josef Marek,josef marek,Josef,Marek,M
psp:osoba:2667,2667,Ludvík Marek,ludvik marek,Ludvík,Marek,M
psp:osoba:2668,2668,Oskar Marek,oskar marek,Oskar,Marek,M
psp:osoba:2669,2669,Slavoj Marek,slavoj marek,Slavoj,Marek,M
psp:osoba:2670,2670,František Mareš,frantisek mares,František,Mareš,M
psp:osoba:2671,2671,Josef Mareš,josef mares,Josef,Mareš,M
psp:osoba:2672,2672,Anna Marešová,anna maresova,Anna,Marešová,F
psp:osoba:2673,2673,Dominik Nejezchleb-Marcha,dominik nejezchleb-marcha,Dominik,Nejezchleb-Marcha,M
psp:osoba:2674,2674,František Marienko,frantisek marienko,František,Marienko,M
psp:osoba:2675,2675,Vladimír Mařík,vladimir marik,Vladimír,Mařík,M
psp:osoba:2676,2676,Vincenz Mark,vincenz mark,Vincenz,Mark,M
psp:osoba:2677,2677,Ján Marko,jan marko,Ján,Marko,M
psp:osoba:2678,2678,Ivan Markovič,ivan markovic,Ivan,Markovič,M
psp:osoba:2679,2679,Irena Márnotová,irena marnotova,Irena,Márnotová,F
psp:osoba:2680,2680,Jan Maršalko,jan marsalko,Jan,Maršalko,M
psp:osoba:2681,2681,Olga Maršálová,olga marsalova,Olga,Maršálová,F
psp:osoba:2682,2682,Ján Marták,jan martak,Ján,Marták,M
psp:osoba:2683,2683,Rudolf Martanovič,rudolf martanovic,Rudolf,Martanovič,M
psp:osoba:2684,2684,Ladislav Martinák,ladislav martinak,Ladislav,Martinák,M
psp:osoba:2685,2685,Martin Martinásek,martin martinasek,Martin,Martinásek,M
psp:osoba:2686,2686,Viera Martinčicová,viera martincicova,Viera,Martinčicová,F
psp:osoba:2687,2687,Josef Martinec,josef martinec,Josef,Martinec,M
psp:osoba:2688,2688,Josef Martinec,josef martinec,Josef,Martinec,M
psp:osoba:2689,2689,Karol Martinka,karol martinka,Karol,Martinka,M
psp:osoba:2690,2690,Ludmila Martinková,ludmila martinkova,Ludmila,Martinková,F
psp:osoba:2691,2691,Alena Martínková,alena martinkova,Alena,Martínková,F
psp:osoba:2692,2692,Ivan Marton,ivan marton,Ivan,Marton,M
psp:osoba:2693,2693,Josef Marušák,josef marusak,Josef,Marušák,M
psp:osoba:2694,2694,Ivan Marušinec,ivan marusinec,Ivan,Marušinec,M
psp:osoba:2695,2695,Jiří Maryška,jiri maryska,Jiří,Maryška,M
psp:osoba:2696,2696,Alice Masaryková,alice masarykova,Alice,Masaryková,F
psp:osoba:2697,2697,František Mašata,frantisek masata,František,Mašata,M
psp:osoba:2698,2698,Milada Mašatová,milada masatova,Milada,Mašatová,F
psp:osoba:2699,2699,František Mašek,frantisek masek,František,Mašek,M
psp:osoba:2700,2700,Jaromír Mašek,jaromir masek,Jaromír,Mašek,M
psp:osoba:2701,2701,Jaroslav Mašek,jaroslav masek,Jaroslav,Mašek,M
psp:osoba:2702,2702,Josef Mašek,josef masek,Josef,Mašek,M
psp:osoba:2703,2703,Pavel Mašek,pavel masek,Pavel,Mašek,M
psp:osoba:2704,2704,Zdeněk Masopust,zdenek masopust,Zdeněk,Masopust,M
psp:osoba:2705,2705,Imrich Matej,imrich matej,Imrich,Matej,M
psp:osoba:2706,2706,Jozef Matějička,jozef matejicka,Jozef,Matějička,M
psp:osoba:2707,2707,František Matějka,frantisek matejka,František,Matějka,M
psp:osoba:2708,2708,Josef Matějka,josef matejka,Josef,Matějka,M
psp:osoba:2709,2709,Ladislav Matějka,ladislav matejka,Ladislav,Matějka,M
psp:osoba:2710,2710,Miloš Matějka,milos matejka,Miloš,Matějka,M
psp:osoba:2711,2711,Anna Matějková,anna matejkova,Anna,Matějková,F
psp:osoba:2712,2712,Marie Matějková,marie matejkova,Marie,Matějková,F
psp:osoba:2713,2713,Vlasta Matějková,vlasta matejkova,Vlasta,Matějková,F
psp:osoba:2714,2714,Petr Materna,petr materna,Petr,Materna,M
psp:osoba:2715,2715,Igor Máthé,igor mathe,Igor,Máthé,M
psp:osoba:2716,2716,Ján Matík,jan matik,Ján,Matík,M
psp:osoba:2717,2717,Gabriela Matisová,gabriela matisova,Gabriela,Matisová,F
psp:osoba:2718,2718,Jan Mátl,jan matl,Jan,Mátl,M
psp:osoba:2719,2719,Soňa Matochová,sona matochova,Soňa,Matochová,F
psp:osoba:2720,2720,František Matoušek,frantisek matousek,František,Matoušek,M
psp:osoba:2721,2721,Jaroslav Matoušek,jaroslav matousek,Jaroslav,Matoušek,M
psp:osoba:2722,2722,Josef Matoušek,josef matousek,Josef,Matoušek,M
psp:osoba:2723,2723,Valentin Matrka,valentin matrka,Valentin,Matrka,M
psp:osoba:2724,2724,Pavol Mattoš,pavol mattos,Pavol,Mattoš,M
psp:osoba:2725,2725,Jaroslav Mattuš,jaroslav mattus,Jaroslav,Mattuš,M
psp:osoba:2726,2726,Anna Matuchová,anna matuchova,Anna,Matuchová,F
psp:osoba:2727,2727,Vladimír Matula,vladimir matula,Vladimír,Matula,M
psp:osoba:2728,2728,Jaromír Matušek,jaromir matusek,Jaromír,Matušek,M
psp:osoba:2729,2729,Alexander Matuška,alexander matuska,Alexander,Matuška,M
psp:osoba:2730,2730,Jaroslav Matyáš,jaroslav matyas,Jaroslav,Matyáš,M
psp:osoba:2731,2731,Jindřich Matyáš,jindrich matyas,Jindřich,Matyáš,M
psp:osoba:2732,2732,Mirko Matyáš,mirko matyas,Mirko,Matyáš,M
psp:osoba:2733,2733,František Matýsek,frantisek matysek,František,Matýsek,M
psp:osoba:2734,2734,Adéla Matýsková,adela matyskova,Adéla,Matýsková,F
psp:osoba:2735,2735,Anna Matysová,anna matysova,Anna,Matysová,F
psp:osoba:2736,2736,Franz Matzner,franz matzner,Franz,Matzner,M
psp:osoba:2737,2737,Július Maurer,julius maurer,Július,Maurer,M
psp:osoba:2738,2738,Prokop Maxa,prokop maxa,Prokop,Maxa,M
psp:osoba:2739,2739,Jan Maxian,jan maxian,Jan,Maxian,M
psp:osoba:2740,2740,Franz May,franz may,Franz,May,M
psp:osoba:2741,2741,Josef Mayer,josef mayer,Josef,Mayer,M
psp:osoba:2742,2742,Samu Mayer,samu mayer,Samu,Mayer,M
psp:osoba:2743,2743,Robert Mayr-Harting,robert mayr-harting,Robert,Mayr-Harting,M
psp:osoba:2744,2744,Antonín Mazálek,antonin mazalek,Antonín,Mazálek,M
psp:osoba:2745,2745,Gustav Mazanec,gustav mazanec,Gustav,Mazanec,M
psp:osoba:2746,2746,Ján Mazúr,jan mazur,Ján,Mazúr,M
psp:osoba:2747,2747,Vladimír Mečiar,vladimir meciar,Vladimír,Mečiar,M
psp:osoba:2748,2748,Karel Mečíř,karel mecir,Karel,Mečíř,M
psp:osoba:2749,2749,Josef Mečl,josef mecl,Josef,Mečl,M
psp:osoba:2750,2750,Gejza Mede,gejza mede,Gejza,Mede,M
psp:osoba:2751,2751,Karol Mederlý,karol mederly,Karol,Mederlý,M
psp:osoba:2752,2752,Wilhelm Medinger,wilhelm medinger,Wilhelm,Medinger,M
psp:osoba:2753,2753,Jiří Medřický,jiri medricky,Jiří,Medřický,M
psp:osoba:2754,2754,Karol Medvecký,karol medvecky,Karol,Medvecký,M
psp:osoba:2755,2755,Ludevít Medvecký,ludevit medvecky,Ludevít,Medvecký,M
psp:osoba:2756,2756,Richard Měhýž,richard mehyz,Richard,Měhýž,M
psp:osoba:2757,2757,Jan Měchura,jan mechura,Jan,Měchura,M
psp:osoba:2758,2758,Josef Meier,josef meier,Josef,Meier,M
psp:osoba:2759,2759,Alfréd Meissner,alfred meissner,Alfréd,Meissner,M
psp:osoba:2760,2760,František Meixner,frantisek meixner,František,Meixner,M
psp:osoba:2761,2761,Karol Melocík,karol melocik,Karol,Melocík,M
psp:osoba:2762,2762,Marie Meluzínová,marie meluzinova,Marie,Meluzínová,F
psp:osoba:2763,2763,Štefan Meňhár,stefan menhar,Štefan,Meňhár,M
psp:osoba:2764,2764,Pavel Měrák,pavel merak,Pavel,Měrák,M
psp:osoba:2765,2765,Peter Mercell,peter mercell,Peter,Mercell,M
psp:osoba:2766,2766,Václav Měřička,vaclav mericka,Václav,Měřička,M
psp:osoba:2767,2767,Rudolf Merta,rudolf merta,Rudolf,Merta,M
psp:osoba:2768,2768,Juraj Mesík,juraj mesik,Juraj,Mesík,M
psp:osoba:2769,2769,Karel Mestek,karel mestek,Karel,Mestek,M
psp:osoba:2770,2770,Ľudovít Meszáros,ludovit meszaros,Ľudovít,Meszáros,M
psp:osoba:2771,2771,Irena Mészárosová,irena meszarosova,Irena,Mészárosová,F
psp:osoba:2772,2772,Blažena Mészárošová,blazena meszarosova,Blažena,Mészárošová,F
psp:osoba:2773,2773,Jindřich Metelka,jindrich metelka,Jindřich,Metelka,M
psp:osoba:2774,2774,Josef Mevald,josef mevald,Josef,Mevald,M
psp:osoba:2775,2775,Jaroslav Mezník,jaroslav meznik,Jaroslav,Mezník,M
psp:osoba:2776,2776,Pavel Mezník,pavel meznik,Pavel,Mezník,M
psp:osoba:2777,2777,Viléma Mičanová,vilema micanova,Viléma,Mičanová,F
psp:osoba:2778,2778,Igor Mičieta,igor micieta,Igor,Mičieta,M
psp:osoba:2779,2779,Alžběta Mičinová,alzbeta micinova,Alžběta,Mičinová,F
psp:osoba:2780,2780,Emanuel Mička,emanuel micka,Emanuel,Mička,M
psp:osoba:2781,2781,Josef Míčka,josef micka,Josef,Míčka,M
psp:osoba:2782,2782,Vasil Micovčin,vasil micovcin,Vasil,Micovčin,M
psp:osoba:2783,2783,Martin Mičura,martin micura,Martin,Mičura,M
psp:osoba:2784,2784,Marie Migotová,marie migotova,Marie,Migotová,F
psp:osoba:2785,2785,Marcel Mihalik,marcel mihalik,Marcel,Mihalik,M
psp:osoba:2786,2786,Ján Mihálik,jan mihalik,Ján,Mihálik,M
psp:osoba:2787,2787,Jozef Mihálik,jozef mihalik,Jozef,Mihálik,M
psp:osoba:2788,2788,Vojtech Mihálik,vojtech mihalik,Vojtech,Mihálik,M
psp:osoba:2789,2789,Molnár Mihályi,molnar mihalyi,Molnár,Mihályi,M
psp:osoba:2790,2790,Miroslav Michalec,miroslav michalec,Miroslav,Michalec,M
psp:osoba:2791,2791,Václav Michalec,vaclav michalec,Václav,Michalec,M
psp:osoba:2792,2792,František Michálek,frantisek michalek,František,Michálek,M
psp:osoba:2793,2793,Přemysl Michálek,premysl michalek,Přemysl,Michálek,M
psp:osoba:2794,2794,Gabriel Michalič,gabriel michalic,Gabriel,Michalič,M
psp:osoba:2795,2795,Augustin Michalička,augustin michalicka,Augustin,Michalička,M
psp:osoba:2796,2796,Dezider Michalík,dezider michalik,Dezider,Michalík,M
psp:osoba:2797,2797,Jan Michalka,jan michalka,Jan,Michalka,M
psp:osoba:2798,2798,Štefánia Michalková,stefania michalkova,Štefánia,Michalková,F
psp:osoba:2799,2799,Karel Michalski,karel michalski,Karel,Michalski,M
psp:osoba:2800,2800,František Michele,frantisek michele,František,Michele,M
psp:osoba:2801,2801,Hana Michlová,hana michlova,Hana,Michlová,F
psp:osoba:2802,2802,Zdeněk Míka,zdenek mika,Zdeněk,Míka,M
psp:osoba:2803,2803,Vladimír Mikan,vladimir mikan,Vladimír,Mikan,M
psp:osoba:2804,2804,Jan Mikeska,jan mikeska,Jan,Mikeska,M
psp:osoba:2805,2805,Vincenc Mikle,vincenc mikle,Vincenc,Mikle,M
psp:osoba:2806,2806,István Miklós,istvan miklos,István,Miklós,M
psp:osoba:2807,2807,Jozef Mikloško,jozef miklosko,Jozef,Mikloško,M
psp:osoba:2808,2808,Zuzana Mikošová,zuzana mikosova,Zuzana,Mikošová,F
psp:osoba:2809,2809,Alena Miková,alena mikova,Alena,Miková,F
psp:osoba:2810,2810,Marie Miková,marie mikova,Marie,Miková,F
psp:osoba:2811,2811,Anna Míková,anna mikova,Anna,Míková,F
psp:osoba:2812,2812,Martin Mikuláš,martin mikulas,Martin,Mikuláš,M
psp:osoba:2813,2813,Václav Mikuláš,vaclav mikulas,Václav,Mikuláš,M
psp:osoba:2814,2814,Stanislav Mikulášek,stanislav mikulasek,Stanislav,Mikulášek,M
psp:osoba:2815,2815,Vladimír Mikule,vladimir mikule,Vladimír,Mikule,M
psp:osoba:2816,2816,Jan Mikulecký,jan mikulecky,Jan,Mikulecký,M
psp:osoba:2817,2817,Vítězslav Mikulíček,vitezslav mikulicek,Vítězslav,Mikulíček,M
psp:osoba:2818,2818,Oldřiška Mikundová,oldriska mikundova,Oldřiška,Mikundová,F
psp:osoba:2819,2819,Josef Miler,josef miler,Josef,Miler,M
psp:osoba:2820,2820,Petr Miller,petr miller,Petr,Miller,M
psp:osoba:2821,2821,Vladimír Mináč,vladimir minac,Vladimír,Mináč,M
psp:osoba:2822,2822,Štefan Minárik,stefan minarik,Štefan,Minárik,M
psp:osoba:2823,2823,Anna Minárová,anna minarova,Anna,Minárová,F
psp:osoba:2824,2824,Jozef Minďaš,jozef mindas,Jozef,Minďaš,M
psp:osoba:2825,2825,Jozef Minďáš,jozef mindas,Jozef,Minďáš,M
psp:osoba:2826,2826,Michal Mindoš,michal mindos,Michal,Mindoš,M
psp:osoba:2827,2827,Július Minka,julius minka,Július,Minka,M
psp:osoba:2828,2828,František Mišeje,frantisek miseje,František,Mišeje,M
psp:osoba:2829,2829,Vladimír Mišík,vladimir misik,Vladimír,Mišík,M
psp:osoba:2830,2830,Jaroslav Miska,jaroslav miska,Jaroslav,Miska,M
psp:osoba:2831,2831,Jaroslava Míšková,jaroslava miskova,Jaroslava,Míšková,F
psp:osoba:2832,2832,Jozef Mišura,jozef misura,Jozef,Mišura,M
psp:osoba:2833,2833,Ludvík Mítek,ludvik mitek,Ludvík,Mítek,M
psp:osoba:2834,2834,Eva Mitrová,eva mitrova,Eva,Mitrová,F
psp:osoba:2835,2835,Jan Mitrovčák,jan mitrovcak,Jan,Mitrovčák,M
psp:osoba:2836,2836,Pavol Mitter,pavol mitter,Pavol,Mitter,M
psp:osoba:2837,2837,Josef Mixán,josef mixan,Josef,Mixán,M
psp:osoba:2838,2838,Ivan Mjartan,ivan mjartan,Ivan,Mjartan,M
psp:osoba:2839,2839,Jozef Mjartan,jozef mjartan,Jozef,Mjartan,M
psp:osoba:2840,2840,Jaroslav Mlčák,jaroslav mlcak,Jaroslav,Mlčák,M
psp:osoba:2841,2841,František Mlčoch,frantisek mlcoch,František,Mlčoch,M
psp:osoba:2842,2842,Rudolf Mlčoch,rudolf mlcoch,Rudolf,Mlčoch,M
psp:osoba:2843,2843,Augustín Mľkvy,augustin mlkvy,Augustín,Mľkvy,M
psp:osoba:2844,2844,Štefan Mlynár,stefan mlynar,Štefan,Mlynár,M
psp:osoba:2845,2845,Ján Mlynárik,jan mlynarik,Ján,Mlynárik,M
psp:osoba:2846,2846,Miroslav Moc,miroslav moc,Miroslav,Moc,M
psp:osoba:2847,2847,Ján Mockovčiak,jan mockovciak,Ján,Mockovčiak,M
psp:osoba:2848,2848,František Modráček,frantisek modracek,František,Modráček,M
psp:osoba:2849,2849,Vasil Mohorita,vasil mohorita,Vasil,Mohorita,M
psp:osoba:2850,2850,František Mojto,frantisek mojto,František,Mojto,M
psp:osoba:2851,2851,Alena Mokošínová,alena mokosinova,Alena,Mokošínová,F
psp:osoba:2852,2852,Žofia Mokošová,zofia mokosova,Žofia,Mokošová,F
psp:osoba:2853,2853,Bedřich Moldan,bedrich moldan,Bedřich,Moldan,M
psp:osoba:2854,2854,František Molík,frantisek molik,František,Molík,M
psp:osoba:2855,2855,Juraj Molnár,juraj molnar,Juraj,Molnár,M
psp:osoba:2856,2856,Ladislav Molnár,ladislav molnar,Ladislav,Molnár,M
psp:osoba:2857,2857,Alena Molnárová,alena molnarova,Alena,Molnárová,F
psp:osoba:2858,2858,Paulína Molnárová,paulina molnarova,Paulína,Molnárová,F
psp:osoba:2859,2859,Jana Moltašová,jana moltasova,Jana,Moltašová,F
psp:osoba:2860,2860,Erich Monczka,erich monczka,Erich,Monczka,M
psp:osoba:2861,2861,Ivan Mondok,ivan mondok,Ivan,Mondok,M
psp:osoba:2862,2862,Jozef Moravčík,jozef moravcik,Jozef,Moravčík,M
psp:osoba:2863,2863,Vladimír Moravčík,vladimir moravcik,Vladimír,Moravčík,M
psp:osoba:2864,2864,Irena Moravčíková,irena moravcikova,Irena,Moravčíková,F
psp:osoba:2865,2865,František Moravec,frantisek moravec,František,Moravec,M
psp:osoba:2866,2866,Jan Moravec,jan moravec,Jan,Moravec,M
psp:osoba:2867,2867,Cyril Morávek,cyril moravek,Cyril,Morávek,M
psp:osoba:2868,2868,Rudolf Morávek,rudolf moravek,Rudolf,Morávek,M
psp:osoba:2869,2869,Víťazoslav Moric,vitazoslav moric,Víťazoslav,Moric,M
psp:osoba:2870,2870,Peter Mornár,peter mornar,Peter,Mornár,M
psp:osoba:2871,2871,Ján Morovič,jan morovic,Ján,Morovič,M
psp:osoba:2872,2872,Jaroslava Moserová,jaroslava moserova,Jaroslava,Moserová,F
psp:osoba:2873,2873,Václav Moskal,vaclav moskal,Václav,Moskal,M
psp:osoba:2874,2874,Anna Motejlová,anna motejlova,Anna,Motejlová,F
psp:osoba:2875,2875,Václav Motlík,vaclav motlik,Václav,Motlík,M
psp:osoba:2876,2876,Danuše Mottlová,danuse mottlova,Danuše,Mottlová,F
psp:osoba:2877,2877,Jaroslav Motyčka,jaroslav motycka,Jaroslav,Motyčka,M
psp:osoba:2878,2878,František Motýľ,frantisek motyl,František,Motýľ,M
psp:osoba:2879,2879,Karel Moudrý,karel moudry,Karel,Moudrý,M
psp:osoba:2880,2880,Viera Mouralová-Úlehlová,viera mouralova-ulehlova,Viera,Mouralová-Úlehlová,F
psp:osoba:2881,2881,Pavel Mozga,pavel mozga,Pavel,Mozga,M
psp:osoba:2882,2882,Jaroslav Mráček,jaroslav mracek,Jaroslav,Mráček,M
psp:osoba:2883,2883,Karel Mráček,karel mracek,Karel,Mráček,M
psp:osoba:2884,2884,Ján Mravec,jan mravec,Ján,Mravec,M
psp:osoba:2885,2885,Ladislav Mravec,ladislav mravec,Ladislav,Mravec,M
psp:osoba:2886,2886,František Mráz,frantisek mraz,František,Mráz,M
psp:osoba:2887,2887,Ladislav Mráz,ladislav mraz,Ladislav,Mráz,M
psp:osoba:2888,2888,Milan Mráz,milan mraz,Milan,Mráz,M
psp:osoba:2889,2889,Karel Mrázek,karel mrazek,Karel,Mrázek,M
psp:osoba:2890,2890,Miroslav Mrázek,miroslav mrazek,Miroslav,Mrázek,M
psp:osoba:2891,2891,Ján Mrázik,jan mrazik,Ján,Mrázik,M
psp:osoba:2892,2892,Štefan Mrázik,stefan mrazik,Štefan,Mrázik,M
psp:osoba:2893,2893,Anna Mrskošová,anna mrskosova,Anna,Mrskošová,F
psp:osoba:2894,2894,Irena Mrvová,irena mrvova,Irena,Mrvová,F
psp:osoba:2895,2895,Michal Múdry-Šebík,michal mudry-sebik,Michal,Múdry-Šebík,M
psp:osoba:2896,2896,Aleš Mucha,ales mucha,Aleš,Mucha,M
psp:osoba:2897,2897,Heinrich Müller,heinrich muller,Heinrich,Müller,M
psp:osoba:2898,2898,Jiří Müller,jiri muller,Jiří,Müller,M
psp:osoba:2899,2899,Rudolf Müller,rudolf muller,Rudolf,Müller,M
psp:osoba:2900,2900,Marie Müllerová,marie mullerova,Marie,Müllerová,F
psp:osoba:2901,2901,Alois Můňa,alois muna,Alois,Můňa,M
psp:osoba:2902,2902,Pavel Muraško,pavel murasko,Pavel,Muraško,M
psp:osoba:2903,2903,Jozef Murgaš,jozef murgas,Jozef,Murgaš,M
psp:osoba:2904,2904,Ján Murin,jan murin,Ján,Murin,M
psp:osoba:2905,2905,Jan Muroň,jan muron,Jan,Muroň,M
psp:osoba:2906,2906,Anton Muržic,anton murzic,Anton,Muržic,M
psp:osoba:2907,2907,Anton Muržič,anton murzic,Anton,Muržič,M
psp:osoba:2908,2908,Jan Mušal,jan musal,Jan,Mušal,M
psp:osoba:2909,2909,František Musil,frantisek musil,František,Musil,M
psp:osoba:2910,2910,Josef Musil,josef musil,Josef,Musil,M
psp:osoba:2911,2911,Oldřich Musil,oldrich musil,Oldřich,Musil,M
psp:osoba:2912,2912,Jiří Musílek,jiri musilek,Jiří,Musílek,M
psp:osoba:2913,2913,Milan Muška,milan muska,Milan,Muška,M
psp:osoba:2914,2914,Ivan Mynář,ivan mynar,Ivan,Mynář,M
psp:osoba:2915,2915,Václav Myška,vaclav myska,Václav,Myška,M
psp:osoba:2916,2916,Václav Myslivec,vaclav myslivec,Václav,Myslivec,M
psp:osoba:2917,2917,Karel Nádhera,karel nadhera,Karel,Nádhera,M
psp:osoba:2918,2918,Robert Nádvorník,robert nadvornik,Robert,Nádvorník,M
psp:osoba:2919,2919,Josef Nágr,josef nagr,Josef,Nágr,M
psp:osoba:2920,2920,Gyula Nagy,gyula nagy,Gyula,Nagy,M
psp:osoba:2921,2921,Július Nagy,julius nagy,Július,Nagy,M
psp:osoba:2922,2922,Jiří Najbrt,jiri najbrt,Jiří,Najbrt,M
psp:osoba:2923,2923,Otakar Nájemník,otakar najemnik,Otakar,Nájemník,M
psp:osoba:2924,2924,Josef Václav Najman,josef vaclav najman,Josef Václav,Najman,M
psp:osoba:2925,2925,Josef Náprstek,josef naprstek,Josef,Náprstek,M
psp:osoba:2926,2926,Marie Návorková,marie navorkova,Marie,Návorková,F
psp:osoba:2927,2927,Michal Navračič,michal navracic,Michal,Navračič,M
psp:osoba:2928,2928,Antonín Navrátil,antonin navratil,Antonín,Navrátil,M
psp:osoba:2929,2929,František Navrátil,frantisek navratil,František,Navrátil,M
psp:osoba:2930,2930,Gustav Navrátil,gustav navratil,Gustav,Navrátil,M
psp:osoba:2931,2931,Jaroslav Navrátil,jaroslav navratil,Jaroslav,Navrátil,M
psp:osoba:2932,2932,Hana Návratová,hana navratova,Hana,Návratová,F
psp:osoba:2933,2933,Marta Nazari-Buřivalová,marta nazari-burivalova,Marta,Nazari-Buřivalová,F
psp:osoba:2934,2934,Jaromír Nečas,jaromir necas,Jaromír,Nečas,M
psp:osoba:2935,2935,Lubomír Nedbálek,lubomir nedbalek,Lubomír,Nedbálek,M
psp:osoba:2936,2936,Jan Nedělka,jan nedelka,Jan,Nedělka,M
psp:osoba:2937,2937,Josef Nedoma,josef nedoma,Josef,Nedoma,M
psp:osoba:2938,2938,Vladimír Nedvěd,vladimir nedved,Vladimír,Nedvěd,M
psp:osoba:2939,2939,Josef Nehyba,josef nehyba,Josef,Nehyba,M
psp:osoba:2940,2940,Anna Nechybová,anna nechybova,Anna,Nechybová,F
psp:osoba:2941,2941,Zdeněk Nejedlý,zdenek nejedly,Zdeněk,Nejedlý,M
psp:osoba:2942,2942,Richard Nejezchleb,richard nejezchleb,Richard,Nejezchleb,M
psp:osoba:2943,2943,Otakar Nekvasil,otakar nekvasil,Otakar,Nekvasil,M
psp:osoba:2944,2944,Helena Nemccsková,helena nemccskova,Helena,Nemccsková,F
psp:osoba:2945,2945,Ján Nemček,jan nemcek,Ján,Nemček,M
psp:osoba:2946,2946,Veronika Nemcová,veronika nemcova,Veronika,Nemcová,F
psp:osoba:2947,2947,Dana Němcová,dana nemcova,Dana,Němcová,F
psp:osoba:2948,2948,Helena Němcová,helena nemcova,Helena,Němcová,F
psp:osoba:2949,2949,Miroslava Němcová,miroslava nemcova,Miroslava,Němcová,F
psp:osoba:2950,2950,Helena Nemcsková,helena nemcskova,Helena,Nemcsková,F
psp:osoba:2951,2951,Anton Nemec,anton nemec,Anton,Nemec,M
psp:osoba:2952,2952,Rudolf Nemec,rudolf nemec,Rudolf,Nemec,M
psp:osoba:2953,2953,Adolf Němec,adolf nemec,Adolf,Němec,M
psp:osoba:2954,2954,Antonín Němec,antonin nemec,Antonín,Němec,M
psp:osoba:2955,2955,Bohumil Němec,bohumil nemec,Bohumil,Němec,M
psp:osoba:2956,2956,František Němec,frantisek nemec,František,Němec,M
psp:osoba:2957,2957,František Němec,frantisek nemec,František,Němec,M
psp:osoba:2958,2958,Franz Nemetz,franz nemetz,Franz,Nemetz,M
psp:osoba:2960,2960,Jan Němec,jan nemec,Jan,Němec,M
psp:osoba:2961,2961,Jiří Němec,jiri nemec,Jiří,Němec,M
psp:osoba:2962,2962,Josef Němec,josef nemec,Josef,Němec,M
psp:osoba:2963,2963,Ladislav Němec,ladislav nemec,Ladislav,Němec,M
psp:osoba:2964,2964,Miroslav Němec,miroslav nemec,Miroslav,Němec,M
psp:osoba:2965,2965,Rudolf Němeček,rudolf nemecek,Rudolf,Němeček,M
psp:osoba:2966,2966,Václav Němeček,vaclav nemecek,Václav,Němeček,M
psp:osoba:2967,2967,Ladislav Németh,ladislav nemeth,Ladislav,Németh,M
psp:osoba:2968,2968,Pavol Németh,pavol nemeth,Pavol,Németh,M
psp:osoba:2969,2969,Zsuzsa Némethová,zsuzsa nemethova,Zsuzsa,Némethová,F
psp:osoba:2970,2970,Alfréd Nentwich,alfred nentwich,Alfréd,Nentwich,M
psp:osoba:2971,2971,Josef Nepomucký,josef nepomucky,Josef,Nepomucký,M
psp:osoba:2972,2972,Petr Nepraš,petr nepras,Petr,Nepraš,M
psp:osoba:2973,2973,František Nerad,frantisek nerad,František,Nerad,M
psp:osoba:2974,2974,Jindřich Nermuť,jindrich nermut,Jindřich,Nermuť,M
psp:osoba:2975,2975,Josef Netolický,josef netolicky,Josef,Netolický,M
psp:osoba:2976,2976,Milada Netušilová,milada netusilova,Milada,Netušilová,F
psp:osoba:2977,2977,Jiří Neubert,jiri neubert,Jiří,Neubert,M
psp:osoba:2978,2978,Karel Neubert,karel neubert,Karel,Neubert,M
psp:osoba:2979,2979,Alois Neuman,alois neuman,Alois,Neuman,M
psp:osoba:2980,2980,Jan Neumann,jan neumann,Jan,Neumann,M
psp:osoba:2981,2981,Stanislav Neumann,stanislav neumann,Stanislav,Neumann,M
psp:osoba:2982,2982,František Neumeister,frantisek neumeister,František,Neumeister,M
psp:osoba:2983,2983,Alois Neurath,alois neurath,Alois,Neurath,M
psp:osoba:2984,2984,Hans Neuwirth,hans neuwirth,Hans,Neuwirth,M
psp:osoba:2985,2985,Josef Nezhyba,josef nezhyba,Josef,Nezhyba,M
psp:osoba:2986,2986,Jan Nezval,jan nezval,Jan,Nezval,M
psp:osoba:2987,2987,Jaroslav Niče,jaroslav nice,Jaroslav,Niče,M
psp:osoba:2988,2988,Arthur Nickel,arthur nickel,Arthur,Nickel,M
psp:osoba:2989,2989,Paul Nickerl,paul nickerl,Paul,Nickerl,M
psp:osoba:2990,2990,Jan Niederle,jan niederle,Jan,Niederle,M
psp:osoba:2991,2991,Vladislav Niedoba,vladislav niedoba,Vladislav,Niedoba,M
psp:osoba:2992,2992,Hildegarda Niedobová,hildegarda niedobova,Hildegarda,Niedobová,F
psp:osoba:2993,2993,Mikuláš Nikman,mikulas nikman,Mikuláš,Nikman,M
psp:osoba:2994,2994,Václav Nikodém,vaclav nikodem,Václav,Nikodém,M
psp:osoba:2995,2995,Andor Nitsch,andor nitsch,Andor,Nitsch,M
psp:osoba:2996,2996,Franz Nitsch,franz nitsch,Franz,Nitsch,M
psp:osoba:2997,2997,Štefan Nižňanský,stefan niznansky,Štefan,Nižňanský,M
psp:osoba:2998,2998,Jan Nohel,jan nohel,Jan,Nohel,M
psp:osoba:2999,2999,F. Pravoslav Nosek,f. pravoslav nosek,F. Pravoslav,Nosek,M
psp:osoba:3000,3000,František Nosek,frantisek nosek,František,Nosek,M
psp:osoba:3001,3001,Václav Nosek,vaclav nosek,Václav,Nosek,M
psp:osoba:3002,3002,Zdenko Nováček,zdenko novacek,Zdenko,Nováček,M
psp:osoba:3003,3003,Antonín Novák,antonin novak,Antonín,Novák,M
psp:osoba:3004,3004,František Novák,frantisek novak,František,Novák,M
psp:osoba:3005,3005,František Novák,frantisek novak,František,Novák,M
psp:osoba:3006,3006,František Novák,frantisek novak,František,Novák,M
psp:osoba:3007,3007,Ivo Novák,ivo novak,Ivo,Novák,M
psp:osoba:3008,3008,Ján Novák,jan novak,Ján,Novák,M
psp:osoba:3009,3009,Jaroslav Novák,jaroslav novak,Jaroslav,Novák,M
psp:osoba:3010,3010,Josef Novák,josef novak,Josef,Novák,M
psp:osoba:3011,3011,Josef Novák,josef novak,Josef,Novák,M
psp:osoba:3012,3012,Josef Novák,josef novak,Josef,Novák,M
psp:osoba:3013,3013,Josef Novák,josef novak,Josef,Novák,M
psp:osoba:3014,3014,Karel Novák,karel novak,Karel,Novák,M
psp:osoba:3015,3015,Ladislav Novák,ladislav novak,Ladislav,Novák,M
psp:osoba:3016,3016,Pavel Novák,pavel novak,Pavel,Novák,M
psp:osoba:3017,3017,Stanislav Novák,stanislav novak,Stanislav,Novák,M
psp:osoba:3018,3018,Marie Nováková,marie novakova,Marie,Nováková,F
psp:osoba:3019,3019,Vojtech Novitzký,vojtech novitzky,Vojtech,Novitzký,M
psp:osoba:3020,3020,Ladislav Novomeský,ladislav novomesky,Ladislav,Novomeský,M
psp:osoba:3021,3021,Karel Novosád,karel novosad,Karel,Novosád,M
psp:osoba:3022,3022,Antonín Novotný,antonin novotny,Antonín,Novotný,M
psp:osoba:3023,3023,František Novotný,frantisek novotny,František,Novotný,M
psp:osoba:3024,3024,František Novotný,frantisek novotny,František,Novotný,M
psp:osoba:3025,3025,Ivo Novotný,ivo novotny,Ivo,Novotný,M
psp:osoba:3026,3026,Jan Novotný,jan novotny,Jan,Novotný,M
psp:osoba:3027,3027,Jan Novotný,jan novotny,Jan,Novotný,M
psp:osoba:3028,3028,Jan Novotný,jan novotny,Jan,Novotný,M
psp:osoba:3029,3029,Josef Novotný,josef novotny,Josef,Novotný,M
psp:osoba:3030,3030,Karel Novotný,karel novotny,Karel,Novotný,M
psp:osoba:3031,3031,Ludvík Novotný,ludvik novotny,Ludvík,Novotný,M
psp:osoba:3032,3032,Miroslav Novotný,miroslav novotny,Miroslav,Novotný,M
psp:osoba:3033,3033,Otakar Novotný,otakar novotny,Otakar,Novotný,M
psp:osoba:3034,3034,Přemysl Novotný,premysl novotny,Přemysl,Novotný,M
psp:osoba:3035,3035,Václav Novotný,vaclav novotny,Václav,Novotný,M
psp:osoba:3036,3036,František Nový,frantisek novy,František,Nový,M
psp:osoba:3037,3037,Jiří Nový,jiri novy,Jiří,Nový,M
psp:osoba:3038,3038,Václav Nový,vaclav novy,Václav,Nový,M
psp:osoba:3039,3039,Vilém Nový,vilem novy,Vilém,Nový,M
psp:osoba:3040,3040,Vladislav Nový,vladislav novy,Vladislav,Nový,M
psp:osoba:3041,3041,Josef Nowara,josef nowara,Josef,Nowara,M
psp:osoba:3042,3042,Marie Nyplová,marie nyplova,Marie,Nyplová,F
psp:osoba:3043,3043,Gustav Obrlik,gustav obrlik,Gustav,Obrlik,M
psp:osoba:3044,3044,Jozefína Obšitníková,jozefina obsitnikova,Jozefína,Obšitníková,F
psp:osoba:3045,3045,Marta Obuchová,marta obuchova,Marta,Obuchová,F
psp:osoba:3046,3046,Margita Obžerová,margita obzerova,Margita,Obžerová,F
psp:osoba:3047,3047,Jaromír Obzina,jaromir obzina,Jaromír,Obzina,M
psp:osoba:3048,3048,Antonín Očenášek,antonin ocenasek,Antonín,Očenášek,M
psp:osoba:3049,3049,Fritz Oehlinger,fritz oehlinger,Fritz,Oehlinger,M
psp:osoba:3050,3050,Ludovít Okánik,ludovit okanik,Ludovít,Okánik,M
psp:osoba:3051,3051,František Okleštěk,frantisek oklestek,František,Okleštěk,M
psp:osoba:3052,3052,Josef Oktávec,josef oktavec,Josef,Oktávec,M
psp:osoba:3053,3053,Elena Olahová,elena olahova,Elena,Olahová,F
psp:osoba:3054,3054,Ivan Olbracht,ivan olbracht,Ivan,Olbracht,M
psp:osoba:3055,3055,František Oldřich,frantisek oldrich,František,Oldřich,M
psp:osoba:3056,3056,Jozef Olej,jozef olej,Jozef,Olej,M
psp:osoba:3057,3057,Ján Oliva,jan oliva,Ján,Oliva,M
psp:osoba:3058,3058,Josef Oliva,josef oliva,Josef,Oliva,M
psp:osoba:3059,3059,Alois Olšan,alois olsan,Alois,Olšan,M
psp:osoba:3060,3060,Bohuslav Olšan,bohuslav olsan,Bohuslav,Olšan,M
psp:osoba:3061,3061,Štefan Onderčo,stefan onderco,Štefan,Onderčo,M
psp:osoba:3062,3062,Zdeněk Onderek,zdenek onderek,Zdeněk,Onderek,M
psp:osoba:3063,3063,Jan Onderka,jan onderka,Jan,Onderka,M
psp:osoba:3064,3064,Anton Ondrejkovič,anton ondrejkovic,Anton,Ondrejkovič,M
psp:osoba:3065,3065,František Ondřich,frantisek ondrich,František,Ondřich,M
psp:osoba:3066,3066,Michal Ondruš,michal ondrus,Michal,Ondruš,M
psp:osoba:3067,3067,Štefan Ondrušek,stefan ondrusek,Štefan,Ondrušek,M
psp:osoba:3068,3068,Štefan Opálek,stefan opalek,Štefan,Opálek,M
psp:osoba:3069,3069,Jana Opatrná,jana opatrna,Jana,Opatrná,F
psp:osoba:3070,3070,Oldřich Opletal,oldrich opletal,Oldřich,Opletal,M
psp:osoba:3071,3071,Tomáš Oravec,tomas oravec,Tomáš,Oravec,M
psp:osoba:3072,3072,Imrich Oravecz,imrich oravecz,Imrich,Oravecz,M
psp:osoba:3073,3073,Peter Orban,peter orban,Peter,Orban,M
psp:osoba:3074,3074,Josef Orel,josef orel,Josef,Orel,M
psp:osoba:3075,3075,Martin Oríšek,martin orisek,Martin,Oríšek,M
psp:osoba:3076,3076,Ladislav Orosz,ladislav orosz,Ladislav,Orosz,M
psp:osoba:3077,3077,František Ostrý,frantisek ostry,František,Ostrý,M
psp:osoba:3078,3078,Jozef Osúch,jozef osuch,Jozef,Osúch,M
psp:osoba:3079,3079,Oldřich Otáhal,oldrich otahal,Oldřich,Otáhal,M
psp:osoba:3080,3080,Antonín Otradovec,antonin otradovec,Antonín,Otradovec,M
psp:osoba:3081,3081,Alena Ovčačíková,alena ovcacikova,Alena,Ovčačíková,F
psp:osoba:3082,3082,Václav Pacner,vaclav pacner,Václav,Pacner,M
psp:osoba:3083,3083,Rudolf Pacovský,rudolf pacovsky,Rudolf,Pacovský,M
psp:osoba:3084,3084,Michal Paculík,michal paculik,Michal,Paculík,M
psp:osoba:3085,3085,Michal Padevět,michal padevet,Michal,Padevět,M
psp:osoba:3086,3086,Josef Pajger,josef pajger,Josef,Pajger,M
psp:osoba:3087,3087,Ján Pakán,jan pakan,Ján,Pakán,M
psp:osoba:3088,3088,Josef Palas,josef palas,Josef,Palas,M
psp:osoba:3089,3089,Stanislav Palát,stanislav palat,Stanislav,Palát,M
psp:osoba:3090,3090,Josef Paleček,josef palecek,Josef,Paleček,M
psp:osoba:3091,3091,Rudolf Paleček,rudolf palecek,Rudolf,Paleček,M
psp:osoba:3092,3092,Ivo Palkoska,ivo palkoska,Ivo,Palkoska,M
psp:osoba:3093,3093,Viktor Palkovich,viktor palkovich,Viktor,Palkovich,M
psp:osoba:3094,3094,Franz Pallauf,franz pallauf,Franz,Pallauf,M
psp:osoba:3095,3095,Franz Palme,franz palme,Franz,Palme,M
psp:osoba:3096,3096,Martin Palouš,martin palous,Martin,Palouš,M
psp:osoba:3097,3097,Viola Pálová,viola palova,Viola,Pálová,F
psp:osoba:3098,3098,Milan Paluga,milan paluga,Milan,Paluga,M
psp:osoba:3099,3099,Ján Pampúch,jan pampuch,Ján,Pampúch,M
psp:osoba:3100,3100,Juraj Pancák,juraj pancak,Juraj,Pancák,M
psp:osoba:3101,3101,Júlia Pančurová,julia pancurova,Júlia,Pančurová,F
psp:osoba:3102,3102,Ildikó Pándyová,ildiko pandyova,Ildikó,Pándyová,F
psp:osoba:3103,3103,Václav Pánek,vaclav panek,Václav,Pánek,M
psp:osoba:3104,3104,Stanislav Pánis,stanislav panis,Stanislav,Pánis,M
psp:osoba:3105,3105,Heribert Panster,heribert panster,Heribert,Panster,M
psp:osoba:3106,3106,Josef Papáček,josef papacek,Josef,Papáček,M
psp:osoba:3107,3107,Július Pápai,julius papai,Július,Pápai,M
psp:osoba:3108,3108,Imrich Parák,imrich parak,Imrich,Parák,M
psp:osoba:3109,3109,František Parez,frantisek parez,František,Parez,M
psp:osoba:3110,3110,Lambert Pargáč,lambert pargac,Lambert,Pargáč,M
psp:osoba:3111,3111,Josef Pařil,josef paril,Josef,Pařil,M
psp:osoba:3112,3112,Karel Pařízek,karel parizek,Karel,Pařízek,M
psp:osoba:3113,3113,Karol Parkanský,karol parkansky,Karol,Parkanský,M
psp:osoba:3114,3114,Anna Partišová,anna partisova,Anna,Partišová,F
psp:osoba:3115,3115,Miroslav Paruza,miroslav paruza,Miroslav,Paruza,M
psp:osoba:3116,3116,Václav Pašek,vaclav pasek,Václav,Pašek,M
psp:osoba:3117,3117,Josefa Pásková,josefa paskova,Josefa,Pásková,F
psp:osoba:3118,3118,Jiří Paslawski,jiri paslawski,Jiří,Paslawski,M
psp:osoba:3119,3119,Dušan Passia,dusan passia,Dušan,Passia,M
psp:osoba:3120,3120,Elena Pastorková,elena pastorkova,Elena,Pastorková,F
psp:osoba:3121,3121,Eva Pástorová,eva pastorova,Eva,Pástorová,F
psp:osoba:3122,3122,Josef Pastyřík,josef pastyrik,Josef,Pastyřík,M
psp:osoba:3123,3123,Miroslav Pastyřík,miroslav pastyrik,Miroslav,Pastyřík,M
psp:osoba:3124,3124,Josef Patejdl,josef patejdl,Josef,Patejdl,M
psp:osoba:3125,3125,Marie Patejdlová,marie patejdlova,Marie,Patejdlová,F
psp:osoba:3126,3126,Josef Pátek,josef patek,Josef,Pátek,M
psp:osoba:3127,3127,Vladimír Pátek,vladimir patek,Vladimír,Pátek,M
psp:osoba:3128,3128,Bohumil Patera,bohumil patera,Bohumil,Patera,M
psp:osoba:3129,3129,Anna Paťková,anna patkova,Anna,Paťková,F
psp:osoba:3130,3130,Božena Pátková,bozena patkova,Božena,Pátková,F
psp:osoba:3131,3131,Jaromír Patočka,jaromir patocka,Jaromír,Patočka,M
psp:osoba:3132,3132,Zdeňka Patschová,zdenka patschova,Zdeňka,Patschová,F
psp:osoba:3133,3133,Johann Patzak,johann patzak,Johann,Patzak,M
psp:osoba:3134,3134,Josef Patzel,josef patzel,Josef,Patzel,M
psp:osoba:3135,3135,Jozef Pauko,jozef pauko,Jozef,Pauko,M
psp:osoba:3136,3136,Oldřich Paul,oldrich paul,Oldřich,Paul,M
psp:osoba:3137,3137,Mária Paulechová,maria paulechova,Mária,Paulechová,F
psp:osoba:3138,3138,Ján Paulík,jan paulik,Ján,Paulík,M
psp:osoba:3139,3139,Viliam Paulíny,viliam pauliny,Viliam,Paulíny,M
psp:osoba:3140,3140,Štefan Paulov,stefan paulov,Štefan,Paulov,M
psp:osoba:3141,3141,Alexander Paulovič,alexander paulovic,Alexander,Paulovič,M
psp:osoba:3142,3142,Jan Pauly,jan pauly,Jan,Pauly,M
psp:osoba:3143,3143,Josef Pavel,josef pavel,Josef,Pavel,M
psp:osoba:3144,3144,Josef Pavelka,josef pavelka,Josef,Pavelka,M
psp:osoba:3145,3145,Pavel Pavlačka,pavel pavlacka,Pavel,Pavlačka,M
psp:osoba:3146,3146,Jaroslav Pavlán,jaroslav pavlan,Jaroslav,Pavlán,M
psp:osoba:3147,3147,Petr Pavlán,petr pavlan,Petr,Pavlán,M
psp:osoba:3148,3148,Vojtěch Pavlásek,vojtech pavlasek,Vojtěch,Pavlásek,M
psp:osoba:3149,3149,Viera Pavlechová,viera pavlechova,Viera,Pavlechová,F
psp:osoba:3150,3150,Viktor Pavlenda,viktor pavlenda,Viktor,Pavlenda,M
psp:osoba:3151,3151,Václav Pavlíček,vaclav pavlicek,Václav,Pavlíček,M
psp:osoba:3152,3152,Ján Pavlík,jan pavlik,Ján,Pavlík,M
psp:osoba:3153,3153,Ondrej Pavlík,ondrej pavlik,Ondrej,Pavlík,M
psp:osoba:3154,3154,Vilém Pavlík,vilem pavlik,Vilém,Pavlík,M
psp:osoba:3155,3155,Vratislav Pavlík,vratislav pavlik,Vratislav,Pavlík,M
psp:osoba:3156,3156,Juraj Pavlov,juraj pavlov,Juraj,Pavlov,M
psp:osoba:3157,3157,Alexander Pavlovič,alexander pavlovic,Alexander,Pavlovič,M
psp:osoba:3158,3158,Alexandr Pavlovič,alexandr pavlovic,Alexandr,Pavlovič,M
psp:osoba:3159,3159,Oldřich Pavlovský,oldrich pavlovsky,Oldřich,Pavlovský,M
psp:osoba:3160,3160,Oľga Pavúková,olga pavukova,Oľga,Pavúková,F
psp:osoba:3161,3161,Alojz Pažák,alojz pazak,Alojz,Pažák,M
psp:osoba:3162,3162,Květoslav Pazderník,kvetoslav pazdernik,Květoslav,Pazderník,M
psp:osoba:3163,3163,Irena Pažická,irena pazicka,Irena,Pažická,F
psp:osoba:3164,3164,Anton Pázmán,anton pazman,Anton,Pázmán,M
psp:osoba:3165,3165,Péter Pázmány,peter pazmany,Péter,Pázmány,M
psp:osoba:3166,3166,Běla Pažoutová,bela pazoutova,Běla,Pažoutová,F
psp:osoba:3167,3167,Jana Pečená,jana pecena,Jana,Pečená,F
psp:osoba:3168,3168,Karel Peck,karel peck,Karel,Peck,M
psp:osoba:3169,3169,Vlastimil Pecka,vlastimil pecka,Vlastimil,Pecka,M
psp:osoba:3170,3170,František Pecha,frantisek pecha,František,Pecha,M
psp:osoba:3171,3171,František Pecháček,frantisek pechacek,František,Pecháček,M
psp:osoba:3172,3172,Karel Pecháček,karel pechacek,Karel,Pecháček,M
psp:osoba:3173,3173,František Pechman,frantisek pechman,František,Pechman,M
psp:osoba:3174,3174,Ludmila Pechmanová-Klosová,ludmila pechmanova-klosova,Ludmila,Pechmanová-Klosová,F
psp:osoba:3175,3175,Věra Pechová,vera pechova,Věra,Pechová,F
psp:osoba:3176,3176,Filip Pejchal,filip pejchal,Filip,Pejchal,M
psp:osoba:3177,3177,Bohuslav Peka,bohuslav peka,Bohuslav,Peka,M
psp:osoba:3178,3178,Jan Pekárek,jan pekarek,Jan,Pekárek,M
psp:osoba:3179,3179,Jana Pekařová,jana pekarova,Jana,Pekařová,F
psp:osoba:3180,3180,Miloš Peklo,milos peklo,Miloš,Peklo,M
psp:osoba:3181,3181,Jaroslav Peksa,jaroslav peksa,Jaroslav,Peksa,M
psp:osoba:3182,3182,Jan Pelikán,jan pelikan,Jan,Pelikán,M
psp:osoba:3183,3183,Jiří Pelikán,jiri pelikan,Jiří,Pelikán,M
psp:osoba:3184,3184,Josef Pelikán,josef pelikan,Josef,Pelikán,M
psp:osoba:3185,3185,Olga Pelikánová,olga pelikanova,Olga,Pelikánová,F
psp:osoba:3186,3186,Jan Pelíšek,jan pelisek,Jan,Pelíšek,M
psp:osoba:3187,3187,Jan Pelnář,jan pelnar,Jan,Pelnář,M
psp:osoba:3188,3188,Zdeňka Pelnářová,zdenka pelnarova,Zdeňka,Pelnářová,F
psp:osoba:3189,3189,Josef Peňáz,josef penaz,Josef,Peňáz,M
psp:osoba:3190,3190,František Penc,frantisek penc,František,Penc,M
psp:osoba:3191,3191,Jan Pěnkava,jan penkava,Jan,Pěnkava,M
psp:osoba:3192,3192,Soňa Pennigerová,sona pennigerova,Soňa,Pennigerová,F
psp:osoba:3193,3193,Egyd Pepich,egyd pepich,Egyd,Pepich,M
psp:osoba:3194,3194,Karel Pergler,karel pergler,Karel,Pergler,M
psp:osoba:3195,3195,Václav Peřich,vaclav perich,Václav,Peřich,M
psp:osoba:3196,3196,Vladimíra Peřinová,vladimira perinova,Vladimíra,Peřinová,F
psp:osoba:3197,3197,Anton Perkovič,anton perkovic,Anton,Perkovič,M
psp:osoba:3198,3198,František Pernica,frantisek pernica,František,Pernica,M
psp:osoba:3199,3199,Josef Pernica,josef pernica,Josef,Pernica,M
psp:osoba:3200,3200,Anna Pernická,anna pernicka,Anna,Pernická,F
psp:osoba:3201,3201,Ferdinand Peroutka,ferdinand peroutka,Ferdinand,Peroutka,M
psp:osoba:3202,3202,Martin Peroutka,martin peroutka,Martin,Peroutka,M
psp:osoba:3203,3203,Jindřich Pešák,jindrich pesak,Jindřich,Pešák,M
psp:osoba:3204,3204,Jan Pešek,jan pesek,Jan,Pešek,M
psp:osoba:3205,3205,Václav Pešek,vaclav pesek,Václav,Pešek,M
psp:osoba:3206,3206,Vladimír Pešek,vladimir pesek,Vladimír,Pešek,M
psp:osoba:3207,3207,Ernst Peschka,ernst peschka,Ernst,Peschka,M
psp:osoba:3208,3208,Zdeněk Peška,zdenek peska,Zdeněk,Peška,M
psp:osoba:3209,3209,Kamila Pešková,kamila peskova,Kamila,Pešková,F
psp:osoba:3210,3210,Jan Pestr,jan pestr,Jan,Pestr,M
psp:osoba:3211,3211,František Peter,frantisek peter,František,Peter,M
psp:osoba:3212,3212,Josef Peter,josef peter,Josef,Peter,M
psp:osoba:3213,3213,Rostislav Petera,rostislav petera,Rostislav,Petera,M
psp:osoba:3214,3214,Eva Peterková,eva peterkova,Eva,Peterková,F
psp:osoba:3215,3215,Gustav Peters,gustav peters,Gustav,Peters,M
psp:osoba:3216,3216,Karl Petersilka,karl petersilka,Karl,Petersilka,M
psp:osoba:3217,3217,Alois Petr,alois petr,Alois,Petr,M
psp:osoba:3218,3218,Jan Petr,jan petr,Jan,Petr,M
psp:osoba:3219,3219,František Petra,frantisek petra,František,Petra,M
psp:osoba:3220,3220,Václav Petrásek,vaclav petrasek,Václav,Petrásek,M
psp:osoba:3221,3221,Augustin Petrášek,augustin petrasek,Augustin,Petrášek,M
psp:osoba:3222,3222,Gabriela Petrášová,gabriela petrasova,Gabriela,Petrášová,F
psp:osoba:3223,3223,Pavel Petrik,pavel petrik,Pavel,Petrik,M
psp:osoba:3224,3224,Ján Petrík,jan petrik,Ján,Petrík,M
psp:osoba:3225,3225,Jan Petřík,jan petrik,Jan,Petřík,M
psp:osoba:3226,3226,Jaromír Petřík,jaromir petrik,Jaromír,Petřík,M
psp:osoba:3227,3227,Miroslav Petřík,miroslav petrik,Miroslav,Petřík,M
psp:osoba:3228,3228,Jana Petrová,jana petrova,Jana,Petrová,F
psp:osoba:3229,3229,Marie Petrová,marie petrova,Marie,Petrová,F
psp:osoba:3230,3230,Marta Petrová,marta petrova,Marta,Petrová,F
psp:osoba:3231,3231,Alfonz Petrovič,alfonz petrovic,Alfonz,Petrovič,M
psp:osoba:3233,3233,Ján Petrovič,jan petrovic,Ján,Petrovič,M
psp:osoba:3234,3234,František Petrovický,frantisek petrovicky,František,Petrovický,M
psp:osoba:3235,3235,Růžena Petrů,ruzena petru,Růžena,Petrů,M
psp:osoba:3236,3236,Antónia Petrusová,antonia petrusova,Antónia,Petrusová,F
psp:osoba:3237,3237,Karel Petružela,karel petruzela,Karel,Petružela,M
psp:osoba:3238,3238,Věra Petrželková,vera petrzelkova,Věra,Petrželková,F
psp:osoba:3239,3239,Norbert Pexa,norbert pexa,Norbert,Pexa,M
psp:osoba:3240,3240,Miloslav Pfeifer,miloslav pfeifer,Miloslav,Pfeifer,M
psp:osoba:3241,3241,Karla Pfeiferová-Hlávková,karla pfeiferova-hlavkova,Karla,Pfeiferová-Hlávková,F
psp:osoba:3242,3242,Imrich Piatnica,imrich piatnica,Imrich,Piatnica,M
psp:osoba:3243,3243,Ivan Pietor,ivan pietor,Ivan,Pietor,M
psp:osoba:3244,3244,Miroslav Pich-Tůma,miroslav pich-tuma,Miroslav,Pich-Tůma,M
psp:osoba:3245,3245,Luděk Pik,ludek pik,Luděk,Pik,M
psp:osoba:3246,3246,Jan Pilát,jan pilat,Jan,Pilát,M
psp:osoba:3247,3247,Maxmilian Pilát,maxmilian pilat,Maxmilian,Pilát,M
psp:osoba:3248,3248,Rudolf Pilát,rudolf pilat,Rudolf,Pilát,M
psp:osoba:3249,3249,Františka Pilátová,frantiska pilatova,Františka,Pilátová,F
psp:osoba:3250,3250,Gustav Pilch,gustav pilch,Gustav,Pilch,M
psp:osoba:3251,3251,Jan Piller,jan piller,Jan,Piller,M
psp:osoba:3252,3252,František Pillmann,frantisek pillmann,František,Pillmann,M
psp:osoba:3253,3253,František Pilnay,frantisek pilnay,František,Pilnay,M
psp:osoba:3254,3254,Adolf Pimpara,adolf pimpara,Adolf,Pimpara,M
psp:osoba:3255,3255,Ladislav Pípa,ladislav pipa,Ladislav,Pípa,M
psp:osoba:3256,3256,Ján Pirč,jan pirc,Ján,Pirč,M
psp:osoba:3257,3257,Josef Píro,josef piro,Josef,Píro,M
psp:osoba:3258,3258,Vladimír Pirošík,vladimir pirosik,Vladimír,Pirošík,M
psp:osoba:3259,3259,Emil Píš,emil pis,Emil,Píš,M
psp:osoba:3260,3260,Margita Piscová,margita piscova,Margita,Piscová,F
psp:osoba:3261,3261,Jaromír Piskoř,jaromir piskor,Jaromír,Piskoř,M
psp:osoba:3262,3262,Konstantin Pištělka,konstantin pistelka,Konstantin,Pištělka,M
psp:osoba:3263,3263,Ivan Pištora,ivan pistora,Ivan,Pištora,M
psp:osoba:3264,3264,Milan Pišút,milan pisut,Milan,Pišút,M
psp:osoba:3265,3265,Petr Pithart,petr pithart,Petr,Pithart,M
psp:osoba:3266,3266,František Pitra,frantisek pitra,František,Pitra,M
psp:osoba:3267,3267,Franz Pittinger,franz pittinger,Franz,Pittinger,M
psp:osoba:3268,3268,Walter Piverka,walter piverka,Walter,Piverka,M
psp:osoba:3269,3269,Alois Pivoňka,alois pivonka,Alois,Pivoňka,M
psp:osoba:3270,3270,Ivan Pješčák,ivan pjescak,Ivan,Pješčák,M
psp:osoba:3271,3271,Pavol Pláňovský,pavol planovsky,Pavol,Pláňovský,M
psp:osoba:3272,3272,Johann Platzer,johann platzer,Johann,Platzer,M
psp:osoba:3273,3273,František Plecháč,frantisek plechac,František,Plecháč,M
psp:osoba:3274,3274,František Plechatý,frantisek plechaty,František,Plechatý,M
psp:osoba:3275,3275,Jan Pleskač,jan pleskac,Jan,Pleskač,M
psp:osoba:3276,3276,Josef Pleskot,josef pleskot,Josef,Pleskot,M
psp:osoba:3277,3277,Hana Pleskotová,hana pleskotova,Hana,Pleskotová,F
psp:osoba:3278,3278,Jan Plesl,jan plesl,Jan,Plesl,M
psp:osoba:3279,3279,Jan Plhal,jan plhal,Jan,Plhal,M
psp:osoba:3280,3280,Jaroslav Plicka,jaroslav plicka,Jaroslav,Plicka,M
psp:osoba:3281,3281,Marie Plíšková,marie pliskova,Marie,Plíšková,F
psp:osoba:3282,3282,Jaromír Plíva,jaromir pliva,Jaromír,Plíva,M
psp:osoba:3283,3283,Josef Plojhar,josef plojhar,Josef,Plojhar,M
psp:osoba:3285,3285,Alexej Pludek,alexej pludek,Alexej,Pludek,M
psp:osoba:3286,3286,Ján Pobežal,jan pobezal,Ján,Pobežal,M
psp:osoba:3287,3287,Jan Pocisk,jan pocisk,Jan,Pocisk,M
psp:osoba:3288,3288,Richard Podaný,richard podany,Richard,Podaný,M
psp:osoba:3289,3289,Vladimír Podborský,vladimir podborsky,Vladimír,Podborský,M
psp:osoba:3290,3290,Josef Podlešák,josef podlesak,Josef,Podlešák,M
psp:osoba:3291,3291,Jan Podola,jan podola,Jan,Podola,M
psp:osoba:3292,3292,Dušan Podubský,dusan podubsky,Dušan,Podubský,M
psp:osoba:3293,3293,Antonín Podzimek,antonin podzimek,Antonín,Podzimek,M
psp:osoba:3294,3294,Otilie Podzimková,otilie podzimkova,Otilie,Podzimková,F
psp:osoba:3295,3295,Milan Pohanka,milan pohanka,Milan,Pohanka,M
psp:osoba:3296,3296,Adolf Pohl,adolf pohl,Adolf,Pohl,M
psp:osoba:3297,3297,Vincent Pokojný,vincent pokojny,Vincent,Pokojný,M
psp:osoba:3298,3298,Alena Pokorná,alena pokorna,Alena,Pokorná,F
psp:osoba:3299,3299,Božena Pokorná,bozena pokorna,Božena,Pokorná,F
psp:osoba:3300,3300,Květoslava Pokorná,kvetoslava pokorna,Květoslava,Pokorná,F
psp:osoba:3301,3301,Josef Pokorný,josef pokorny,Josef,Pokorný,M
psp:osoba:3302,3302,Václav Pokorný,vaclav pokorny,Václav,Pokorný,M
psp:osoba:3303,3303,Karel Poláček,karel polacek,Karel,Poláček,M
psp:osoba:3304,3304,Jakub Polach,jakub polach,Jakub,Polach,M
psp:osoba:3305,3305,Valerie Polachová,valerie polachova,Valerie,Polachová,F
psp:osoba:3306,3306,František Polák,frantisek polak,František,Polák,M
psp:osoba:3307,3307,Jozef Polák,jozef polak,Jozef,Polák,M
psp:osoba:3308,3308,Július Polák,julius polak,Július,Polák,M
psp:osoba:3309,3309,Ľudovít Polák,ludovit polak,Ľudovít,Polák,M
psp:osoba:3310,3310,Milan Polák,milan polak,Milan,Polák,M
psp:osoba:3311,3311,Dionysius Polanský,dionysius polansky,Dionysius,Polanský,M
psp:osoba:3312,3312,Ivan Polanský,ivan polansky,Ivan,Polanský,M
psp:osoba:3313,3313,Alois Poledňák,alois polednak,Alois,Poledňák,M
psp:osoba:3314,3314,Jindřich Poledník,jindrich polednik,Jindřich,Poledník,M
psp:osoba:3315,3315,Oľga Poliaková,olga poliakova,Oľga,Poliaková,F
psp:osoba:3316,3316,Antonín Polišenský,antonin polisensky,Antonín,Polišenský,M
psp:osoba:3317,3317,Jaroslav Polívka,jaroslav polivka,Jaroslav,Polívka,M
psp:osoba:3318,3318,Vladimír Polívka,vladimir polivka,Vladimír,Polívka,M
psp:osoba:3319,3319,Ľudovít Pollák,ludovit pollak,Ľudovít,Pollák,M
psp:osoba:3320,3320,Zdeňka Polochová,zdenka polochova,Zdeňka,Polochová,F
psp:osoba:3321,3321,Josef Polomský,josef polomsky,Josef,Polomský,M
psp:osoba:3322,3322,Mária Poloncová,maria poloncova,Mária,Poloncová,F
psp:osoba:3323,3323,Štefan Polyák,stefan polyak,Štefan,Polyák,M
psp:osoba:3324,3324,Julie Pomikálková,julie pomikalkova,Julie,Pomikálková,F
psp:osoba:3325,3325,Pavol Popaďák,pavol popadak,Pavol,Popaďák,M
psp:osoba:3326,3326,Gyula Popély,gyula popely,Gyula,Popély,M
psp:osoba:3327,3327,Peter Popesko,peter popesko,Peter,Popesko,M
psp:osoba:3328,3328,Pavel Popovič,pavel popovic,Pavel,Popovič,M
psp:osoba:3329,3329,Peter Porubský,peter porubsky,Peter,Porubský,M
psp:osoba:3330,3330,Vojtech Porubský,vojtech porubsky,Vojtech,Porubský,M
psp:osoba:3331,3331,Gejza Porubszky,gejza porubszky,Gejza,Porubszky,M
psp:osoba:3332,3332,Marián Posluch,marian posluch,Marián,Posluch,M
psp:osoba:3333,3333,Antonín Pospíšil,antonin pospisil,Antonín,Pospíšil,M
psp:osoba:3334,3334,Bedřich Pospíšil,bedrich pospisil,Bedřich,Pospíšil,M
psp:osoba:3335,3335,Jaroslav Pospíšil,jaroslav pospisil,Jaroslav,Pospíšil,M
psp:osoba:3336,3336,Jiří Pospíšil,jiri pospisil,Jiří,Pospíšil,M
psp:osoba:3337,3337,Josef Pospíšil,josef pospisil,Josef,Pospíšil,M
psp:osoba:3338,3338,Petr Pospíšil,petr pospisil,Petr,Pospíšil,M
psp:osoba:3339,3339,Jitka Postlová,jitka postlova,Jitka,Postlová,F
psp:osoba:3340,3340,Stanislav Pošusta,stanislav posusta,Stanislav,Pošusta,M
psp:osoba:3341,3341,Svatopluk Potáč,svatopluk potac,Svatopluk,Potáč,M
psp:osoba:3342,3342,Margita Potočková,margita potockova,Margita,Potočková,F
psp:osoba:3343,3343,Pavel Potužák,pavel potuzak,Pavel,Potužák,M
psp:osoba:3344,3344,Josef Pötzl,josef potzl,Josef,Pötzl,M
psp:osoba:3345,3345,Václav Povolný,vaclav povolny,Václav,Povolný,M
psp:osoba:3346,3346,Norbert Požár,norbert pozar,Norbert,Požár,M
psp:osoba:3347,3347,Robert Požár,robert pozar,Robert,Požár,M
psp:osoba:3348,3348,Václav Pozdílek,vaclav pozdilek,Václav,Pozdílek,M
psp:osoba:3349,3349,Alena Požgaiová,alena pozgaiova,Alena,Požgaiová,F
psp:osoba:3350,3350,Gabriela Pradová,gabriela pradova,Gabriela,Pradová,F
psp:osoba:3351,3351,Ľudovít Pramuka,ludovit pramuka,Ľudovít,Pramuka,M
psp:osoba:3352,3352,Ferdinand Prášek,ferdinand prasek,Ferdinand,Prášek,M
psp:osoba:3353,3353,Karel Prášek,karel prasek,Karel,Prášek,M
psp:osoba:3354,3354,Johann Prause,johann prause,Johann,Prause,M
psp:osoba:3355,3355,Jan Pravda,jan pravda,Jan,Pravda,M
psp:osoba:3356,3356,Jaroslav Pražák,jaroslav prazak,Jaroslav,Pražák,M
psp:osoba:3357,3357,Cyril Praženica,cyril prazenica,Cyril,Praženica,M
psp:osoba:3358,3358,Vladimír Preclík,vladimir preclik,Vladimír,Preclík,M
psp:osoba:3359,3359,Anton Prečuch,anton precuch,Anton,Prečuch,M
psp:osoba:3360,3360,Jaroslav Preiss,jaroslav preiss,Jaroslav,Preiss,M
psp:osoba:3361,3361,František Přeučil,frantisek preucil,František,Přeučil,M
psp:osoba:3362,3362,Josef Prchal,josef prchal,Josef,Prchal,M
psp:osoba:3363,3363,Vladimír Prchal,vladimir prchal,Vladimír,Prchal,M
psp:osoba:3364,3364,Václav Prchlík,vaclav prchlik,Václav,Prchlík,M
psp:osoba:3365,3365,Jaroslav Přibil,jaroslav pribil,Jaroslav,Přibil,M
psp:osoba:3366,3366,Anna Přibková,anna pribkova,Anna,Přibková,F
psp:osoba:3367,3367,František Přibyl,frantisek pribyl,František,Přibyl,M
psp:osoba:3368,3368,Jiří Přibyl,jiri pribyl,Jiří,Přibyl,M
psp:osoba:3369,3369,Vladimíra Přibylová,vladimira pribylova,Vladimíra,Přibylová,F
psp:osoba:3370,3370,Oľga Priehodová,olga priehodova,Oľga,Priehodová,F
psp:osoba:3371,3371,Alois Priesnitz,alois priesnitz,Alois,Priesnitz,M
psp:osoba:3372,3372,Irena Prievozníková,irena prievoznikova,Irena,Prievozníková,F
psp:osoba:3373,3373,Vratislav Příhoda,vratislav prihoda,Vratislav,Příhoda,M
psp:osoba:3374,3374,František Přikryl,frantisek prikryl,František,Přikryl,M
psp:osoba:3375,3375,Ivo Přikryl,ivo prikryl,Ivo,Přikryl,M
psp:osoba:3376,3376,Mária Prislupčáková,maria prislupcakova,Mária,Prislupčáková,F
psp:osoba:3377,3377,Adolf Procházka,adolf prochazka,Adolf,Procházka,M
psp:osoba:3378,3378,Antonín Procházka,antonin prochazka,Antonín,Procházka,M
psp:osoba:3379,3379,Bedřich Procházka,bedrich prochazka,Bedřich,Procházka,M
psp:osoba:3380,3380,Bohuslav Procházka,bohuslav prochazka,Bohuslav,Procházka,M
psp:osoba:3381,3381,Čeněk Procházka,cenek prochazka,Čeněk,Procházka,M
psp:osoba:3382,3382,František Procházka,frantisek prochazka,František,Procházka,M
psp:osoba:3383,3383,Jan Procházka,jan prochazka,Jan,Procházka,M
psp:osoba:3384,3384,Kamil Procházka,kamil prochazka,Kamil,Procházka,M
psp:osoba:3385,3385,Karel Procházka,karel prochazka,Karel,Procházka,M
psp:osoba:3386,3386,Lubomír Procházka,lubomir prochazka,Lubomír,Procházka,M
psp:osoba:3387,3387,Vladimír Procházka,vladimir prochazka,Vladimír,Procházka,M
psp:osoba:3388,3388,Božena Procházková,bozena prochazkova,Božena,Procházková,F
psp:osoba:3389,3389,Libuše Procházková,libuse prochazkova,Libuše,Procházková,F
psp:osoba:3390,3390,Antonín Prokeš,antonin prokes,Antonín,Prokeš,M
psp:osoba:3391,3391,Jan Prokeš,jan prokes,Jan,Prokeš,M
psp:osoba:3392,3392,Kiril Prokop,kiril prokop,Kiril,Prokop,M
psp:osoba:3393,3393,Jaroslav Prokopec,jaroslav prokopec,Jaroslav,Prokopec,M
psp:osoba:3395,3395,Julie Prokopová-Škrabálková,julie prokopova-skrabalkova,Julie,Prokopová-Škrabálková,F
psp:osoba:3396,3396,Adolf Prokůpek,adolf prokupek,Adolf,Prokůpek,M
psp:osoba:3397,3397,Slavomír Prokůpek,slavomir prokupek,Slavomír,Prokůpek,M
psp:osoba:3398,3398,Jiří Prošek,jiri prosek,Jiří,Prošek,M
psp:osoba:3399,3399,Josef Proškovec,josef proskovec,Josef,Proškovec,M
psp:osoba:3400,3400,František Protiva,frantisek protiva,František,Protiva,M
psp:osoba:3401,3401,Ladislav Protuš,ladislav protus,Ladislav,Protuš,M
psp:osoba:3402,3402,Leopold Prouza,leopold prouza,Leopold,Prouza,M
psp:osoba:3403,3403,Rudolf Prukner,rudolf prukner,Rudolf,Prukner,M
psp:osoba:3404,3404,Oto Pruša,oto prusa,Oto,Pruša,M
psp:osoba:3405,3405,Karel Průša,karel prusa,Karel,Průša,M
psp:osoba:3406,3406,Zdeněk Průša,zdenek prusa,Zdeněk,Průša,M
psp:osoba:3407,3407,Jaroslav Pružinec,jaroslav pruzinec,Jaroslav,Pružinec,M
psp:osoba:3408,3408,Mikuláš Pružinský,mikulas pruzinsky,Mikuláš,Pružinský,M
psp:osoba:3409,3409,Gustav Przeczek,gustav przeczek,Gustav,Przeczek,M
psp:osoba:3410,3410,Arnošt Pšenička,arnost psenicka,Arnošt,Pšenička,M
psp:osoba:3411,3411,Josef Pšenička,josef psenicka,Josef,Pšenička,M
psp:osoba:3412,3412,Zdeněk Pšenička,zdenek psenicka,Zdeněk,Pšenička,M
psp:osoba:3413,3413,Milan Ptáček,milan ptacek,Milan,Ptáček,M
psp:osoba:3414,3414,Vladimír Ptáček,vladimir ptacek,Vladimír,Ptáček,M
psp:osoba:3415,3415,Ludmila Pučanová,ludmila pucanova,Ludmila,Pučanová,F
psp:osoba:3416,3416,Zdeněk Puček,zdenek pucek,Zdeněk,Puček,M
psp:osoba:3417,3417,Zdeněk Půček,zdenek pucek,Zdeněk,Půček,M
psp:osoba:3418,3418,Jozef Púčik,jozef pucik,Jozef,Púčik,M
psp:osoba:3419,3419,Václav Pudil,vaclav pudil,Václav,Pudil,M
psp:osoba:3420,3420,Josef Puchmeltr,josef puchmeltr,Josef,Puchmeltr,M
psp:osoba:3421,3421,Jozef Puchmeltr,jozef puchmeltr,Jozef,Puchmeltr,M
psp:osoba:3422,3422,Ján Púll,jan pull,Ján,Púll,M
psp:osoba:3423,3423,Josef Půlpán,josef pulpan,Josef,Půlpán,M
psp:osoba:3424,3424,Marie Pundová,marie pundova,Marie,Pundová,F
psp:osoba:3425,3425,Eliška Purkyňová,eliska purkynova,Eliška,Purkyňová,F
psp:osoba:3426,3426,Gregor Puskáš,gregor puskas,Gregor,Puskáš,M
psp:osoba:3427,3427,Gregor Puškáš,gregor puskas,Gregor,Puškáš,M
psp:osoba:3428,3428,Veronika Puterková-Najmanová,veronika puterkova-najmanova,Veronika,Puterková-Najmanová,F
psp:osoba:3429,3429,Rudolf Pytlík,rudolf pytlik,Rudolf,Pytlík,M
psp:osoba:3430,3430,Václav Rabas,vaclav rabas,Václav,Rabas,M
psp:osoba:3431,3431,Jan Rábel,jan rabel,Jan,Rábel,M
psp:osoba:3432,3432,Oliver Rácz,oliver racz,Oliver,Rácz,M
psp:osoba:3433,3433,Zdeněk Rada,zdenek rada,Zdeněk,Rada,M
psp:osoba:3434,3434,Emerich Radda,emerich radda,Emerich,Radda,M
psp:osoba:3435,3435,Jiřina Rainerová,jirina rainerova,Jiřina,Rainerová,F
psp:osoba:3436,3436,Miloslav Rajčan,miloslav rajcan,Miloslav,Rajčan,M
psp:osoba:3437,3437,Láslzó Rajczsy,laslzo rajczsy,Láslzó,Rajczsy,M
psp:osoba:3438,3438,Alojz Rajnič,alojz rajnic,Alojz,Rajnič,M
psp:osoba:3439,3439,Jaromír Rajtora,jaromir rajtora,Jaromír,Rajtora,M
psp:osoba:3440,3440,Mária Rákócziová,maria rakocziova,Mária,Rákócziová,F
psp:osoba:3441,3441,Alojz Rakús,alojz rakus,Alojz,Rakús,M
psp:osoba:3442,3442,František Rambousek,frantisek rambousek,František,Rambousek,M
psp:osoba:3443,3443,Jan Rambousek,jan rambousek,Jan,Rambousek,M
psp:osoba:3444,3444,Jiří Randík,jiri randik,Jiří,Randík,M
psp:osoba:3445,3445,Pavel Rapoš,pavel rapos,Pavel,Rapoš,M
psp:osoba:3446,3446,Pavol Rapoš,pavol rapos,Pavol,Rapoš,M
psp:osoba:3447,3447,Peter Rašev,peter rasev,Peter,Rašev,M
psp:osoba:3448,3448,Alois Rašín,alois rasin,Alois,Rašín,M
psp:osoba:3449,3449,Ladislav Rašín,ladislav rasin,Ladislav,Rašín,M
psp:osoba:3450,3450,Rastislav Rašín,rastislav rasin,Rastislav,Rašín,M
psp:osoba:3451,3451,Tomáš Ratiborský,tomas ratiborsky,Tomáš,Ratiborský,M
psp:osoba:3452,3452,Viktor Ravasz,viktor ravasz,Viktor,Ravasz,M
psp:osoba:3453,3453,Stanislav Rázl,stanislav razl,Stanislav,Rázl,M
psp:osoba:3454,3454,Martin Rázus,martin razus,Martin,Rázus,M
psp:osoba:3455,3455,Václav Rebš,vaclav rebs,Václav,Rebš,M
psp:osoba:3456,3456,Petr Reček,petr recek,Petr,Reček,M
psp:osoba:3457,3457,Jarmila Rečková,jarmila reckova,Jarmila,Rečková,F
psp:osoba:3458,3458,Alexandr Reczes,alexandr reczes,Alexandr,Reczes,M
psp:osoba:3459,3459,Terezia Regulyová,terezia regulyova,Terezia,Regulyová,F
psp:osoba:3460,3460,Gejza Rehák,gejza rehak,Gejza,Rehák,M
psp:osoba:3461,3461,Milan Rehák,milan rehak,Milan,Rehák,M
psp:osoba:3462,3462,Marie Řeháková,marie rehakova,Marie,Řeháková,F
psp:osoba:3463,3463,Jindřich Řehořek,jindrich rehorek,Jindřich,Řehořek,M
psp:osoba:3464,3464,Jaroslav Řehulka,jaroslav rehulka,Jaroslav,Řehulka,M
psp:osoba:3465,3465,Miloslav Rechcígl,miloslav rechcigl,Miloslav,Rechcígl,M
psp:osoba:3466,3466,Milan Reiman,milan reiman,Milan,Reiman,M
psp:osoba:3467,3467,Václav Reinberg,vaclav reinberg,Václav,Reinberg,M
psp:osoba:3468,3468,Josef Reis,josef reis,Josef,Reis,M
psp:osoba:3469,3469,Julius Reisz,julius reisz,Julius,Reisz,M
psp:osoba:3470,3470,Josef Reitmajer,josef reitmajer,Josef,Reitmajer,M
psp:osoba:3471,3471,Rudolf Rejhon,rudolf rejhon,Rudolf,Rejhon,M
psp:osoba:3472,3472,Václav Rejnart,vaclav rejnart,Václav,Rejnart,M
psp:osoba:3473,3473,Jozef Remek,jozef remek,Jozef,Remek,M
psp:osoba:3474,3474,Antonín Remeš,antonin remes,Antonín,Remeš,M
psp:osoba:3475,3475,Pavol Removčík,pavol removcik,Pavol,Removčík,M
psp:osoba:3476,3476,Alexander Renczes,alexander renczes,Alexander,Renczes,M
psp:osoba:3477,3477,Alexander Renczés,alexander renczes,Alexander,Renczés,M
psp:osoba:3478,3478,Ignác Rendek,ignac rendek,Ignác,Rendek,M
psp:osoba:3479,3479,Ján Repaský,jan repasky,Ján,Repaský,M
psp:osoba:3480,3480,Ján Repka,jan repka,Ján,Repka,M
psp:osoba:3481,3481,Josef Řepka,josef repka,Josef,Řepka,M
psp:osoba:3482,3482,Ľudovít Retkes,ludovit retkes,Ľudovít,Retkes,M
psp:osoba:3483,3483,Julian Révay,julian revay,Julian,Révay,M
psp:osoba:3484,3484,Oldřiška Řezáčová,oldriska rezacova,Oldřiška,Řezáčová,F
psp:osoba:3485,3485,Ludmila Režná-Václavíková,ludmila rezna-vaclavikova,Ludmila,Režná-Václavíková,F
psp:osoba:3486,3486,František Řezníček,frantisek reznicek,František,Řezníček,M
psp:osoba:3487,3487,Františka Řezníčková,frantiska reznickova,Františka,Řezníčková,F
psp:osoba:3488,3488,Anděla Řičánková,andela ricankova,Anděla,Řičánková,F
psp:osoba:3489,3489,Karel Řičář,karel ricar,Karel,Řičář,M
psp:osoba:3490,3490,Zdeňka Řídká,zdenka ridka,Zdeňka,Řídká,F
psp:osoba:3491,3491,Mária Ridziková,maria ridzikova,Mária,Ridziková,F
psp:osoba:3492,3492,Karel Riedl,karel riedl,Karel,Riedl,M
psp:osoba:3493,3493,Emil Rigo,emil rigo,Emil,Rigo,M
psp:osoba:3494,3494,Václav Říha,vaclav riha,Václav,Říha,M
psp:osoba:3495,3495,Emílie Říhová,emilie rihova,Emílie,Říhová,F
psp:osoba:3496,3496,Michaela Richtarčíková,michaela richtarcikova,Michaela,Richtarčíková,F
psp:osoba:3497,3497,Ferdinand Richter,ferdinand richter,Ferdinand,Richter,M
psp:osoba:3498,3498,Kamil Richter,kamil richter,Kamil,Richter,M
psp:osoba:3499,3499,Miroslav Richter,miroslav richter,Miroslav,Richter,M
psp:osoba:3500,3500,Wolfgang Richter,wolfgang richter,Wolfgang,Richter,M
psp:osoba:3501,3501,Richard Richterek,richard richterek,Richard,Richterek,M
psp:osoba:3502,3502,Jiřina Richtrová,jirina richtrova,Jiřina,Richtrová,F
psp:osoba:3503,3503,Josef Říman,josef riman,Josef,Říman,M
psp:osoba:3504,3504,Rudolf Říman,rudolf riman,Rudolf,Říman,M
psp:osoba:3505,3505,Hubert Ripka,hubert ripka,Hubert,Ripka,M
psp:osoba:3506,3506,Ján Riško,jan risko,Ján,Riško,M
psp:osoba:3507,3507,Andrej Rjevaj,andrej rjevaj,Andrej,Rjevaj,M
psp:osoba:3508,3508,Ondrej Roba,ondrej roba,Ondrej,Roba,M
psp:osoba:3509,3509,Miroslav Roček,miroslav rocek,Miroslav,Roček,M
psp:osoba:3510,3510,Aranka Ročňáková,aranka rocnakova,Aranka,Ročňáková,F
psp:osoba:3511,3511,Bohuš Rodovský,bohus rodovsky,Bohuš,Rodovský,M
psp:osoba:3512,3512,Zdeněk Rodr,zdenek rodr,Zdeněk,Rodr,M
psp:osoba:3513,3513,Ivan Roháľ-Iľkiv,ivan rohal-ilkiv,Ivan,Roháľ-Iľkiv,M
psp:osoba:3514,3514,Růžena Rohlenová,ruzena rohlenova,Růžena,Rohlenová,F
psp:osoba:3515,3515,Rudolf Rohlíček,rudolf rohlicek,Rudolf,Rohlíček,M
psp:osoba:3516,3516,Bohumil Rolek,bohumil rolek,Bohumil,Rolek,M
psp:osoba:3517,3517,Rudolf Rolíček,rudolf rolicek,Rudolf,Rolíček,M
psp:osoba:3518,3518,Ladislav Roman,ladislav roman,Ladislav,Roman,M
psp:osoba:3519,3519,Emanuel Romančík,emanuel romancik,Emanuel,Romančík,M
psp:osoba:3520,3520,Radomil Ropek,radomil ropek,Radomil,Ropek,M
psp:osoba:3521,3521,Jozef Rosa,jozef rosa,Jozef,Rosa,M
psp:osoba:3522,3522,Bohuslav Rosenkranc,bohuslav rosenkranc,Bohuslav,Rosenkranc,M
psp:osoba:3523,3523,Alfred Rosche,alfred rosche,Alfred,Rosche,M
psp:osoba:3524,3524,Anton Roscher,anton roscher,Anton,Roscher,M
psp:osoba:3525,3525,Bohumír Rosický,bohumir rosicky,Bohumír,Rosický,M
psp:osoba:3526,3526,Josef Rösler,josef rosler,Josef,Rösler,M
psp:osoba:3527,3527,Josefa Rosolová,josefa rosolova,Josefa,Rosolová,F
psp:osoba:3528,3528,Artur Rössler,artur rossler,Artur,Rössler,M
psp:osoba:3529,3529,Josef Rota,josef rota,Josef,Rota,M
psp:osoba:3530,3530,Gabriela Rothmayerová,gabriela rothmayerova,Gabriela,Rothmayerová,F
psp:osoba:3531,3531,Josef Rotnágl,josef rotnagl,Josef,Rotnágl,M
psp:osoba:3532,3532,František Röttel,frantisek rottel,František,Röttel,M
psp:osoba:3533,3533,Pavla Rottová,pavla rottova,Pavla,Rottová,F
psp:osoba:3534,3534,Miloslav Roubal,miloslav roubal,Miloslav,Roubal,M
psp:osoba:3535,3535,Jaroslav Rouček,jaroslav roucek,Jaroslav,Rouček,M
psp:osoba:3536,3536,Alois Roudnický,alois roudnicky,Alois,Roudnický,M
psp:osoba:3537,3537,Jan Rovný,jan rovny,Jan,Rovný,M
psp:osoba:3538,3538,Alois Rozehnal,alois rozehnal,Alois,Rozehnal,M
psp:osoba:3539,3539,František Rozhon,frantisek rozhon,František,Rozhon,M
psp:osoba:3540,3540,Vladimír Rozlivka,vladimir rozlivka,Vladimír,Rozlivka,M
psp:osoba:3541,3541,Titus Rožnay,titus roznay,Titus,Rožnay,M
psp:osoba:3542,3542,Kurt Rozsypal,kurt rozsypal,Kurt,Rozsypal,M
psp:osoba:3543,3543,Anna Rozsypalová,anna rozsypalova,Anna,Rozsypalová,F
psp:osoba:3544,3544,Augusta Rozsypalová,augusta rozsypalova,Augusta,Rozsypalová,F
psp:osoba:3545,3545,Jiří Rubín,jiri rubin,Jiří,Rubín,M
psp:osoba:3546,3546,Josef Rudolf,josef rudolf,Josef,Rudolf,M
psp:osoba:3547,3547,Štěpán Rudyj,stepan rudyj,Štěpán,Rudyj,M
psp:osoba:3548,3548,Jan Ruhmann,jan ruhmann,Jan,Ruhmann,M
psp:osoba:3549,3549,Jiří Ruml,jiri ruml,Jiří,Ruml,M
psp:osoba:3550,3550,Václav Runge,vaclav runge,Václav,Runge,M
psp:osoba:3551,3551,Fedor Ruppeldt,fedor ruppeldt,Fedor,Ruppeldt,M
psp:osoba:3552,3552,Antonín Rusek,antonin rusek,Antonín,Rusek,M
psp:osoba:3553,3553,Juraj Rusnák,juraj rusnak,Juraj,Rusnák,M
psp:osoba:3554,3554,Michal Rusnák,michal rusnak,Michal,Rusnák,M
psp:osoba:3555,3555,Karel Rusov,karel rusov,Karel,Rusov,M
psp:osoba:3556,3556,Emil Russ,emil russ,Emil,Russ,M
psp:osoba:3557,3557,Michael Rustler,michael rustler,Michael,Rustler,M
psp:osoba:3558,3558,Josef Růzha,josef ruzha,Josef,Růzha,M
psp:osoba:3559,3559,Jan Ružiak,jan ruziak,Jan,Ružiak,M
psp:osoba:3560,3560,Jan Růžička,jan ruzicka,Jan,Růžička,M
psp:osoba:3561,3561,Jaroslav Růžička,jaroslav ruzicka,Jaroslav,Růžička,M
psp:osoba:3562,3562,Miroslav Růžička,miroslav ruzicka,Miroslav,Růžička,M
psp:osoba:3563,3563,Václav Růžička,vaclav ruzicka,Václav,Růžička,M
psp:osoba:3564,3564,Hana Růžičková,hana ruzickova,Hana,Růžičková,F
psp:osoba:3565,3565,Marie Růžičková,marie ruzickova,Marie,Růžičková,F
psp:osoba:3566,3566,Petr Rybář,petr rybar,Petr,Rybář,M
psp:osoba:3567,3567,Karol Rybárik,karol rybarik,Karol,Rybárik,M
psp:osoba:3568,3568,Marcela Rybková,marcela rybkova,Marcela,Rybková,F
psp:osoba:3569,3569,Regina Rýdlová,regina rydlova,Regina,Rýdlová,F
psp:osoba:3570,3570,František Rygar,frantisek rygar,František,Rygar,M
psp:osoba:3571,3571,Josef Rygula,josef rygula,Josef,Rygula,M
psp:osoba:3572,3572,Jan Rych,jan rych,Jan,Rych,M
psp:osoba:3573,3573,Jaroslav Rychtera,jaroslav rychtera,Jaroslav,Rychtera,M
psp:osoba:3574,3574,Ludvík Rychtera,ludvik rychtera,Ludvík,Rychtera,M
psp:osoba:3575,3575,Zdeněk Rychtrmoc,zdenek rychtrmoc,Zdeněk,Rychtrmoc,M
psp:osoba:3576,3576,Jozef Rychvalský,jozef rychvalsky,Jozef,Rychvalský,M
psp:osoba:3577,3577,Marie Rylková,marie rylkova,Marie,Rylková,F
psp:osoba:3578,3578,Ivan Rynda,ivan rynda,Ivan,Rynda,M
psp:osoba:3579,3579,Jan Rýpar,jan rypar,Jan,Rýpar,M
psp:osoba:3580,3580,Peter Ryška,peter ryska,Peter,Ryška,M
psp:osoba:3581,3581,Jana Ryšlinková,jana ryslinkova,Jana,Ryšlinková,F
psp:osoba:3582,3582,František Šabata,frantisek sabata,František,Šabata,M
psp:osoba:3583,3583,Jaroslav Šabata,jaroslav sabata,Jaroslav,Šabata,M
psp:osoba:3584,3584,Miloslav Šabata,miloslav sabata,Miloslav,Šabata,M
psp:osoba:3585,3585,Otília Šablicová,otilia sablicova,Otília,Šablicová,F
psp:osoba:3586,3586,Karel Sáblík,karel sablik,Karel,Sáblík,M
psp:osoba:3587,3587,Tibor Šabo,tibor sabo,Tibor,Šabo,M
psp:osoba:3588,3588,Michal Sabolčík,michal sabolcik,Michal,Sabolčík,M
psp:osoba:3589,3589,Jozef Šabršula,jozef sabrsula,Jozef,Šabršula,M
psp:osoba:3590,3590,Josef Šáda,josef sada,Josef,Šáda,M
psp:osoba:3591,3591,František Šádek,frantisek sadek,František,Šádek,M
psp:osoba:3592,3592,Štefan Sádovský,stefan sadovsky,Štefan,Sádovský,M
psp:osoba:3593,3593,Jaroslav Šafařík,jaroslav safarik,Jaroslav,Šafařík,M
psp:osoba:3594,3594,Josef Šafařík,josef safarik,Josef,Šafařík,M
psp:osoba:3595,3595,Emanuel Šafranko,emanuel safranko,Emanuel,Šafranko,M
psp:osoba:3596,3596,Jozef Šagát,jozef sagat,Jozef,Šagát,M
psp:osoba:3597,3597,Anna Sagová,anna sagova,Anna,Sagová,F
psp:osoba:3598,3598,Eva Sahligerová,eva sahligerova,Eva,Sahligerová,F
psp:osoba:3599,3599,Richard Sacher,richard sacher,Richard,Sacher,M
psp:osoba:3600,3600,Jitka Sachetová,jitka sachetova,Jitka,Sachetová,F
psp:osoba:3601,3601,Marie Šachová,marie sachova,Marie,Šachová,F
psp:osoba:3602,3602,Hana Sachsová,hana sachsova,Hana,Sachsová,F
psp:osoba:3603,3603,Pavel Sajal,pavel sajal,Pavel,Sajal,M
psp:osoba:3604,3604,Josef Sajdl,josef sajdl,Josef,Sajdl,M
psp:osoba:3605,3605,Lumír Sakmar,lumir sakmar,Lumír,Sakmar,M
psp:osoba:3606,3606,Anton Šalát,anton salat,Anton,Šalát,M
psp:osoba:3607,3607,František Šalgovič,frantisek salgovic,František,Šalgovič,M
psp:osoba:3608,3608,Viliam Šalgovič,viliam salgovic,Viliam,Šalgovič,M
psp:osoba:3609,3609,Ondrej Šaling,ondrej saling,Ondrej,Šaling,M
psp:osoba:3610,3610,Anna Salvová,anna salvova,Anna,Salvová,F
psp:osoba:3611,3611,Přemysl Šámal,premysl samal,Přemysl,Šámal,M
psp:osoba:3612,3612,František Šamalík,frantisek samalik,František,Šamalík,M
psp:osoba:3613,3613,Josef Šamalík,josef samalik,Josef,Šamalík,M
psp:osoba:3614,3614,František Samec,frantisek samec,František,Samec,M
psp:osoba:3615,3615,František Samek,frantisek samek,František,Samek,M
psp:osoba:3616,3616,Jaroslav Samek,jaroslav samek,Jaroslav,Samek,M
psp:osoba:3617,3617,Robert Samek,robert samek,Robert,Samek,M
psp:osoba:3618,3618,Klára Veselá-Samková,klara vesela-samkova,Klára,Veselá-Samková,F
psp:osoba:3619,3619,Zdenka Samková,zdenka samkova,Zdenka,Samková,F
psp:osoba:3620,3620,Milan Samončík,milan samoncik,Milan,Samončík,M
psp:osoba:3621,3621,Rudolf Sandner,rudolf sandner,Rudolf,Sandner,M
psp:osoba:3622,3622,Eleonóra Sándorová,eleonora sandorova,Eleonóra,Sándorová,F
psp:osoba:3623,3623,Marie Šantorová,marie santorova,Marie,Šantorová,F
psp:osoba:3624,3624,Jan Sapák,jan sapak,Jan,Sapák,M
psp:osoba:3625,3625,Jozef Šarina,jozef sarina,Jozef,Šarina,M
psp:osoba:3626,3626,Ema Šarišská,ema sarisska,Ema,Šarišská,F
psp:osoba:3627,3627,Eva Šarišská,eva sarisska,Eva,Šarišská,F
psp:osoba:3628,3628,Klára Sárközyová,klara sarkozyova,Klára,Sárközyová,F
psp:osoba:3629,3629,Jiří Šašek,jiri sasek,Jiří,Šašek,M
psp:osoba:3630,3630,Alois Sauer,alois sauer,Alois,Sauer,M
psp:osoba:3631,3631,Eduard Saul,eduard saul,Eduard,Saul,M
psp:osoba:3632,3632,Vladimír Savčinský,vladimir savcinsky,Vladimír,Savčinský,M
psp:osoba:3633,3633,Karol Šavel,karol savel,Karol,Šavel,M
psp:osoba:3634,3634,Vasil Ščerecký,vasil scerecky,Vasil,Ščerecký,M
psp:osoba:3635,3635,Jan Šeba,jan seba,Jan,Šeba,M
psp:osoba:3636,3636,František Šebej,frantisek sebej,František,Šebej,M
psp:osoba:3637,3637,Pavel Šebek,pavel sebek,Pavel,Šebek,M
psp:osoba:3638,3638,František Šebera,frantisek sebera,František,Šebera,M
psp:osoba:3639,3639,Štefan Šebesta,stefan sebesta,Štefan,Šebesta,M
psp:osoba:3640,3640,Ján Šebestian,jan sebestian,Ján,Šebestian,M
psp:osoba:3641,3641,Ján Šebík,jan sebik,Ján,Šebík,M
psp:osoba:3642,3642,Jindřich Šebor,jindrich sebor,Jindřich,Šebor,M
psp:osoba:3643,3643,Milan Šebor,milan sebor,Milan,Šebor,M
psp:osoba:3644,3644,Juraj Šebóšik,juraj sebosik,Juraj,Šebóšik,M
psp:osoba:3645,3645,Jozef Šedík,jozef sedik,Jozef,Šedík,M
psp:osoba:3646,3646,Filip Šedivý,filip sedivy,Filip,Šedivý,M
psp:osoba:3647,3647,Josef Šedivý,josef sedivy,Josef,Šedivý,M
psp:osoba:3648,3648,Jan Sedláček,jan sedlacek,Jan,Sedláček,M
psp:osoba:3649,3649,Josef Sedláček,josef sedlacek,Josef,Sedláček,M
psp:osoba:3650,3650,Michal Sedláček,michal sedlacek,Michal,Sedláček,M
psp:osoba:3651,3651,Svatopluk Sedláček,svatopluk sedlacek,Svatopluk,Sedláček,M
psp:osoba:3652,3652,Václav Sedláček,vaclav sedlacek,Václav,Sedláček,M
psp:osoba:3653,3653,Josef Sedlačík,josef sedlacik,Josef,Sedlačík,M
psp:osoba:3654,3654,Marie Sedláčková,marie sedlackova,Marie,Sedláčková,F
psp:osoba:3655,3655,Jiří Sedlák,jiri sedlak,Jiří,Sedlák,M
psp:osoba:3656,3656,Josef Sedlák,josef sedlak,Josef,Sedlák,M
psp:osoba:3657,3657,Miroslav Sedlák,miroslav sedlak,Miroslav,Sedlák,M
psp:osoba:3658,3658,Emília Sedláková,emilia sedlakova,Emília,Sedláková,F
psp:osoba:3659,3659,Karel Sedlář,karel sedlar,Karel,Sedlář,M
psp:osoba:3660,3660,Nikolaj Sedorjak,nikolaj sedorjak,Nikolaj,Sedorjak,M
psp:osoba:3661,3661,Jozef Šedovič,jozef sedovic,Jozef,Šedovič,M
psp:osoba:3662,3662,Josef Šedrica,josef sedrica,Josef,Šedrica,M
psp:osoba:3663,3663,Emanuel Šedý,emanuel sedy,Emanuel,Šedý,M
psp:osoba:3664,3664,Samuel Šefčík,samuel sefcik,Samuel,Šefčík,M
psp:osoba:3665,3665,Vlastimil Sehnal,vlastimil sehnal,Vlastimil,Sehnal,M
psp:osoba:3666,3666,Josef Sechter,josef sechter,Josef,Sechter,M
psp:osoba:3667,3667,František Seidl,frantisek seidl,František,Seidl,M
psp:osoba:3668,3668,Věra Seidlová,vera seidlova,Věra,Seidlová,F
psp:osoba:3669,3669,Jan Šejna,jan sejna,Jan,Šejna,M
psp:osoba:3670,3670,Gertruda Sekaninová-Čakrtová,gertruda sekaninova-cakrtova,Gertruda,Sekaninová-Čakrtová,F
psp:osoba:3671,3671,Josef Seliger,josef seliger,Josef,Seliger,M
psp:osoba:3672,3672,Jaroslav Selner,jaroslav selner,Jaroslav,Selner,M
psp:osoba:3673,3673,Karol Seman,karol seman,Karol,Seman,M
psp:osoba:3674,3674,Marie Šemberová,marie semberova,Marie,Šemberová,F
psp:osoba:3675,3675,Ernest Sembol,ernest sembol,Ernest,Sembol,M
psp:osoba:3676,3676,Rostislav Senjuk,rostislav senjuk,Rostislav,Senjuk,M
psp:osoba:3677,3677,Jaroslava Šenková,jaroslava senkova,Jaroslava,Šenková,F
psp:osoba:3678,3678,Miroslav Šenkýř,miroslav senkyr,Miroslav,Šenkýř,M
psp:osoba:3679,3679,Ĺudovít Šenšel,ludovit sensel,Ĺudovít,Šenšel,M
psp:osoba:3680,3680,Jozef Šepeľa,jozef sepela,Jozef,Šepeľa,M
psp:osoba:3681,3681,Jozef Šepetka,jozef sepetka,Jozef,Šepetka,M
psp:osoba:3682,3682,Lenka Šepsová,lenka sepsova,Lenka,Šepsová,F
psp:osoba:3683,3683,Peter Serenčés,peter serences,Peter,Serenčés,M
psp:osoba:3684,3684,Bohumil Servus,bohumil servus,Bohumil,Servus,M
psp:osoba:3685,3685,Samuel Ševčik,samuel sevcik,Samuel,Ševčik,M
psp:osoba:3686,3686,Ján Ševčík,jan sevcik,Ján,Ševčík,M
psp:osoba:3687,3687,Josef Ševčík,josef sevcik,Josef,Ševčík,M
psp:osoba:3688,3688,Vincenc Ševčík,vincenc sevcik,Vincenc,Ševčík,M
psp:osoba:3689,3689,Vlastimil Ševčík,vlastimil sevcik,Vlastimil,Ševčík,M
psp:osoba:3690,3690,Anna Ševčíková,anna sevcikova,Anna,Ševčíková,F
psp:osoba:3691,3691,Karol Sevejáni,karol sevejani,Karol,Sevejáni,M
psp:osoba:3692,3692,Jozef Šgorica,jozef sgorica,Jozef,Šgorica,M
psp:osoba:3693,3693,Anton Schäfer,anton schafer,Anton,Schäfer,M
psp:osoba:3694,3694,Robert Schälzky,robert schalzky,Robert,Schälzky,M
psp:osoba:3695,3695,Georg Scharnagl,georg scharnagl,Georg,Scharnagl,M
psp:osoba:3696,3696,Josef Scheiner,josef scheiner,Josef,Scheiner,M
psp:osoba:3697,3697,Florian Schenk,florian schenk,Florian,Schenk,M
psp:osoba:3698,3698,Josef Schieszl,josef schieszl,Josef,Schieszl,M
psp:osoba:3699,3699,Rudolf Schiller,rudolf schiller,Rudolf,Schiller,M
psp:osoba:3700,3700,Anton Schlusche,anton schlusche,Anton,Schlusche,M
psp:osoba:3701,3701,Anton Schmerda,anton schmerda,Anton,Schmerda,M
psp:osoba:3702,3702,Karol Schmidke,karol schmidke,Karol,Schmidke,M
psp:osoba:3703,3703,Viliam Schmidt,viliam schmidt,Viliam,Schmidt,M
psp:osoba:3704,3704,Jiří Schneider,jiri schneider,Jiří,Schneider,M
psp:osoba:3705,3705,Rudolf Schneider,rudolf schneider,Rudolf,Schneider,M
psp:osoba:3706,3706,Ernst Schollich,ernst schollich,Ernst,Schollich,M
psp:osoba:3707,3707,Franz Schreiber,franz schreiber,Franz,Schreiber,M
psp:osoba:3708,3708,Leo Schubert,leo schubert,Leo,Schubert,M
psp:osoba:3709,3709,Ottakar Schubert,ottakar schubert,Ottakar,Schubert,M
psp:osoba:3710,3710,Ignác Schulcz,ignac schulcz,Ignác,Schulcz,M
psp:osoba:3711,3711,Jaroslav Schuster,jaroslav schuster,Jaroslav,Schuster,M
psp:osoba:3712,3712,Karl Schuster,karl schuster,Karl,Schuster,M
psp:osoba:3713,3713,Johann Schütz,johann schutz,Johann,Schütz,M
psp:osoba:3714,3714,František Schwarz,frantisek schwarz,František,Schwarz,M
psp:osoba:3715,3715,Rudolf Schwarz,rudolf schwarz,Rudolf,Schwarz,M
psp:osoba:3716,3716,Josef Schweichhart,josef schweichhart,Josef,Schweichhart,M
psp:osoba:3717,3717,Mikuláš Šidík,mikulas sidik,Mikuláš,Šidík,M
psp:osoba:3718,3718,Zoltán Sidó,zoltan sido,Zoltán,Sidó,M
psp:osoba:3719,3719,Karol Sidor,karol sidor,Karol,Sidor,M
psp:osoba:3720,3720,Viktor Sidor,viktor sidor,Viktor,Sidor,M
psp:osoba:3721,3721,Hieronymus Siegel,hieronymus siegel,Hieronymus,Siegel,M
psp:osoba:3722,3722,František Šik,frantisek sik,František,Šik,M
psp:osoba:3723,3723,Jarmila Šikolová,jarmila sikolova,Jarmila,Šikolová,F
psp:osoba:3724,3724,Věněk Šilhán,venek silhan,Věněk,Šilhán,M
psp:osoba:3725,3725,Eva Silvanová,eva silvanova,Eva,Silvanová,F
psp:osoba:3726,3726,Jan Šimánek,jan simanek,Jan,Šimánek,M
psp:osoba:3727,3727,Václav Šimánek,vaclav simanek,Václav,Šimánek,M
psp:osoba:3728,3728,Josef Šimeček,josef simecek,Josef,Šimeček,M
psp:osoba:3729,3729,Božena Šimečková,bozena simeckova,Božena,Šimečková,F
psp:osoba:3730,3730,Irena Šimečková,irena simeckova,Irena,Šimečková,F
psp:osoba:3731,3731,Františka Šimegová,frantiska simegova,Františka,Šimegová,F
psp:osoba:3732,3732,Jan Šimek,jan simek,Jan,Šimek,M
psp:osoba:3733,3733,Vladimír Šimek,vladimir simek,Vladimír,Šimek,M
psp:osoba:3734,3734,Eduard Šimko,eduard simko,Eduard,Šimko,M
psp:osoba:3735,3735,Ivan Šimko,ivan simko,Ivan,Šimko,M
psp:osoba:3736,3736,Július Šimko,julius simko,Július,Šimko,M
psp:osoba:3737,3737,Hugo Simm,hugo simm,Hugo,Simm,M
psp:osoba:3738,3738,Bohumil Šimon,bohumil simon,Bohumil,Šimon,M
psp:osoba:3739,3739,Jaroslav Šimon,jaroslav simon,Jaroslav,Šimon,M
psp:osoba:3740,3740,Josef Šimon,josef simon,Josef,Šimon,M
psp:osoba:3741,3741,Karel Šimon,karel simon,Karel,Šimon,M
psp:osoba:3742,3742,Ján Šimonek,jan simonek,Ján,Šimonek,M
psp:osoba:3743,3743,Pavla Šimonková,pavla simonkova,Pavla,Šimonková,F
psp:osoba:3744,3744,Anna Šímová,anna simova,Anna,Šímová,F
psp:osoba:3745,3745,Otakar Šimůnek,otakar simunek,Otakar,Šimůnek,M
psp:osoba:3746,3746,Jaroslava Šimůnková,jaroslava simunkova,Jaroslava,Šimůnková,F
psp:osoba:3747,3747,Júlia Šimurdová,julia simurdova,Júlia,Šimurdová,F
psp:osoba:3748,3748,Jozef Šimúth,jozef simuth,Jozef,Šimúth,M
psp:osoba:3749,3749,Lubomír Šindelář,lubomir sindelar,Lubomír,Šindelář,M
psp:osoba:3750,3750,Marie Šindlerová,marie sindlerova,Marie,Šindlerová,F
psp:osoba:3751,3751,Ludvík Singer,ludvik singer,Ludvík,Singer,M
psp:osoba:3752,3752,Václav Sinkule,vaclav sinkule,Václav,Sinkule,M
psp:osoba:3753,3753,Augustin Šíp,augustin sip,Augustin,Šíp,M
psp:osoba:3754,3754,Václav Šípek,vaclav sipek,Václav,Šípek,M
psp:osoba:3755,3755,Viliam Široký,viliam siroky,Viliam,Široký,M
psp:osoba:3756,3756,František Sís,frantisek sis,František,Sís,M
psp:osoba:3757,3757,Karol Šiška,karol siska,Karol,Šiška,M
psp:osoba:3758,3758,Lubomír Šiška,lubomir siska,Lubomír,Šiška,M
psp:osoba:3759,3759,Ľudovít Šiška,ludovit siska,Ľudovít,Šiška,M
psp:osoba:3760,3760,Jan Sivák,jan sivak,Jan,Sivák,M
psp:osoba:3761,3761,Jozef Sivák,jozef sivak,Jozef,Sivák,M
psp:osoba:3762,3762,František Skácel,frantisek skacel,František,Skácel,M
psp:osoba:3763,3763,Anna Skácelová,anna skacelova,Anna,Skácelová,F
psp:osoba:3764,3764,Čestmír Skála,cestmir skala,Čestmír,Skála,M
psp:osoba:3765,3765,Ivan Skála,ivan skala,Ivan,Skála,M
psp:osoba:3766,3766,Ivo Skála,ivo skala,Ivo,Skála,M
psp:osoba:3767,3767,Ludvík Skála,ludvik skala,Ludvík,Skála,M
psp:osoba:3768,3768,Josef Skalák,josef skalak,Josef,Skalák,M
psp:osoba:3769,3769,Marta Skarlandtová,marta skarlandtova,Marta,Skarlandtová,F
psp:osoba:3770,3770,Olga Škarydková,olga skarydkova,Olga,Škarydková,F
psp:osoba:3771,3771,Ladislav Skaunic,ladislav skaunic,Ladislav,Skaunic,M
psp:osoba:3772,3772,Františka Skaunicová,frantiska skaunicova,Františka,Skaunicová,F
psp:osoba:3773,3773,Josef Sklenář,josef sklenar,Josef,Sklenář,M
psp:osoba:3774,3774,Marie Sklenářová,marie sklenarova,Marie,Sklenářová,F
psp:osoba:3775,3775,Jan Škoda,jan skoda,Jan,Škoda,M
psp:osoba:3776,3776,Josef Škoda,josef skoda,Josef,Škoda,M
psp:osoba:3777,3777,Oldřich Škoda,oldrich skoda,Oldřich,Škoda,M
psp:osoba:3778,3778,Václav Škoda,vaclav skoda,Václav,Škoda,M
psp:osoba:3779,3779,Vlasta Škodová,vlasta skodova,Vlasta,Škodová,F
psp:osoba:3780,3780,Čeněk Skokánek,cenek skokanek,Čeněk,Skokánek,M
psp:osoba:3781,3781,František Škola,frantisek skola,František,Škola,M
psp:osoba:3782,3782,Jaroslav Skopal,jaroslav skopal,Jaroslav,Skopal,M
psp:osoba:3783,3783,Josef Skopal,josef skopal,Josef,Skopal,M
psp:osoba:3784,3784,Martin Skopal-Procházka,martin skopal-prochazka,Martin,Skopal-Procházka,M
psp:osoba:3785,3785,Mária Škopová,maria skopova,Mária,Škopová,F
psp:osoba:3786,3786,Jarmila Škorcová-Svršková,jarmila skorcova-svrskova,Jarmila,Škorcová-Svršková,F
psp:osoba:3787,3787,Jiří Skorkovský,jiri skorkovsky,Jiří,Skorkovský,M
psp:osoba:3788,3788,Josef Skotek,josef skotek,Josef,Skotek,M
psp:osoba:3789,3789,Alois Skotnica,alois skotnica,Alois,Skotnica,M
psp:osoba:3790,3790,Alois Skoupý,alois skoupy,Alois,Skoupý,M
psp:osoba:3791,3791,Šimon Škoviera,simon skoviera,Šimon,Škoviera,M
psp:osoba:3792,3792,Karel Skramuský,karel skramusky,Karel,Skramuský,M
psp:osoba:3793,3793,Jiří Skřivan,jiri skrivan,Jiří,Skřivan,M
psp:osoba:3794,3794,Zdeňka Skřivánková,zdenka skrivankova,Zdeňka,Skřivánková,F
psp:osoba:3795,3795,Růžena Skřivanová,ruzena skrivanova,Růžena,Skřivanová,F
psp:osoba:3796,3796,Barbora Škrlantová,barbora skrlantova,Barbora,Škrlantová,F
psp:osoba:3797,3797,Jan Škrobánek,jan skrobanek,Jan,Škrobánek,M
psp:osoba:3798,3798,Richard Škrobánek,richard skrobanek,Richard,Škrobánek,M
psp:osoba:3799,3799,Marie Skuhrovcová,marie skuhrovcova,Marie,Skuhrovcová,F
psp:osoba:3800,3800,Jozef Škula,jozef skula,Jozef,Škula,M
psp:osoba:3801,3801,Ján Škultéty,jan skultety,Ján,Škultéty,M
psp:osoba:3802,3802,Valentin Skurský,valentin skursky,Valentin,Skurský,M
psp:osoba:3803,3803,Jan Škvor,jan skvor,Jan,Škvor,M
psp:osoba:3804,3804,Drahomíra Slabá,drahomira slaba,Drahomíra,Slabá,F
psp:osoba:3805,3805,Antonín Sládek,antonin sladek,Antonín,Sládek,M
psp:osoba:3806,3806,Bohumil Sládek,bohumil sladek,Bohumil,Sládek,M
psp:osoba:3807,3807,Václav Sládek,vaclav sladek,Václav,Sládek,M
psp:osoba:3808,3808,Jaroslava Sládková,jaroslava sladkova,Jaroslava,Sládková,F
psp:osoba:3809,3809,Václav Sladký,vaclav sladky,Václav,Sladký,M
psp:osoba:3810,3810,Bohuslav Šlahař,bohuslav slahar,Bohuslav,Šlahař,M
psp:osoba:3811,3811,Věroslav Sláma,veroslav slama,Věroslav,Sláma,M
psp:osoba:3812,3812,Zdenka Slámová,zdenka slamova,Zdenka,Slámová,F
psp:osoba:3813,3813,Marie Slámová-Kettnerová,marie slamova-kettnerova,Marie,Slámová-Kettnerová,F
psp:osoba:3814,3814,Rudolf Slánský,rudolf slansky,Rudolf,Slánský,M
psp:osoba:3815,3815,Václav Šlapák,vaclav slapak,Václav,Šlapák,M
psp:osoba:3816,3816,Gejza Šlapka,gejza slapka,Gejza,Šlapka,M
psp:osoba:3817,3817,Jaromír Šlápota,jaromir slapota,Jaromír,Šlápota,M
psp:osoba:3818,3818,Jaroslav Sláva,jaroslav slava,Jaroslav,Sláva,M
psp:osoba:3819,3819,Milan Slavětínský,milan slavetinsky,Milan,Slavětínský,M
psp:osoba:3820,3820,Antonín Slavíček,antonin slavicek,Antonín,Slavíček,M
psp:osoba:3821,3821,Jan Slavíček,jan slavicek,Jan,Slavíček,M
psp:osoba:3822,3822,Antonín Slavík,antonin slavik,Antonín,Slavík,M
psp:osoba:3823,3823,Blahoslav Slavík,blahoslav slavik,Blahoslav,Slavík,M
psp:osoba:3824,3824,Lubomír Slavík,lubomir slavik,Lubomír,Slavík,M
psp:osoba:3825,3825,Miroslav Slavík,miroslav slavik,Miroslav,Slavík,M
psp:osoba:3826,3826,Dušan Slávik,dusan slavik,Dušan,Slávik,M
psp:osoba:3828,3828,Juraj Slávik,juraj slavik,Juraj,Slávik,M
psp:osoba:3829,3829,Michal Slávik,michal slavik,Michal,Slávik,M
psp:osoba:3830,3830,Anastázie Slavíková,anastazie slavikova,Anastázie,Slavíková,F
psp:osoba:3831,3831,Emanuel Šlechta,emanuel slechta,Emanuel,Šlechta,M
psp:osoba:3832,3832,Jaroslav Šlézar,jaroslav slezar,Jaroslav,Šlézar,M
psp:osoba:3833,3833,Otto Šling,otto sling,Otto,Šling,M
psp:osoba:3834,3834,Leopold Slíva,leopold sliva,Leopold,Slíva,M
psp:osoba:3835,3835,Július Slivenský,julius slivensky,Július,Slivenský,M
psp:osoba:3836,3836,Michal Slivka,michal slivka,Michal,Slivka,M
psp:osoba:3837,3837,Erich Sloboda,erich sloboda,Erich,Sloboda,M
psp:osoba:3838,3838,Dušan Slobodník,dusan slobodnik,Dušan,Slobodník,M
psp:osoba:3839,3839,Ján Slota,jan slota,Ján,Slota,M
psp:osoba:3840,3840,Miroslav Šlouf,miroslav slouf,Miroslav,Šlouf,M
psp:osoba:3841,3841,Jiřina Sloupová,jirina sloupova,Jiřina,Sloupová,F
psp:osoba:3842,3842,Miloslav Slováček,miloslav slovacek,Miloslav,Slováček,M
psp:osoba:3843,3843,Bohumil Sluka,bohumil sluka,Bohumil,Sluka,M
psp:osoba:3844,3844,Jan Sluka,jan sluka,Jan,Sluka,M
psp:osoba:3845,3845,Koloman Slušný,koloman slusny,Koloman,Slušný,M
psp:osoba:3846,3846,Alexander Šmátrala,alexander smatrala,Alexander,Šmátrala,M
psp:osoba:3847,3847,Jaroslav Šmehlík,jaroslav smehlik,Jaroslav,Šmehlík,M
psp:osoba:3848,3848,Jaroslava Šmehlíková,jaroslava smehlikova,Jaroslava,Šmehlíková,F
psp:osoba:3849,3849,Ludmila Šmehlíková,ludmila smehlikova,Ludmila,Šmehlíková,F
psp:osoba:3850,3850,Milena Šmejcová,milena smejcova,Milena,Šmejcová,F
psp:osoba:3851,3851,Oldřich Smejkal,oldrich smejkal,Oldřich,Smejkal,M
psp:osoba:3852,3852,Josefa Smejkalová,josefa smejkalova,Josefa,Smejkalová,F
psp:osoba:3853,3853,Blažena Šmejkalová,blazena smejkalova,Blažena,Šmejkalová,F
psp:osoba:3854,3854,Zdeněk Smékal,zdenek smekal,Zdeněk,Smékal,M
psp:osoba:3855,3855,Zdeněk Smělík,zdenek smelik,Zdeněk,Smělík,M
psp:osoba:3856,3856,Bohumír Šmeral,bohumir smeral,Bohumír,Šmeral,M
psp:osoba:3857,3857,Rudolf Smetánka,rudolf smetanka,Rudolf,Smetánka,M
psp:osoba:3858,3858,Pavel Šmíd,pavel smid,Pavel,Šmíd,M
psp:osoba:3859,3859,Marek Smida,marek smida,Marek,Smida,M
psp:osoba:3860,3860,Jindřich Šmída,jindrich smida,Jindřich,Šmída,M
psp:osoba:3861,3861,Karol Šmidke,karol smidke,Karol,Šmidke,M
psp:osoba:3862,3862,Emilie Šmidková,emilie smidkova,Emilie,Šmidková,F
psp:osoba:3863,3863,Ján Smilka,jan smilka,Ján,Smilka,M
psp:osoba:3864,3864,Miroslav Šmok,miroslav smok,Miroslav,Šmok,M
psp:osoba:3865,3865,Josef Smola,josef smola,Josef,Smola,M
psp:osoba:3866,3866,Ján Smolec,jan smolec,Ján,Smolec,M
psp:osoba:3867,3867,Marie Smolíková,marie smolikova,Marie,Smolíková,F
psp:osoba:3868,3868,Marie Šmotková,marie smotkova,Marie,Šmotková,F
psp:osoba:3869,3869,Ladislav Smrčka,ladislav smrcka,Ladislav,Smrčka,M
psp:osoba:3870,3870,Josef Smrkovský,josef smrkovsky,Josef,Smrkovský,M
psp:osoba:3871,3871,Josef Smrtka,josef smrtka,Josef,Smrtka,M
psp:osoba:3872,3872,Kornel Smržík,kornel smrzik,Kornel,Smržík,M
psp:osoba:3873,3873,Rudolf Smutný,rudolf smutny,Rudolf,Smutný,M
psp:osoba:3874,3874,Liběna Snížková,libena snizkova,Liběna,Snížková,F
psp:osoba:3875,3875,Jindřich Šnobl,jindrich snobl,Jindřich,Šnobl,M
psp:osoba:3876,3876,Viliam Soboňa,viliam sobona,Viliam,Soboňa,M
psp:osoba:3877,3877,Olga Sobotníková,olga sobotnikova,Olga,Sobotníková,F
psp:osoba:3878,3878,Marie Sobotová,marie sobotova,Marie,Sobotová,F
psp:osoba:3879,3879,František Sodoma,frantisek sodoma,František,Sodoma,M
psp:osoba:3880,3880,Anton Sogl,anton sogl,Anton,Sogl,M
psp:osoba:3881,3881,Peter Socha,peter socha,Peter,Socha,M
psp:osoba:3882,3882,Rostislav Sochorec,rostislav sochorec,Rostislav,Sochorec,M
psp:osoba:3883,3883,Karel Sokol,karel sokol,Karel,Sokol,M
psp:osoba:3884,3884,Martin Sokol,martin sokol,Martin,Sokol,M
psp:osoba:3885,3885,Jan Šolc,jan solc,Jan,Šolc,M
psp:osoba:3886,3886,Jaroslav Šolc,jaroslav solc,Jaroslav,Šolc,M
psp:osoba:3887,3887,Marta Solčanská,marta solcanska,Marta,Solčanská,F
psp:osoba:3888,3888,Mária Solčányová,maria solcanyova,Mária,Solčányová,F
psp:osoba:3889,3889,Miloslav Soldát,miloslav soldat,Miloslav,Soldát,M
psp:osoba:3890,3890,Petr Solfronk,petr solfronk,Petr,Solfronk,M
psp:osoba:3891,3891,Josef Šolle,josef solle,Josef,Šolle,M
psp:osoba:3892,3892,Michal Šoltés,michal soltes,Michal,Šoltés,M
psp:osoba:3893,3893,Jozef Šoltész,jozef soltesz,Jozef,Šoltész,M
psp:osoba:3894,3894,Andrej Šoltys,andrej soltys,Andrej,Šoltys,M
psp:osoba:3895,3895,Alexander Sommer,alexander sommer,Alexander,Sommer,M
psp:osoba:3896,3896,Břetislav Sommer,bretislav sommer,Břetislav,Sommer,M
psp:osoba:3897,3897,Jindřich Sommer,jindrich sommer,Jindřich,Sommer,M
psp:osoba:3898,3898,Kuneš Sonntág,kunes sonntag,Kuneš,Sonntág,M
psp:osoba:3899,3899,Juraj Sopko,juraj sopko,Juraj,Sopko,M
psp:osoba:3900,3900,Václav Sopr,vaclav sopr,Václav,Sopr,M
psp:osoba:3901,3901,Ladislav Šorec,ladislav sorec,Ladislav,Šorec,M
psp:osoba:3902,3902,František Šorm,frantisek sorm,František,Šorm,M
psp:osoba:3903,3903,Rút Šormová,rut sormova,Rút,Šormová,F
psp:osoba:3904,3904,Jura Sosnák-Honzák,jura sosnak-honzak,Jura,Sosnák-Honzák,M
psp:osoba:3905,3905,Jaroslav Sosnar,jaroslav sosnar,Jaroslav,Sosnar,M
psp:osoba:3906,3906,Gustav Souček,gustav soucek,Gustav,Souček,M
psp:osoba:3907,3907,Jiří Souček,jiri soucek,Jiří,Souček,M
psp:osoba:3908,3908,Alois Soukup,alois soukup,Alois,Soukup,M
psp:osoba:3909,3909,František Soukup,frantisek soukup,František,Soukup,M
psp:osoba:3910,3910,Jiří Soukup,jiri soukup,Jiří,Soukup,M
psp:osoba:3911,3911,Josef Soukup,josef soukup,Josef,Soukup,M
psp:osoba:3912,3912,Ladislav Soukup,ladislav soukup,Ladislav,Soukup,M
psp:osoba:3913,3913,Václav Soukup,vaclav soukup,Václav,Soukup,M
psp:osoba:3914,3914,Jan Sova,jan sova,Jan,Sova,M
psp:osoba:3915,3915,Václav Sova,vaclav sova,Václav,Sova,M
psp:osoba:3916,3916,František Špaček,frantisek spacek,František,Špaček,M
psp:osoba:3917,3917,Jaromír Špaček,jaromir spacek,Jaromír,Špaček,M
psp:osoba:3918,3918,Josef Špaček,josef spacek,Josef,Špaček,M
psp:osoba:3919,3919,Bedřich Spáčil,bedrich spacil,Bedřich,Spáčil,M
psp:osoba:3920,3920,Tomáš Spáčil,tomas spacil,Tomáš,Spáčil,M
psp:osoba:3921,3921,Anna Špačková,anna spackova,Anna,Špačková,F
psp:osoba:3922,3922,Dušan Špálovský,dusan spalovsky,Dušan,Špálovský,M
psp:osoba:3923,3923,Miroslav Španiel,miroslav spaniel,Miroslav,Španiel,M
psp:osoba:3924,3924,Július Špánik,julius spanik,Július,Špánik,M
psp:osoba:3925,3925,Jan Špaňúr,jan spanur,Jan,Špaňúr,M
psp:osoba:3926,3926,Luboš Špáta,lubos spata,Luboš,Špáta,M
psp:osoba:3927,3927,Emil Špatný,emil spatny,Emil,Špatný,M
psp:osoba:3928,3928,Ján Spevák,jan spevak,Ján,Spevák,M
psp:osoba:3929,3929,Ludmila Spěváková,ludmila spevakova,Ludmila,Spěváková,F
psp:osoba:3930,3930,Petr Spilka,petr spilka,Petr,Spilka,M
psp:osoba:3931,3931,Franz Spina,franz spina,Franz,Spina,M
psp:osoba:3932,3932,Matěj Špindler,matej spindler,Matěj,Špindler,M
psp:osoba:3933,3933,Emil Spišák,emil spisak,Emil,Spišák,M
psp:osoba:3934,3934,Václav Šplíchal,vaclav splichal,Václav,Šplíchal,M
psp:osoba:3935,3935,Marie Šplíchalová,marie splichalova,Marie,Šplíchalová,F
psp:osoba:3936,3936,Erich Springer,erich springer,Erich,Springer,M
psp:osoba:3937,3937,František Šrámek,frantisek sramek,František,Šrámek,M
psp:osoba:3938,3938,Jan Šrámek,jan sramek,Jan,Šrámek,M
psp:osoba:3939,3939,Alena Šrámková,alena sramkova,Alena,Šrámková,F
psp:osoba:3940,3940,Jaroslav Srb,jaroslav srb,Jaroslav,Srb,M
psp:osoba:3941,3941,Antonín Srba,antonin srba,Antonín,Srba,M
psp:osoba:3942,3942,Otakar Srdínko,otakar srdinko,Otakar,Srdínko,M
psp:osoba:3943,3943,Hana Šrédlová,hana sredlova,Hana,Šrédlová,F
psp:osoba:3944,3944,Pavel Šremr,pavel sremr,Pavel,Šremr,M
psp:osoba:3945,3945,Benjamín Šrenkel,benjamin srenkel,Benjamín,Šrenkel,M
psp:osoba:3946,3946,Jan Srnec,jan srnec,Jan,Srnec,M
psp:osoba:3947,3947,Vavro Šrobár,vavro srobar,Vavro,Šrobár,M
psp:osoba:3948,3948,František Štafa,frantisek stafa,František,Štafa,M
psp:osoba:3949,3949,Václav Štáfek,vaclav stafek,Václav,Štáfek,M
psp:osoba:3950,3950,Bohuslav Stainer,bohuslav stainer,Bohuslav,Stainer,M
psp:osoba:3951,3951,František Štambachr,frantisek stambachr,František,Štambachr,M
psp:osoba:3952,3952,Vilém Štambera,vilem stambera,Vilém,Štambera,M
psp:osoba:3953,3953,Miloslav Štancel,miloslav stancel,Miloslav,Štancel,M
psp:osoba:3954,3954,Michal Štanceľ,michal stancel,Michal,Štanceľ,M
psp:osoba:3955,3955,Jiří Štancl,jiri stancl,Jiří,Štancl,M
psp:osoba:3956,3956,Jan Štandl,jan standl,Jan,Štandl,M
psp:osoba:3957,3957,František Staněk,frantisek stanek,František,Staněk,M
psp:osoba:3958,3958,František Staněk,frantisek stanek,František,Staněk,M
psp:osoba:3959,3959,Wenzel Staněk,wenzel stanek,Wenzel,Staněk,M
psp:osoba:3960,3960,Georg Stangl,georg stangl,Georg,Stangl,M
psp:osoba:3961,3961,František Stanislav,frantisek stanislav,František,Stanislav,M
psp:osoba:3962,3962,Jozef Stank,jozef stank,Jozef,Stank,M
psp:osoba:3963,3963,Hana Stará,hana stara,Hana,Stará,F
psp:osoba:3964,3964,Václav Starec,vaclav starec,Václav,Starec,M
psp:osoba:3965,3965,Danica Stárková,danica starkova,Danica,Stárková,F
psp:osoba:3966,3966,Adolf Starý,adolf stary,Adolf,Starý,M
psp:osoba:3967,3967,Jan Starý,jan stary,Jan,Starý,M
psp:osoba:3968,3968,Jiří Starý,jiri stary,Jiří,Starý,M
psp:osoba:3969,3969,Bohumil Stašek,bohumil stasek,Bohumil,Stašek,M
psp:osoba:3970,3970,Jozef Staško,jozef stasko,Jozef,Staško,M
psp:osoba:3971,3971,Miluša Staškovanová,milusa staskovanova,Miluša,Staškovanová,F
psp:osoba:3972,3972,Věra Šťastná,vera stastna,Věra,Šťastná,F
psp:osoba:3973,3973,Bedřich Šťastný,bedrich stastny,Bedřich,Šťastný,M
psp:osoba:3974,3974,Václav Šťastný,vaclav stastny,Václav,Šťastný,M
psp:osoba:3975,3975,Helena Štecková,helena steckova,Helena,Štecková,F
psp:osoba:3976,3976,Augustin Štefan,augustin stefan,Augustin,Štefan,M
psp:osoba:3977,3977,František Štefan,frantisek stefan,František,Štefan,M
psp:osoba:3978,3978,Anton Štefánek,anton stefanek,Anton,Štefánek,M
psp:osoba:3979,3979,Ján Štefaničiak,jan stefaniciak,Ján,Štefaničiak,M
psp:osoba:3980,3980,František Štefánik,frantisek stefanik,František,Štefánik,M
psp:osoba:3981,3981,Ivan Štefánik,ivan stefanik,Ivan,Štefánik,M
psp:osoba:3982,3982,Marián Štefánik,marian stefanik,Marián,Štefánik,M
psp:osoba:3983,3983,Milan Štefánik,milan stefanik,Milan,Štefánik,M
psp:osoba:3984,3984,Milan Štefanovič,milan stefanovic,Milan,Štefanovič,M
psp:osoba:3985,3985,Bedřich Steiner,bedrich steiner,Bedřich,Steiner,M
psp:osoba:3986,3986,Gábriel Steiner,gabriel steiner,Gábriel,Steiner,M
psp:osoba:3987,3987,Jaroslav Stejskal,jaroslav stejskal,Jaroslav,Stejskal,M
psp:osoba:3988,3988,Josef Stejskal,josef stejskal,Josef,Stejskal,M
psp:osoba:3990,3990,Josef Stejskal,josef stejskal,Josef,Stejskal,M
psp:osoba:3991,3991,Ladislav Stejskal,ladislav stejskal,Ladislav,Stejskal,M
psp:osoba:3992,3992,Karel Štekl,karel stekl,Karel,Štekl,M
psp:osoba:3993,3993,Ján Štencl,jan stencl,Ján,Štencl,M
psp:osoba:3994,3994,Jozef Štenchlák,jozef stenchlak,Jozef,Štenchlák,M
psp:osoba:3995,3995,Alois Stenzl,alois stenzl,Alois,Stenzl,M
psp:osoba:3996,3996,Bohumil Štěpán,bohumil stepan,Bohumil,Štěpán,M
psp:osoba:3997,3997,Miroslav Štěpán,miroslav stepan,Miroslav,Štěpán,M
psp:osoba:3998,3998,Josef Štěpánek,josef stepanek,Josef,Štěpánek,M
psp:osoba:3999,3999,Martin O. Štěpánek,martin o. stepanek,Martin O.,Štěpánek,M
psp:osoba:4000,4000,Petr Štěpánek,petr stepanek,Petr,Štěpánek,M
psp:osoba:4001,4001,Stanislav Štěpánek,stanislav stepanek,Stanislav,Štěpánek,M
psp:osoba:4002,4002,Vratislav Štěpánek,vratislav stepanek,Vratislav,Štěpánek,M
psp:osoba:4003,4003,Anna Štěpánková,anna stepankova,Anna,Štěpánková,F
psp:osoba:4004,4004,Jarmila Štěpničková,jarmila stepnickova,Jarmila,Štěpničková,F
psp:osoba:4005,4005,Václav Štěrba,vaclav sterba,Václav,Štěrba,M
psp:osoba:4006,4006,Viktor Stern,viktor stern,Viktor,Stern,M
psp:osoba:4007,4007,Jan Štern,jan stern,Jan,Štern,M
psp:osoba:4008,4008,Josef Štětka,josef stetka,Josef,Štětka,M
psp:osoba:4009,4009,Jaromír Stibic,jaromir stibic,Jaromír,Stibic,M
psp:osoba:4010,4010,Anna Stibůrková,anna stiburkova,Anna,Stibůrková,F
psp:osoba:4011,4011,Vladimír Štička,vladimir sticka,Vladimír,Štička,M
psp:osoba:4012,4012,Václav Stieber,vaclav stieber,Václav,Stieber,M
psp:osoba:4013,4013,Emília Štifterová,emilia stifterova,Emília,Štifterová,F
psp:osoba:4014,4014,Karel Štindl,karel stindl,Karel,Štindl,M
psp:osoba:4015,4015,Josef Stivín,josef stivin,Josef,Stivín,M
psp:osoba:4016,4016,Václav Štix,vaclav stix,Václav,Štix,M
psp:osoba:4017,4017,Věra Stočková,vera stockova,Věra,Stočková,F
psp:osoba:4018,4018,Kornel Stodola,kornel stodola,Kornel,Stodola,M
psp:osoba:4019,4019,Antonín Stojan,antonin stojan,Antonín,Stojan,M
psp:osoba:4020,4020,Zdeněk Stolař,zdenek stolar,Zdeněk,Stolař,M
psp:osoba:4021,4021,Václav Štolba,vaclav stolba,Václav,Štolba,M
psp:osoba:4022,4022,Ladislav Štoll,ladislav stoll,Ladislav,Štoll,M
psp:osoba:4023,4023,Karol Stome,karol stome,Karol,Stome,M
psp:osoba:4024,4024,Ferdinand Stopka,ferdinand stopka,Ferdinand,Stopka,M
psp:osoba:4025,4025,Miloslav Štorkán,miloslav storkan,Miloslav,Štorkán,M
psp:osoba:4026,4026,Miroslav Štorkán,miroslav storkan,Miroslav,Štorkán,M
psp:osoba:4027,4027,Viktor Stoupal,viktor stoupal,Viktor,Stoupal,M
psp:osoba:4028,4028,Antonín Štourač,antonin stourac,Antonín,Štourač,M
psp:osoba:4029,4029,Slavomír Stračár,slavomir stracar,Slavomír,Stračár,M
psp:osoba:4030,4030,Anton Straka,anton straka,Anton,Straka,M
psp:osoba:4031,4031,František Straka,frantisek straka,František,Straka,M
psp:osoba:4032,4032,Josef Straňák,josef stranak,Josef,Straňák,M
psp:osoba:4033,4033,Jaroslava Stránská,jaroslava stranska,Jaroslava,Stránská,F
psp:osoba:4034,4034,Adolf Stránský,adolf stransky,Adolf,Stránský,M
psp:osoba:4035,4035,Jan Stránský,jan stransky,Jan,Stránský,M
psp:osoba:4036,4036,Jaroslav Stránský,jaroslav stransky,Jaroslav,Stránský,M
psp:osoba:4037,4037,Jiří Stránský,jiri stransky,Jiří,Stránský,M
psp:osoba:4038,4038,Zdeněk Stránský,zdenek stransky,Zdeněk,Stránský,M
psp:osoba:4039,4039,Jiří Strašek,jiri strasek,Jiří,Strašek,M
psp:osoba:4040,4040,Jozef Štrauch,jozef strauch,Jozef,Štrauch,M
psp:osoba:4041,4041,Peter Štrba,peter strba,Peter,Štrba,M
psp:osoba:4042,4042,Mária Štrbová,maria strbova,Mária,Štrbová,F
psp:osoba:4043,4043,Ján Strcula,jan strcula,Ján,Strcula,M
psp:osoba:4044,4044,Rudolf Strechaj,rudolf strechaj,Rudolf,Strechaj,M
psp:osoba:4045,4045,Jiří Stříbrný,jiri stribrny,Jiří,Stříbrný,M
psp:osoba:4046,4046,Ivana Stříbrská,ivana stribrska,Ivana,Stříbrská,F
psp:osoba:4047,4047,Jindřiška Strnadová,jindriska strnadova,Jindřiška,Strnadová,F
psp:osoba:4048,4048,Jozef Štromp,jozef stromp,Jozef,Štromp,M
psp:osoba:4049,4049,Vladimír Štroner,vladimir stroner,Vladimír,Štroner,M
psp:osoba:4050,4050,Lubomír Štrougal,lubomir strougal,Lubomír,Štrougal,M
psp:osoba:4051,4051,Františka Strouhalová,frantiska strouhalova,Františka,Strouhalová,F
psp:osoba:4052,4052,Věra Stuchlíková,vera stuchlikova,Věra,Stuchlíková,F
psp:osoba:4053,4053,Alois Štůla,alois stula,Alois,Štůla,M
psp:osoba:4054,4054,Josefa Stulíková,josefa stulikova,Josefa,Stulíková,F
psp:osoba:4055,4055,Štefan Stunda,stefan stunda,Štefan,Stunda,M
psp:osoba:4056,4056,Svetozár Štúr,svetozar stur,Svetozár,Štúr,M
psp:osoba:4057,4057,František Stütz,frantisek stutz,František,Stütz,M
psp:osoba:4058,4058,Valja Stýblová,valja styblova,Valja,Stýblová,F
psp:osoba:4059,4059,Jozef Styk,jozef styk,Jozef,Styk,M
psp:osoba:4060,4060,Bedřich Štyndl,bedrich styndl,Bedřich,Štyndl,M
psp:osoba:4061,4061,Josef Suber,josef suber,Josef,Suber,M
psp:osoba:4062,4062,Jan Šubrt,jan subrt,Jan,Šubrt,M
psp:osoba:4063,4063,Emil Sučko,emil sucko,Emil,Sučko,M
psp:osoba:4064,4064,Michal Šucha,michal sucha,Michal,Šucha,M
psp:osoba:4065,4065,Vladimír Šucha,vladimir sucha,Vladimír,Šucha,M
psp:osoba:4066,4066,Jiří Šůcha,jiri sucha,Jiří,Šůcha,M
psp:osoba:4067,4067,Pavol Suchán,pavol suchan,Pavol,Suchán,M
psp:osoba:4068,4068,František Šuchaň,frantisek suchan,František,Šuchaň,M
psp:osoba:4069,4069,Jaroslav Suchánek,jaroslav suchanek,Jaroslav,Suchánek,M
psp:osoba:4070,4070,Miroslav Suchopárek,miroslav suchoparek,Miroslav,Suchopárek,M
psp:osoba:4071,4071,Oldřich Suchý,oldrich suchy,Oldřich,Suchý,M
psp:osoba:4072,4072,Anděla Sukupová,andela sukupova,Anděla,Sukupová,F
psp:osoba:4073,4073,Stanislav Šulc,stanislav sulc,Stanislav,Šulc,M
psp:osoba:4074,4074,Martin Šulek,martin sulek,Martin,Šulek,M
psp:osoba:4075,4075,Ondrej Súlety,ondrej sulety,Ondrej,Súlety,M
psp:osoba:4076,4076,Mária Šulganová,maria sulganova,Mária,Šulganová,F
psp:osoba:4077,4077,Andělín Šulík,andelin sulik,Andělín,Šulík,M
psp:osoba:4078,4078,František Šulka,frantisek sulka,František,Šulka,M
psp:osoba:4079,4079,Mária Suľovská,maria sulovska,Mária,Suľovská,F
psp:osoba:4080,4080,Ladislav Šupka,ladislav supka,Ladislav,Šupka,M
psp:osoba:4081,4081,Josef Šůral,josef sural,Josef,Šůral,M
psp:osoba:4082,4082,Lájos Surányi,lajos suranyi,Lájos,Surányi,M
psp:osoba:4084,4084,Viktor Šurka,viktor surka,Viktor,Šurka,M
psp:osoba:4085,4085,Jozefa Šurková,jozefa surkova,Jozefa,Šurková,F
psp:osoba:4086,4086,Štefan Suroviak,stefan suroviak,Štefan,Suroviak,M
psp:osoba:4087,4087,František Surový,frantisek surovy,František,Surový,M
psp:osoba:4088,4088,Jaroslav Süsmilich,jaroslav susmilich,Jaroslav,Süsmilich,M
psp:osoba:4089,4089,Josef Šustr,josef sustr,Josef,Šustr,M
psp:osoba:4090,4090,Pavel Šustr,pavel sustr,Pavel,Šustr,M
psp:osoba:4091,4091,Vlasta Šustrová,vlasta sustrova,Vlasta,Šustrová,F
psp:osoba:4092,4092,František Šutaj,frantisek sutaj,František,Šutaj,M
psp:osoba:4093,4093,Věra Šuterová,vera suterova,Věra,Šuterová,F
psp:osoba:4094,4094,Mikuláš Šutka,mikulas sutka,Mikuláš,Šutka,M
psp:osoba:4095,4095,Milan Šútovec,milan sutovec,Milan,Šútovec,M
psp:osoba:4096,4096,Jan Sutr,jan sutr,Jan,Sutr,M
psp:osoba:4097,4097,Hana Sůvová,hana suvova,Hana,Sůvová,F
psp:osoba:4098,4098,Jiřina Sůvová,jirina suvova,Jiřina,Sůvová,F
psp:osoba:4099,4099,Zdenka Sůvová,zdenka suvova,Zdenka,Sůvová,F
psp:osoba:4100,4100,Oldřich Svačina,oldrich svacina,Oldřich,Svačina,M
psp:osoba:4101,4101,Rudolf Švácha,rudolf svacha,Rudolf,Švácha,M
psp:osoba:4102,4102,Anna Svarovská-Vopičková,anna svarovska-vopickova,Anna,Svarovská-Vopičková,F
psp:osoba:4103,4103,Anton Švec,anton svec,Anton,Švec,M
psp:osoba:4104,4104,Peter Švec,peter svec,Peter,Švec,M
psp:osoba:4105,4105,Vlastislav Švec,vlastislav svec,Vlastislav,Švec,M
psp:osoba:4106,4106,Antonín Svěcený,antonin sveceny,Antonín,Svěcený,M
psp:osoba:4107,4107,Antonín Švehla,antonin svehla,Antonín,Švehla,M
psp:osoba:4108,4108,Ladislav Švehla,ladislav svehla,Ladislav,Švehla,M
psp:osoba:4109,4109,Elena Švehlová,elena svehlova,Elena,Švehlová,F
psp:osoba:4110,4110,Jiří Švejda,jiri svejda,Jiří,Švejda,M
psp:osoba:4111,4111,Otakar Svěrčina,otakar svercina,Otakar,Svěrčina,M
psp:osoba:4112,4112,Jan Šverma,jan sverma,Jan,Šverma,M
psp:osoba:4113,4113,Marie Švermová,marie svermova,Marie,Švermová,F
psp:osoba:4114,4114,Bedřich Švestka,bedrich svestka,Bedřich,Švestka,M
psp:osoba:4115,4115,Oldřich Švestka,oldrich svestka,Oldřich,Švestka,M
psp:osoba:4116,4116,Karol Svetlík,karol svetlik,Karol,Svetlík,M
psp:osoba:4117,4117,František Světlík,frantisek svetlik,František,Světlík,M
psp:osoba:4118,4118,Zdenka Švihálková,zdenka svihalkova,Zdenka,Švihálková,F
psp:osoba:4119,4119,Jozef Švirec,jozef svirec,Jozef,Švirec,M
psp:osoba:4120,4120,Irena Švirlochová,irena svirlochova,Irena,Švirlochová,F
psp:osoba:4121,4121,Ivan Sviták,ivan svitak,Ivan,Sviták,M
psp:osoba:4122,4122,Mikuláš Svítek,mikulas svitek,Mikuláš,Svítek,M
psp:osoba:4123,4123,Pavel Svítil,pavel svitil,Pavel,Svítil,M
psp:osoba:4124,4124,Ján Svítok,jan svitok,Ján,Svítok,M
psp:osoba:4125,4125,Adolf Svoboda,adolf svoboda,Adolf,Svoboda,M
psp:osoba:4126,4126,František Svoboda,frantisek svoboda,František,Svoboda,M
psp:osoba:4127,4127,Jan Svoboda,jan svoboda,Jan,Svoboda,M
psp:osoba:4128,4128,Jaroslav Svoboda,jaroslav svoboda,Jaroslav,Svoboda,M
psp:osoba:4129,4129,Jiří Svoboda,jiri svoboda,Jiří,Svoboda,M
psp:osoba:4130,4130,Josef Svoboda,josef svoboda,Josef,Svoboda,M
psp:osoba:4131,4131,Karel Svoboda,karel svoboda,Karel,Svoboda,M
psp:osoba:4132,4132,Ludvík Svoboda,ludvik svoboda,Ludvík,Svoboda,M
psp:osoba:4133,4133,Ludvík Svoboda,ludvik svoboda,Ludvík,Svoboda,M
psp:osoba:4134,4134,Miroslav Svoboda,miroslav svoboda,Miroslav,Svoboda,M
psp:osoba:4135,4135,Oldřich Svoboda,oldrich svoboda,Oldřich,Svoboda,M
psp:osoba:4136,4136,Otakar Svoboda,otakar svoboda,Otakar,Svoboda,M
psp:osoba:4137,4137,René Svoboda,rene svoboda,René,Svoboda,M
psp:osoba:4138,4138,Rudolf Svoboda,rudolf svoboda,Rudolf,Svoboda,M
psp:osoba:4139,4139,Václav Svoboda,vaclav svoboda,Václav,Svoboda,M
psp:osoba:4140,4140,Vratislav Svoboda,vratislav svoboda,Vratislav,Svoboda,M
psp:osoba:4141,4141,Eliška Svobodová,eliska svobodova,Eliška,Svobodová,F
psp:osoba:4142,4142,Marie Svobodová,marie svobodova,Marie,Svobodová,F
psp:osoba:4143,4143,Miluše Svobodová,miluse svobodova,Miluše,Svobodová,F
psp:osoba:4144,4144,Cyril Svozil,cyril svozil,Cyril,Svozil,M
psp:osoba:4145,4145,Josef Svozil,josef svozil,Josef,Svozil,M
psp:osoba:4146,4146,Alois Švrček,alois svrcek,Alois,Švrček,M
psp:osoba:4147,4147,Zdeněk Švrček,zdenek svrcek,Zdeněk,Švrček,M
psp:osoba:4148,4148,Josef Swoboda,josef swoboda,Josef,Swoboda,M
psp:osoba:4149,4149,Ján Syč,jan syc,Ján,Syč,M
psp:osoba:4150,4150,Miroslav Sychra,miroslav sychra,Miroslav,Sychra,M
psp:osoba:4151,4151,Anna Sychravová,anna sychravova,Anna,Sychravová,F
psp:osoba:4152,4152,Erich Sýkora,erich sykora,Erich,Sýkora,M
psp:osoba:4153,4153,Ernest Sýkora,ernest sykora,Ernest,Sýkora,M
psp:osoba:4154,4154,František Sýkora,frantisek sykora,František,Sýkora,M
psp:osoba:4155,4155,Michal Sýkora,michal sykora,Michal,Sýkora,M
psp:osoba:4156,4156,Vlastimil Sýkora,vlastimil sykora,Vlastimil,Sýkora,M
psp:osoba:4157,4157,Ladislav Syllaba,ladislav syllaba,Ladislav,Syllaba,M
psp:osoba:4158,4158,Jindřich Synek,jindrich synek,Jindřich,Synek,M
psp:osoba:4159,4159,Otto Synek,otto synek,Otto,Synek,M
psp:osoba:4160,4160,Matylda Synková,matylda synkova,Matylda,Synková,F
psp:osoba:4161,4161,Marie Syrovátková-Palečková,marie syrovatkova-paleckova,Marie,Syrovátková-Palečková,F
psp:osoba:4162,4162,Zdeněk Sytný,zdenek sytny,Zdeněk,Sytný,M
psp:osoba:4163,4163,Ľudovít Szabó,ludovit szabo,Ľudovít,Szabó,M
psp:osoba:4164,4164,Reszö Szabó,reszo szabo,Reszö,Szabó,M
psp:osoba:4165,4165,Mária Szabóová,maria szaboova,Mária,Szabóová,F
psp:osoba:4166,4166,Vojtech Szalai,vojtech szalai,Vojtech,Szalai,M
psp:osoba:4167,4167,Július Szaniszló,julius szaniszlo,Július,Szaniszló,M
psp:osoba:4168,4168,Ferdinánd Szénasi,ferdinand szenasi,Ferdinánd,Szénasi,M
psp:osoba:4169,4169,József Szentiványi,jozsef szentivanyi,József,Szentiványi,M
psp:osoba:4170,4170,Mária Sziglová-Winklerová,maria sziglova-winklerova,Mária,Sziglová-Winklerová,F
psp:osoba:4171,4171,Ferenc Szöcs,ferenc szocs,Ferenc,Szöcs,M
psp:osoba:4172,4172,Helena Szöllösová,helena szollosova,Helena,Szöllösová,F
psp:osoba:4173,4173,Géza Szüllő,geza szullo,Géza,Szüllő,M
psp:osoba:4174,4174,Valter Szymik,valter szymik,Valter,Szymik,M
psp:osoba:4175,4175,Rudolf Táborský,rudolf taborsky,Rudolf,Táborský,M
psp:osoba:4176,4176,Štefán Tadlánek,stefan tadlanek,Štefán,Tadlánek,M
psp:osoba:4177,4177,Miroslav Tahy,miroslav tahy,Miroslav,Tahy,M
psp:osoba:4178,4178,Marie Tajovská,marie tajovska,Marie,Tajovská,F
psp:osoba:4179,4179,Samuel Takáč,samuel takac,Samuel,Takáč,M
psp:osoba:4180,4180,Peter Takács,peter takacs,Peter,Takács,M
psp:osoba:4181,4181,Imrich Takacz,imrich takacz,Imrich,Takacz,M
psp:osoba:4182,4182,Ondrej Tamás,ondrej tamas,Ondrej,Tamás,M
psp:osoba:4183,4183,Soňa Tarhoviská,sona tarhoviska,Soňa,Tarhoviská,F
psp:osoba:4184,4184,Milan Tatár,milan tatar,Milan,Tatár,M
psp:osoba:4185,4185,Josef Tatíček,josef taticek,Josef,Tatíček,M
psp:osoba:4186,4186,Siegfried Taub,siegfried taub,Siegfried,Taub,M
psp:osoba:4187,4187,Václav Tauš,vaclav taus,Václav,Tauš,M
psp:osoba:4188,4188,Heřman Tausik,herman tausik,Heřman,Tausik,M
psp:osoba:4189,4189,Jarmila Taussigová-Potůčková,jarmila taussigova-potuckova,Jarmila,Taussigová-Potůčková,F
psp:osoba:4190,4190,Rudolf Tayerle,rudolf tayerle,Rudolf,Tayerle,M
psp:osoba:4191,4191,Anton Ťažký,anton tazky,Anton,Ťažký,M
psp:osoba:4192,4192,Bohumil Tejchman,bohumil tejchman,Bohumil,Tejchman,M
psp:osoba:4193,4193,Milan Tejkl,milan tejkl,Milan,Tejkl,M
psp:osoba:4194,4194,Margita Teluchová,margita teluchova,Margita,Teluchová,F
psp:osoba:4195,4195,Jan Tencian,jan tencian,Jan,Tencian,M
psp:osoba:4196,4196,Hana Tenglerová,hana tenglerova,Hana,Tenglerová,F
psp:osoba:4197,4197,Jan Teper,jan teper,Jan,Teper,M
psp:osoba:4198,4198,Pavel Teplanský,pavel teplansky,Pavel,Teplanský,M
psp:osoba:4199,4199,Josef Teplý,josef teply,Josef,Teplý,M
psp:osoba:4200,4200,Miroslav Téra,miroslav tera,Miroslav,Téra,M
psp:osoba:4201,4201,František Tesař,frantisek tesar,František,Tesař,M
psp:osoba:4202,4202,Josef Teska,josef teska,Josef,Teska,M
psp:osoba:4203,4203,Josef Tesla,josef tesla,Josef,Tesla,M
psp:osoba:4204,4204,Sláva Tešnar,slava tesnar,Sláva,Tešnar,M
psp:osoba:4205,4205,Emil Tiele,emil tiele,Emil,Tiele,M
psp:osoba:4206,4206,Stanislav Tichavský,stanislav tichavsky,Stanislav,Tichavský,M
psp:osoba:4207,4207,Vladimír Tichota,vladimir tichota,Vladimír,Tichota,M
psp:osoba:4208,4208,Bohumil Tichý,bohumil tichy,Bohumil,Tichý,M
psp:osoba:4209,4209,Ervín Tichý,ervin tichy,Ervín,Tichý,M
psp:osoba:4210,4210,Hans Tichý,hans tichy,Hans,Tichý,M
psp:osoba:4211,4211,Richard Tichý,richard tichy,Richard,Tichý,M
psp:osoba:4212,4212,Václav Tichý,vaclav tichy,Václav,Tichý,M
psp:osoba:4213,4213,Emília Timaníková,emilia timanikova,Emília,Timaníková,F
psp:osoba:4214,4214,Jozef Tiso,jozef tiso,Jozef,Tiso,M
psp:osoba:4215,4215,Jaroslav Tlapák,jaroslav tlapak,Jaroslav,Tlapák,M
psp:osoba:4216,4216,Andrej Tlustý,andrej tlusty,Andrej,Tlustý,M
psp:osoba:4217,4217,János Tobler,janos tobler,János,Tobler,M
psp:osoba:4218,4218,Jozef Tokár,jozef tokar,Jozef,Tokár,M
psp:osoba:4219,4219,Vladimír Tolar,vladimir tolar,Vladimír,Tolar,M
psp:osoba:4220,4220,Bohuslav Toman,bohuslav toman,Bohuslav,Toman,M
psp:osoba:4221,4221,Engelbert Toman,engelbert toman,Engelbert,Toman,M
psp:osoba:4222,4222,František Toman,frantisek toman,František,Toman,M
psp:osoba:4223,4223,Ivo Toman,ivo toman,Ivo,Toman,M
psp:osoba:4224,4224,Josef Toman,josef toman,Josef,Toman,M
psp:osoba:4225,4225,Miroslav Toman,miroslav toman,Miroslav,Toman,M
psp:osoba:4226,4226,Petr Toman,petr toman,Petr,Toman,M
psp:osoba:4227,4227,Eduard Tománek,eduard tomanek,Eduard,Tománek,M
psp:osoba:4228,4228,Florian Tománek,florian tomanek,Florian,Tománek,M
psp:osoba:4229,4229,František Tomášek,frantisek tomasek,František,Tomášek,M
psp:osoba:4230,4230,Josef Tomášek,josef tomasek,Josef,Tomášek,M
psp:osoba:4231,4231,Karol Tomášek,karol tomasek,Karol,Tomášek,M
psp:osoba:4232,4232,Ferdinand Tomášik,ferdinand tomasik,Ferdinand,Tomášik,M
psp:osoba:4233,4233,Mária Tomašková,maria tomaskova,Mária,Tomašková,F
psp:osoba:4234,4234,Alois Tomeček,alois tomecek,Alois,Tomeček,M
psp:osoba:4235,4235,Milada Tomečková,milada tomeckova,Milada,Tomečková,F
psp:osoba:4236,4236,Michal Tomik,michal tomik,Michal,Tomik,M
psp:osoba:4237,4237,Václav Tomis,vaclav tomis,Václav,Tomis,M
psp:osoba:4238,4238,Stanislav Toms,stanislav toms,Stanislav,Toms,M
psp:osoba:4239,4239,Josef Tomsa,josef tomsa,Josef,Tomsa,M
psp:osoba:4240,4240,Jan Tondl,jan tondl,Jan,Tondl,M
psp:osoba:4241,4241,Karel Tondr,karel tondr,Karel,Tondr,M
psp:osoba:4242,4242,Pavol Tonhauser,pavol tonhauser,Pavol,Tonhauser,M
psp:osoba:4243,4243,Jozef Topoli,jozef topoli,Jozef,Topoli,M
psp:osoba:4244,4244,József Törköly,jozsef torkoly,József,Törköly,M
psp:osoba:4245,4245,Čeněk Torn,cenek torn,Čeněk,Torn,M
psp:osoba:4246,4246,Pál Török,pal torok,Pál,Török,M
psp:osoba:4247,4247,Vojtech Török,vojtech torok,Vojtech,Török,M
psp:osoba:4248,4248,Milada Tořová,milada torova,Milada,Tořová,F
psp:osoba:4249,4249,Michal Tošovský,michal tosovsky,Michal,Tošovský,M
psp:osoba:4250,4250,Andrej Tóth,andrej toth,Andrej,Tóth,M
psp:osoba:4251,4251,Mária Tóthová,maria tothova,Mária,Tóthová,F
psp:osoba:4252,4252,František Toušek,frantisek tousek,František,Toušek,M
psp:osoba:4253,4253,František Touška,frantisek touska,František,Touška,M
psp:osoba:4254,4254,Anna Toušová,anna tousova,Anna,Toušová,F
psp:osoba:4255,4255,František Toužil,frantisek touzil,František,Toužil,M
psp:osoba:4256,4256,Jozef Trangoš,jozef trangos,Jozef,Trangoš,M
psp:osoba:4257,4257,Emil Trávníček,emil travnicek,Emil,Trávníček,M
psp:osoba:4258,4258,František Trávníček,frantisek travnicek,František,Trávníček,M
psp:osoba:4259,4259,Tomáš Trávníček,tomas travnicek,Tomáš,Trávníček,M
psp:osoba:4260,4260,Otto Trefný,otto trefny,Otto,Trefný,M
psp:osoba:4261,4261,František Trejbal,frantisek trejbal,František,Trejbal,M
psp:osoba:4262,4262,Josef Trejbal,josef trejbal,Josef,Trejbal,M
psp:osoba:4263,4263,Václav Trejbal,vaclav trejbal,Václav,Trejbal,M
psp:osoba:4264,4264,Rozália Trencsíková,rozalia trencsikova,Rozália,Trencsíková,F
psp:osoba:4265,4265,Vladislav Třeška,vladislav treska,Vladislav,Třeška,M
psp:osoba:4266,4266,Josef Trhlík,josef trhlik,Josef,Trhlík,M
psp:osoba:4267,4267,Jaroslav Tříska,jaroslav triska,Jaroslav,Tříska,M
psp:osoba:4268,4268,Matěj Trnka,matej trnka,Matěj,Trnka,M
psp:osoba:4269,4269,Branislav Trnkócy,branislav trnkocy,Branislav,Trnkócy,M
psp:osoba:4270,4270,Marie Trnková,marie trnkova,Marie,Trnková,F
psp:osoba:4271,4271,Jindřich Trnobranský,jindrich trnobransky,Jindřich,Trnobranský,M
psp:osoba:4272,4272,Dana Trochtová,dana trochtova,Dana,Trochtová,F
psp:osoba:4273,4273,Jaroslav Trojan,jaroslav trojan,Jaroslav,Trojan,M
psp:osoba:4274,4274,Jozef Trojan,jozef trojan,Jozef,Trojan,M
psp:osoba:4275,4275,Hana Trojanová,hana trojanova,Hana,Trojanová,F
psp:osoba:4276,4276,Marie Trojanová,marie trojanova,Marie,Trojanová,F
psp:osoba:4277,4277,Marie Trojanová,marie trojanova,Marie,Trojanová,F
psp:osoba:4278,4278,Pavel Trombik,pavel trombik,Pavel,Trombik,M
psp:osoba:4279,4279,Vlasta Trpíková,vlasta trpikova,Vlasta,Trpíková,F
psp:osoba:4280,4280,Štefan Trško,stefan trsko,Štefan,Trško,M
psp:osoba:4281,4281,Antonín Trubecký,antonin trubecky,Antonín,Trubecký,M
psp:osoba:4282,4282,Žofie Tschakertová,zofie tschakertova,Žofie,Tschakertová,F
psp:osoba:4283,4283,Alois Tučný,alois tucny,Alois,Tučný,M
psp:osoba:4284,4284,Vojtech Tuka,vojtech tuka,Vojtech,Tuka,M
psp:osoba:4285,4285,Karel Tula,karel tula,Karel,Tula,M
psp:osoba:4286,4286,Jan Tůma,jan tuma,Jan,Tůma,M
psp:osoba:4287,4287,Josef Tůma,josef tuma,Josef,Tůma,M
psp:osoba:4288,4288,Václav Tůma,vaclav tuma,Václav,Tůma,M
psp:osoba:4289,4289,Marie Tumlířová,marie tumlirova,Marie,Tumlířová,F
psp:osoba:4290,4290,Teodor Turček,teodor turcek,Teodor,Turček,M
psp:osoba:4291,4291,Jarečková Turečková,jareckova tureckova,Jarečková,Turečková,F
psp:osoba:4292,4292,Jiřina Turečková,jirina tureckova,Jiřina,Turečková,F
psp:osoba:4293,4293,Adolf Turek,adolf turek,Adolf,Turek,M
psp:osoba:4294,4294,Vladimír Turek,vladimir turek,Vladimír,Turek,M
psp:osoba:4295,4295,Mária Turková,maria turkova,Mária,Turková,F
psp:osoba:4296,4296,Mária Turok-Heteš,maria turok-hetes,Mária,Turok-Heteš,M
psp:osoba:4297,4297,Jozef Turošík,jozef turosik,Jozef,Turošík,M
psp:osoba:4298,4298,Juraj Turošík,juraj turosik,Juraj,Turošík,M
psp:osoba:4299,4299,Eugen Turzo,eugen turzo,Eugen,Turzo,M
psp:osoba:4300,4300,Vlastimil Tusar,vlastimil tusar,Vlastimil,Tusar,M
psp:osoba:4301,4301,Ivan Tužimský,ivan tuzimsky,Ivan,Tužimský,M
psp:osoba:4302,4302,Rudolf Tvaroška,rudolf tvaroska,Rudolf,Tvaroška,M
psp:osoba:4303,4303,Zuzana Tvrdá,zuzana tvrda,Zuzana,Tvrdá,F
psp:osoba:4304,4304,Marie Tvrzníková,marie tvrznikova,Marie,Tvrzníková,F
psp:osoba:4305,4305,Josef Tykal,josef tykal,Josef,Tykal,M
psp:osoba:4306,4306,Alois Tylínek,alois tylinek,Alois,Tylínek,M
psp:osoba:4307,4307,Alois Tyll,alois tyll,Alois,Tyll,M
psp:osoba:4308,4308,František Tymeš,frantisek tymes,František,Tymeš,M
psp:osoba:4309,4309,František Udržal,frantisek udrzal,František,Udržal,M
psp:osoba:4310,4310,Jindřich Uher,jindrich uher,Jindřich,Uher,M
psp:osoba:4311,4311,Josef Uher,josef uher,Josef,Uher,M
psp:osoba:4312,4312,Pavel Uher,pavel uher,Pavel,Uher,M
psp:osoba:4313,4313,Johann Uhl,johann uhl,Johann,Uhl,M
psp:osoba:4314,4314,Petr Uhl,petr uhl,Petr,Uhl,M
psp:osoba:4315,4315,Antonín Uhlíř,antonin uhlir,Antonín,Uhlíř,M
psp:osoba:4316,4316,František Uhlíř,frantisek uhlir,František,Uhlíř,M
psp:osoba:4317,4317,Helena Uhlířová,helena uhlirova,Helena,Uhlířová,F
psp:osoba:4318,4318,Jarmila Uhlířová,jarmila uhlirova,Jarmila,Uhlířová,F
psp:osoba:4319,4319,Gejza Ujlaky,gejza ujlaky,Gejza,Ujlaky,M
psp:osoba:4320,4320,Ivan Úlehla,ivan ulehla,Ivan,Úlehla,M
psp:osoba:4321,4321,Eliška Ullrichová,eliska ullrichova,Eliška,Ullrichová,F
psp:osoba:4322,4322,Josef Ulrich,josef ulrich,Josef,Ulrich,M
psp:osoba:4323,4323,Jaroslav Ungr,jaroslav ungr,Jaroslav,Ungr,M
psp:osoba:4324,4324,Bohuslav Ungrád,bohuslav ungrad,Bohuslav,Ungrád,M
psp:osoba:4325,4325,Bohumil Urban,bohumil urban,Bohumil,Urban,M
psp:osoba:4326,4326,František Urban,frantisek urban,František,Urban,M
psp:osoba:4327,4327,Igor Urban,igor urban,Igor,Urban,M
psp:osoba:4328,4328,Miroslav Urban,miroslav urban,Miroslav,Urban,M
psp:osoba:4329,4329,Pavol Urban,pavol urban,Pavol,Urban,M
psp:osoba:4330,4330,Bohumil Urbánek,bohumil urbanek,Bohumil,Urbánek,M
psp:osoba:4331,4331,Jindřich Urbánek,jindrich urbanek,Jindřich,Urbánek,M
psp:osoba:4332,4332,Jan Uřičář,jan uricar,Jan,Uřičář,M
psp:osoba:4333,4333,Ján Ursíny,jan ursiny,Ján,Ursíny,M
psp:osoba:4334,4334,Ján Ušiak,jan usiak,Ján,Ušiak,M
psp:osoba:4335,4335,Eduard Vacek,eduard vacek,Eduard,Vacek,M
psp:osoba:4336,4336,Miloslav Vacík,miloslav vacik,Miloslav,Vacík,M
psp:osoba:4337,4337,Věra Vacíková,vera vacikova,Věra,Vacíková,F
psp:osoba:4338,4338,Jaroslava Vacková,jaroslava vackova,Jaroslava,Vacková,F
psp:osoba:4339,4339,Oľga Vacková,olga vackova,Oľga,Vacková,F
psp:osoba:4340,4340,Antonín Václavík,antonin vaclavik,Antonín,Václavík,M
psp:osoba:4341,4341,Milán Václavík,milan vaclavik,Milán,Václavík,M
psp:osoba:4342,4342,Václav Václavík,vaclav vaclavik,Václav,Václavík,M
psp:osoba:4343,4343,Karel Václavů,karel vaclavu,Karel,Václavů,M
psp:osoba:4344,4344,Simeon Vacula,simeon vacula,Simeon,Vacula,M
psp:osoba:4345,4345,Bohumil Vaculík,bohumil vaculik,Bohumil,Vaculík,M
psp:osoba:4346,4346,František Vaculík,frantisek vaculik,František,Vaculík,M
psp:osoba:4347,4347,Martin Vaculík,martin vaculik,Martin,Vaculík,M
psp:osoba:4348,4348,Vilma Vaculová,vilma vaculova,Vilma,Vaculová,F
psp:osoba:4349,4349,Vojtech Vagašský,vojtech vagassky,Vojtech,Vagašský,M
psp:osoba:4350,4350,Antonín Vahala,antonin vahala,Antonín,Vahala,M
psp:osoba:4351,4351,Václav Vach,vaclav vach,Václav,Vach,M
psp:osoba:4352,4352,František Vácha,frantisek vacha,František,Vácha,M
psp:osoba:4353,4353,Jan Vácha,jan vacha,Jan,Vácha,M
psp:osoba:4354,4354,Zdeněk Vácha,zdenek vacha,Zdeněk,Vácha,M
psp:osoba:4355,4355,Oľga Vachová,olga vachova,Oľga,Vachová,F
psp:osoba:4356,4356,Zděnka Váchová,zdenka vachova,Zděnka,Váchová,F
psp:osoba:4357,4357,František Vais,frantisek vais,František,Vais,M
psp:osoba:4358,4358,Štefan Vajda,stefan vajda,Štefan,Vajda,M
psp:osoba:4359,4359,Vratislav Vajnar,vratislav vajnar,Vratislav,Vajnar,M
psp:osoba:4360,4360,Antonín Vála,antonin vala,Antonín,Vála,M
psp:osoba:4361,4361,Martin Valachovič,martin valachovic,Martin,Valachovič,M
psp:osoba:4362,4362,Jan Valášek,jan valasek,Jan,Valášek,M
psp:osoba:4363,4363,Marie Valášková,marie valaskova,Marie,Valášková,F
psp:osoba:4364,4364,Světla Valášková,svetla valaskova,Světla,Valášková,F
psp:osoba:4365,4365,Pavol Valehrach,pavol valehrach,Pavol,Valehrach,M
psp:osoba:4366,4366,Alois Válek,alois valek,Alois,Válek,M
psp:osoba:4367,4367,Břetislav Válek,bretislav valek,Břetislav,Válek,M
psp:osoba:4368,4368,František Válek,frantisek valek,František,Válek,M
psp:osoba:4369,4369,Ján Válek,jan valek,Ján,Válek,M
psp:osoba:4370,4370,Miroslav Válek,miroslav valek,Miroslav,Válek,M
psp:osoba:4371,4371,Radim Valenčík,radim valencik,Radim,Valenčík,M
psp:osoba:4372,4372,František Vališ,frantisek valis,František,Vališ,M
psp:osoba:4373,4373,Petr Válka,petr valka,Petr,Válka,M
psp:osoba:4374,4374,Ernest Valko,ernest valko,Ernest,Valko,M
psp:osoba:4376,4376,Jozef Valo,jozef valo,Jozef,Valo,M
psp:osoba:4377,4377,Vasil Valo,vasil valo,Vasil,Valo,M
psp:osoba:4378,4378,Miloslav Valouch,miloslav valouch,Miloslav,Valouch,M
psp:osoba:4379,4379,František Valoušek,frantisek valousek,František,Valoušek,M
psp:osoba:4380,4380,Vlastislav Valtr,vlastislav valtr,Vlastislav,Valtr,M
psp:osoba:4381,4381,Bohumil Váňa,bohumil vana,Bohumil,Váňa,M
psp:osoba:4382,4382,Vladimír Váňa,vladimir vana,Vladimír,Váňa,M
psp:osoba:4383,4383,Vladislav Vaňák,vladislav vanak,Vladislav,Vaňák,M
psp:osoba:4384,4384,Josef Vaňátko,josef vanatko,Josef,Vaňátko,M
psp:osoba:4385,4385,Ján Vančo,jan vanco,Ján,Vančo,M
psp:osoba:4386,4386,Miloš Vančo,milos vanco,Miloš,Vančo,M
psp:osoba:4387,4387,Pavel Vandas,pavel vandas,Pavel,Vandas,M
psp:osoba:4388,4388,Antonín Vandrovec,antonin vandrovec,Antonín,Vandrovec,M
psp:osoba:4389,4389,Jaroslav Vanek,jaroslav vanek,Jaroslav,Vanek,M
psp:osoba:4390,4390,Jan Vaněk,jan vanek,Jan,Vaněk,M
psp:osoba:4391,4391,Josef Vaněk,josef vanek,Josef,Vaněk,M
psp:osoba:4392,4392,Karel Vaněk,karel vanek,Karel,Vaněk,M
psp:osoba:4393,4393,Ludvík Vaněk,ludvik vanek,Ludvík,Vaněk,M
psp:osoba:4394,4394,Jan Vanovič,jan vanovic,Jan,Vanovič,M
psp:osoba:4395,4395,František Vápeník,frantisek vapenik,František,Vápeník,M
psp:osoba:4396,4396,Jindřich Vápeník,jindrich vapenik,Jindřich,Vápeník,M
psp:osoba:4397,4397,Michal Várady,michal varady,Michal,Várady,M
psp:osoba:4398,4398,Břetislav Vařečka,bretislav varecka,Břetislav,Vařečka,M
psp:osoba:4399,4399,Ľudovít Varga,ludovit varga,Ľudovít,Varga,M
psp:osoba:4400,4400,Olivér Varga,oliver varga,Olivér,Varga,M
psp:osoba:4401,4401,Anna Vargová,anna vargova,Anna,Vargová,F
psp:osoba:4402,4402,Juraj Varholík,juraj varholik,Juraj,Varholík,M
psp:osoba:4403,4403,Vladimír Varmuža,vladimir varmuza,Vladimír,Varmuža,M
psp:osoba:4404,4404,Emília Vašáryová,emilia vasaryova,Emília,Vašáryová,F
psp:osoba:4405,4405,Felix Vašečka,felix vasecka,Felix,Vašečka,M
psp:osoba:4406,4406,Čeněk Vašek,cenek vasek,Čeněk,Vašek,M
psp:osoba:4407,4407,Otakar Vašek,otakar vasek,Otakar,Vašek,M
psp:osoba:4408,4408,Zdenka Vašíčková,zdenka vasickova,Zdenka,Vašíčková,F
psp:osoba:4409,4409,Oldřich Vašků,oldrich vasku,Oldřich,Vašků,M
psp:osoba:4410,4410,Leopold Vaverka,leopold vaverka,Leopold,Vaverka,M
psp:osoba:4411,4411,Oldřich Vaverka,oldrich vaverka,Oldřich,Vaverka,M
psp:osoba:4412,4412,Hermína Vaverková,hermina vaverkova,Hermína,Vaverková,F
psp:osoba:4413,4413,Jaroslav Vávra,jaroslav vavra,Jaroslav,Vávra,M
psp:osoba:4414,4414,Václav Vávra,vaclav vavra,Václav,Vávra,M
psp:osoba:4415,4415,Zdeněk Vávra,zdenek vavra,Zdeněk,Vávra,M
psp:osoba:4416,4416,Věra Vavřincová,vera vavrincova,Věra,Vavřincová,F
psp:osoba:4417,4417,Miroslava Vavřínová,miroslava vavrinova,Miroslava,Vavřínová,F
psp:osoba:4418,4418,Dobromila Vávrová,dobromila vavrova,Dobromila,Vávrová,F
psp:osoba:4419,4419,Jan Vávrů,jan vavru,Jan,Vávrů,M
psp:osoba:4420,4420,Štefan Vdovjak,stefan vdovjak,Štefan,Vdovjak,M
psp:osoba:4421,4421,Karel Vébr,karel vebr,Karel,Vébr,M
psp:osoba:4422,4422,Bohuslav Večeřa,bohuslav vecera,Bohuslav,Večeřa,M
psp:osoba:4423,4423,Vlasta Večeřová,vlasta vecerova,Vlasta,Večeřová,F
psp:osoba:4424,4424,Miloslav Vecker,miloslav vecker,Miloslav,Vecker,M
psp:osoba:4425,4425,Vladimír Vedra,vladimir vedra,Vladimír,Vedra,M
psp:osoba:4426,4426,Gejza Végh,gejza vegh,Gejza,Végh,M
psp:osoba:4427,4427,Hana Vejnarová,hana vejnarova,Hana,Vejnarová,F
psp:osoba:4428,4428,Jaroslav Vejr,jaroslav vejr,Jaroslav,Vejr,M
psp:osoba:4429,4429,Vítězslav Vejražka,vitezslav vejrazka,Vítězslav,Vejražka,M
psp:osoba:4430,4430,Alois Velich,alois velich,Alois,Velich,M
psp:osoba:4431,4431,Veronika Veľká,veronika velka,Veronika,Veľká,F
psp:osoba:4432,4432,Ladislav Veltruský,ladislav veltrusky,Ladislav,Veltruský,M
psp:osoba:4433,4433,Emanuel Vencl,emanuel vencl,Emanuel,Vencl,M
psp:osoba:4434,4434,Jaroslav Venhauer,jaroslav venhauer,Jaroslav,Venhauer,M
psp:osoba:4435,4435,Jindřich Verich,jindrich verich,Jindřich,Verich,M
psp:osoba:4436,4436,Jaroslav Verner,jaroslav verner,Jaroslav,Verner,M
psp:osoba:4437,4437,František Verosta,frantisek verosta,František,Verosta,M
psp:osoba:4438,4438,Jana Veselá,jana vesela,Jana,Veselá,F
psp:osoba:4439,4439,Jiřina Veselá,jirina vesela,Jiřina,Veselá,F
psp:osoba:4440,4440,Růžena Veselá,ruzena vesela,Růžena,Veselá,F
psp:osoba:4441,4441,Jan Veselka,jan veselka,Jan,Veselka,M
psp:osoba:4442,4442,Adolf Veselý,adolf vesely,Adolf,Veselý,M
psp:osoba:4443,4443,František Veselý,frantisek vesely,František,Veselý,M
psp:osoba:4444,4444,Jan Veselý,jan vesely,Jan,Veselý,M
psp:osoba:4445,4445,Josef Veselý,josef vesely,Josef,Veselý,M
psp:osoba:4446,4446,Rudolf Vetiška,rudolf vetiska,Rudolf,Vetiška,M
psp:osoba:4447,4447,František Větr,frantisek vetr,František,Větr,M
psp:osoba:4448,4448,Anna Vetterová-Bečvářová,anna vetterova-becvarova,Anna,Vetterová-Bečvářová,F
psp:osoba:4449,4449,Ferdinand Veverka,ferdinand veverka,Ferdinand,Veverka,M
psp:osoba:4450,4450,Josef Veverka,josef veverka,Josef,Veverka,M
psp:osoba:4451,4451,Jozef Veverka,jozef veverka,Jozef,Veverka,M
psp:osoba:4452,4452,Václav Veverka,vaclav veverka,Václav,Veverka,M
psp:osoba:4453,4453,Helena Veverková,helena veverkova,Helena,Veverková,F
psp:osoba:4454,4454,Pavel Viboch,pavel viboch,Pavel,Viboch,M
psp:osoba:4455,4455,Josef Vičánek,josef vicanek,Josef,Vičánek,M
psp:osoba:4456,4456,Vlastimil Vicen,vlastimil vicen,Vlastimil,Vicen,M
psp:osoba:4457,4457,Alexander Vido,alexander vido,Alexander,Vido,M
psp:osoba:4458,4458,Franz Viereckl,franz viereckl,Franz,Viereckl,M
psp:osoba:4459,4459,Božena Viková-Kunětická,bozena vikova-kuneticka,Božena,Viková-Kunětická,F
psp:osoba:4460,4460,Konštantín Viktorín,konstantin viktorin,Konštantín,Viktorín,M
psp:osoba:4461,4461,Oszkár Világi,oszkar vilagi,Oszkár,Világi,M
psp:osoba:4462,4462,Jan Vild,jan vild,Jan,Vild,M
psp:osoba:4463,4463,Marie Vildová,marie vildova,Marie,Vildová,F
psp:osoba:4464,4464,Blažej Vilím,blazej vilim,Blažej,Vilím,M
psp:osoba:4465,4465,Jiří Vilímec,jiri vilimec,Jiří,Vilímec,M
psp:osoba:4466,4466,Daniel Vincze,daniel vincze,Daniel,Vincze,M
psp:osoba:4467,4467,Radomír Vinter,radomir vinter,Radomír,Vinter,M
psp:osoba:4468,4468,František Víšek,frantisek visek,František,Víšek,M
psp:osoba:4469,4469,Petr Víšek,petr visek,Petr,Víšek,M
psp:osoba:4470,4470,Karel Viškovský,karel viskovsky,Karel,Viškovský,M
psp:osoba:4471,4471,Petronela Višňovcová,petronela visnovcova,Petronela,Višňovcová,F
psp:osoba:4472,4472,Jaroslav Vitáček,jaroslav vitacek,Jaroslav,Vitáček,M
psp:osoba:4473,4473,Josef Vítek,josef vitek,Josef,Vítek,M
psp:osoba:4474,4474,Rudolf Vítek,rudolf vitek,Rudolf,Vítek,M
psp:osoba:4475,4475,Erika Vitézová,erika vitezova,Erika,Vitézová,F
psp:osoba:4476,4476,Bohuslav Vitík,bohuslav vitik,Bohuslav,Vitík,M
psp:osoba:4477,4477,Josef Vítovec,josef vitovec,Josef,Vítovec,M
psp:osoba:4478,4478,Karel Vítovec,karel vitovec,Karel,Vítovec,M
psp:osoba:4479,4479,Antonín Vlach,antonin vlach,Antonín,Vlach,M
psp:osoba:4480,4480,Otakar Vlach,otakar vlach,Otakar,Vlach,M
psp:osoba:4481,4481,Antonín Vlasák,antonin vlasak,Antonín,Vlasák,M
psp:osoba:4482,4482,Josef Vlasák,josef vlasak,Josef,Vlasák,M
psp:osoba:4483,4483,Ľuba Vlasáková,luba vlasakova,Ľuba,Vlasáková,F
psp:osoba:4484,4484,Vlasta Vlasáková,vlasta vlasakova,Vlasta,Vlasáková,F
psp:osoba:4485,4485,Karel Vlažný,karel vlazny,Karel,Vlažný,M
psp:osoba:4486,4486,Eduard Vlček,eduard vlcek,Eduard,Vlček,M
psp:osoba:4487,4487,Jaroslav Vlček,jaroslav vlcek,Jaroslav,Vlček,M
psp:osoba:4488,4488,Karel Vlček,karel vlcek,Karel,Vlček,M
psp:osoba:4489,4489,Stanislav Vlček,stanislav vlcek,Stanislav,Vlček,M
psp:osoba:4490,4490,Vladislav Vlček,vladislav vlcek,Vladislav,Vlček,M
psp:osoba:4491,4491,Eva Vlčková,eva vlckova,Eva,Vlčková,F
psp:osoba:4492,4492,Terezie Vlčková,terezie vlckova,Terezie,Vlčková,F
psp:osoba:4493,4493,Vlasta Vlčková,vlasta vlckova,Vlasta,Vlčková,F
psp:osoba:4494,4494,Miloslav Vlk,miloslav vlk,Miloslav,Vlk,M
psp:osoba:4495,4495,Marie Vobecká,marie vobecka,Marie,Vobecká,F
psp:osoba:4496,4496,Helena Vobořilová,helena voborilova,Helena,Vobořilová,F
psp:osoba:4497,4497,Miroslav Voborský,miroslav voborsky,Miroslav,Voborský,M
psp:osoba:4498,4498,Adolf Vodáček,adolf vodacek,Adolf,Vodáček,M
psp:osoba:4499,4499,Jan Vodehnal,jan vodehnal,Jan,Vodehnal,M
psp:osoba:4500,4500,Jan Vodička,jan vodicka,Jan,Vodička,M
psp:osoba:4501,4501,Zdeněk Vodička,zdenek vodicka,Zdeněk,Vodička,M
psp:osoba:4502,4502,František Vodsloň,frantisek vodslon,František,Vodsloň,M
psp:osoba:4503,4503,Otakar Vochoč,otakar vochoc,Otakar,Vochoč,M
psp:osoba:4504,4504,Emil Vojanec,emil vojanec,Emil,Vojanec,M
psp:osoba:4505,4505,Miloš Vojta,milos vojta,Miloš,Vojta,M
psp:osoba:4506,4506,Ludvík Vojtěch,ludvik vojtech,Ludvík,Vojtěch,M
psp:osoba:4507,4507,Magdaléna Vojteková,magdalena vojtekova,Magdaléna,Vojteková,F
psp:osoba:4508,4508,Helena Vojtíšková,helena vojtiskova,Helena,Vojtíšková,F
psp:osoba:4509,4509,Marie Vojtová,marie vojtova,Marie,Vojtová,F
psp:osoba:4510,4510,Miroslav Vokál,miroslav vokal,Miroslav,Vokál,M
psp:osoba:4511,4511,Zbyněk Vokrouhlický,zbynek vokrouhlicky,Zbyněk,Vokrouhlický,M
psp:osoba:4512,4512,Zdeněk Vokrouhlický,zdenek vokrouhlicky,Zdeněk,Vokrouhlický,M
psp:osoba:4513,4513,Marcela Vokrouhlíková,marcela vokrouhlikova,Marcela,Vokrouhlíková,F
psp:osoba:4514,4514,František Volák,frantisek volak,František,Volák,M
psp:osoba:4515,4515,Antonín Volavka,antonin volavka,Antonín,Volavka,M
psp:osoba:4516,4516,František Volejník,frantisek volejnik,František,Volejník,M
psp:osoba:4517,4517,Imrich Volek,imrich volek,Imrich,Volek,M
psp:osoba:4518,4518,Lubomír Voleník,lubomir volenik,Lubomír,Voleník,M
psp:osoba:4519,4519,Oldřich Voleník,oldrich volenik,Oldřich,Voleník,M
psp:osoba:4520,4520,Miroslava Voleská,miroslava voleska,Miroslava,Voleská,F
psp:osoba:4521,4521,Augustin Vološin,augustin volosin,Augustin,Vološin,M
psp:osoba:4522,4522,Zdeněk Vomastek,zdenek vomastek,Zdeněk,Vomastek,M
psp:osoba:4523,4523,Václav Vomela,vaclav vomela,Václav,Vomela,M
psp:osoba:4524,4524,Josef Vondráček,josef vondracek,Josef,Vondráček,M
psp:osoba:4525,4525,Zdeněk Vondrák,zdenek vondrak,Zdeněk,Vondrák,M
psp:osoba:4526,4526,Věroslav Vondrouš,veroslav vondrous,Věroslav,Vondrouš,M
psp:osoba:4527,4527,Josef Vondruška,josef vondruska,Josef,Vondruška,M
psp:osoba:4528,4528,Milan Vondruška,milan vondruska,Milan,Vondruška,M
psp:osoba:4529,4529,Anna Vondrušková,anna vondruskova,Anna,Vondrušková,F
psp:osoba:4530,4530,Alois Vonka,alois vonka,Alois,Vonka,M
psp:osoba:4531,4531,Helena Vooková,helena vookova,Helena,Vooková,F
psp:osoba:4532,4532,Josef Voráč,josef vorac,Josef,Voráč,M
psp:osoba:4533,4533,Jan Vorel,jan vorel,Jan,Vorel,M
psp:osoba:4534,4534,Josef Voříšek,josef vorisek,Josef,Voříšek,M
psp:osoba:4535,4535,Milada Vorlová,milada vorlova,Milada,Vorlová,F
psp:osoba:4536,4536,Alois Vošahlík,alois vosahlik,Alois,Vošahlík,M
psp:osoba:4537,4537,Jaromír Vošahlík,jaromir vosahlik,Jaromír,Vošahlík,M
psp:osoba:4538,4538,Ján Vosček,jan voscek,Ján,Vosček,M
psp:osoba:4539,4539,Václav Voska,vaclav voska,Václav,Voska,M
psp:osoba:4540,4540,František Votruba,frantisek votruba,František,Votruba,M
psp:osoba:4541,4541,Jaroslav Votruba,jaroslav votruba,Jaroslav,Votruba,M
psp:osoba:4542,4542,Petr Votruba,petr votruba,Petr,Votruba,M
psp:osoba:4543,4543,Vilém Votruba,vilem votruba,Vilém,Votruba,M
psp:osoba:4544,4544,Josef Vrabec,josef vrabec,Josef,Vrabec,M
psp:osoba:4545,4545,Marián Vrabec,marian vrabec,Marián,Vrabec,M
psp:osoba:4546,4546,Jozef Vrábel,jozef vrabel,Jozef,Vrábel,M
psp:osoba:4547,4547,Vendelín Vrábel,vendelin vrabel,Vendelín,Vrábel,M
psp:osoba:4548,4548,Marcela Vrábelová,marcela vrabelova,Marcela,Vrábelová,F
psp:osoba:4549,4549,Mária Vraniaková,maria vraniakova,Mária,Vraniaková,F
psp:osoba:4550,4550,Ján Vranic,jan vranic,Ján,Vranic,M
psp:osoba:4551,4551,Juraj Vraňuch,juraj vranuch,Juraj,Vraňuch,M
psp:osoba:4552,4552,Josef Vraný,josef vrany,Josef,Vraný,M
psp:osoba:4553,4553,Ladislav Vrba,ladislav vrba,Ladislav,Vrba,M
psp:osoba:4554,4554,Bohuslav Vrbenský,bohuslav vrbensky,Bohuslav,Vrbenský,M
psp:osoba:4555,4555,František Vrbka,frantisek vrbka,František,Vrbka,M
psp:osoba:4556,4556,Ladislav Vrchovský,ladislav vrchovsky,Ladislav,Vrchovský,M
psp:osoba:4557,4557,Augustin Vrtaník,augustin vrtanik,Augustin,Vrtaník,M
psp:osoba:4558,4558,Vlasta Výbošťoková,vlasta vybostokova,Vlasta,Výbošťoková,F
psp:osoba:4559,4559,Zuzana Výbošťoková,zuzana vybostokova,Zuzana,Výbošťoková,F
psp:osoba:4560,4560,Vladimír Vybral,vladimir vybral,Vladimír,Vybral,M
psp:osoba:4561,4561,Miroslav Vyhlídal,miroslav vyhlidal,Miroslav,Vyhlídal,M
psp:osoba:4562,4562,Oldřich Vyhnálek,oldrich vyhnalek,Oldřich,Vyhnálek,M
psp:osoba:4563,4563,František Vymětal,frantisek vymetal,František,Vymětal,M
psp:osoba:4564,4564,Jan Vyparina,jan vyparina,Jan,Vyparina,M
psp:osoba:4565,4565,Miroslav Vyskot,miroslav vyskot,Miroslav,Vyskot,M
psp:osoba:4566,4566,Jaroslav Vyškovský,jaroslav vyskovsky,Jaroslav,Vyškovský,M
psp:osoba:4567,4567,Rostislav Vysloužil,rostislav vyslouzil,Rostislav,Vysloužil,M
psp:osoba:4568,4568,Zdeněk Vysloužil,zdenek vyslouzil,Zdeněk,Vysloužil,M
psp:osoba:4569,4569,Hans Wagner,hans wagner,Hans,Wagner,M
psp:osoba:4570,4570,Ludwig Wagner,ludwig wagner,Ludwig,Wagner,M
psp:osoba:4571,4571,Ondřej Wachtfeidl,ondrej wachtfeidl,Ondřej,Wachtfeidl,M
psp:osoba:4572,4572,Ladislav Wait,ladislav wait,Ladislav,Wait,M
psp:osoba:4573,4573,Miroslav Wajsar,miroslav wajsar,Miroslav,Wajsar,M
psp:osoba:4574,4574,Tadeusz Wantula,tadeusz wantula,Tadeusz,Wantula,M
psp:osoba:4575,4575,Franz Warmbrunn,franz warmbrunn,Franz,Warmbrunn,M
psp:osoba:4576,4576,Josefine Weber,josefine weber,Josefine,Weber,F
psp:osoba:4577,4577,Ludmila Weberová,ludmila weberova,Ludmila,Weberová,F
psp:osoba:4578,4578,Emil Weiland,emil weiland,Emil,Weiland,M
psp:osoba:4579,4579,Stanislav Weinlich,stanislav weinlich,Stanislav,Weinlich,M
psp:osoba:4580,4580,Gejza Weiss,gejza weiss,Gejza,Weiss,M
psp:osoba:4581,4581,Franz Weisser,franz weisser,Franz,Weisser,M
psp:osoba:4582,4582,Leo Wenzel,leo wenzel,Leo,Wenzel,M
psp:osoba:4583,4583,František Wenzl,frantisek wenzl,František,Wenzl,M
psp:osoba:4584,4584,František Weyr,frantisek weyr,František,Weyr,M
psp:osoba:4585,4585,Otto Wichterle,otto wichterle,Otto,Wichterle,M
psp:osoba:4586,4586,Franz Windirsch,franz windirsch,Franz,Windirsch,M
psp:osoba:4587,4587,Lev Winter,lev winter,Lev,Winter,M
psp:osoba:4588,4588,Věra Winterová,vera winterova,Věra,Winterová,F
psp:osoba:4589,4589,Zikmund Witt,zikmund witt,Zikmund,Witt,M
psp:osoba:4590,4590,Paul Wittich,paul wittich,Paul,Wittich,M
psp:osoba:4591,4591,Ludwig Wokurek,ludwig wokurek,Ludwig,Wokurek,M
psp:osoba:4592,4592,Leon Wolf,leon wolf,Leon,Wolf,M
psp:osoba:4593,4593,Miroslav Wolf,miroslav wolf,Miroslav,Wolf,M
psp:osoba:4594,4594,Olga Wolková,olga wolkova,Olga,Wolková,F
psp:osoba:4595,4595,Georg Wollner,georg wollner,Georg,Wollner,M
psp:osoba:4596,4596,Theodor Wollschack,theodor wollschack,Theodor,Wollschack,M
psp:osoba:4597,4597,Otakar Wünsch,otakar wunsch,Otakar,Wünsch,M
psp:osoba:4598,4598,Rudolf Wünsch,rudolf wunsch,Rudolf,Wünsch,M
psp:osoba:4599,4599,Gizela Zabová,gizela zabova,Gizela,Zabová,F
psp:osoba:4600,4600,Ladislav Žáček,ladislav zacek,Ladislav,Žáček,M
psp:osoba:4601,4601,Josef Zadina,josef zadina,Josef,Zadina,M
psp:osoba:4602,4602,Jarmila Zadražilová,jarmila zadrazilova,Jarmila,Zadražilová,F
psp:osoba:4603,4603,Dezider Zagiba,dezider zagiba,Dezider,Zagiba,M
psp:osoba:4604,4604,Jan Záhorský,jan zahorsky,Jan,Záhorský,M
psp:osoba:4605,4605,Jozef Záhorský,jozef zahorsky,Jozef,Záhorský,M
psp:osoba:4606,4606,Vladimír Záhorský,vladimir zahorsky,Vladimír,Záhorský,M
psp:osoba:4607,4607,Miroslav Žahour,miroslav zahour,Miroslav,Žahour,M
psp:osoba:4608,4608,Pavel Zahrádka,pavel zahradka,Pavel,Zahrádka,M
psp:osoba:4609,4609,Růžena Zahrádková,ruzena zahradkova,Růžena,Zahrádková,F
psp:osoba:4610,4610,Isidor Zahradník,isidor zahradnik,Isidor,Zahradník,M
psp:osoba:4611,4611,Jindřich Zahradník,jindrich zahradnik,Jindřich,Zahradník,M
psp:osoba:4612,4612,Jiří Zahradník,jiri zahradnik,Jiří,Zahradník,M
psp:osoba:4613,4613,René Zahradník,rene zahradnik,René,Zahradník,M
psp:osoba:4614,4614,Josef Zach,josef zach,Josef,Zach,M
psp:osoba:4615,4615,Stanislav Zach,stanislav zach,Stanislav,Zach,M
psp:osoba:4616,4616,Karel Zachara,karel zachara,Karel,Zachara,M
psp:osoba:4617,4617,Vilma Zacharová,vilma zacharova,Vilma,Zacharová,F
psp:osoba:4618,4618,Miroslava Zajebalová,miroslava zajebalova,Miroslava,Zajebalová,F
psp:osoba:4619,4619,Josef Zajíc,josef zajic,Josef,Zajíc,M
psp:osoba:4620,4620,Erwin Zajiček,erwin zajicek,Erwin,Zajiček,M
psp:osoba:4621,4621,Stanislav Zajíček,stanislav zajicek,Stanislav,Zajíček,M
psp:osoba:4622,4622,Antonín Žák,antonin zak,Antonín,Žák,M
psp:osoba:4623,4623,Jaromír Žák,jaromir zak,Jaromír,Žák,M
psp:osoba:4624,4624,Václav Žák,vaclav zak,Václav,Žák,M
psp:osoba:4625,4625,Zdena Žáková,zdena zakova,Zdena,Žáková,F
psp:osoba:4626,4626,Michal Žákovič,michal zakovic,Michal,Žákovič,M
psp:osoba:4627,4627,Alois Zálešák,alois zalesak,Alois,Zálešák,M
psp:osoba:4628,4628,Eliška Záležáková,eliska zalezakova,Eliška,Záležáková,F
psp:osoba:4629,4629,Zbyněk Žalman,zbynek zalman,Zbyněk,Žalman,M
psp:osoba:4630,4630,Jozef Žalobin,jozef zalobin,Jozef,Žalobin,M
psp:osoba:4631,4631,Stanislav Žalud,stanislav zalud,Stanislav,Žalud,M
psp:osoba:4632,4632,Stanislav Zamazal,stanislav zamazal,Stanislav,Zamazal,M
psp:osoba:4633,4633,Ľubomír Zámiška,lubomir zamiska,Ľubomír,Zámiška,M
psp:osoba:4634,4634,Alžběta Zamková,alzbeta zamkova,Alžběta,Zamková,F
psp:osoba:4635,4635,Jaroslav Žampa,jaroslav zampa,Jaroslav,Žampa,M
psp:osoba:4636,4636,Ján Zán,jan zan,Ján,Zán,M
psp:osoba:4637,4637,Juraj Zán,juraj zan,Juraj,Zán,M
psp:osoba:4638,4638,Josef Žanda,josef zanda,Josef,Žanda,M
psp:osoba:4639,4639,Miroslav Zapadlo,miroslav zapadlo,Miroslav,Zapadlo,M
psp:osoba:4640,4640,Veronika Zapachová,veronika zapachova,Veronika,Zapachová,F
psp:osoba:4641,4641,Pavel Zapletal,pavel zapletal,Pavel,Zapletal,M
psp:osoba:4642,4642,Božena Zapletalová,bozena zapletalova,Božena,Zapletalová,F
psp:osoba:4643,4643,Antonín Zápotocký,antonin zapotocky,Antonín,Zápotocký,M
psp:osoba:4644,4644,Jaroslav Zářecký,jaroslav zarecky,Jaroslav,Zářecký,M
psp:osoba:4645,4645,Josef Zářecký,josef zarecky,Josef,Zářecký,M
psp:osoba:4646,4646,Milo Záruba,milo zaruba,Milo,Záruba,M
psp:osoba:4647,4647,Josef Záruba-Pfeffermann,josef zaruba-pfeffermann,Josef,Záruba-Pfeffermann,M
psp:osoba:4648,4648,Jindřich Zásmucký,jindrich zasmucky,Jindřich,Zásmucký,M
psp:osoba:4649,4649,Peter Zaťko,peter zatko,Peter,Zaťko,M
psp:osoba:4650,4650,Břetislav Zatloukal,bretislav zatloukal,Břetislav,Zatloukal,M
psp:osoba:4651,4651,Ludmila Zatloukalová-Coufalová,ludmila zatloukalova-coufalova,Ludmila,Zatloukalová-Coufalová,F
psp:osoba:4652,4652,Marie Závacká,marie zavacka,Marie,Závacká,F
psp:osoba:4653,4653,Viktor Zavacký,viktor zavacky,Viktor,Zavacký,M
psp:osoba:4654,4654,Miroslav Zavadil,miroslav zavadil,Miroslav,Zavadil,M
psp:osoba:4655,4655,Vojtěch Zavadil,vojtech zavadil,Vojtěch,Zavadil,M
psp:osoba:4656,4656,Josef Závěta,josef zaveta,Josef,Závěta,M
psp:osoba:4657,4657,Františka Závodská,frantiska zavodska,Františka,Závodská,F
psp:osoba:4658,4658,Zdeňka Závodská,zdenka zavodska,Zdeňka,Závodská,F
psp:osoba:4659,4659,Methoděj Zavoral,methodej zavoral,Methoděj,Zavoral,M
psp:osoba:4660,4660,František Zavřel,frantisek zavrel,František,Zavřel,M
psp:osoba:4661,4661,Miroslav Zavřel,miroslav zavrel,Miroslav,Zavřel,M
psp:osoba:4662,4662,Václav Zbořil,vaclav zboril,Václav,Zbořil,M
psp:osoba:4663,4663,Blažena Zderadičková,blazena zderadickova,Blažena,Zderadičková,F
psp:osoba:4664,4664,Kateřina Zdvořáková,katerina zdvorakova,Kateřina,Zdvořáková,F
psp:osoba:4665,4665,Jindřich Zedník,jindrich zednik,Jindřich,Zedník,M
psp:osoba:4666,4666,Josef Zedník,josef zednik,Josef,Zedník,M
psp:osoba:4667,4667,Karel Zedník,karel zednik,Karel,Zedník,M
psp:osoba:4668,4668,Richard Zeithaml,richard zeithaml,Richard,Zeithaml,M
psp:osoba:4669,4669,Roman Zelenay,roman zelenay,Roman,Zelenay,M
psp:osoba:4670,4670,Jan Zelenka,jan zelenka,Jan,Zelenka,M
psp:osoba:4671,4671,Eva Železniková,eva zeleznikova,Eva,Železniková,F
psp:osoba:4672,4672,Michal Zelman,michal zelman,Michal,Zelman,M
psp:osoba:4673,4673,Antonín Zeman,antonin zeman,Antonín,Zeman,M
psp:osoba:4674,4674,Ján Zeman,jan zeman,Ján,Zeman,M
psp:osoba:4675,4675,Karel Zeman,karel zeman,Karel,Zeman,M
psp:osoba:4676,4676,Petr Zeman,petr zeman,Petr,Zeman,M
psp:osoba:4677,4677,Vladimír Zeman,vladimir zeman,Vladimír,Zeman,M
psp:osoba:4678,4678,Vojtěch Zemánek,vojtech zemanek,Vojtěch,Zemánek,M
psp:osoba:4679,4679,Štefánia Zemanová,stefania zemanova,Štefánia,Zemanová,F
psp:osoba:4680,4680,Františka Zeminová,frantiska zeminova,Františka,Zeminová,F
psp:osoba:4681,4681,Petr Zenkl,petr zenkl,Petr,Zenkl,M
psp:osoba:4682,4682,Andrej Žiak,andrej ziak,Andrej,Žiak,M
psp:osoba:4683,4683,Michal Zibrín,michal zibrin,Michal,Zibrín,M
psp:osoba:4684,4684,Václav Žid,vaclav zid,Václav,Žid,M
psp:osoba:4685,4685,Jana Židlická,jana zidlicka,Jana,Židlická,F
psp:osoba:4686,4686,František Židlický,frantisek zidlicky,František,Židlický,M
psp:osoba:4687,4687,Peter Židovský,peter zidovsky,Peter,Židovský,M
psp:osoba:4688,4688,Wolfgang Zierhut,wolfgang zierhut,Wolfgang,Zierhut,M
psp:osoba:4689,4689,Antonín Zicha,antonin zicha,Antonín,Zicha,M
psp:osoba:4690,4690,Maxmilián Zika,maxmilian zika,Maxmilián,Zika,M
psp:osoba:4691,4691,František Zíka,frantisek zika,František,Zíka,M
psp:osoba:4692,4692,Karel Zíka,karel zika,Karel,Zíka,M
psp:osoba:4693,4693,Miloslav Zíka,miloslav zika,Miloslav,Zíka,M
psp:osoba:4694,4694,Alois Žíla,alois zila,Alois,Žíla,M
psp:osoba:4695,4695,Pavol Žilinský,pavol zilinsky,Pavol,Žilinský,M
psp:osoba:4696,4696,Jindřich Žilka,jindrich zilka,Jindřich,Žilka,M
psp:osoba:4697,4697,Josef Zima,josef zima,Josef,Zima,M
psp:osoba:4698,4698,Rudolf Zíma,rudolf zima,Rudolf,Zíma,M
psp:osoba:4699,4699,Helena Zimáková,helena zimakova,Helena,Zimáková,F
psp:osoba:4700,4700,Jana Zimová,jana zimova,Jana,Zimová,F
psp:osoba:4701,4701,Adolf Žinčík,adolf zincik,Adolf,Žinčík,M
psp:osoba:4702,4702,Friedrich Zippelius,friedrich zippelius,Friedrich,Zippelius,M
psp:osoba:4703,4703,Rudolf Zischka,rudolf zischka,Rudolf,Zischka,M
psp:osoba:4704,4704,Jozef Zlocha,jozef zlocha,Jozef,Zlocha,M
psp:osoba:4705,4705,Antonín Zmrhal,antonin zmrhal,Antonín,Zmrhal,M
psp:osoba:4706,4706,Josef Zmrzlík,josef zmrzlik,Josef,Zmrzlík,M
psp:osoba:4707,4707,Samuel Zoch,samuel zoch,Samuel,Zoch,M
psp:osoba:4708,4708,Andrej Žoldoš,andrej zoldos,Andrej,Žoldoš,M
psp:osoba:4709,4709,Fedor Zorkócy,fedor zorkocy,Fedor,Zorkócy,M
psp:osoba:4710,4710,Jiří Zoufal,jiri zoufal,Jiří,Zoufal,M
psp:osoba:4711,4711,Libert Zoufalý,libert zoufaly,Libert,Zoufalý,M
psp:osoba:4712,4712,Michal Zozulák,michal zozulak,Michal,Zozulák,M
psp:osoba:4713,4713,Jozef Zrak,jozef zrak,Jozef,Zrak,M
psp:osoba:4714,4714,Jozef Zselenák,jozef zselenak,Jozef,Zselenák,M
psp:osoba:4715,4715,Danka Zubajová,danka zubajova,Danka,Zubajová,F
psp:osoba:4716,4716,Jan Zubík,jan zubik,Jan,Zubík,M
psp:osoba:4717,4717,Milan Žuffa,milan zuffa,Milan,Žuffa,M
psp:osoba:4718,4718,Rudolf Zukal,rudolf zukal,Rudolf,Zukal,M
psp:osoba:4719,4719,František Zupka,frantisek zupka,František,Zupka,M
psp:osoba:4720,4720,Zdeněk Zuska,zdenek zuska,Zdeněk,Zuska,M
psp:osoba:4721,4721,Josef Zuzaňák,josef zuzanak,Josef,Zuzaňák,M
psp:osoba:4722,4722,Vladimír Zvara,vladimir zvara,Vladimír,Zvara,M
psp:osoba:4723,4723,Josef Zvára,josef zvara,Josef,Zvára,M
psp:osoba:4724,4724,Jan Zverec,jan zverec,Jan,Zverec,M
psp:osoba:4725,4725,František Zvěřina,frantisek zverina,František,Zvěřina,M
psp:osoba:4726,4726,Vladimír Zvěřina,vladimir zverina,Vladimír,Zvěřina,M
psp:osoba:4727,4727,František Zvoníček,frantisek zvonicek,František,Zvoníček,M
psp:osoba:4728,4728,Václav Zýka,vaclav zyka,Václav,Zýka,M
psp:osoba:4729,4729,Eugen de Witte,eugen de witte,Eugen,de Witte,M
psp:osoba:4730,4730,Václav Havel,vaclav havel,Václav,Havel,M
psp:osoba:4732,4732,Bohumil Fišer,bohumil fiser,Bohumil,Fišer,M
psp:osoba:4733,4733,Václav Kupka,vaclav kupka,Václav,Kupka,M
psp:osoba:4734,4734,Zdeněk Petříček,zdenek petricek,Zdeněk,Petříček,M
psp:osoba:4736,4736,Milada Vlasáková,milada vlasakova,Milada,Vlasáková,F
psp:osoba:4737,4737,Jiří Rusnok,jiri rusnok,Jiří,Rusnok,M
psp:osoba:4738,4738,Jaroslav Vrána,jaroslav vrana,Jaroslav,Vrána,M
psp:osoba:4739,4739,Pavel Rybníček,pavel rybnicek,Pavel,Rybníček,M
psp:osoba:4740,4740,Zuzana Moravčíková,zuzana moravcikova,Zuzana,Moravčíková,F
psp:osoba:4741,4741,František Střeleček,frantisek strelecek,František,Střeleček,M
psp:osoba:4742,4742,Irma Zlatohlávková,irma zlatohlavkova,Irma,Zlatohlávková,F
psp:osoba:4743,4743,Jan Hladík,jan hladik,Jan,Hladík,M
psp:osoba:4744,4744,Jan Kender,jan kender,Jan,Kender,M
psp:osoba:4745,4745,František Novák,frantisek novak,František,Novák,M
psp:osoba:4746,4746,Daniel Anděl,daniel andel,Daniel,Anděl,M
psp:osoba:4747,4747,Věra Beranová,vera beranova,Věra,Beranová,F
psp:osoba:4748,4748,Miloš Horanský,milos horansky,Miloš,Horanský,M
psp:osoba:4749,4749,Ivan Klíma,ivan klima,Ivan,Klíma,M
psp:osoba:4750,4750,Zdeněk Mahler,zdenek mahler,Zdeněk,Mahler,M
psp:osoba:4751,4751,Jan Paul,jan paul,Jan,Paul,M
psp:osoba:4752,4752,Miloš Stránský,milos stransky,Miloš,Stránský,M
psp:osoba:4753,4753,Jan Trefulka,jan trefulka,Jan,Trefulka,M
psp:osoba:4754,4754,Miloslav Stříteský,miloslav stritesky,Miloslav,Stříteský,M
psp:osoba:4755,4755,Jan Krist,jan krist,Jan,Krist,M
psp:osoba:4756,4756,Jan Bernard,jan bernard,Jan,Bernard,M
psp:osoba:4757,4757,Michal Bregant,michal bregant,Michal,Bregant,M
psp:osoba:4758,4758,Josef Eisman,josef eisman,Josef,Eisman,M
psp:osoba:4759,4759,Jan Jíra,jan jira,Jan,Jíra,M
psp:osoba:4760,4760,Jan Joukal,jan joukal,Jan,Joukal,M
psp:osoba:4761,4761,Marcela Pittermannová,marcela pittermannova,Marcela,Pittermannová,F
psp:osoba:4762,4762,Břetislav Pojar,bretislav pojar,Břetislav,Pojar,M
psp:osoba:4763,4763,Andrej Stankovič,andrej stankovic,Andrej,Stankovič,M
psp:osoba:4764,4764,Kristián Suda,kristian suda,Kristián,Suda,M
psp:osoba:4765,4765,Jan Svoboda,jan svoboda,Jan,Svoboda,M
psp:osoba:4766,4766,Jiří Šalamoun,jiri salamoun,Jiří,Šalamoun,M
psp:osoba:4767,4767,Tomáš Škrdlant,tomas skrdlant,Tomáš,Škrdlant,M
psp:osoba:4768,4768,Miroslav Prokeš,miroslav prokes,Miroslav,Prokeš,M
psp:osoba:4769,4769,Vlasta Bohdalová,vlasta bohdalova,Vlasta,Bohdalová,F
psp:osoba:4770,4770,Václav Dobrovolný,vaclav dobrovolny,Václav,Dobrovolný,M
psp:osoba:4771,4771,Milan Matoušek,milan matousek,Milan,Matoušek,M
psp:osoba:4772,4772,Jiří Pártl,jiri partl,Jiří,Pártl,M
psp:osoba:4773,4773,Michal Šmarda,michal smarda,Michal,Šmarda,M
psp:osoba:4774,4774,Marta Vláčilová,marta vlacilova,Marta,Vláčilová,F
psp:osoba:4775,4775,Miloš Vystrčil,milos vystrcil,Miloš,Vystrčil,M
psp:osoba:4776,4776,Jiřina Musílková,jirina musilkova,Jiřina,Musílková,F
psp:osoba:4777,4777,Lubomír Mikš,lubomir miks,Lubomír,Mikš,M
psp:osoba:4778,4778,Stanislav Grospič,stanislav grospic,Stanislav,Grospič,M
psp:osoba:4779,4779,Monika Turnovská,monika turnovska,Monika,Turnovská,F
psp:osoba:4780,4780,Jana Dvořáková,jana dvorakova,Jana,Dvořáková,F
psp:osoba:4781,4781,František Reitoral,frantisek reitoral,František,Reitoral,M
psp:osoba:4782,4782,František Tresa,frantisek tresa,František,Tresa,M
psp:osoba:4783,4783,Jiří Stříteský,jiri stritesky,Jiří,Stříteský,M
psp:osoba:4784,4784,Václav Černý,vaclav cerny,Václav,Černý,M
psp:osoba:4785,4785,Petr Charvát,petr charvat,Petr,Charvát,M
psp:osoba:4786,4786,Josef Illek,josef illek,Josef,Illek,M
psp:osoba:4787,4787,Jiří Kratochvíl,jiri kratochvil,Jiří,Kratochvíl,M
psp:osoba:4788,4788,Rostislav Mach,rostislav mach,Rostislav,Mach,M
psp:osoba:4789,4789,Jiří Močkoř,jiri mockor,Jiří,Močkoř,M
psp:osoba:4790,4790,Vladimír Svatoň,vladimir svaton,Vladimír,Svatoň,M
psp:osoba:4791,4791,Václav Talíř,vaclav talir,Václav,Talíř,M
psp:osoba:4792,4792,Rudolf Žáček,rudolf zacek,Rudolf,Žáček,M
psp:osoba:4793,4793,Jan Jirák,jan jirak,Jan,Jirák,M
psp:osoba:4794,4794,Pavel Kabzan,pavel kabzan,Pavel,Kabzan,M
psp:osoba:4795,4795,Juraj Podkonický,juraj podkonicky,Juraj,Podkonický,M
psp:osoba:4796,4796,Vladislav Kučík,vladislav kucik,Vladislav,Kučík,M
psp:osoba:4797,4797,Jiří Zajíc,jiri zajic,Jiří,Zajíc,M
psp:osoba:4798,4798,Miloš Rejchrt,milos rejchrt,Miloš,Rejchrt,M
psp:osoba:4799,4799,Martina Mohylová,martina mohylova,Martina,Mohylová,M
psp:osoba:4800,4800,Nelly Eleonore Rasmussenová,nelly eleonore rasmussenova,Nelly Eleonore,Rasmussenová,F
psp:osoba:4801,4801,Václav Vrabec,vaclav vrabec,Václav,Vrabec,M
psp:osoba:4802,4802,Slavěna Broulíková,slavena broulikova,Slavěna,Broulíková,F
psp:osoba:4803,4803,Zdeněk Zajíček,zdenek zajicek,Zdeněk,Zajíček,M
psp:osoba:4804,4804,Milan Blažek,milan blazek,Milan,Blažek,M
psp:osoba:4805,4805,Iva Kotrlá,iva kotrla,Iva,Kotrlá,F
psp:osoba:4806,4806,Barbora Köpplová,barbora kopplova,Barbora,Köpplová,F
psp:osoba:4807,4807,Lenka Procházková,lenka prochazkova,Lenka,Procházková,F
psp:osoba:4808,4808,Richard Seemann,richard seemann,Richard,Seemann,M
psp:osoba:4809,4809,Pavel Scheufler,pavel scheufler,Pavel,Scheufler,M
psp:osoba:4810,4810,Zdeněk Susa,zdenek susa,Zdeněk,Susa,M
psp:osoba:4811,4811,Michal Pavlata,michal pavlata,Michal,Pavlata,M
psp:osoba:4812,4812,Marie Hakenová,marie hakenova,Marie,Hakenová,F
psp:osoba:4813,4813,Bohuslav Hanuš,bohuslav hanus,Bohuslav,Hanuš,M
psp:osoba:4814,4814,Josef Josefík,josef josefik,Josef,Josefík,M
psp:osoba:4815,4815,Josef Musil,josef musil,Josef,Musil,M
psp:osoba:4816,4816,Jiří Novotný,jiri novotny,Jiří,Novotný,M
psp:osoba:4817,4817,Petr Štěpánek,petr stepanek,Petr,Štěpánek,M
psp:osoba:4818,4818,Oldřich Tomek,oldrich tomek,Oldřich,Tomek,M
psp:osoba:4819,4819,Zdeňka Hůlová,zdenka hulova,Zdeňka,Hůlová,F
psp:osoba:4820,4820,Stanislav Milota,stanislav milota,Stanislav,Milota,M
psp:osoba:4821,4821,Martin Muchka,martin muchka,Martin,Muchka,M
psp:osoba:4822,4822,Milan Trojan,milan trojan,Milan,Trojan,M
psp:osoba:4823,4823,Jan Uhlíř,jan uhlir,Jan,Uhlíř,M
psp:osoba:4824,4824,Jiří Drábek,jiri drabek,Jiří,Drábek,M
psp:osoba:4825,4825,Jan Holeček,jan holecek,Jan,Holeček,M
psp:osoba:4826,4826,Jana Krejčová,jana krejcova,Jana,Krejčová,F
psp:osoba:4827,4827,Josef Pohl,josef pohl,Josef,Pohl,M
psp:osoba:4829,4829,Alexander Růžek,alexander ruzek,Alexander,Růžek,M
psp:osoba:4831,4831,Ladislav Zeman,ladislav zeman,Ladislav,Zeman,M
psp:osoba:4832,4832,František Bárta,frantisek barta,František,Bárta,M
psp:osoba:4833,4833,Marie Hošková,marie hoskova,Marie,Hošková,F
psp:osoba:4834,4834,Jiří Kalivoda,jiri kalivoda,Jiří,Kalivoda,M
psp:osoba:4835,4835,Petr Skála,petr skala,Petr,Skála,M
psp:osoba:4836,4836,Eva Kadaňová,eva kadanova,Eva,Kadaňová,F
psp:osoba:4837,4837,Jan Kněžínek,jan knezinek,Jan,Kněžínek,M
psp:osoba:4838,4838,Arnošt Wagner,arnost wagner,Arnošt,Wagner,M
psp:osoba:4839,4839,Pavel Augusta,pavel augusta,Pavel,Augusta,M
psp:osoba:4840,4840,Karel Březina,karel brezina,Karel,Březina,M
psp:osoba:4841,4841,Josef Ackerman,josef ackerman,Josef,Ackerman,M
psp:osoba:4842,4842,Josef Adam,josef adam,Josef,Adam,M
psp:osoba:4843,4843,Juraj Babka,juraj babka,Juraj,Babka,M
psp:osoba:4844,4844,Edmund Bačínský,edmund bacinsky,Edmund,Bačínský,M
psp:osoba:4845,4845,Dušan Baďura,dusan badura,Dušan,Baďura,M
psp:osoba:4846,4846,Josef Balla,josef balla,Josef,Balla,M
psp:osoba:4847,4847,František Barbírek,frantisek barbirek,František,Barbírek,M
psp:osoba:4848,4848,Josef Barinka,josef barinka,Josef,Barinka,M
psp:osoba:4849,4849,Josef Barth,josef barth,Josef,Barth,M
psp:osoba:4850,4850,Karl Bartl,karl bartl,Karl,Bartl,M
psp:osoba:4851,4851,Otakar Bas,otakar bas,Otakar,Bas,M
psp:osoba:4852,4852,Bohumil Baxa,bohumil baxa,Bohumil,Baxa,M
psp:osoba:4853,4853,Antonín Berkovec,antonin berkovec,Antonín,Berkovec,M
psp:osoba:4854,4854,Jan Blaho,jan blaho,Jan,Blaho,M
psp:osoba:4855,4855,Eduard Bobula,eduard bobula,Eduard,Bobula,M
psp:osoba:4856,4856,Karl Bock,karl bock,Karl,Bock,M
psp:osoba:4857,4857,Ivan Bodnár,ivan bodnar,Ivan,Bodnár,M
psp:osoba:4858,4858,Rudolf Böhm,rudolf bohm,Rudolf,Böhm,M
psp:osoba:4859,4859,Kurt Brass,kurt brass,Kurt,Brass,M
psp:osoba:4860,4860,Bedřich Brož,bedrich broz,Bedřich,Brož,M
psp:osoba:4861,4861,Karel Cífka,karel cifka,Karel,Cífka,M
psp:osoba:4862,4862,Endre Csehy,endre csehy,Endre,Csehy,M
psp:osoba:4863,4863,Ilarion Curkánovič,ilarion curkanovic,Ilarion,Curkánovič,M
psp:osoba:4864,4864,Ján Čarnogurský,jan carnogursky,Ján,Čarnogurský,M
psp:osoba:4865,4865,Andrej Činčala,andrej cincala,Andrej,Činčala,M
psp:osoba:4866,4866,Ján Danko,jan danko,Ján,Danko,M
psp:osoba:4867,4867,Filip Dobrovolný,filip dobrovolny,Filip,Dobrovolný,M
psp:osoba:4868,4868,Jan Douda,jan douda,Jan,Douda,M
psp:osoba:4869,4869,Alexandr Dráb,alexandr drab,Alexandr,Dráb,M
psp:osoba:4870,4870,Karl Dresl,karl dresl,Karl,Dresl,M
psp:osoba:4871,4871,Josef Dresler,josef dresler,Josef,Dresler,M
psp:osoba:4872,4872,František Drtina,frantisek drtina,František,Drtina,M
psp:osoba:4873,4873,Jan Ducha,jan ducha,Jan,Ducha,M
psp:osoba:4874,4874,Vojtěch Dundr,vojtech dundr,Vojtěch,Dundr,M
psp:osoba:4875,4875,Juraj Ďúrčanský,juraj durcansky,Juraj,Ďúrčanský,M
psp:osoba:4876,4876,Tomáš Dytrych,tomas dytrych,Tomáš,Dytrych,M
psp:osoba:4877,4877,Ferencz Egry,ferencz egry,Ferencz,Egry,M
psp:osoba:4878,4878,Josef Eichhorn,josef eichhorn,Josef,Eichhorn,M
psp:osoba:4879,4879,Karel Endlicher,karel endlicher,Karel,Endlicher,M
psp:osoba:4880,4880,Emil Enhuber,emil enhuber,Emil,Enhuber,M
psp:osoba:4881,4881,Václav Bouček,vaclav boucek,Václav,Bouček,M
psp:osoba:4882,4882,Jozef Baláž,jozef balaz,Jozef,Baláž,M
psp:osoba:4883,4883,Adam Fahrner,adam fahrner,Adam,Fahrner,M
psp:osoba:4884,4884,Zoltán Farkas,zoltan farkas,Zoltán,Farkas,M
psp:osoba:4885,4885,Josef Ficza,josef ficza,Josef,Ficza,M
psp:osoba:4886,4886,Štefan Findlík,stefan findlik,Štefan,Findlík,M
psp:osoba:4887,4887,Milan Fijala,milan fijala,Milan,Fijala,M
psp:osoba:4888,4888,Ferdinand Foit,ferdinand foit,Ferdinand,Foit,M
psp:osoba:4889,4889,Karel Folber,karel folber,Karel,Folber,M
psp:osoba:4890,4890,Julius Földesi,julius foldesi,Julius,Földesi,M
psp:osoba:4891,4891,Lájos Franciscy,lajos franciscy,Lájos,Franciscy,M
psp:osoba:4892,4892,Ludwig Frank,ludwig frank,Ludwig,Frank,M
psp:osoba:4893,4893,Paul Franke,paul franke,Paul,Franke,M
psp:osoba:4894,4894,Albert Friedrich,albert friedrich,Albert,Friedrich,M
psp:osoba:4895,4895,Karl Friedrich,karl friedrich,Karl,Friedrich,M
psp:osoba:4896,4896,Heinrich Fritsch,heinrich fritsch,Heinrich,Fritsch,M
psp:osoba:4897,4897,Max Fritsch,max fritsch,Max,Fritsch,M
psp:osoba:4898,4898,Karl Fritscher,karl fritscher,Karl,Fritscher,M
psp:osoba:4899,4899,Karl Garlik,karl garlik,Karl,Garlik,M
psp:osoba:4900,4900,Peter Gecko,peter gecko,Peter,Gecko,M
psp:osoba:4901,4901,Josef Göth,josef goth,Josef,Göth,M
psp:osoba:4902,4902,Justin Greger,justin greger,Justin,Greger,M
psp:osoba:4903,4903,Géza Grosschmid,geza grosschmid,Géza,Grosschmid,M
psp:osoba:4904,4904,Štefan Gürtler,stefan gurtler,Štefan,Gürtler,M
psp:osoba:4905,4905,Rosálie Hajníková,rosalie hajnikova,Rosálie,Hajníková,F
psp:osoba:4906,4906,Vojtěch Hampl,vojtech hampl,Vojtěch,Hampl,M
psp:osoba:4907,4907,István Hangos,istvan hangos,István,Hangos,M
psp:osoba:4908,4908,Hans Hartl,hans hartl,Hans,Hartl,M
psp:osoba:4909,4909,Otakar Havelka,otakar havelka,Otakar,Havelka,M
psp:osoba:4910,4910,Jáchym Havlena,jachym havlena,Jáchym,Havlena,M
psp:osoba:4911,4911,Jiří Havlíček,jiri havlicek,Jiří,Havlíček,M
psp:osoba:4912,4912,Rudolf Havlík,rudolf havlik,Rudolf,Havlík,M
psp:osoba:4913,4913,Josef Havlín,josef havlin,Josef,Havlín,M
psp:osoba:4914,4914,Jan Havránek,jan havranek,Jan,Havránek,M
psp:osoba:4915,4915,Pavel Havránek,pavel havranek,Pavel,Havránek,M
psp:osoba:4916,4916,Rudolf Havránek,rudolf havranek,Rudolf,Havránek,M
psp:osoba:4917,4917,August Hecker,august hecker,August,Hecker,M
psp:osoba:4918,4918,Karl Heller,karl heller,Karl,Heller,M
psp:osoba:4919,4919,Wilhelm Herlinger,wilhelm herlinger,Wilhelm,Herlinger,M
psp:osoba:4920,4920,Sándor Herz,sandor herz,Sándor,Herz,M
psp:osoba:4921,4921,Emma Marie Herzig,emma marie herzig,Emma Marie,Herzig,M
psp:osoba:4922,4922,Karl Hilgenreiner,karl hilgenreiner,Karl,Hilgenreiner,M
psp:osoba:4923,4923,Hermann Hladik,hermann hladik,Hermann,Hladik,M
psp:osoba:4924,4924,František Hlávka,frantisek hlavka,František,Hlávka,M
psp:osoba:4925,4925,Antonín Hnátek,antonin hnatek,Antonín,Hnátek,M
psp:osoba:4926,4926,Josef Hocke,josef hocke,Josef,Hocke,M
psp:osoba:4927,4927,Josef Holý,josef holy,Josef,Holý,M
psp:osoba:4928,4928,Alois Horák,alois horak,Alois,Horák,M
psp:osoba:4929,4929,Jaroslav J. Horák,jaroslav j. horak,Jaroslav J.,Horák,M
psp:osoba:4930,4930,Stanislav Horný,stanislav horny,Stanislav,Horný,M
psp:osoba:4931,4931,Václav Houser,vaclav houser,Václav,Houser,M
psp:osoba:4932,4932,Emanuel Hrubý,emanuel hruby,Emanuel,Hrubý,M
psp:osoba:4933,4933,Josef Hubka,josef hubka,Josef,Hubka,M
psp:osoba:4934,4934,Ignaz Hübner,ignaz hubner,Ignaz,Hübner,M
psp:osoba:4935,4935,Robert Hütter,robert hutter,Robert,Hütter,M
psp:osoba:4936,4936,Václav Chlunecký,vaclav chlunecky,Václav,Chlunecký,M
psp:osoba:4937,4937,Franz Ikert,franz ikert,Franz,Ikert,M
psp:osoba:4938,4938,František Jakubec,frantisek jakubec,František,Jakubec,M
psp:osoba:4939,4939,Ondrej Janček,ondrej jancek,Ondrej,Janček,M
psp:osoba:4940,4940,Ján Janík,jan janik,Ján,Janík,M
psp:osoba:4941,4941,Anton Jarolim,anton jarolim,Anton,Jarolim,M
psp:osoba:4942,4942,Otakar Javornický,otakar javornicky,Otakar,Javornický,M
psp:osoba:4943,4943,Franz Jesser,franz jesser,Franz,Jesser,M
psp:osoba:4944,4944,Ján Juriga,jan juriga,Ján,Juriga,M
psp:osoba:4945,4945,Anton Just,anton just,Anton,Just,M
psp:osoba:4946,4946,Štefan Kada,stefan kada,Štefan,Kada,M
psp:osoba:4947,4947,Josef Kahler,josef kahler,Josef,Kahler,M
psp:osoba:4948,4948,Michal Kalčok,michal kalcok,Michal,Kalčok,M
psp:osoba:4949,4949,Jan Kapras,jan kapras,Jan,Kapras,M
psp:osoba:4950,4950,Josef Karas,josef karas,Josef,Karas,M
psp:osoba:4951,4951,Eduard Kavan,eduard kavan,Eduard,Kavan,M
psp:osoba:4952,4952,Sigmund Keil,sigmund keil,Sigmund,Keil,M
psp:osoba:4953,4953,Ján Kello,jan kello,Ján,Kello,M
psp:osoba:4954,4954,Jozsef Keresztúry,jozsef keresztury,Jozsef,Keresztúry,M
psp:osoba:4955,4955,Bohuš Kianička,bohus kianicka,Bohuš,Kianička,M
psp:osoba:4956,4956,Wilhelm Kiesewetter,wilhelm kiesewetter,Wilhelm,Kiesewetter,M
psp:osoba:4957,4957,Bohuslav Kindl,bohuslav kindl,Bohuslav,Kindl,M
psp:osoba:4958,4958,Josef Václav Klečák,josef vaclav klecak,Josef Václav,Klečák,M
psp:osoba:4959,4959,Julo Klimko,julo klimko,Julo,Klimko,M
psp:osoba:4960,4960,Heinrich Knesch,heinrich knesch,Heinrich,Knesch,M
psp:osoba:4961,4961,Franz Köhler,franz kohler,Franz,Köhler,M
psp:osoba:4962,4962,Julius Komrs,julius komrs,Julius,Komrs,M
psp:osoba:4963,4963,Franz Koperniczky,franz koperniczky,Franz,Koperniczky,M
psp:osoba:4964,4964,Ludwig Korinek,ludwig korinek,Ludwig,Korinek,M
psp:osoba:4965,4965,Tomáš Korvas,tomas korvas,Tomáš,Korvas,M
psp:osoba:4966,4966,Jan Kotrba,jan kotrba,Jan,Kotrba,M
psp:osoba:4967,4967,Leopold Koubek,leopold koubek,Leopold,Koubek,M
psp:osoba:4968,4968,Bohuslav Koukal,bohuslav koukal,Bohuslav,Koukal,M
psp:osoba:4969,4969,Josef Koukal,josef koukal,Josef,Koukal,M
psp:osoba:4970,4970,Emma Koutková,emma koutkova,Emma,Koutková,F
psp:osoba:4971,4971,Ján Kovalik,jan kovalik,Ján,Kovalik,M
psp:osoba:4972,4972,Michal Králka,michal kralka,Michal,Králka,M
psp:osoba:4973,4973,Gottfried Krczal,gottfried krczal,Gottfried,Krczal,M
psp:osoba:4974,4974,Karol Krčméry,karol krcmery,Karol,Krčméry,M
psp:osoba:4975,4975,Karl Krebich,karl krebich,Karl,Krebich,M
psp:osoba:4976,4976,Mathias Kreppenhofer,mathias kreppenhofer,Mathias,Kreppenhofer,M
psp:osoba:4977,4977,Milutin Križko,milutin krizko,Milutin,Križko,M
psp:osoba:4978,4978,Vladimír Krno,vladimir krno,Vladimír,Krno,M
psp:osoba:4979,4979,Otto Krommer,otto krommer,Otto,Krommer,M
psp:osoba:4980,4980,Luděk Krupka,ludek krupka,Luděk,Krupka,M
psp:osoba:4981,4981,Emanuel Kučera,emanuel kucera,Emanuel,Kučera,M
psp:osoba:4982,4982,Robert Langer,robert langer,Robert,Langer,M
psp:osoba:4983,4983,Jurko Lažo,jurko lazo,Jurko,Lažo,M
psp:osoba:4984,4984,Eugen Ledebur - Wicheln,eugen ledebur - wicheln,Eugen,Ledebur - Wicheln,M
psp:osoba:4985,4985,Václav Leibner,vaclav leibner,Václav,Leibner,M
psp:osoba:4986,4986,Hugo Liehm,hugo liehm,Hugo,Liehm,M
psp:osoba:4987,4987,Anton Lichtneckert,anton lichtneckert,Anton,Lichtneckert,M
psp:osoba:4988,4988,Franz Link,franz link,Franz,Link,M
psp:osoba:4989,4989,Andreas Lippert,andreas lippert,Andreas,Lippert,M
psp:osoba:4990,4990,Čeněk Josef Lisý,cenek josef lisy,Čeněk Josef,Lisý,M
psp:osoba:4991,4991,Eduard Löhnert,eduard lohnert,Eduard,Löhnert,M
psp:osoba:4992,4992,Jan Lorenc,jan lorenc,Jan,Lorenc,M
psp:osoba:4993,4993,Wenzel Lorenz,wenzel lorenz,Wenzel,Lorenz,M
psp:osoba:4994,4994,Indruch Lotar,indruch lotar,Indruch,Lotar,M
psp:osoba:4995,4995,Dominik Löw,dominik low,Dominik,Löw,M
psp:osoba:4996,4996,Josef Luksch,josef luksch,Josef,Luksch,M
psp:osoba:4997,4997,Rudolf Macek,rudolf macek,Rudolf,Macek,M
psp:osoba:4998,4998,Bedřich Macků,bedrich macku,Bedřich,Macků,M
psp:osoba:4999,4999,Josef Machovský,josef machovsky,Josef,Machovský,M
psp:osoba:5000,5000,Wilhelm Maixner,wilhelm maixner,Wilhelm,Maixner,M
psp:osoba:5001,5001,František Malík,frantisek malik,František,Malík,M
psp:osoba:5002,5002,Stanislav Marák,stanislav marak,Stanislav,Marák,M
psp:osoba:5003,5003,Karel Marušák,karel marusak,Karel,Marušák,M
psp:osoba:5004,5004,Theodor Matuščák,theodor matuscak,Theodor,Matuščák,M
psp:osoba:5005,5005,Gustav Mayr,gustav mayr,Gustav,Mayr,M
psp:osoba:5006,5006,Alois Měchura,alois mechura,Alois,Měchura,M
psp:osoba:5007,5007,Robert Meissner,robert meissner,Robert,Meissner,M
psp:osoba:5008,5008,Adolf Melíšek,adolf melisek,Adolf,Melíšek,M
psp:osoba:5009,5009,František Merta,frantisek merta,František,Merta,M
psp:osoba:5010,5010,István Mezö,istvan mezo,István,Mezö,M
psp:osoba:5011,5011,Karl Michler,karl michler,Karl,Michler,M
psp:osoba:5012,5012,Zuzana Mikušová,zuzana mikusova,Zuzana,Mikušová,F
psp:osoba:5013,5013,Jan Miller,jan miller,Jan,Miller,M
psp:osoba:5014,5014,Albert Milota,albert milota,Albert,Milota,M
psp:osoba:5015,5015,Pavel Mudroch,pavel mudroch,Pavel,Mudroch,M
psp:osoba:5016,5016,Ján Mudroň,jan mudron,Ján,Mudroň,M
psp:osoba:5017,5017,František Müller,frantisek muller,František,Müller,M
psp:osoba:5018,5018,Wilhelm Müller,wilhelm muller,Wilhelm,Müller,M
psp:osoba:5019,5019,Jana Dědečková,jana dedeckova,Jana,Dědečková,F
psp:osoba:5020,5020,Václav Erben,vaclav erben,Václav,Erben,M
psp:osoba:5021,5021,Petr Hájek,petr hajek,Petr,Hájek,M
psp:osoba:5022,5022,Miroslav Mareš,miroslav mares,Miroslav,Mareš,M
psp:osoba:5023,5023,František Mikš,frantisek miks,František,Mikš,M
psp:osoba:5024,5024,August Naegle,august naegle,August,Naegle,M
psp:osoba:5025,5025,František Nedvěd,frantisek nedved,František,Nedvěd,M
psp:osoba:5026,5026,Jindřich Nentvich,jindrich nentvich,Jindřich,Nentvich,M
psp:osoba:5027,5027,Wilhelm Niessner,wilhelm niessner,Wilhelm,Niessner,M
psp:osoba:5028,5028,František Novák,frantisek novak,František,Novák,M
psp:osoba:5029,5029,František Novák,frantisek novak,František,Novák,M
psp:osoba:5030,5030,Gustav Oberleithner,gustav oberleithner,Gustav,Oberleithner,M
psp:osoba:5031,5031,František Olejník,frantisek olejnik,František,Olejník,M
psp:osoba:5032,5032,Richard Osvald,richard osvald,Richard,Osvald,M
psp:osoba:5033,5033,Miklós Pajor,miklos pajor,Miklós,Pajor,M
psp:osoba:5034,5034,František Pánek,frantisek panek,František,Pánek,M
psp:osoba:5035,5035,Rudolf Pánek,rudolf panek,Rudolf,Pánek,M
psp:osoba:5036,5036,Vinzenz Patzak,vinzenz patzak,Vinzenz,Patzak,M
psp:osoba:5037,5037,František Paulus,frantisek paulus,František,Paulus,M
psp:osoba:5038,5038,Artur Pavelka,artur pavelka,Artur,Pavelka,M
psp:osoba:5039,5039,Jan Pechanec,jan pechanec,Jan,Pechanec,M
psp:osoba:5040,5040,Anna Perthen - Nickel,anna perthen - nickel,Anna,Perthen - Nickel,M
psp:osoba:5041,5041,Juraj Petor,juraj petor,Juraj,Petor,M
psp:osoba:5042,5042,Josef Petřík,josef petrik,Josef,Petřík,M
psp:osoba:5043,5043,Anton Pfrogner,anton pfrogner,Anton,Pfrogner,M
psp:osoba:5044,5044,Jiří Pichl,jiri pichl,Jiří,Pichl,M
psp:osoba:5045,5045,Josef Pilz,josef pilz,Josef,Pilz,M
psp:osoba:5046,5046,Jan Pištěk,jan pistek,Jan,Pištěk,M
psp:osoba:5047,5047,Cyril Pivko,cyril pivko,Cyril,Pivko,M
psp:osoba:5048,5048,Františka F. Plamínková,frantiska f. plaminkova,Františka F.,Plamínková,F
psp:osoba:5049,5049,Ján Podoba,jan podoba,Ján,Podoba,M
psp:osoba:5050,5050,Johann Polach,johann polach,Johann,Polach,M
psp:osoba:5051,5051,František Poliak,frantisek poliak,František,Poliak,M
psp:osoba:5052,5052,Vasil Popovič,vasil popovic,Vasil,Popovič,M
psp:osoba:5053,5053,Jozef Pribilinec,jozef pribilinec,Jozef,Pribilinec,M
psp:osoba:5054,5054,Jan Prinz,jan prinz,Jan,Prinz,M
psp:osoba:5055,5055,Adolf Procházka,adolf prochazka,Adolf,Procházka,M
psp:osoba:5056,5056,Jan Procházka,jan prochazka,Jan,Procházka,M
psp:osoba:5057,5057,Vincenc Procházka,vincenc prochazka,Vincenc,Procházka,M
psp:osoba:5058,5058,Josef Prošek,josef prosek,Josef,Prošek,M
psp:osoba:5059,5059,Josef Průša,josef prusa,Josef,Průša,M
psp:osoba:5060,5060,Zdeněk Příhoda,zdenek prihoda,Zdeněk,Příhoda,M
psp:osoba:5061,5061,Ondřej Přikryl,ondrej prikryl,Ondřej,Přikryl,M
psp:osoba:5062,5062,Ferdinand Raiman,ferdinand raiman,Ferdinand,Raiman,M
psp:osoba:5063,5063,Růžena Reichstädterová,ruzena reichstadterova,Růžena,Reichstädterová,M
psp:osoba:5064,5064,Emil Reil,emil reil,Emil,Reil,M
psp:osoba:5065,5065,Richard Reiter,richard reiter,Richard,Reiter,M
psp:osoba:5066,5066,Pavel Rejmon,pavel rejmon,Pavel,Rejmon,M
psp:osoba:5067,5067,Kiril Reščuk,kiril rescuk,Kiril,Reščuk,M
psp:osoba:5068,5068,František Reyl,frantisek reyl,František,Reyl,M
psp:osoba:5069,5069,Josef Reyzl,josef reyzl,Josef,Reyzl,M
psp:osoba:5070,5070,János Richter,janos richter,János,Richter,M
psp:osoba:5071,5071,Béla Riskó,bela risko,Béla,Riskó,M
psp:osoba:5072,5072,Šimon Roháček,simon rohacek,Šimon,Roháček,M
psp:osoba:5073,5073,Maxmilián Rohlena,maxmilian rohlena,Maxmilián,Rohlena,M
psp:osoba:5074,5074,Gašpar Rovňan,gaspar rovnan,Gašpar,Rovňan,M
psp:osoba:5075,5075,Jan Rozkošný,jan rozkosny,Jan,Rozkošný,M
psp:osoba:5076,5076,Karel Rušavý,karel rusavy,Karel,Rušavý,M
psp:osoba:5077,5077,Václav Sehnal,vaclav sehnal,Václav,Sehnal,M
psp:osoba:5078,5078,Růžena Sehnalová,ruzena sehnalova,Růžena,Sehnalová,F
psp:osoba:5079,5079,Josef Seifert,josef seifert,Josef,Seifert,M
psp:osoba:5080,5080,Barbara Schack,barbara schack,Barbara,Schack,F
psp:osoba:5081,5081,Josef Schiller,josef schiller,Josef,Schiller,M
psp:osoba:5082,5082,Hieronymus Schlossnikel,hieronymus schlossnikel,Hieronymus,Schlossnikel,M
psp:osoba:5083,5083,Karl Eugen Schmidt,karl eugen schmidt,Karl Eugen,Schmidt,M
psp:osoba:5084,5084,Rudolf Schmidt,rudolf schmidt,Rudolf,Schmidt,M
psp:osoba:5085,5085,Adolf Scholz,adolf scholz,Adolf,Scholz,M
psp:osoba:5086,5086,Franz Scholz,franz scholz,Franz,Scholz,M
psp:osoba:5087,5087,Karl Schösser,karl schosser,Karl,Schösser,M
psp:osoba:5088,5088,Emil Schrammel,emil schrammel,Emil,Schrammel,M
psp:osoba:5089,5089,Rudolf Schubert,rudolf schubert,Rudolf,Schubert,M
psp:osoba:5090,5090,Karl Schwamberger,karl schwamberger,Karl,Schwamberger,M
psp:osoba:5091,5091,Julius Sláma,julius slama,Julius,Sláma,M
psp:osoba:5092,5092,Karol Sliwka,karol sliwka,Karol,Sliwka,M
psp:osoba:5093,5093,Antonín Smetana,antonin smetana,Antonín,Smetana,M
psp:osoba:5094,5094,Dana Smutná,dana smutna,Dana,Smutná,F
psp:osoba:5095,5095,Jan Sobota,jan sobota,Jan,Sobota,M
psp:osoba:5096,5096,Josef Sochor,josef sochor,Josef,Sochor,M
psp:osoba:5097,5097,Ludwik Spiegel,ludwik spiegel,Ludwik,Spiegel,M
psp:osoba:5098,5098,Erdmann Spies,erdmann spies,Erdmann,Spies,M
psp:osoba:5099,5099,Franz Karl Stark,franz karl stark,Franz Karl,Stark,M
psp:osoba:5100,5100,Marie Stejskalová,marie stejskalova,Marie,Stejskalová,F
psp:osoba:5102,5102,Karl Stellwag,karl stellwag,Karl,Stellwag,M
psp:osoba:5103,5103,Robert Stohr,robert stohr,Robert,Stohr,M
psp:osoba:5104,5104,Friedrich Stolberg,friedrich stolberg,Friedrich,Stolberg,M
psp:osoba:5105,5105,Petr Stránský,petr stransky,Petr,Stránský,M
psp:osoba:5106,5106,Josef Stržil,josef strzil,Josef,Stržil,M
psp:osoba:5107,5107,Antonín Svraka,antonin svraka,Antonín,Svraka,M
psp:osoba:5108,5108,Béla Szilassy,bela szilassy,Béla,Szilassy,M
psp:osoba:5109,5109,Antonín Šachl,antonin sachl,Antonín,Šachl,M
psp:osoba:5110,5110,Adolf Šelmec,adolf selmec,Adolf,Šelmec,M
psp:osoba:5111,5111,Eduard Šimek,eduard simek,Eduard,Šimek,M
psp:osoba:5112,5112,Emil Šimek,emil simek,Emil,Šimek,M
psp:osoba:5113,5113,Josef Šimonek,josef simonek,Josef,Šimonek,M
psp:osoba:5114,5114,Antonín Šolc,antonin solc,Antonín,Šolc,M
psp:osoba:5115,5115,Alois Špera,alois spera,Alois,Špera,M
psp:osoba:5116,5116,Ferdinand Šťastný,ferdinand stastny,Ferdinand,Šťastný,M
psp:osoba:5117,5117,Josef Štelcl,josef stelcl,Josef,Štelcl,M
psp:osoba:5118,5118,Václav Šturc,vaclav sturc,Václav,Šturc,M
psp:osoba:5119,5119,Václav Švec,vaclav svec,Václav,Švec,M
psp:osoba:5120,5120,Petr Lachnit,petr lachnit,Petr,Lachnit,M
psp:osoba:5121,5121,Ernst Teschner,ernst teschner,Ernst,Teschner,M
psp:osoba:5122,5122,Josef Thoř,josef thor,Josef,Thoř,M
psp:osoba:5123,5123,Friedrich Tischer,friedrich tischer,Friedrich,Tischer,M
psp:osoba:5124,5124,Emanuel Trčka,emanuel trcka,Emanuel,Trčka,M
psp:osoba:5125,5125,Robert Tschakert,robert tschakert,Robert,Tschakert,M
psp:osoba:5126,5126,Johann Tschapek,johann tschapek,Johann,Tschapek,M
psp:osoba:5127,5127,Václav Turek,vaclav turek,Václav,Turek,M
psp:osoba:5128,5128,Imre Turchányi,imre turchanyi,Imre,Turchányi,M
psp:osoba:5129,5129,Alois Ušák,alois usak,Alois,Ušák,M
psp:osoba:5130,5130,Rudolf Wagner,rudolf wagner,Rudolf,Wagner,M
psp:osoba:5131,5131,Theodor Walló,theodor wallo,Theodor,Walló,M
psp:osoba:5132,5132,Matthias Wellan,matthias wellan,Matthias,Wellan,M
psp:osoba:5133,5133,Friedrich Weller,friedrich weller,Friedrich,Weller,M
psp:osoba:5134,5134,Josef Wenderlich,josef wenderlich,Josef,Wenderlich,M
psp:osoba:5135,5135,Franz Werner,franz werner,Franz,Werner,M
psp:osoba:5136,5136,Wilhelm Wiechowski,wilhelm wiechowski,Wilhelm,Wiechowski,M
psp:osoba:5137,5137,Arnošt Winter,arnost winter,Arnošt,Winter,M
psp:osoba:5138,5138,Václav Vacek,vaclav vacek,Václav,Vacek,M
psp:osoba:5139,5139,Čeněk Vaněček,cenek vanecek,Čeněk,Vaněček,M
psp:osoba:5140,5140,Imre (Emmerick) Varga,imre (emmerick) varga,Imre (Emmerick),Varga,M
psp:osoba:5141,5141,Alois Včelička,alois vcelicka,Alois,Včelička,M
psp:osoba:5142,5142,Moritz Vetter-Lilie,moritz vetter-lilie,Moritz,Vetter-Lilie,M
psp:osoba:5143,5143,Antonín Vlk,antonin vlk,Antonín,Vlk,M
psp:osoba:5144,5144,Václav Vokál,vaclav vokal,Václav,Vokál,M
psp:osoba:5145,5145,Juraj Vyskočil,juraj vyskocil,Juraj,Vyskočil,M
psp:osoba:5146,5146,Marie Vydrová,marie vydrova,Marie,Vydrová,F
psp:osoba:5147,5147,Elemír Vollay,elemir vollay,Elemír,Vollay,M
psp:osoba:5148,5148,Gabriel Volko,gabriel volko,Gabriel,Volko,M
psp:osoba:5149,5149,Cyril Záborec,cyril zaborec,Cyril,Záborec,M
psp:osoba:5150,5150,František Zimák,frantisek zimak,František,Zimák,M
psp:osoba:5151,5151,Theodor Zuleger,theodor zuleger,Theodor,Zuleger,M
psp:osoba:5152,5152,Josef Žďárský,josef zdarsky,Josef,Žďárský,M
psp:osoba:5153,5153,Pavel Žižka,pavel zizka,Pavel,Žižka,M
psp:osoba:5154,5154,Pavel Žiška,pavel ziska,Pavel,Žiška,M
psp:osoba:5155,5155,Bohumír Bobák,bohumir bobak,Bohumír,Bobák,M
psp:osoba:5156,5156,František Schilberger,frantisek schilberger,František,Schilberger,M
psp:osoba:5157,5157,Marcela Marboe-Hrabincová,marcela marboe-hrabincova,Marcela,Marboe-Hrabincová,F
psp:osoba:5158,5158,Robert Hendrych,robert hendrych,Robert,Hendrych,M
psp:osoba:5159,5159,Václav Krejčí,vaclav krejci,Václav,Krejčí,M
psp:osoba:5160,5160,Ludmila Vojancová,ludmila vojancova,Ludmila,Vojancová,F
psp:osoba:5161,5161,Jaroslav Chrobák,jaroslav chrobak,Jaroslav,Chrobák,M
psp:osoba:5162,5162,Josef Klíma,josef klima,Josef,Klíma,M
psp:osoba:5163,5163,Viktor Pázler,viktor pazler,Viktor,Pázler,M
psp:osoba:5164,5164,Karla Pochová,karla pochova,Karla,Pochová,M
psp:osoba:5165,5165,Josef Prudík,josef prudik,Josef,Prudík,M
psp:osoba:5166,5166,Karel Urbánek,karel urbanek,Karel,Urbánek,M
psp:osoba:5167,5167,Josef Vondráček,josef vondracek,Josef,Vondráček,M
psp:osoba:5168,5168,Marie Kolomazníková,marie kolomaznikova,Marie,Kolomazníková,F
psp:osoba:5169,5169,Aleš Slavík,ales slavik,Aleš,Slavík,M
psp:osoba:5170,5170,Josef Krejčí,josef krejci,Josef,Krejčí,M
psp:osoba:5171,5171,Radovan Brychta,radovan brychta,Radovan,Brychta,M
psp:osoba:5172,5172,Olga Koukalová,olga koukalova,Olga,Koukalová,F
psp:osoba:5173,5173,Vladimír Škoda,vladimir skoda,Vladimír,Škoda,M
psp:osoba:5174,5174,Josef Kovalčuk,josef kovalcuk,Josef,Kovalčuk,M
psp:osoba:5175,5175,Rostislav Hakl,rostislav hakl,Rostislav,Hakl,M
psp:osoba:5176,5176,Vítězslav Otruba,vitezslav otruba,Vítězslav,Otruba,M
psp:osoba:5177,5177,Miloš Klíma,milos klima,Miloš,Klíma,M
psp:osoba:5178,5178,Čeněk Tvrdoň,cenek tvrdon,Čeněk,Tvrdoň,M
psp:osoba:5179,5179,Miroslav Mírný,miroslav mirny,Miroslav,Mírný,M
psp:osoba:5180,5180,Vladimír Struska,vladimir struska,Vladimír,Struska,M
psp:osoba:5181,5181,Zdeněk Spousta,zdenek spousta,Zdeněk,Spousta,M
psp:osoba:5182,5182,Helena Hynková,helena hynkova,Helena,Hynková,F
psp:osoba:5183,5183,Martin Pecina,martin pecina,Martin,Pecina,M
psp:osoba:5184,5184,Marcela Manhartová,marcela manhartova,Marcela,Manhartová,F
psp:osoba:5185,5185,Václav Bedřich,vaclav bedrich,Václav,Bedřich,M
psp:osoba:5186,5186,Rudolf Střítecký,rudolf stritecky,Rudolf,Střítecký,M
psp:osoba:5187,5187,Luboš Krejčíř,lubos krejcir,Luboš,Krejčíř,M
psp:osoba:5188,5188,Jaroslav Kraus,jaroslav kraus,Jaroslav,Kraus,M
psp:osoba:5189,5189,Vítězslav Jurásek,vitezslav jurasek,Vítězslav,Jurásek,M
psp:osoba:5190,5190,Jana Kučerová,jana kucerova,Jana,Kučerová,M
psp:osoba:5191,5191,Marcel Hájek,marcel hajek,Marcel,Hájek,M
psp:osoba:5192,5192,Miroslav Braný,miroslav brany,Miroslav,Braný,M
psp:osoba:5193,5193,Světlana Navarová,svetlana navarova,Světlana,Navarová,F
psp:osoba:5194,5194,Eduard Goldstücker,eduard goldstucker,Eduard,Goldstücker,M
psp:osoba:5195,5195,Ota Šik,ota sik,Ota,Šik,M
psp:osoba:5196,5196,Josef Novák,josef novak,Josef,Novák,M
psp:osoba:5197,5197,Richard Setinský,richard setinsky,Richard,Setinský,M
psp:osoba:5198,5198,Jiří Šimsa,jiri simsa,Jiří,Šimsa,M
psp:osoba:5199,5199,Alena Macková,alena mackova,Alena,Macková,F
psp:osoba:5200,5200,Petr Žantovský,petr zantovsky,Petr,Žantovský,M
psp:osoba:5201,5201,Jindřich Kabát,jindrich kabat,Jindřich,Kabát,M
psp:osoba:5202,5202,Jan Levíček,jan levicek,Jan,Levíček,M
psp:osoba:5203,5203,Jan Kalfus,jan kalfus,Jan,Kalfus,M
psp:osoba:5204,5204,Vladimír Poštulka,vladimir postulka,Vladimír,Poštulka,M
psp:osoba:5205,5205,Alena Kinclová,alena kinclova,Alena,Kinclová,F
psp:osoba:5206,5206,Petr Weis,petr weis,Petr,Weis,M
psp:osoba:5207,5207,Anna Šabatová,anna sabatova,Anna,Šabatová,F
psp:osoba:5208,5208,Jaroslav Bureš,jaroslav bures,Jaroslav,Bureš,M
psp:osoba:5209,5209,Vladimír Plaček,vladimir placek,Vladimír,Plaček,M
psp:osoba:5210,5210,Pavel Foltán,pavel foltan,Pavel,Foltán,M
psp:osoba:5211,5211,Daniel Žák,daniel zak,Daniel,Žák,M
psp:osoba:5212,5212,Daniel Novák,daniel novak,Daniel,Novák,M
psp:osoba:5213,5213,Hynek Fajmon,hynek fajmon,Hynek,Fajmon,M
psp:osoba:5214,5214,Jitka Kocianová,jitka kocianova,Jitka,Kocianová,F
psp:osoba:5215,5215,Jiří Adámek,jiri adamek,Jiří,Adámek,M
psp:osoba:5216,5216,Jan Vedral,jan vedral,Jan,Vedral,M
psp:osoba:5217,5217,Jaroslav Tvrdík,jaroslav tvrdik,Jaroslav,Tvrdík,M
psp:osoba:5218,5218,Zdeněk Duspiva,zdenek duspiva,Zdeněk,Duspiva,M
psp:osoba:5219,5219,Jana Šilerová,jana silerova,Jana,Šilerová,F
psp:osoba:5220,5220,Ladislav Miler,ladislav miler,Ladislav,Miler,M
psp:osoba:5221,5221,Bohumil Fanta,bohumil fanta,Bohumil,Fanta,M
psp:osoba:5222,5222,Jiří Presl,jiri presl,Jiří,Presl,M
psp:osoba:5223,5223,Zdeněk Forman,zdenek forman,Zdeněk,Forman,M
psp:osoba:5224,5224,Svatopluk Karásek,svatopluk karasek,Svatopluk,Karásek,M
psp:osoba:5225,5225,Erazim Kohák,erazim kohak,Erazim,Kohák,M
psp:osoba:5226,5226,Pavel Žáček,pavel zacek,Pavel,Žáček,M
psp:osoba:5227,5227,Helena Fibingerová,helena fibingerova,Helena,Fibingerová,F
psp:osoba:5228,5228,Lucie Weissová,lucie weissova,Lucie,Weissová,F
psp:osoba:5229,5229,Milan Knížák,milan knizak,Milan,Knížák,M
psp:osoba:5230,5230,Jan Mrzena,jan mrzena,Jan,Mrzena,M
psp:osoba:5231,5231,Milan Horálek,milan horalek,Milan,Horálek,M
psp:osoba:5232,5232,Karel Kos,karel kos,Karel,Kos,M
psp:osoba:5233,5233,Lenka Deverová,lenka deverova,Lenka,Deverová,F
psp:osoba:5234,5234,Jiří Fanc,jiri fanc,Jiří,Fanc,M
psp:osoba:5235,5235,Eduard Gombár,eduard gombar,Eduard,Gombár,M
psp:osoba:5236,5236,Hubert Kříž,hubert kriz,Hubert,Kříž,M
psp:osoba:5237,5237,Michal V. Marek,michal v. marek,Michal V.,Marek,M
psp:osoba:5238,5238,Antonín Sochor,antonin sochor,Antonín,Sochor,M
psp:osoba:5239,5239,Augustin Svoboda,augustin svoboda,Augustin,Svoboda,M
psp:osoba:5241,5241,Jaroslav Perger,jaroslav perger,Jaroslav,Perger,M
psp:osoba:5242,5242,Pavel Plánička,pavel planicka,Pavel,Plánička,M
psp:osoba:5243,5243,Jan Šuster,jan suster,Jan,Šuster,M
psp:osoba:5244,5244,Ervín Kukuczka,ervin kukuczka,Ervín,Kukuczka,M
psp:osoba:5245,5245,Maria Ptáčková,maria ptackova,Maria,Ptáčková,F
psp:osoba:5246,5246,Bohuslav Zoubek,bohuslav zoubek,Bohuslav,Zoubek,M
psp:osoba:5247,5247,Radek Mezuláník,radek mezulanik,Radek,Mezuláník,M
psp:osoba:5248,5248,Zdeňka Profeldová,zdenka profeldova,Zdeňka,Profeldová,F
psp:osoba:5249,5249,Tomáš Vrba,tomas vrba,Tomáš,Vrba,M
psp:osoba:5250,5250,Stanislav Vyskočil,stanislav vyskocil,Stanislav,Vyskočil,M
psp:osoba:5251,5251,Zdeněk Brandt,zdenek brandt,Zdeněk,Brandt,M
psp:osoba:5252,5252,Petr Ibl,petr ibl,Petr,Ibl,M
psp:osoba:5253,5253,Miloslav Kučera,miloslav kucera,Miloslav,Kučera,M
psp:osoba:5254,5254,Eva Nováková,eva novakova,Eva,Nováková,F
psp:osoba:5255,5255,Miroslav Svoboda,miroslav svoboda,Miroslav,Svoboda,M
psp:osoba:5256,5256,Petr Bratský,petr bratsky,Petr,Bratský,M
psp:osoba:5257,5257,Tomáš Dub,tomas dub,Tomáš,Dub,M
psp:osoba:5258,5258,Helena Mallotová,helena mallotova,Helena,Mallotová,F
psp:osoba:5259,5259,Zbyněk Novotný,zbynek novotny,Zbyněk,Novotný,M
psp:osoba:5260,5260,František Beneš,frantisek benes,František,Beneš,M
psp:osoba:5261,5261,Jiří Dolejš,jiri dolejs,Jiří,Dolejš,M
psp:osoba:5262,5262,Vladimír Říha,vladimir riha,Vladimír,Říha,M
psp:osoba:5263,5263,Anna Čurdová,anna curdova,Anna,Čurdová,F
psp:osoba:5264,5264,Libor Rouček,libor roucek,Libor,Rouček,M
psp:osoba:5265,5265,Josef Řihák,josef rihak,Josef,Řihák,M
psp:osoba:5266,5266,Jiří Třešňák,jiri tresnak,Jiří,Třešňák,M
psp:osoba:5267,5267,Jiřina Fialová,jirina fialova,Jiřina,Fialová,F
psp:osoba:5268,5268,Miloslava Vostrá,miloslava vostra,Miloslava,Vostrá,F
psp:osoba:5269,5269,Jan Mládek,jan mladek,Jan,Mládek,M
psp:osoba:5270,5270,Petr Braný,petr brany,Petr,Braný,M
psp:osoba:5271,5271,Vladimír Čada,vladimir cada,Vladimír,Čada,M
psp:osoba:5272,5272,Václav Votava,vaclav votava,Václav,Votava,M
psp:osoba:5273,5273,Jiří Pospíšil,jiri pospisil,Jiří,Pospíšil,M
psp:osoba:5274,5274,Ivana Levá,ivana leva,Ivana,Levá,F
psp:osoba:5275,5275,Ladislav Urban,ladislav urban,Ladislav,Urban,M
psp:osoba:5276,5276,Josef Mikuta,josef mikuta,Josef,Mikuta,M
psp:osoba:5277,5277,Miloš Patera,milos patera,Miloš,Patera,M
psp:osoba:5278,5278,Lubomír Suk,lubomir suk,Lubomír,Suk,M
psp:osoba:5279,5279,Jaroslav Krákora,jaroslav krakora,Jaroslav,Krákora,M
psp:osoba:5280,5280,Josef Bíža,josef biza,Josef,Bíža,M
psp:osoba:5281,5281,Miroslav Pátek,miroslav patek,Miroslav,Pátek,M
psp:osoba:5282,5282,Josef Šenfeld,josef senfeld,Josef,Šenfeld,M
psp:osoba:5283,5283,Oldřich Němec,oldrich nemec,Oldřich,Němec,M
psp:osoba:5284,5284,Jitka Vojtilová,jitka vojtilova,Jitka,Vojtilová,F
psp:osoba:5285,5285,Tomáš Hasil,tomas hasil,Tomáš,Hasil,M
psp:osoba:5286,5286,Petr Kott,petr kott,Petr,Kott,M
psp:osoba:5287,5287,František Pelc,frantisek pelc,František,Pelc,M
psp:osoba:5288,5288,Iva Šedivá,iva sediva,Iva,Šedivá,F
psp:osoba:5289,5289,Vlastimil Dlab,vlastimil dlab,Vlastimil,Dlab,M
psp:osoba:5290,5290,Soňa Marková,sona markova,Soňa,Marková,F
psp:osoba:5291,5291,Jiří Hanuš,jiri hanus,Jiří,Hanuš,M
psp:osoba:5292,5292,Miroslav Váňa,miroslav vana,Miroslav,Váňa,M
psp:osoba:5293,5293,Jitka Gruntová,jitka gruntova,Jitka,Gruntová,F
psp:osoba:5294,5294,Petr Zgarba,petr zgarba,Petr,Zgarba,M
psp:osoba:5295,5295,Milan Bičík,milan bicik,Milan,Bičík,M
psp:osoba:5296,5296,Marie Rusová,marie rusova,Marie,Rusová,F
psp:osoba:5297,5297,Michal Hašek,michal hasek,Michal,Hašek,M
psp:osoba:5298,5298,Miloslav Kala,miloslav kala,Miloslav,Kala,M
psp:osoba:5299,5299,František Strnad,frantisek strnad,František,Strnad,M
psp:osoba:5300,5300,Václav Mencl,vaclav mencl,Václav,Mencl,M
psp:osoba:5301,5301,David Šeich,david seich,David,Šeich,M
psp:osoba:5302,5302,Marta Bayerová,marta bayerova,Marta,Bayerová,F
psp:osoba:5303,5303,Ladislav Býček,ladislav bycek,Ladislav,Býček,M
psp:osoba:5304,5304,Antonín Zralý,antonin zraly,Antonín,Zralý,M
psp:osoba:5305,5305,Vlastimil Ostrý,vlastimil ostry,Vlastimil,Ostrý,M
psp:osoba:5306,5306,Petr Krill,petr krill,Petr,Krill,M
psp:osoba:5307,5307,Alexander Černý,alexander cerny,Alexander,Černý,M
psp:osoba:5308,5308,Ladislav Mlčák,ladislav mlcak,Ladislav,Mlčák,M
psp:osoba:5309,5309,Ivo Vykydal,ivo vykydal,Ivo,Vykydal,M
psp:osoba:5310,5310,Antonín Seďa,antonin seda,Antonín,Seďa,M
psp:osoba:5311,5311,Josef Smýkal,josef smykal,Josef,Smýkal,M
psp:osoba:5312,5312,Vlastislav Antolák,vlastislav antolak,Vlastislav,Antolák,M
psp:osoba:5313,5313,Vladimír Koníček,vladimir konicek,Vladimír,Koníček,M
psp:osoba:5314,5314,Ludvík Hovorka,ludvik hovorka,Ludvík,Hovorka,M
psp:osoba:5315,5315,Jan Škopík,jan skopik,Jan,Škopík,M
psp:osoba:5316,5316,Jozef Kubinyi,jozef kubinyi,Jozef,Kubinyi,M
psp:osoba:5317,5317,Alfréd Michalík,alfred michalik,Alfréd,Michalík,M
psp:osoba:5318,5318,Petr Rafaj,petr rafaj,Petr,Rafaj,M
psp:osoba:5319,5319,Antonín Sýkora,antonin sykora,Antonín,Sýkora,M
psp:osoba:5320,5320,Hana Šedivá,hana sediva,Hana,Šedivá,F
psp:osoba:5321,5321,Kateřina Konečná,katerina konecna,Kateřina,Konečná,F
psp:osoba:5322,5322,Miroslav Opálka,miroslav opalka,Miroslav,Opálka,M
psp:osoba:5323,5323,Marian Bielesz,marian bielesz,Marian,Bielesz,M
psp:osoba:5324,5324,Josef Vícha,josef vicha,Josef,Vícha,M
psp:osoba:5325,5325,Taťána Fischerová,tatana fischerova,Taťána,Fischerová,F
psp:osoba:5326,5326,Milan Šimonovský,milan simonovsky,Milan,Šimonovský,M
psp:osoba:5327,5327,Marie Součková,marie souckova,Marie,Součková,F
psp:osoba:5328,5328,Zdeněk Maršíček,zdenek marsicek,Zdeněk,Maršíček,M
psp:osoba:5329,5329,Václav Černý,vaclav cerny,Václav,Černý,M
psp:osoba:5330,5330,Zdeněk Hrubý,zdenek hruby,Zdeněk,Hrubý,M
psp:osoba:5331,5331,Ivo Hartmann,ivo hartmann,Ivo,Hartmann,M
psp:osoba:5332,5332,Antonín Tesařík,antonin tesarik,Antonín,Tesařík,M
psp:osoba:5333,5333,Miroslav Václavek,miroslav vaclavek,Miroslav,Václavek,M
psp:osoba:5334,5334,Václav Srba,vaclav srba,Václav,Srba,M
psp:osoba:5335,5335,Radek Hofírek,radek hofirek,Radek,Hofírek,M
psp:osoba:5336,5336,Otakar Schlossberger,otakar schlossberger,Otakar,Schlossberger,M
psp:osoba:5337,5337,Jaromír Kallista,jaromir kallista,Jaromír,Kallista,M
psp:osoba:5338,5338,Jiří Kubíček,jiri kubicek,Jiří,Kubíček,M
psp:osoba:5339,5339,Miloš Zábranský,milos zabransky,Miloš,Zábranský,M
psp:osoba:5340,5340,Petr Scholz,petr scholz,Petr,Scholz,M
psp:osoba:5341,5341,Petr Šustr,petr sustr,Petr,Šustr,M
psp:osoba:5342,5342,Robin Böhnisch,robin bohnisch,Robin,Böhnisch,M
psp:osoba:5343,5343,Dana Žáková,dana zakova,Dana,Žáková,F
psp:osoba:5344,5344,František Cundrla,frantisek cundrla,František,Cundrla,M
psp:osoba:5345,5345,Vít Richter,vit richter,Vít,Richter,M
psp:osoba:5346,5346,Stanislav Hložek,stanislav hlozek,Stanislav,Hložek,M
psp:osoba:5347,5347,Lubor Dohnal,lubor dohnal,Lubor,Dohnal,M
psp:osoba:5348,5348,Milan Jakobec,milan jakobec,Milan,Jakobec,M
psp:osoba:5349,5349,Petr Pospíchal,petr pospichal,Petr,Pospíchal,M
psp:osoba:5350,5350,Jiří Šenkýř,jiri senkyr,Jiří,Šenkýř,M
psp:osoba:5351,5351,Katarína Vaculíková,katarina vaculikova,Katarína,Vaculíková,F
psp:osoba:5352,5352,Petr Kolář,petr kolar,Petr,Kolář,M
psp:osoba:5353,5353,Milan Badal,milan badal,Milan,Badal,M
psp:osoba:5354,5354,Ivan Binar,ivan binar,Ivan,Binar,M
psp:osoba:5355,5355,Dobromil Dvořák,dobromil dvorak,Dobromil,Dvořák,M
psp:osoba:5356,5356,Jiří Voráč,jiri vorac,Jiří,Voráč,M
psp:osoba:5357,5357,Robert Vokáč,robert vokac,Robert,Vokáč,M
psp:osoba:5358,5358,Miroslav Kostelka,miroslav kostelka,Miroslav,Kostelka,M
psp:osoba:5359,5359,Jan Kinšt,jan kinst,Jan,Kinšt,M
psp:osoba:5360,5360,Alexandr Gregar,alexandr gregar,Alexandr,Gregar,M
psp:osoba:5361,5361,Tomáš Töpfer,tomas topfer,Tomáš,Töpfer,M
psp:osoba:5364,5364,Karel Čermák,karel cermak,Karel,Čermák,M
psp:osoba:5365,5365,Tomáš Vrbík,tomas vrbik,Tomáš,Vrbík,M
psp:osoba:5366,5366,Tomáš Hájek,tomas hajek,Tomáš,Hájek,M
psp:osoba:5367,5367,Pavla Gomba,pavla gomba,Pavla,Gomba,F
psp:osoba:5368,5368,Milada Fritzová,milada fritzova,Milada,Fritzová,F
psp:osoba:5369,5369,Jiří Hladík,jiri hladik,Jiří,Hladík,M
psp:osoba:5370,5370,Karel Večeře,karel vecere,Karel,Večeře,M
psp:osoba:5371,5371,Jiří Florian,jiri florian,Jiří,Florian,M
psp:osoba:5372,5372,Štěpán Kotrba,stepan kotrba,Štěpán,Kotrba,M
psp:osoba:5373,5373,Jan Prokeš,jan prokes,Jan,Prokeš,M
psp:osoba:5374,5374,Pavel Horák,pavel horak,Pavel,Horák,M
psp:osoba:5375,5375,Jozef Kochan,jozef kochan,Jozef,Kochan,M
psp:osoba:5376,5376,Petr Tluchoř,petr tluchor,Petr,Tluchoř,M
psp:osoba:5377,5377,Josef Poláček,josef polacek,Josef,Poláček,M
psp:osoba:5378,5378,Jan Schwippel,jan schwippel,Jan,Schwippel,M
psp:osoba:5379,5379,Jan Bauer,jan bauer,Jan,Bauer,M
psp:osoba:5380,5380,Josef Švarcbek,josef svarcbek,Josef,Švarcbek,M
psp:osoba:5381,5381,Vladimír Reiber,vladimir reiber,Vladimír,Reiber,M
psp:osoba:5382,5382,Martin Jahn,martin jahn,Martin,Jahn,M
psp:osoba:5383,5383,František Bublan,frantisek bublan,František,Bublan,M
psp:osoba:5384,5384,Jiří Paroubek,jiri paroubek,Jiří,Paroubek,M
psp:osoba:5385,5385,Karel Kratochvíle,karel kratochvile,Karel,Kratochvíle,M
psp:osoba:5386,5386,Miloš Máša,milos masa,Miloš,Máša,M
psp:osoba:5387,5387,Dagmar Mocová,dagmar mocova,Dagmar,Mocová,F
psp:osoba:5388,5388,Ladislav Vomáčko,ladislav vomacko,Ladislav,Vomáčko,M
psp:osoba:5389,5389,Tomáš Baldýnský,tomas baldynsky,Tomáš,Baldýnský,M
psp:osoba:5390,5390,Jan Lukeš,jan lukes,Jan,Lukeš,M
psp:osoba:5391,5391,Dana Bérová,dana berova,Dana,Bérová,F
psp:osoba:5392,5392,Pavel Zářecký,pavel zarecky,Pavel,Zářecký,M
psp:osoba:5393,5393,Jana Dudková,jana dudkova,Jana,Dudková,F
psp:osoba:5394,5394,Jana Dudková,jana dudkova,Jana,Dudková,F
psp:osoba:5395,5395,František Koníček,frantisek konicek,František,Koníček,M
psp:osoba:5396,5396,Jiří Baumrk,jiri baumrk,Jiří,Baumrk,M
psp:osoba:5397,5397,Jiří BAUMRUK,jiri baumruk,Jiří,BAUMRUK,M
psp:osoba:5398,5398,Jiří Baumruk,jiri baumruk,Jiří,Baumruk,M
psp:osoba:5399,5399,Jopsef Vaculík,jopsef vaculik,Jopsef,Vaculík,M
psp:osoba:5400,5400,Josef Vaculík,josef vaculik,Josef,Vaculík,M
psp:osoba:5401,5401,Jana Zwyrtek Hamplová,jana zwyrtek hamplova,Jana,Zwyrtek Hamplová,F
psp:osoba:5402,5402,Vítězslav Jandák,vitezslav jandak,Vítězslav,Jandák,M
psp:osoba:5403,5403,František Dohnal,frantisek dohnal,František,Dohnal,M
psp:osoba:5404,5404,Václav Rejholec,vaclav rejholec,Václav,Rejholec,M
psp:osoba:5405,5405,Jan Brandejs,jan brandejs,Jan,Brandejs,M
psp:osoba:5406,5406,David Rath,david rath,David,Rath,M
psp:osoba:5407,5407,Pavol Kubuš,pavol kubus,Pavol,Kubuš,M
psp:osoba:5408,5408,Josef Doruška,josef doruska,Josef,Doruška,M
psp:osoba:5409,5409,Jiří Nováček,jiri novacek,Jiří,Nováček,M
psp:osoba:5410,5410,František Pojer,frantisek pojer,František,Pojer,M
psp:osoba:5411,5411,David Čermák,david cermak,David,Čermák,M
psp:osoba:5412,5412,Robert Szurman,robert szurman,Robert,Szurman,M
psp:osoba:5413,5413,Kamil Kaulich,kamil kaulich,Kamil,Kaulich,M
psp:osoba:5414,5414,Lenka Mazuchová,lenka mazuchova,Lenka,Mazuchová,F
psp:osoba:5415,5415,Cyril Zapletal,cyril zapletal,Cyril,Zapletal,M
psp:osoba:5416,5416,Ladislav Jíša,ladislav jisa,Ladislav,Jíša,M
psp:osoba:5417,5417,Ivan Satrapa,ivan satrapa,Ivan,Satrapa,M
psp:osoba:5418,5418,Věra Kalvodová,vera kalvodova,Věra,Kalvodová,F
psp:osoba:5419,5419,Katarína Bartošová-Benčičová,katarina bartosova-bencicova,Katarína,Bartošová-Benčičová,F
psp:osoba:5420,5420,Helena Bendová,helena bendova,Helena,Bendová,F
psp:osoba:5421,5421,Jiří Blažek,jiri blazek,Jiří,Blažek,M
psp:osoba:5422,5422,Alois Fišárek,alois fisarek,Alois,Fišárek,M
psp:osoba:5423,5423,Josef Hanuš,josef hanus,Josef,Hanuš,M
psp:osoba:5424,5424,Boris Masník,boris masnik,Boris,Masník,M
psp:osoba:5425,5425,Miroslav Ondříček,miroslav ondricek,Miroslav,Ondříček,M
psp:osoba:5426,5426,Miroslav Zelinský,miroslav zelinsky,Miroslav,Zelinský,M
psp:osoba:5427,5427,Dana Jaklová,dana jaklova,Dana,Jaklová,F
psp:osoba:5428,5428,Miroslava Moučková,miroslava mouckova,Miroslava,Moučková,F
psp:osoba:5429,5429,Silva Černohorská,silva cernohorska,Silva,Černohorská,F
psp:osoba:5430,5430,Zuzana Domesová,zuzana domesova,Zuzana,Domesová,F
psp:osoba:5431,5431,Pavel Horák,pavel horak,Pavel,Horák,M
psp:osoba:5432,5432,Martin Fassmann,martin fassmann,Martin,Fassmann,M
psp:osoba:5433,5433,Jiří Koskuba,jiri koskuba,Jiří,Koskuba,M
psp:osoba:5434,5434,Zdeněk Liška,zdenek liska,Zdeněk,Liška,M
psp:osoba:5435,5435,Hana Pýchová,hana pychova,Hana,Pýchová,F
psp:osoba:5436,5436,Michal Sojka,michal sojka,Michal,Sojka,M
psp:osoba:5437,5437,Marek Šnajdr,marek snajdr,Marek,Šnajdr,M
psp:osoba:5438,5438,František Adamec,frantisek adamec,František,Adamec,M
psp:osoba:5439,5439,Ivan Adamec,ivan adamec,Ivan,Adamec,M
psp:osoba:5440,5440,Josef Kantůrek,josef kanturek,Josef,Kantůrek,M
psp:osoba:5441,5441,Karel Klíma,karel klima,Karel,Klíma,M
psp:osoba:5442,5442,Marie Klucová,marie klucova,Marie,Klucová,F
psp:osoba:5443,5443,Vladimír Polanecký,vladimir polanecky,Vladimír,Polanecký,M
psp:osoba:5444,5444,Jan Babor,jan babor,Jan,Babor,M
psp:osoba:5445,5445,Zdeněk Boháč,zdenek bohac,Zdeněk,Boháč,M
psp:osoba:5446,5446,Pavel Bohatec,pavel bohatec,Pavel,Bohatec,M
psp:osoba:5447,5447,Vlasta Bohdalová,vlasta bohdalova,Vlasta,Bohdalová,F
psp:osoba:5448,5448,Jan Bürgermeister,jan burgermeister,Jan,Bürgermeister,M
psp:osoba:5449,5449,Jiří Carbol,jiri carbol,Jiří,Carbol,M
psp:osoba:5450,5450,Jiří Čepelka,jiri cepelka,Jiří,Čepelka,M
psp:osoba:5451,5451,Josef Čerňanský,josef cernansky,Josef,Čerňanský,M
psp:osoba:5452,5452,Petr Červenka,petr cervenka,Petr,Červenka,M
psp:osoba:5453,5453,František Dědič,frantisek dedic,František,Dědič,M
psp:osoba:5454,5454,Kosta Dimitrov,kosta dimitrov,Kosta,Dimitrov,M
psp:osoba:5455,5455,Vladimír Dlouhý,vladimir dlouhy,Vladimír,Dlouhý,M
psp:osoba:5456,5456,Richard Dolejš,richard dolejs,Richard,Dolejš,M
psp:osoba:5457,5457,Robert Dušek,robert dusek,Robert,Dušek,M
psp:osoba:5458,5458,Jaroslav Fiala,jaroslav fiala,Jaroslav,Fiala,M
psp:osoba:5459,5459,Radim Fiala,radim fiala,Radim,Fiala,M
psp:osoba:5460,5460,Dana Filipi,dana filipi,Dana,Filipi,F
psp:osoba:5461,5461,Milada Halíková,milada halikova,Milada,Halíková,F
psp:osoba:5462,5462,Jan Hamáček,jan hamacek,Jan,Hamáček,M
psp:osoba:5463,5463,Vladimír Hink,vladimir hink,Vladimír,Hink,M
psp:osoba:5464,5464,Michael Hrbata,michael hrbata,Michael,Hrbata,M
psp:osoba:5465,5465,Jaromír Chalupa,jaromir chalupa,Jaromír,Chalupa,M
psp:osoba:5466,5466,Kateřina Jacques,katerina jacques,Kateřina,Jacques,F
psp:osoba:5467,5467,Věra Jakubková,vera jakubkova,Věra,Jakubková,F
psp:osoba:5468,5468,David Kafka,david kafka,David,Kafka,M
psp:osoba:5469,5469,Gabriela Kalábková,gabriela kalabkova,Gabriela,Kalábková,F
psp:osoba:5470,5470,Jaroslav Klein,jaroslav klein,Jaroslav,Klein,M
psp:osoba:5471,5471,Karel Korytář,karel korytar,Karel,Korytář,M
psp:osoba:5472,5472,Jiří Krátký,jiri kratky,Jiří,Krátký,M
psp:osoba:5473,5473,Jaroslav Krupka,jaroslav krupka,Jaroslav,Krupka,M
psp:osoba:5474,5474,Rudolf Kufa,rudolf kufa,Rudolf,Kufa,M
psp:osoba:5475,5475,Jan Látka,jan latka,Jan,Látka,M
psp:osoba:5476,5476,František Laudát,frantisek laudat,František,Laudát,M
psp:osoba:5477,5477,Vladimíra Lesenská,vladimira lesenska,Vladimíra,Lesenská,F
psp:osoba:5478,5478,Zdeněk Lhota,zdenek lhota,Zdeněk,Lhota,M
psp:osoba:5479,5479,Ladislav Libý,ladislav liby,Ladislav,Libý,M
psp:osoba:5480,5480,Ondřej Liška,ondrej liska,Ondřej,Liška,M
psp:osoba:5481,5481,Zdeněk Mach,zdenek mach,Zdeněk,Mach,M
psp:osoba:5482,5482,Marcela Mertinová,marcela mertinova,Marcela,Mertinová,F
psp:osoba:5483,5483,Dagmar Molendová,dagmar molendova,Dagmar,Molendová,F
psp:osoba:5484,5484,Jan Morava,jan morava,Jan,Morava,M
psp:osoba:5485,5485,František Novosad,frantisek novosad,František,Novosad,M
psp:osoba:5486,5486,Ivan Ohlídal,ivan ohlidal,Ivan,Ohlídal,M
psp:osoba:5487,5487,Jiří Petrů,jiri petru,Jiří,Petrů,M
psp:osoba:5488,5488,Daniel Petruška,daniel petruska,Daniel,Petruška,M
psp:osoba:5489,5489,Ondřej Plašil,ondrej plasil,Ondřej,Plašil,M
psp:osoba:5490,5490,Pavel Ploc,pavel ploc,Pavel,Ploc,M
psp:osoba:5491,5491,Michal Pohanka,michal pohanka,Michal,Pohanka,M
psp:osoba:5492,5492,Jiří Polanský,jiri polansky,Jiří,Polanský,M
psp:osoba:5493,5493,Zdeněk Prosek,zdenek prosek,Zdeněk,Prosek,M
psp:osoba:5494,5494,Přemysl Rabas,premysl rabas,Přemysl,Rabas,M
psp:osoba:5495,5495,Aleš Rádl,ales radl,Aleš,Rádl,M
psp:osoba:5496,5496,Juraj Raninec,juraj raninec,Juraj,Raninec,M
psp:osoba:5497,5497,Daniel Reisiegel,daniel reisiegel,Daniel,Reisiegel,M
psp:osoba:5498,5498,Daniel Rovan,daniel rovan,Daniel,Rovan,M
psp:osoba:5499,5499,Jana Rybínová,jana rybinova,Jana,Rybínová,F
psp:osoba:5500,5500,Aleš Řebíček,ales rebicek,Aleš,Řebíček,M
psp:osoba:5501,5501,František Sivera,frantisek sivera,František,Sivera,M
psp:osoba:5502,5502,Václav Snopek,vaclav snopek,Václav,Snopek,M
psp:osoba:5503,5503,Miloslav Soušek,miloslav sousek,Miloslav,Soušek,M
psp:osoba:5504,5504,Petr Sunkovský,petr sunkovsky,Petr,Sunkovský,M
psp:osoba:5505,5505,Pavel Svoboda,pavel svoboda,Pavel,Svoboda,M
psp:osoba:5506,5506,Karel Šidlo,karel sidlo,Karel,Šidlo,M
psp:osoba:5507,5507,Ladislav Šincl,ladislav sincl,Ladislav,Šincl,M
psp:osoba:5508,5508,Václav Šlajs,vaclav slajs,Václav,Šlajs,M
psp:osoba:5509,5509,Milan Šmíd,milan smid,Milan,Šmíd,M
psp:osoba:5510,5510,Vladimír Šoltys,vladimir soltys,Vladimír,Šoltys,M
psp:osoba:5511,5511,Jan Špika,jan spika,Jan,Špika,M
psp:osoba:5512,5512,Boris Šťastný,boris stastny,Boris,Šťastný,M
psp:osoba:5513,5513,Jeroným Tejc,jeronym tejc,Jeroným,Tejc,M
psp:osoba:5514,5514,Martin Tesařík,martin tesarik,Martin,Tesařík,M
psp:osoba:5515,5515,Mirek Topolánek,mirek topolanek,Mirek,Topolánek,M
psp:osoba:5516,5516,Tomáš Úlehla,tomas ulehla,Tomáš,Úlehla,M
psp:osoba:5517,5517,Jindřich Valouch,jindrich valouch,Jindřich,Valouch,M
psp:osoba:5519,5519,Pavel Vanoušek,pavel vanousek,Pavel,Vanoušek,M
psp:osoba:5520,5520,Vladislav Vilímec,vladislav vilimec,Vladislav,Vilímec,M
psp:osoba:5521,5521,Petr Wolf,petr wolf,Petr,Wolf,M
psp:osoba:5522,5522,Ladislava Zelenková,ladislava zelenkova,Ladislava,Zelenková,F
psp:osoba:5523,5523,Olga Zubová,olga zubova,Olga,Zubová,F
psp:osoba:5524,5524,Alexandr Vondra,alexandr vondra,Alexandr,Vondra,M
psp:osoba:5526,5526,Milena Vicenová,milena vicenova,Milena,Vicenová,F
psp:osoba:5527,5527,Miroslava Kopicová,miroslava kopicova,Miroslava,Kopicová,F
psp:osoba:5528,5528,Martin Štěpánek,martin stepanek,Martin,Štěpánek,M
psp:osoba:5529,5529,Tomáš Julínek,tomas julinek,Tomáš,Julínek,M
psp:osoba:5530,5530,Petr Kalaš,petr kalas,Petr,Kalaš,M
psp:osoba:5532,5532,Jiří Šedivý,jiri sedivy,Jiří,Šedivý,M
psp:osoba:5533,5533,Olga Sehnalová,olga sehnalova,Olga,Sehnalová,F
psp:osoba:5534,5534,Pavla Valčáková,pavla valcakova,Pavla,Valčáková,F
psp:osoba:5535,5535,Jaromíra Steidlová,jaromira steidlova,Jaromíra,Steidlová,F
psp:osoba:5536,5536,Petr Fiala,petr fiala,Petr,Fiala,M
psp:osoba:5537,5537,Zdeněk Tůma,zdenek tuma,Zdeněk,Tůma,M
psp:osoba:5538,5538,Luděk Niedermayer,ludek niedermayer,Luděk,Niedermayer,M
psp:osoba:5539,5539,Miroslav Singer,miroslav singer,Miroslav,Singer,M
psp:osoba:5540,5540,Mojmír Hampl,mojmir hampl,Mojmír,Hampl,M
psp:osoba:5541,5541,Robert Holman,robert holman,Robert,Holman,M
psp:osoba:5542,5542,Pavel Řežábek,pavel rezabek,Pavel,Řežábek,M
psp:osoba:5543,5543,Vladimír Tomšík,vladimir tomsik,Vladimír,Tomšík,M
psp:osoba:5544,5544,Jiří Lang,jiri lang,Jiří,Lang,M
psp:osoba:5545,5545,Alexander Šafařík-Pštrosz,alexander safarik-pstrosz,Alexander,Šafařík-Pštrosz,M
psp:osoba:5546,5546,Pavel Dvořák,pavel dvorak,Pavel,Dvořák,M
psp:osoba:5547,5547,Jana Fürstová,jana furstova,Jana,Fürstová,F
psp:osoba:5548,5548,Marcela Gürlichová,marcela gurlichova,Marcela,Gürlichová,F
psp:osoba:5549,5549,Jan Fischer,jan fischer,Jan,Fischer,M
psp:osoba:5550,5550,Roman Makarius,roman makarius,Roman,Makarius,M
psp:osoba:5551,5551,Karel Čada,karel cada,Karel,Čada,M
psp:osoba:5552,5552,Martin Pecina,martin pecina,Martin,Pecina,M
psp:osoba:5553,5553,Ferdinand Jacko,ferdinand jacko,Ferdinand,Jacko,M
psp:osoba:5554,5554,Dana Drábová,dana drabova,Dana,Drábová,F
psp:osoba:5555,5555,Josef Fiřt,josef firt,Josef,Fiřt,M
psp:osoba:5556,5556,Jan Novák,jan novak,Jan,Novák,M
psp:osoba:5557,5557,Jiří Čunek,jiri cunek,Jiří,Čunek,M
psp:osoba:5558,5558,Karel Schwarzenberg,karel schwarzenberg,Karel,Schwarzenberg,M
psp:osoba:5559,5559,Dana Kuchtová,dana kuchtova,Dana,Kuchtová,F
psp:osoba:5560,5560,Helena Třeštíková,helena trestikova,Helena,Třeštíková,F
psp:osoba:5561,5561,Džamila Stehlíková,dzamila stehlikova,Džamila,Stehlíková,F
psp:osoba:5562,5562,Zdeněk Kotouš,zdenek kotous,Zdeněk,Kotouš,M
psp:osoba:5563,5563,Josef Novák,josef novak,Josef,Novák,M
psp:osoba:5564,5564,Václav Jehlička,vaclav jehlicka,Václav,Jehlička,M
psp:osoba:5565,5565,Ladislav Zabo,ladislav zabo,Ladislav,Zabo,M
psp:osoba:5566,5566,Jitka Seitlová,jitka seitlova,Jitka,Seitlová,F
psp:osoba:5567,5567,Karel Tuček,karel tucek,Karel,Tuček,M
psp:osoba:5568,5568,Pavel Peška,pavel peska,Pavel,Peška,M
psp:osoba:5569,5569,Martin Pecna,martin pecna,Martin,Pecna,M
psp:osoba:5570,5570,Jiří Fedor,jiri fedor,Jiří,Fedor,M
psp:osoba:5571,5571,Milan Kudrys,milan kudrys,Milan,Kudrys,M
psp:osoba:5572,5572,Ivo Schwarz,ivo schwarz,Ivo,Schwarz,M
psp:osoba:5573,5573,Tomáš Havlíček,tomas havlicek,Tomáš,Havlíček,M
psp:osoba:5574,5574,František Klufa,frantisek klufa,František,Klufa,M
psp:osoba:5575,5575,Dana Makrlíková,dana makrlikova,Dana,Makrlíková,F
psp:osoba:5577,5577,Pavel Hazuka,pavel hazuka,Pavel,Hazuka,M
psp:osoba:5578,5578,Eliška Kadaňová,eliska kadanova,Eliška,Kadaňová,F
psp:osoba:5579,5579,Ivo Pěgřímek,ivo pegrimek,Ivo,Pěgřímek,M
psp:osoba:5580,5580,Eva Zamrazilová,eva zamrazilova,Eva,Zamrazilová,F
psp:osoba:5582,5582,Vladimír Kulhánek,vladimir kulhanek,Vladimír,Kulhánek,M
psp:osoba:5583,5583,Jiří Vyvadil,jiri vyvadil,Jiří,Vyvadil,M
psp:osoba:5584,5584,Peter Morávek,peter moravek,Peter,Morávek,M
psp:osoba:5585,5585,Richard Falbr,richard falbr,Richard,Falbr,M
psp:osoba:5586,5586,Ladislav Drlý,ladislav drly,Ladislav,Drlý,M
psp:osoba:5587,5587,Ivan Havlíček,ivan havlicek,Ivan,Havlíček,M
psp:osoba:5588,5588,Jaroslav Jurečka,jaroslav jurecka,Jaroslav,Jurečka,M
psp:osoba:5589,5589,František Jirava,frantisek jirava,František,Jirava,M
psp:osoba:5590,5590,Bohumil Kulhánek,bohumil kulhanek,Bohumil,Kulhánek,M
psp:osoba:5591,5591,Karel Vachta,karel vachta,Karel,Vachta,M
psp:osoba:5592,5592,Petr Smutný,petr smutny,Petr,Smutný,M
psp:osoba:5594,5594,Pavel Eybert,pavel eybert,Pavel,Eybert,M
psp:osoba:5595,5595,Jiří Pospíšil,jiri pospisil,Jiří,Pospíšil,M
psp:osoba:5596,5596,Milan Štěch,milan stech,Milan,Štěch,M
psp:osoba:5597,5597,Jiří Rückl,jiri ruckl,Jiří,Rückl,M
psp:osoba:5598,5598,Jan Krámek,jan kramek,Jan,Krámek,M
psp:osoba:5599,5599,Zdeněk Vojíř,zdenek vojir,Zdeněk,Vojíř,M
psp:osoba:5600,5600,Václav Mencl,vaclav mencl,Václav,Mencl,M
psp:osoba:5601,5601,Zdeněk Klausner,zdenek klausner,Zdeněk,Klausner,M
psp:osoba:5602,5602,Michael Žantovský,michael zantovsky,Michael,Žantovský,M
psp:osoba:5603,5603,Milan Kondr,milan kondr,Milan,Kondr,M
psp:osoba:5604,5604,Alena Palečková,alena paleckova,Alena,Palečková,F
psp:osoba:5605,5605,Josef Pavlata,josef pavlata,Josef,Pavlata,M
psp:osoba:5606,5606,Jan Koukal,jan koukal,Jan,Koukal,M
psp:osoba:5608,5608,Václav Benda,vaclav benda,Václav,Benda,M
psp:osoba:5609,5609,Jaroslav Horák,jaroslav horak,Jaroslav,Horák,M
psp:osoba:5610,5610,Karel Burda,karel burda,Karel,Burda,M
psp:osoba:5611,5611,Ladislav Svoboda,ladislav svoboda,Ladislav,Svoboda,M
psp:osoba:5612,5612,Oto Neubauer,oto neubauer,Oto,Neubauer,M
psp:osoba:5613,5613,Jaroslav Musial,jaroslav musial,Jaroslav,Musial,M
psp:osoba:5614,5614,Egon Lánský,egon lansky,Egon,Lánský,M
psp:osoba:5615,5615,Přemysl Sobotka,premysl sobotka,Přemysl,Sobotka,M
psp:osoba:5616,5616,František Vízek,frantisek vizek,František,Vízek,M
psp:osoba:5617,5617,Miroslav Coufal,miroslav coufal,Miroslav,Coufal,M
psp:osoba:5618,5618,Jiří Liška,jiri liska,Jiří,Liška,M
psp:osoba:5619,5619,Jarmila Filipová,jarmila filipova,Jarmila,Filipová,F
psp:osoba:5620,5620,Vlastimil Šubrt,vlastimil subrt,Vlastimil,Šubrt,M
psp:osoba:5621,5621,Karel Floss,karel floss,Karel,Floss,M
psp:osoba:5622,5622,Libuše Benešová,libuse benesova,Libuše,Benešová,F
psp:osoba:5623,5623,Vladislav Malát,vladislav malat,Vladislav,Malát,M
psp:osoba:5624,5624,Jaroslava Moserová,jaroslava moserova,Jaroslava,Moserová,M
psp:osoba:5626,5626,Karel Barták,karel bartak,Karel,Barták,M
psp:osoba:5627,5627,Bohumil Čada,bohumil cada,Bohumil,Čada,M
psp:osoba:5628,5628,Miloslav Müller,miloslav muller,Miloslav,Müller,M
psp:osoba:5629,5629,František Bartoš,frantisek bartos,František,Bartoš,M
psp:osoba:5630,5630,Libor Pavlů,libor pavlu,Libor,Pavlů,M
psp:osoba:5631,5631,Jiří Brýdl,jiri brydl,Jiří,Brýdl,M
psp:osoba:5632,5632,Jiří Šenkýř,jiri senkyr,Jiří,Šenkýř,M
psp:osoba:5634,5634,Pavel Heřman,pavel herman,Pavel,Heřman,M
psp:osoba:5635,5635,Milan Špaček,milan spacek,Milan,Špaček,M
psp:osoba:5636,5636,Vlasta Svobodová,vlasta svobodova,Vlasta,Svobodová,F
psp:osoba:5637,5637,Jiří Pavlov,jiri pavlov,Jiří,Pavlov,M
psp:osoba:5638,5638,Oldřich Dočekal,oldrich docekal,Oldřich,Dočekal,M
psp:osoba:5639,5639,Luděk Zahradníček,ludek zahradnicek,Luděk,Zahradníček,M
psp:osoba:5640,5640,Richard Salzmann,richard salzmann,Richard,Salzmann,M
psp:osoba:5641,5641,Jan Zahradníček,jan zahradnicek,Jan,Zahradníček,M
psp:osoba:5642,5642,Josef Jařab,josef jarab,Josef,Jařab,M
psp:osoba:5644,5644,Jitka Seitlová,jitka seitlova,Jitka,Seitlová,F
psp:osoba:5645,5645,Zdeněk Babka,zdenek babka,Zdeněk,Babka,M
psp:osoba:5646,5646,Václav Reitinger,vaclav reitinger,Václav,Reitinger,M
psp:osoba:5647,5647,Karel Korytář,karel korytar,Karel,Korytář,M
psp:osoba:5648,5648,František Konečný,frantisek konecny,František,Konečný,M
psp:osoba:5649,5649,Jan Voráček,jan voracek,Jan,Voráček,M
psp:osoba:5650,5650,Věra Vašínková,vera vasinkova,Věra,Vašínková,F
psp:osoba:5652,5652,Jan Zapletal,jan zapletal,Jan,Zapletal,M
psp:osoba:5653,5653,Vítězslav Matuška,vitezslav matuska,Vítězslav,Matuška,M
psp:osoba:5654,5654,Emil Škrabiš,emil skrabis,Emil,Škrabiš,M
psp:osoba:5655,5655,Alfréd Michalík,alfred michalik,Alfréd,Michalík,M
psp:osoba:5656,5656,Antonín Petráš,antonin petras,Antonín,Petráš,M
psp:osoba:5657,5657,Eva Nováková,eva novakova,Eva,Nováková,F
psp:osoba:5658,5658,Vladimír Oplt,vladimir oplt,Vladimír,Oplt,M
psp:osoba:5659,5659,Irena Ondrová,irena ondrova,Irena,Ondrová,F
psp:osoba:5660,5660,Jan Benda,jan benda,Jan,Benda,M
psp:osoba:5661,5661,Jiří Stodůlka,jiri stodulka,Jiří,Stodůlka,M
psp:osoba:5662,5662,Jaroslav Petřík,jaroslav petrik,Jaroslav,Petřík,M
psp:osoba:5663,5663,Jiří Skalický,jiri skalicky,Jiří,Skalický,M
psp:osoba:5664,5664,Martin Dvořák,martin dvorak,Martin,Dvořák,M
psp:osoba:5666,5666,Zuzana Roithová,zuzana roithova,Zuzana,Roithová,M
psp:osoba:5668,5668,Jaroslav Doubrava,jaroslav doubrava,Jaroslav,Doubrava,M
psp:osoba:5670,5670,Stanislav Bělehrádek,stanislav belehradek,Stanislav,Bělehrádek,M
psp:osoba:5672,5672,Dagmar Lastovecká,dagmar lastovecka,Dagmar,Lastovecká,M
psp:osoba:5673,5673,František Mezihorák,frantisek mezihorak,František,Mezihorák,M
psp:osoba:5674,5674,Rostislav Harazin,rostislav harazin,Rostislav,Harazin,M
psp:osoba:5675,5675,Jaroslav Šula,jaroslav sula,Jaroslav,Šula,M
psp:osoba:5676,5676,František Kroupa,frantisek kroupa,František,Kroupa,M
psp:osoba:5677,5677,Josef Kaňa,josef kana,Josef,Kaňa,M
psp:osoba:5678,5678,Václav Fischer,vaclav fischer,Václav,Fischer,M
psp:osoba:5679,5679,Jan Hadrava,jan hadrava,Jan,Hadrava,M
psp:osoba:5680,5680,Alexandr Novák,alexandr novak,Alexandr,Novák,M
psp:osoba:5681,5681,Luděk Sefzig,ludek sefzig,Luděk,Sefzig,M
psp:osoba:5682,5682,Edvard Outrata,edvard outrata,Edvard,Outrata,M
psp:osoba:5683,5683,Josef Zieleniec,josef zieleniec,Josef,Zieleniec,M
psp:osoba:5684,5684,Daniela Filipiová,daniela filipiova,Daniela,Filipiová,F
psp:osoba:5685,5685,Zdeněk Bárta,zdenek barta,Zdeněk,Bárta,M
psp:osoba:5686,5686,Jaroslav Kubera,jaroslav kubera,Jaroslav,Kubera,M
psp:osoba:5687,5687,Soňa Paukrtová,sona paukrtova,Soňa,Paukrtová,F
psp:osoba:5688,5688,Jaroslav Mitlener,jaroslav mitlener,Jaroslav,Mitlener,M
psp:osoba:5689,5689,Helena Rögnerová,helena rognerova,Helena,Rögnerová,F
psp:osoba:5690,5690,Petr Fejfar,petr fejfar,Petr,Fejfar,M
psp:osoba:5691,5691,Pavel Janata,pavel janata,Pavel,Janata,M
psp:osoba:5692,5692,Vladimír Schovánek,vladimir schovanek,Vladimír,Schovánek,M
psp:osoba:5694,5694,Robert Kolář,robert kolar,Robert,Kolář,M
psp:osoba:5695,5695,Adolf Jílek,adolf jilek,Adolf,Jílek,M
psp:osoba:5696,5696,Milan Balabán,milan balaban,Milan,Balabán,M
psp:osoba:5697,5697,Ondřej Feber,ondrej feber,Ondřej,Feber,M
psp:osoba:5698,5698,Jaroslav Kubín,jaroslav kubin,Jaroslav,Kubín,M
psp:osoba:5699,5699,Vladimír Železný,vladimir zelezny,Vladimír,Železný,M
psp:osoba:5700,5700,Ivan Adamec,ivan adamec,Ivan,Adamec,M
psp:osoba:5701,5701,Ivo Bárek,ivo barek,Ivo,Bárek,M
psp:osoba:5702,5702,Václava Domšová,vaclava domsova,Václava,Domšová,F
psp:osoba:5703,5703,Alena Gajdůšková,alena gajduskova,Alena,Gajdůšková,F
psp:osoba:5704,5704,František Kopecký,frantisek kopecky,František,Kopecký,M
psp:osoba:5705,5705,Ladislav Macák,ladislav macak,Ladislav,Macák,M
psp:osoba:5706,5706,Eduard Matykiewicz,eduard matykiewicz,Eduard,Matykiewicz,M
psp:osoba:5707,5707,Martin Mejstřík,martin mejstrik,Martin,Mejstřík,M
psp:osoba:5708,5708,Josef Novotný,josef novotny,Josef,Novotný,M
psp:osoba:5709,5709,Miloslav Pelc,miloslav pelc,Miloslav,Pelc,M
psp:osoba:5710,5710,Jan Rakušan,jan rakusan,Jan,Rakušan,M
psp:osoba:5711,5711,Václav Roubíček,vaclav roubicek,Václav,Roubíček,M
psp:osoba:5712,5712,Richard Sequens,richard sequens,Richard,Sequens,M
psp:osoba:5713,5713,Miroslav Škaloud,miroslav skaloud,Miroslav,Škaloud,M
psp:osoba:5714,5714,Karel Tejnora,karel tejnora,Karel,Tejnora,M
psp:osoba:5715,5715,Josef Vaculík,josef vaculik,Josef,Vaculík,M
psp:osoba:5716,5716,Vítězslav Vavroušek,vitezslav vavrousek,Vítězslav,Vavroušek,M
psp:osoba:5717,5717,Jaromír Volný,jaromir volny,Jaromír,Volný,M
psp:osoba:5718,5718,Jiří Zlatuška,jiri zlatuska,Jiří,Zlatuška,M
psp:osoba:5719,5719,Josef Zoser,josef zoser,Josef,Zoser,M
psp:osoba:5720,5720,Josef Kalbáč,josef kalbac,Josef,Kalbáč,M
psp:osoba:5721,5721,Karel Jarůšek,karel jarusek,Karel,Jarůšek,M
psp:osoba:5722,5722,František Příhoda,frantisek prihoda,František,Příhoda,M
psp:osoba:5723,5723,Jiří Šneberger,jiri sneberger,Jiří,Šneberger,M
psp:osoba:5724,5724,Jan Horník,jan hornik,Jan,Horník,M
psp:osoba:5725,5725,Vlastimil Balín,vlastimil balin,Vlastimil,Balín,M
psp:osoba:5726,5726,Tomáš Jirsa,tomas jirsa,Tomáš,Jirsa,M
psp:osoba:5727,5727,Jiří Oberfalzer,jiri oberfalzer,Jiří,Oberfalzer,M
psp:osoba:5728,5728,Jan Nádvorník,jan nadvornik,Jan,Nádvorník,M
psp:osoba:5729,5729,Jaromír Štětina,jaromir stetina,Jaromír,Štětina,M
psp:osoba:5731,5731,Jiří Nedoma,jiri nedoma,Jiří,Nedoma,M
psp:osoba:5732,5732,Pavel Sušický,pavel susicky,Pavel,Sušický,M
psp:osoba:5733,5733,Bedřich Moldan,bedrich moldan,Bedřich,Moldan,M
psp:osoba:5734,5734,Jiří Stříteský,jiri stritesky,Jiří,Stříteský,M
psp:osoba:5735,5735,Ludmila Müllerová,ludmila mullerova,Ludmila,Müllerová,F
psp:osoba:5736,5736,Vlastimil Sehnal,vlastimil sehnal,Vlastimil,Sehnal,M
psp:osoba:5737,5737,Rostislav Slavotínek,rostislav slavotinek,Rostislav,Slavotínek,M
psp:osoba:5738,5738,Jan Hálek,jan halek,Jan,Hálek,M
psp:osoba:5739,5739,Jiří Žák,jiri zak,Jiří,Žák,M
psp:osoba:5740,5740,Milan Bureš,milan bures,Milan,Bureš,M
psp:osoba:5741,5741,Liana Janáčková,liana janackova,Liana,Janáčková,F
psp:osoba:5742,5742,Igor Petrov,igor petrov,Igor,Petrov,M
psp:osoba:5743,5743,Zdeněk Janalík,zdenek janalik,Zdeněk,Janalík,M
psp:osoba:5744,5744,Alena Venhodová,alena venhodova,Alena,Venhodová,F
psp:osoba:5745,5745,Pavel Čáslava,pavel caslava,Pavel,Čáslava,M
psp:osoba:5746,5746,Petr Skála,petr skala,Petr,Skála,M
psp:osoba:5747,5747,Jiřina Rippelová,jirina rippelova,Jiřina,Rippelová,F
psp:osoba:5748,5748,Tomáš Grulich,tomas grulich,Tomáš,Grulich,M
psp:osoba:5749,5749,Tomáš Töpfer,tomas topfer,Tomáš,Töpfer,M
psp:osoba:5751,5751,Jaromír Jermář,jaromir jermar,Jaromír,Jermář,M
psp:osoba:5752,5752,Karel Šebek,karel sebek,Karel,Šebek,M
psp:osoba:5753,5753,Petr Pakosta,petr pakosta,Petr,Pakosta,M
psp:osoba:5754,5754,Václav Koukal,vaclav koukal,Václav,Koukal,M
psp:osoba:5755,5755,Vítězslav Jonáš,vitezslav jonas,Vítězslav,Jonáš,M
psp:osoba:5756,5756,Jan Hajda,jan hajda,Jan,Hajda,M
psp:osoba:5757,5757,Richard Svoboda,richard svoboda,Richard,Svoboda,M
psp:osoba:5758,5758,Božena Sekaninová,bozena sekaninova,Božena,Sekaninová,F
psp:osoba:5759,5759,Václav Vlček,vaclav vlcek,Václav,Vlček,M
psp:osoba:5760,5760,Otakar Veřovský,otakar verovsky,Otakar,Veřovský,M
psp:osoba:5761,5761,Petr Vícha,petr vicha,Petr,Vícha,M
psp:osoba:5763,5763,Jana Juřenčáková,jana jurencakova,Jana,Juřenčáková,F
psp:osoba:5764,5764,Václav Homolka,vaclav homolka,Václav,Homolka,M
psp:osoba:5765,5765,Jiří Lajtoch,jiri lajtoch,Jiří,Lajtoch,M
psp:osoba:5766,5766,Miroslav Jeník,miroslav jenik,Miroslav,Jeník,M
psp:osoba:5767,5767,Jiří Janeček,jiri janecek,Jiří,Janeček,M
psp:osoba:5768,5768,Vojtěch Adam,vojtech adam,Vojtěch,Adam,M
psp:osoba:5769,5769,Zdenka Dopitová,zdenka dopitova,Zdenka,Dopitová,F
psp:osoba:5770,5770,Zuzana Brzobohatá,zuzana brzobohata,Zuzana,Brzobohatá,F
psp:osoba:5771,5771,Irena Kočí,irena koci,Irena,Kočí,F
psp:osoba:5772,5772,Ivan Míšek,ivan misek,Ivan,Míšek,M
psp:osoba:5773,5773,Pavel Svoboda,pavel svoboda,Pavel,Svoboda,M
psp:osoba:5774,5774,Ludmila Navrátilová,ludmila navratilova,Ludmila,Navrátilová,F
psp:osoba:5775,5775,Pavel Němec,pavel nemec,Pavel,Němec,M
psp:osoba:5776,5776,Tereza Dvořáková,tereza dvorakova,Tereza,Dvořáková,F
psp:osoba:5777,5777,Milica Pechánková,milica pechankova,Milica,Pechánková,F
psp:osoba:5778,5778,Jakub Šebesta,jakub sebesta,Jakub,Šebesta,M
psp:osoba:5780,5780,Miroslav Nenutil,miroslav nenutil,Miroslav,Nenutil,M
psp:osoba:5781,5781,Marcel Chládek,marcel chladek,Marcel,Chládek,M
psp:osoba:5782,5782,Jiří Bis,jiri bis,Jiří,Bis,M
psp:osoba:5783,5783,Miroslav Krejča,miroslav krejca,Miroslav,Krejča,M
psp:osoba:5786,5786,Zdeněk Schwarz,zdenek schwarz,Zdeněk,Schwarz,M
psp:osoba:5787,5787,Jiří Dienstbier,jiri dienstbier,Jiří,Dienstbier,M
psp:osoba:5788,5788,Jaroslav Sykáček,jaroslav sykacek,Jaroslav,Sykáček,M
psp:osoba:5789,5789,Karel Kapoun,karel kapoun,Karel,Kapoun,M
psp:osoba:5790,5790,Pavel Trpák,pavel trpak,Pavel,Trpák,M
psp:osoba:5791,5791,Pavel Lebeda,pavel lebeda,Pavel,Lebeda,M
psp:osoba:5792,5792,Vladimír Dryml,vladimir dryml,Vladimír,Dryml,M
psp:osoba:5793,5793,Miroslav Antl,miroslav antl,Miroslav,Antl,M
psp:osoba:5794,5794,Dagmar Zvěřinová,dagmar zverinova,Dagmar,Zvěřinová,F
psp:osoba:5796,5796,Miloš Janeček,milos janecek,Miloš,Janeček,M
psp:osoba:5797,5797,Eva Richtrová,eva richtrova,Eva,Richtrová,F
psp:osoba:5798,5798,Petr Guziana,petr guziana,Petr,Guziana,M
psp:osoba:5799,5799,Radek Sušil,radek susil,Radek,Sušil,M
psp:osoba:5800,5800,Hana Doupovcová,hana doupovcova,Hana,Doupovcová,F
psp:osoba:5801,5801,Jan Mattlach,jan mattlach,Jan,Mattlach,M
psp:osoba:5802,5802,Vladimír Soják,vladimir sojak,Vladimír,Soják,M
psp:osoba:5803,5803,Tomáš Glanc,tomas glanc,Tomáš,Glanc,M
psp:osoba:5804,5804,Kateřina Ondřejková,katerina ondrejkova,Kateřina,Ondřejková,F
psp:osoba:5805,5805,Jan Svačina,jan svacina,Jan,Svačina,M
psp:osoba:5806,5806,Přemysl Šoba,premysl soba,Přemysl,Šoba,M
psp:osoba:5807,5807,Zdeněk Zelenka,zdenek zelenka,Zdeněk,Zelenka,M
psp:osoba:5808,5808,Ludvík Klega,ludvik klega,Ludvík,Klega,M
psp:osoba:5809,5809,Jan Bohdal,jan bohdal,Jan,Bohdal,M
psp:osoba:5810,5810,Jiří Borik,jiri borik,Jiří,Borik,M
psp:osoba:5811,5811,Ondřej Šefčík,ondrej sefcik,Ondřej,Šefčík,M
psp:osoba:5812,5812,Kamila Bendová,kamila bendova,Kamila,Bendová,F
psp:osoba:5813,5813,Božena Čajková,bozena cajkova,Božena,Čajková,F
psp:osoba:5814,5814,Miloš Dokoupil,milos dokoupil,Miloš,Dokoupil,M
psp:osoba:5815,5815,Miroslava Matoušová,miroslava matousova,Miroslava,Matoušová,F
psp:osoba:5816,5816,Oldřich Ševčík,oldrich sevcik,Oldřich,Ševčík,M
psp:osoba:5817,5817,Miloš Šnytr,milos snytr,Miloš,Šnytr,M
psp:osoba:5818,5818,Jan Zapletal,jan zapletal,Jan,Zapletal,M
psp:osoba:5819,5819,Jan Husák,jan husak,Jan,Husák,M
psp:osoba:5820,5820,Jan Kohout,jan kohout,Jan,Kohout,M
psp:osoba:5821,5821,Martin Barták,martin bartak,Martin,Barták,M
psp:osoba:5822,5822,Eduard Janota,eduard janota,Eduard,Janota,M
psp:osoba:5823,5823,Štefan Füle,stefan fule,Štefan,Füle,M
psp:osoba:5824,5824,Vladimír Tošovský,vladimir tosovsky,Vladimír,Tošovský,M
psp:osoba:5825,5825,Daniela Kovářová,daniela kovarova,Daniela,Kovářová,F
psp:osoba:5826,5826,Petr Šimerka,petr simerka,Petr,Šimerka,M
psp:osoba:5827,5827,Gustav Slamečka,gustav slamecka,Gustav,Slamečka,M
psp:osoba:5828,5828,Dana Jurásková,dana juraskova,Dana,Jurásková,F
psp:osoba:5829,5829,Ladislav Miko,ladislav miko,Ladislav,Miko,M
psp:osoba:5830,5830,Václav Riedlbauch,vaclav riedlbauch,Václav,Riedlbauch,M
psp:osoba:5831,5831,Rostislav Vondruška,rostislav vondruska,Rostislav,Vondruška,M
psp:osoba:5832,5832,Milan Holeček,milan holecek,Milan,Holeček,M
psp:osoba:5833,5833,Josef Kratochvíl,josef kratochvil,Josef,Kratochvíl,M
psp:osoba:5834,5834,Jaroslav Kuba,jaroslav kuba,Jaroslav,Kuba,M
psp:osoba:5835,5835,Martin Bezouška,martin bezouska,Martin,Bezouška,M
psp:osoba:5836,5836,Kateřina Kalistová,katerina kalistova,Kateřina,Kalistová,F
psp:osoba:5837,5837,Ivan Krejčí,ivan krejci,Ivan,Krejčí,M
psp:osoba:5838,5838,Milan Bouška,milan bouska,Milan,Bouška,M
psp:osoba:5839,5839,Jaroslav Dědič,jaroslav dedic,Jaroslav,Dědič,M
psp:osoba:5840,5840,Petr Koutný,petr koutny,Petr,Koutný,M
psp:osoba:5841,5841,Petr Kymlička,petr kymlicka,Petr,Kymlička,M
psp:osoba:5842,5842,Radana Juranková,radana jurankova,Radana,Juranková,M
psp:osoba:5843,5843,Evžen Tošenovský,evzen tosenovsky,Evžen,Tošenovský,M
psp:osoba:5844,5844,Jan Zahradník,jan zahradnik,Jan,Zahradník,M
psp:osoba:5845,5845,Josef Pavel,josef pavel,Josef,Pavel,M
psp:osoba:5846,5846,Vilém Žák,vilem zak,Vilém,Žák,M
psp:osoba:5847,5847,Stanislav Juránek,stanislav juranek,Stanislav,Juránek,M
psp:osoba:5848,5848,Vojtěch Jurčík,vojtech jurcik,Vojtěch,Jurčík,M
psp:osoba:5849,5849,Rudolf Blažek,rudolf blazek,Rudolf,Blažek,M
psp:osoba:5850,5850,Pavel Bradík,pavel bradik,Pavel,Bradík,M
psp:osoba:5851,5851,Jan Březina,jan brezina,Jan,Březina,M
psp:osoba:5852,5852,Pavel Brychta,pavel brychta,Pavel,Brychta,M
psp:osoba:5853,5853,Josef Čekal,josef cekal,Josef,Čekal,M
psp:osoba:5854,5854,Jiří Havel,jiri havel,Jiří,Havel,M
psp:osoba:5855,5855,Naděžda Kavalírová,nadezda kavalirova,Naděžda,Kavalírová,F
psp:osoba:5856,5856,Jan Kasl,jan kasl,Jan,Kasl,M
psp:osoba:5857,5857,Oldřich Dědek,oldrich dedek,Oldřich,Dědek,M
psp:osoba:5858,5858,Zdislav Wantula,zdislav wantula,Zdislav,Wantula,M
psp:osoba:5859,5859,Jiří Šulc,jiri sulc,Jiří,Šulc,M
psp:osoba:5860,5860,Jiří Veverka,jiri veverka,Jiří,Veverka,M
psp:osoba:5861,5861,Karel Neuwirt,karel neuwirt,Karel,Neuwirt,M
psp:osoba:5862,5862,Roman Línek,roman linek,Roman,Línek,M
psp:osoba:5863,5863,Pavel Kysilka,pavel kysilka,Pavel,Kysilka,M
psp:osoba:5864,5864,Jiří Němec,jiri nemec,Jiří,Němec,M
psp:osoba:5865,5865,Zdeněk Besta,zdenek besta,Zdeněk,Besta,M
psp:osoba:5866,5866,Ladislav Velebný,ladislav velebny,Ladislav,Velebný,M
psp:osoba:5867,5867,Libor Nowak,libor nowak,Libor,Nowak,M
psp:osoba:5868,5868,Monika Hašková,monika haskova,Monika,Hašková,F
psp:osoba:5869,5869,Jan Zborník,jan zbornik,Jan,Zborník,M
psp:osoba:5870,5870,Dagmar Čáslavová,dagmar caslavova,Dagmar,Čáslavová,F
psp:osoba:5871,5871,František Dobšík,frantisek dobsik,František,Dobšík,M
psp:osoba:5872,5872,Bohdan Hejduk,bohdan hejduk,Bohdan,Hejduk,M
psp:osoba:5873,5873,Karel Konečný,karel konecny,Karel,Konečný,M
psp:osoba:5874,5874,Zdeněk Pšenica,zdenek psenica,Zdeněk,Pšenica,M
psp:osoba:5875,5875,Radek Šmerda,radek smerda,Radek,Šmerda,M
psp:osoba:5876,5876,Miloslav Vaněk,miloslav vanek,Miloslav,Vaněk,M
psp:osoba:5877,5877,Jan Hajda,jan hajda,Jan,Hajda,M
psp:osoba:5878,5878,Antonín Baudyš,antonin baudys,Antonín,Baudyš,M
psp:osoba:5879,5879,Pavel Hussar,pavel hussar,Pavel,Hussar,M
psp:osoba:5880,5880,Jan Kostrhun,jan kostrhun,Jan,Kostrhun,M
psp:osoba:5881,5881,Jan Dusík,jan dusik,Jan,Dusík,M
psp:osoba:5882,5882,Juraj Chmiel,juraj chmiel,Juraj,Chmiel,M
psp:osoba:5883,5883,Ivo Kantor,ivo kantor,Ivo,Kantor,M
psp:osoba:5884,5884,Oldřich Martinů,oldrich martinu,Oldřich,Martinů,M
psp:osoba:5885,5885,Karel Černovský,karel cernovsky,Karel,Černovský,M
psp:osoba:5886,5886,Pavel Smetana,pavel smetana,Pavel,Smetana,M
psp:osoba:5887,5887,Rut Bízková,rut bizkova,Rut,Bízková,F
psp:osoba:5888,5888,Klára Slámová,klara slamova,Klára,Slámová,F
psp:osoba:5889,5889,Yvona Kubjátová,yvona kubjatova,Yvona,Kubjátová,F
psp:osoba:5890,5890,Lenka Andrýsová,lenka andrysova,Lenka,Andrýsová,F
psp:osoba:5891,5891,Pavel Antonín,pavel antonin,Pavel,Antonín,M
psp:osoba:5892,5892,Michal Babák,michal babak,Michal,Babák,M
psp:osoba:5893,5893,Vít Bárta,vit barta,Vít,Bárta,M
psp:osoba:5894,5894,Václav Baštýř,vaclav bastyr,Václav,Baštýř,M
psp:osoba:5895,5895,Pavel Bém,pavel bem,Pavel,Bém,M
psp:osoba:5896,5896,Jiří Besser,jiri besser,Jiří,Besser,M
psp:osoba:5897,5897,Zdeněk Bezecný,zdenek bezecny,Zdeněk,Bezecný,M
psp:osoba:5898,5898,Ludmila Bubeníková,ludmila bubenikova,Ludmila,Bubeníková,F
psp:osoba:5899,5899,Jan Bureš,jan bures,Jan,Bureš,M
psp:osoba:5900,5900,Václav Cempírek,vaclav cempirek,Václav,Cempírek,M
psp:osoba:5901,5901,Josef Cogan,josef cogan,Josef,Cogan,M
psp:osoba:5902,5902,Jan Čechlovský,jan cechlovsky,Jan,Čechlovský,M
psp:osoba:5903,5903,Jana Černochová,jana cernochova,Jana,Černochová,F
psp:osoba:5904,5904,Josef Dobeš,josef dobes,Josef,Dobeš,M
psp:osoba:5905,5905,Jaromír Drábek,jaromir drabek,Jaromír,Drábek,M
psp:osoba:5906,5906,Jana Drastichová,jana drastichova,Jana,Drastichová,F
psp:osoba:5907,5907,Pavel Drobil,pavel drobil,Pavel,Drobil,M
psp:osoba:5908,5908,Jaroslav Eček,jaroslav ecek,Jaroslav,Eček,M
psp:osoba:5909,5909,Jan Farský,jan farsky,Jan,Farský,M
psp:osoba:5910,5910,Jan Florián,jan florian,Jan,Florián,M
psp:osoba:5911,5911,Jaroslav Foldyna,jaroslav foldyna,Jaroslav,Foldyna,M
psp:osoba:5912,5912,Štěpánka Fraňková,stepanka frankova,Štěpánka,Fraňková,F
psp:osoba:5913,5913,Ivan Fuksa,ivan fuksa,Ivan,Fuksa,M
psp:osoba:5914,5914,Petr Gazdík,petr gazdik,Petr,Gazdík,M
psp:osoba:5915,5915,Martin Gregora,martin gregora,Martin,Gregora,M
psp:osoba:5916,5916,Alena Hanáková,alena hanakova,Alena,Hanáková,F
psp:osoba:5917,5917,Leoš Heger,leos heger,Leoš,Heger,M
psp:osoba:5918,5918,Pavel Holík,pavel holik,Pavel,Holík,M
psp:osoba:5919,5919,Václav Horáček,vaclav horacek,Václav,Horáček,M
psp:osoba:5920,5920,Gabriela Hubáčková,gabriela hubackova,Gabriela,Hubáčková,F
psp:osoba:5921,5921,Stanislav Huml,stanislav huml,Stanislav,Huml,M
psp:osoba:5922,5922,Jitka Chalánková,jitka chalankova,Jitka,Chalánková,F
psp:osoba:5923,5923,Otto Chaloupka,otto chaloupka,Otto,Chaloupka,M
psp:osoba:5924,5924,Tomáš Chalupa,tomas chalupa,Tomáš,Chalupa,M
psp:osoba:5925,5925,Rudolf Chlad,rudolf chlad,Rudolf,Chlad,M
psp:osoba:5926,5926,Jan Chvojka,jan chvojka,Jan,Chvojka,M
psp:osoba:5927,5927,Petr Jalowiczor,petr jalowiczor,Petr,Jalowiczor,M
psp:osoba:5928,5928,Michal Janek,michal janek,Michal,Janek,M
psp:osoba:5929,5929,Luděk Jeništa,ludek jenista,Luděk,Jeništa,M
psp:osoba:5930,5930,Ladislav Jirků,ladislav jirku,Ladislav,Jirků,M
psp:osoba:5931,5931,Radim Jirout,radim jirout,Radim,Jirout,M
psp:osoba:5932,5932,Radek John,radek john,Radek,John,M
psp:osoba:5933,5933,David Kádner,david kadner,David,Kádner,M
psp:osoba:5934,5934,Jan Klán,jan klan,Jan,Klán,M
psp:osoba:5935,5935,Kateřina Klasnová,katerina klasnova,Kateřina,Klasnová,F
psp:osoba:5936,5936,Kristýna Kočí,kristyna koci,Kristýna,Kočí,F
psp:osoba:5937,5937,Lenka Kohoutová,lenka kohoutova,Lenka,Kohoutová,F
psp:osoba:5938,5938,Květa Matušovská,kveta matusovska,Květa,Matušovská,F
psp:osoba:5939,5939,Daniel Korte,daniel korte,Daniel,Korte,M
psp:osoba:5940,5940,Rom Kostřica,rom kostrica,Rom,Kostřica,M
psp:osoba:5941,5941,Patricie Kotalíková,patricie kotalikova,Patricie,Kotalíková,F
psp:osoba:5942,5942,Václav Kubata,vaclav kubata,Václav,Kubata,M
psp:osoba:5943,5943,Helena Langšádlová,helena langsadlova,Helena,Langšádlová,F
psp:osoba:5944,5944,Pavol Lukša,pavol luksa,Pavol,Lukša,M
psp:osoba:5945,5945,Jaroslav Martinů,jaroslav martinu,Jaroslav,Martinů,M
psp:osoba:5946,5946,Dagmar Navrátilová,dagmar navratilova,Dagmar,Navrátilová,F
psp:osoba:5947,5947,Marie Nedvědová,marie nedvedova,Marie,Nedvědová,F
psp:osoba:5948,5948,Josef Nekl,josef nekl,Josef,Nekl,M
psp:osoba:5949,5949,Vít Němeček,vit nemecek,Vít,Němeček,M
psp:osoba:5950,5950,Václav Neubauer,vaclav neubauer,Václav,Neubauer,M
psp:osoba:5951,5951,Jiří Oliva,jiri oliva,Jiří,Oliva,M
psp:osoba:5952,5952,Viktor Paggio,viktor paggio,Viktor,Paggio,M
psp:osoba:5953,5953,Jan Pajer,jan pajer,Jan,Pajer,M
psp:osoba:5954,5954,Karolína Peake,karolina peake,Karolína,Peake,F
psp:osoba:5955,5955,Gabriela Pecková,gabriela peckova,Gabriela,Pecková,F
psp:osoba:5956,5956,Stanislav Polčák,stanislav polcak,Stanislav,Polčák,M
psp:osoba:5957,5957,Anna Putnová,anna putnova,Anna,Putnová,F
psp:osoba:5958,5958,Jana Kaslová,jana kaslova,Jana,Kaslová,F
psp:osoba:5959,5959,Aleš Roztočil,ales roztocil,Aleš,Roztočil,M
psp:osoba:5960,5960,Adam Rykala,adam rykala,Adam,Rykala,M
psp:osoba:5961,5961,Ivana Řápková,ivana rapkova,Ivana,Řápková,F
psp:osoba:5962,5962,Marta Semelová,marta semelova,Marta,Semelová,F
psp:osoba:5963,5963,Jaroslava Schejbalová,jaroslava schejbalova,Jaroslava,Schejbalová,F
psp:osoba:5964,5964,Jiří Skalický,jiri skalicky,Jiří,Skalický,M
psp:osoba:5965,5965,Roman Sklenák,roman sklenak,Roman,Sklenák,M
psp:osoba:5966,5966,Petr Skokan,petr skokan,Petr,Skokan,M
psp:osoba:5967,5967,Jan Smutný,jan smutny,Jan,Smutný,M
psp:osoba:5968,5968,Pavel Staněk,pavel stanek,Pavel,Staněk,M
psp:osoba:5969,5969,Zbyněk Stanjura,zbynek stanjura,Zbyněk,Stanjura,M
psp:osoba:5970,5970,Jana Suchá,jana sucha,Jana,Suchá,F
psp:osoba:5971,5971,Igor Svoják,igor svojak,Igor,Svoják,M
psp:osoba:5972,5972,Bořivoj Šarapatka,borivoj sarapatka,Bořivoj,Šarapatka,M
psp:osoba:5973,5973,Jaroslav Škárka,jaroslav skarka,Jaroslav,Škárka,M
psp:osoba:5974,5974,Jiří Šlégr,jiri slegr,Jiří,Šlégr,M
psp:osoba:5975,5975,Jiří Štětina,jiri stetina,Jiří,Štětina,M
psp:osoba:5976,5976,Milan Šťovíček,milan stovicek,Milan,Šťovíček,M
psp:osoba:5977,5977,Josef Tancoš,josef tancos,Josef,Tancoš,M
psp:osoba:5978,5978,Martin Vacek,martin vacek,Martin,Vacek,M
psp:osoba:5979,5979,Dana Váhalová,dana vahalova,Dana,Váhalová,F
psp:osoba:5980,5980,Roman Váňa,roman vana,Roman,Váňa,M
psp:osoba:5981,5981,Jaroslav Vandas,jaroslav vandas,Jaroslav,Vandas,M
psp:osoba:5982,5982,David Vodrážka,david vodrazka,David,Vodrážka,M
psp:osoba:5983,5983,Radim Vysloužil,radim vyslouzil,Radim,Vysloužil,M
psp:osoba:5984,5984,Ivana Weberová,ivana weberova,Ivana,Weberová,F
psp:osoba:5985,5985,Jaroslava Wenigerová,jaroslava wenigerova,Jaroslava,Wenigerová,F
psp:osoba:5986,5986,Renáta Witoszová,renata witoszova,Renáta,Witoszová,F
psp:osoba:5987,5987,Jiří Zemánek,jiri zemanek,Jiří,Zemánek,M
psp:osoba:5989,5989,Václav Zemek,vaclav zemek,Václav,Zemek,M
psp:osoba:5990,5990,Jana Fischerová,jana fischerova,Jana,Fischerová,F
psp:osoba:5991,5991,Josef Novotný,josef novotny,Josef,Novotný,M
psp:osoba:5992,5992,Josef Novotný st.,josef novotny st.,Josef,Novotný st.,M
psp:osoba:5993,5993,Jiří Rusnok,jiri rusnok,Jiří,Rusnok,M
psp:osoba:5994,5994,Kamil Jankovský,kamil jankovsky,Kamil,Jankovský,M
psp:osoba:5995,5995,John Bok,john bok,John,Bok,M
psp:osoba:5996,5996,Iva Brožová,iva brozova,Iva,Brožová,F
psp:osoba:5997,5997,Pavel Varvařovský,pavel varvarovsky,Pavel,Varvařovský,M
psp:osoba:5998,5998,František Bányai,frantisek banyai,František,Bányai,M
psp:osoba:5999,5999,Miroslava Strnadlová,miroslava strnadlova,Miroslava,Strnadlová,F
psp:osoba:6000,6000,Petr Kynštetr,petr kynstetr,Petr,Kynštetr,M
psp:osoba:6001,6001,Lucie Kárlová,lucie karlova,Lucie,Kárlová,F
psp:osoba:6002,6002,Jiří Běhounek,jiri behounek,Jiří,Běhounek,M
psp:osoba:6003,6003,Miroslav Petráň,miroslav petran,Miroslav,Petráň,M
psp:osoba:6004,6004,Drahoslav Oulehla,drahoslav oulehla,Drahoslav,Oulehla,M
psp:osoba:6005,6005,Petr Neuvirt,petr neuvirt,Petr,Neuvirt,M
psp:osoba:6006,6006,Maroš Šefčovič,maros sefcovic,Maroš,Šefčovič,M
psp:osoba:6007,6007,Bohuslav Svoboda,bohuslav svoboda,Bohuslav,Svoboda,M
psp:osoba:6008,6008,Jan Kubata,jan kubata,Jan,Kubata,M
psp:osoba:6009,6009,Stanislav Eichler,stanislav eichler,Stanislav,Eichler,M
psp:osoba:6010,6010,Jan Žaloudík,jan zaloudik,Jan,Žaloudík,M
psp:osoba:6011,6011,Jan Kubice,jan kubice,Jan,Kubice,M
psp:osoba:6012,6012,Iva Ritschelová,iva ritschelova,Iva,Ritschelová,F
psp:osoba:6013,6013,Miloš Malý,milos maly,Miloš,Malý,M
psp:osoba:6014,6014,Kamil Janáček,kamil janacek,Kamil,Janáček,M
psp:osoba:6015,6015,Lubomír Poul,lubomir poul,Lubomír,Poul,M
psp:osoba:6016,6016,Josef Vacula,josef vacula,Josef,Vacula,M
psp:osoba:6017,6017,Pavel Dobeš,pavel dobes,Pavel,Dobeš,M
psp:osoba:6018,6018,Milan Holl,milan holl,Milan,Holl,M
psp:osoba:6019,6019,Ladislav Musílek,ladislav musilek,Ladislav,Musílek,M
psp:osoba:6020,6020,Josef Psutka,josef psutka,Josef,Psutka,M
psp:osoba:6021,6021,Michal Šedivý,michal sedivy,Michal,Šedivý,M
psp:osoba:6022,6022,Petr Štěpánek,petr stepanek,Petr,Štěpánek,M
psp:osoba:6023,6023,Pavel Václavek,pavel vaclavek,Pavel,Václavek,M
psp:osoba:6024,6024,Petr Vavřín,petr vavrin,Petr,Vavřín,M
psp:osoba:6025,6025,Jan Zábský,jan zabsky,Jan,Zábský,M
psp:osoba:6026,6026,Jiří Mikl,jiri mikl,Jiří,Mikl,M
psp:osoba:6027,6027,Vladimír Janout,vladimir janout,Vladimír,Janout,M
psp:osoba:6028,6028,Václav kasík,vaclav kasik,Václav,kasík,M
psp:osoba:6029,6029,Stanislav Labík,stanislav labik,Stanislav,Labík,M
psp:osoba:6030,6030,Jiří Masopust,jiri masopust,Jiří,Masopust,M
psp:osoba:6031,6031,Emanuel Šucman,emanuel sucman,Emanuel,Šucman,M
psp:osoba:6032,6032,Mirka Wildmannová,mirka wildmannova,Mirka,Wildmannová,F
psp:osoba:6033,6033,Rudolf Žák,rudolf zak,Rudolf,Žák,M
psp:osoba:6034,6034,Václav Kasík,vaclav kasik,Václav,Kasík,M
psp:osoba:6035,6035,Antonín Bajaja,antonin bajaja,Antonín,Bajaja,M
psp:osoba:6036,6036,Jiří Závozda,jiri zavozda,Jiří,Závozda,M
psp:osoba:6037,6037,René Kühn,rene kuhn,René,Kühn,M
psp:osoba:6038,6038,Michal Jankovec,michal jankovec,Michal,Jankovec,M
psp:osoba:6039,6039,Petr Šafařík,petr safarik,Petr,Šafařík,M
psp:osoba:6040,6040,Michal Stehlík,michal stehlik,Michal,Stehlík,M
psp:osoba:6041,6041,Ivan Tesař,ivan tesar,Ivan,Tesař,M
psp:osoba:6042,6042,Alena Dernerová,alena dernerova,Alena,Dernerová,F
psp:osoba:6043,6043,Petr Gawlas,petr gawlas,Petr,Gawlas,M
psp:osoba:6044,6044,Miluše Horská,miluse horska,Miluše,Horská,F
psp:osoba:6045,6045,Antonín Maštalíř,antonin mastalir,Antonín,Maštalíř,M
psp:osoba:6046,6046,Milan Pešák,milan pesak,Milan,Pešák,M
psp:osoba:6047,6047,Jozef Regec,jozef regec,Jozef,Regec,M
psp:osoba:6048,6048,Jaromír Strnad,jaromir strnad,Jaromír,Strnad,M
psp:osoba:6049,6049,Petr Šilar,petr silar,Petr,Šilar,M
psp:osoba:6050,6050,Josef Táborský,josef taborsky,Josef,Táborský,M
psp:osoba:6051,6051,Dagmar Terelmešová,dagmar terelmesova,Dagmar,Terelmešová,F
psp:osoba:6052,6052,Veronika Vrecionová,veronika vrecionova,Veronika,Vrecionová,F
psp:osoba:6053,6053,Martin Kuba,martin kuba,Martin,Kuba,M
psp:osoba:6054,6054,Jana Vaňhová,jana vanhova,Jana,Vaňhová,F
psp:osoba:6055,6055,Miroslav Novák,miroslav novak,Miroslav,Novák,M
psp:osoba:6056,6056,Rudolf Adler,rudolf adler,Rudolf,Adler,M
psp:osoba:6057,6057,Jiří Dědeček,jiri dedecek,Jiří,Dědeček,M
psp:osoba:6058,6058,Jiří Hlaváč,jiri hlavac,Jiří,Hlaváč,M
psp:osoba:6059,6059,Jindřich Lechovský,jindrich lechovsky,Jindřich,Lechovský,M
psp:osoba:6060,6060,Jiří Merger,jiri merger,Jiří,Merger,M
psp:osoba:6061,6061,Roman Musil,roman musil,Roman,Musil,M
psp:osoba:6062,6062,Jan Simon,jan simon,Jan,Simon,M
psp:osoba:6063,6063,Marta Smolíková,marta smolikova,Marta,Smolíková,F
psp:osoba:6064,6064,Miroslav Ševčík,miroslav sevcik,Miroslav,Ševčík,M
psp:osoba:6065,6065,Marcela Turečková,marcela tureckova,Marcela,Turečková,M
psp:osoba:6066,6066,Pavel Žur,pavel zur,Pavel,Žur,M
psp:osoba:6067,6067,Tereza Brdečková,tereza brdeckova,Tereza,Brdečková,F
psp:osoba:6068,6068,Zuzana Kopečková,zuzana kopeckova,Zuzana,Kopečková,F
psp:osoba:6069,6069,Eva Tomanová,eva tomanova,Eva,Tomanová,F
psp:osoba:6070,6070,Antonín Zelenka,antonin zelenka,Antonín,Zelenka,M
psp:osoba:6071,6071,Josef Kraus,josef kraus,Josef,Kraus,M
psp:osoba:6072,6072,Pavel Novák,pavel novak,Pavel,Novák,M
psp:osoba:6073,6073,Prokop Tomek,prokop tomek,Prokop,Tomek,M
psp:osoba:6074,6074,Petr Fiala,petr fiala,Petr,Fiala,M
psp:osoba:6075,6075,Petr Smutný,petr smutny,Petr,Smutný,M
psp:osoba:6076,6076,Petr Krejčí,petr krejci,Petr,Krejčí,M
psp:osoba:6077,6077,Alena Vitásková,alena vitaskova,Alena,Vitásková,F
psp:osoba:6078,6078,Lubomír Lízal,lubomir lizal,Lubomír,Lízal,M
psp:osoba:6079,6079,Pavel Blažek,pavel blazek,Pavel,Blažek,M
psp:osoba:6080,6080,Hana Hikelová,hana hikelova,Hana,Hikelová,M
psp:osoba:6081,6081,Jan Wintr,jan wintr,Jan,Wintr,M
psp:osoba:6082,6082,Tereza Czesany Dvořáková,tereza czesany dvorakova,Tereza,Czesany Dvořáková,F
psp:osoba:6083,6083,Pavel Dragoun,pavel dragoun,Pavel,Dragoun,M
psp:osoba:6084,6084,Sylvie Legnerová,sylvie legnerova,Sylvie,Legnerová,M
psp:osoba:6085,6085,Jana Škopková,jana skopkova,Jana,Škopková,M
psp:osoba:6086,6086,Zdena Štěpánková,zdena stepankova,Zdena,Štěpánková,M
psp:osoba:6087,6087,Petr Vítek,petr vitek,Petr,Vítek,M
psp:osoba:6088,6088,Milada Richterová,milada richterova,Milada,Richterová,F
psp:osoba:6089,6089,Jaromír Rux,jaromir rux,Jaromír,Rux,M
psp:osoba:6090,6090,Aleš Hozdecký,ales hozdecky,Aleš,Hozdecký,M
psp:osoba:6091,6091,Martina Blažejovská,martina blazejovska,Martina,Blažejovská,F
psp:osoba:6092,6092,Roman Škrabánek,roman skrabanek,Roman,Škrabánek,M
psp:osoba:6093,6093,Stanislav Voleman,stanislav voleman,Stanislav,Voleman,M
psp:osoba:6094,6094,Jolana Kopřiva Myslivcová,jolana kopriva myslivcova,Jolana,Kopřiva Myslivcová,F
psp:osoba:6095,6095,Petr Holeček,petr holecek,Petr,Holeček,M
psp:osoba:6096,6096,Václav Koubík,vaclav koubik,Václav,Koubík,M
psp:osoba:6097,6097,Roman Pekárek,roman pekarek,Roman,Pekárek,M
psp:osoba:6098,6098,Miroslav Bernášek,miroslav bernasek,Miroslav,Bernášek,M
psp:osoba:6100,6100,Zdeněk Berka,zdenek berka,Zdeněk,Berka,M
psp:osoba:6101,6101,Zdeněk Brož,zdenek broz,Zdeněk,Brož,M
psp:osoba:6102,6102,Lubomír Franc,lubomir franc,Lubomír,Franc,M
psp:osoba:6103,6103,Hassan Mezian,hassan mezian,Hassan,Mezian,M
psp:osoba:6104,6104,Libor Michálek,libor michalek,Libor,Michálek,M
psp:osoba:6105,6105,Tomio Okamura,tomio okamura,Tomio,Okamura,M
psp:osoba:6106,6106,Leopold Sulovský,leopold sulovsky,Leopold,Sulovský,M
psp:osoba:6107,6107,Eva Syková,eva sykova,Eva,Syková,F
psp:osoba:6108,6108,Jiří Šesták,jiri sestak,Jiří,Šesták,M
psp:osoba:6109,6109,Jan Veleba,jan veleba,Jan,Veleba,M
psp:osoba:6110,6110,Eliška Wagnerová,eliska wagnerova,Eliška,Wagnerová,F
psp:osoba:6111,6111,Jaroslav Zeman,jaroslav zeman,Jaroslav,Zeman,M
psp:osoba:6112,6112,Petr Mlsna,petr mlsna,Petr,Mlsna,M
psp:osoba:6113,6113,Igor Jakubčík,igor jakubcik,Igor,Jakubčík,M
psp:osoba:6114,6114,Václav Štekl,vaclav stekl,Václav,Štekl,M
psp:osoba:6115,6115,Jana Bobošíková,jana bobosikova,Jana,Bobošíková,F
psp:osoba:6116,6116,Jan Švejnar,jan svejnar,Jan,Švejnar,M
psp:osoba:6117,6117,Vlastimil Picek,vlastimil picek,Vlastimil,Picek,M
psp:osoba:6118,6118,Ondřej Malý,ondrej maly,Ondřej,Malý,M
psp:osoba:6119,6119,Jaromír Novák,jaromir novak,Jaromír,Novák,M
psp:osoba:6120,6120,Martin Mečíř,martin mecir,Martin,Mečíř,M
psp:osoba:6121,6121,Tomáš Mrázek,tomas mrazek,Tomáš,Mrázek,M
psp:osoba:6122,6122,Tomáš Kňourek,tomas knourek,Tomáš,Kňourek,M
psp:osoba:6123,6123,Jana Geršlová,jana gerslova,Jana,Geršlová,M
psp:osoba:6124,6124,Petr Benda,petr benda,Petr,Benda,M
psp:osoba:6125,6125,Ivan Bílek,ivan bilek,Ivan,Bílek,M
psp:osoba:6126,6126,Ondrej Páleník,ondrej palenik,Ondrej,Páleník,M
psp:osoba:6127,6127,Tomáš Perutka,tomas perutka,Tomáš,Perutka,M
psp:osoba:6128,6128,Jiří Cienciala,jiri cienciala,Jiří,Cienciala,M
psp:osoba:6129,6129,Martin Holcát,martin holcat,Martin,Holcát,M
psp:osoba:6130,6130,Dalibor Štys,dalibor stys,Dalibor,Štys,M
psp:osoba:6131,6131,Miroslav Toman,miroslav toman,Miroslav,Toman,M
psp:osoba:6132,6132,Zdeněk Žák,zdenek zak,Zdeněk,Žák,M
psp:osoba:6133,6133,František Lukl,frantisek lukl,František,Lukl,M
psp:osoba:6134,6134,Tomáš Jan Podivínský,tomas jan podivinsky,Tomáš Jan,Podivínský,M
psp:osoba:6135,6135,Jiří Balvín,jiri balvin,Jiří,Balvín,M
psp:osoba:6136,6136,Marie Benešová,marie benesova,Marie,Benešová,F
psp:osoba:6137,6137,František Vácha,frantisek vacha,František,Vácha,M
psp:osoba:6138,6138,Pavel Bělobrádek,pavel belobradek,Pavel,Bělobrádek,M
psp:osoba:6139,6139,Josef Hájek,josef hajek,Josef,Hájek,M
psp:osoba:6140,6140,Martin Komárek,martin komarek,Martin,Komárek,M
psp:osoba:6141,6141,Olga Havlová,olga havlova,Olga,Havlová,F
psp:osoba:6142,6142,Daniel Herman,daniel herman,Daniel,Herman,M
psp:osoba:6143,6143,Stanislav Berkovec,stanislav berkovec,Stanislav,Berkovec,M
psp:osoba:6144,6144,Pavel Šrámek,pavel sramek,Pavel,Šrámek,M
psp:osoba:6145,6145,Milan Šarapatka,milan sarapatka,Milan,Šarapatka,M
psp:osoba:6146,6146,Petr Adam,petr adam,Petr,Adam,M
psp:osoba:6147,6147,Markéta Pekarová Adamová,marketa pekarova adamova,Markéta,Pekarová Adamová,F
psp:osoba:6148,6148,Augustin Karel Andrle Sylor,augustin karel andrle sylor,Augustin Karel,Andrle Sylor,M
psp:osoba:6149,6149,Hana Aulická Jírovcová,hana aulicka jirovcova,Hana,Aulická Jírovcová,F
psp:osoba:6150,6150,Andrej Babiš,andrej babis,Andrej,Babiš,M
psp:osoba:6151,6151,Miloš Babiš,milos babis,Miloš,Babiš,M
psp:osoba:6152,6152,Miloslav Bačiak,miloslav baciak,Miloslav,Bačiak,M
psp:osoba:6153,6153,Martin Sedlář,martin sedlar,Martin,Sedlář,M
psp:osoba:6154,6154,Marek Ženíšek,marek zenisek,Marek,Ženíšek,M
psp:osoba:6155,6155,Jiří Zimola,jiri zimola,Jiří,Zimola,M
psp:osoba:6156,6156,Kristýna Zelienková,kristyna zelienkova,Kristýna,Zelienková,F
psp:osoba:6157,6157,Jaroslav Zavadil,jaroslav zavadil,Jaroslav,Zavadil,M
psp:osoba:6158,6158,Karel Rais,karel rais,Karel,Rais,M
psp:osoba:6159,6159,Josef Zahradníček,josef zahradnicek,Josef,Zahradníček,M
psp:osoba:6160,6160,Markéta Wernerová,marketa wernerova,Markéta,Wernerová,F
psp:osoba:6161,6161,Rostislav Vyzula,rostislav vyzula,Rostislav,Vyzula,M
psp:osoba:6162,6162,Vlastimil Vozka,vlastimil vozka,Vlastimil,Vozka,M
psp:osoba:6163,6163,Josef Vozdecký,josef vozdecky,Josef,Vozdecký,M
psp:osoba:6164,6164,Josef Vondrášek,josef vondrasek,Josef,Vondrášek,M
psp:osoba:6165,6165,Radek Vondráček,radek vondracek,Radek,Vondráček,M
psp:osoba:6166,6166,Jan Volný,jan volny,Jan,Volný,M
psp:osoba:6167,6167,Pavel Volčík,pavel volcik,Pavel,Volčík,M
psp:osoba:6168,6168,Helena Válková,helena valkova,Helena,Válková,F
psp:osoba:6169,6169,Jiří Valenta,jiri valenta,Jiří,Valenta,M
psp:osoba:6170,6170,Josef Uhlík,josef uhlik,Josef,Uhlík,M
psp:osoba:6171,6171,Pavel Plzák,pavel plzak,Pavel,Plzák,M
psp:osoba:6172,6172,Ladislav Okleštěk,ladislav oklestek,Ladislav,Okleštěk,M
psp:osoba:6173,6173,Pavlína Nytrová,pavlina nytrova,Pavlína,Nytrová,F
psp:osoba:6174,6174,Igor Nykl,igor nykl,Igor,Nykl,M
psp:osoba:6175,6175,Martin Novotný,martin novotny,Martin,Novotný,M
psp:osoba:6176,6176,Nina Nováková,nina novakova,Nina,Nováková,F
psp:osoba:6177,6177,Margita Balaštíková,margita balastikova,Margita,Balaštíková,F
psp:osoba:6178,6178,Jan Bartošek,jan bartosek,Jan,Bartošek,M
psp:osoba:6179,6179,Ondřej Benešík,ondrej benesik,Ondřej,Benešík,M
psp:osoba:6180,6180,Martina Berdychová,martina berdychova,Martina,Berdychová,F
psp:osoba:6181,6181,Adolf Beznoska,adolf beznoska,Adolf,Beznoska,M
psp:osoba:6182,6182,Jan Birke,jan birke,Jan,Birke,M
psp:osoba:6183,6183,Jaroslav Borka,jaroslav borka,Jaroslav,Borka,M
psp:osoba:6184,6184,Richard Brabec,richard brabec,Richard,Brabec,M
psp:osoba:6185,6185,Milan Brázdil,milan brazdil,Milan,Brázdil,M
psp:osoba:6186,6186,Marek Černoch,marek cernoch,Marek,Černoch,M
psp:osoba:6187,6187,Pavel Čihák,pavel cihak,Pavel,Čihák,M
psp:osoba:6188,6188,René Číp,rene cip,René,Číp,M
psp:osoba:6189,6189,Ivana Dobešová,ivana dobesova,Ivana,Dobešová,F
psp:osoba:6190,6190,Jaroslav Faltýnek,jaroslav faltynek,Jaroslav,Faltýnek,M
psp:osoba:6191,6191,Karel Fiedler,karel fiedler,Karel,Fiedler,M
psp:osoba:6192,6192,Matěj Fichtner,matej fichtner,Matěj,Fichtner,M
psp:osoba:6193,6193,Ivan Gabal,ivan gabal,Ivan,Gabal,M
psp:osoba:6194,6194,Pavel Havíř,pavel havir,Pavel,Havíř,M
psp:osoba:6195,6195,Jana Hnyková,jana hnykova,Jana,Hnyková,F
psp:osoba:6196,6196,Jiří Holeček,jiri holecek,Jiří,Holeček,M
psp:osoba:6197,6197,Radim Holeček,radim holecek,Radim,Holeček,M
psp:osoba:6198,6198,Jaroslav Holík,jaroslav holik,Jaroslav,Holík,M
psp:osoba:6199,6199,Bohuslav Chalupa,bohuslav chalupa,Bohuslav,Chalupa,M
psp:osoba:6200,6200,Milan Chovanec,milan chovanec,Milan,Chovanec,M
psp:osoba:6201,6201,Miloslav Janulík,miloslav janulik,Miloslav,Janulík,M
psp:osoba:6202,6202,Jaroslava Pokorná Jermanová,jaroslava pokorna jermanova,Jaroslava,Pokorná Jermanová,F
psp:osoba:6203,6203,Věra Jourová,vera jourova,Věra,Jourová,F
psp:osoba:6204,6204,Jiří Junek,jiri junek,Jiří,Junek,M
psp:osoba:6205,6205,Marian Jurečka,marian jurecka,Marian,Jurečka,M
psp:osoba:6206,6206,Zuzana Kailová,zuzana kailova,Zuzana,Kailová,F
psp:osoba:6207,6207,Vít Kaňkovský,vit kankovsky,Vít,Kaňkovský,M
psp:osoba:6208,6208,Simeon Karamazov,simeon karamazov,Simeon,Karamazov,M
psp:osoba:6209,6209,David Kasal,david kasal,David,Kasal,M
psp:osoba:6210,6210,Jaroslav Klaška,jaroslav klaska,Jaroslav,Klaška,M
psp:osoba:6211,6211,Martin Kolovratník,martin kolovratnik,Martin,Kolovratník,M
psp:osoba:6212,6212,Petr Kořenek,petr korenek,Petr,Kořenek,M
psp:osoba:6213,6213,Jiří Koubek,jiri koubek,Jiří,Koubek,M
psp:osoba:6214,6214,Věra Kovářová,vera kovarova,Věra,Kovářová,F
psp:osoba:6215,6215,Roman Kubíček,roman kubicek,Roman,Kubíček,M
psp:osoba:6216,6216,Michal Kučera,michal kucera,Michal,Kučera,M
psp:osoba:6217,6217,Petr Kudela,petr kudela,Petr,Kudela,M
psp:osoba:6218,6218,Martin Lank,martin lank,Martin,Lank,M
psp:osoba:6219,6219,Jana Lorencová,jana lorencova,Jana,Lorencová,F
psp:osoba:6220,6220,Stanislav Mackovík,stanislav mackovik,Stanislav,Mackovík,M
psp:osoba:6221,6221,Radka Maxová,radka maxova,Radka,Maxová,F
psp:osoba:6222,6222,Jiří Mihola,jiri mihola,Jiří,Mihola,M
psp:osoba:6223,6223,Alena Nohavová,alena nohavova,Alena,Nohavová,F
psp:osoba:6224,6224,Zdeněk Ondráček,zdenek ondracek,Zdeněk,Ondráček,M
psp:osoba:6225,6225,Jana Pastuchová,jana pastuchova,Jana,Pastuchová,F
psp:osoba:6226,6226,Jan Sedláček,jan sedlacek,Jan,Sedláček,M
psp:osoba:6227,6227,Herbert Pavera,herbert pavera,Herbert,Pavera,M
psp:osoba:6228,6228,Marie Pěnčíková,marie pencikova,Marie,Pěnčíková,F
psp:osoba:6229,6229,Miloš Petera,milos petera,Miloš,Petera,M
psp:osoba:6230,6230,Stanislav Pfléger,stanislav pfleger,Stanislav,Pfléger,M
psp:osoba:6231,6231,Ivan Pilný,ivan pilny,Ivan,Pilný,M
psp:osoba:6232,6232,Lukáš Pleticha,lukas pleticha,Lukáš,Pleticha,M
psp:osoba:6233,6233,Ivo Pojezný,ivo pojezny,Ivo,Pojezný,M
psp:osoba:6234,6234,Karel Pražák,karel prazak,Karel,Pražák,M
psp:osoba:6235,6235,Roman Procházka,roman prochazka,Roman,Procházka,M
psp:osoba:6236,6236,Bronislav Schwarz,bronislav schwarz,Bronislav,Schwarz,M
psp:osoba:6237,6237,Zdeněk Soukup,zdenek soukup,Zdeněk,Soukup,M
psp:osoba:6238,6238,Štěpán Stupčuk,stepan stupcuk,Štěpán,Stupčuk,M
psp:osoba:6239,6239,Lubomír Toufar,lubomir toufar,Lubomír,Toufar,M
psp:osoba:6240,6240,Karel Tureček,karel turecek,Karel,Tureček,M
psp:osoba:6241,6241,Lukáš Jelínek,lukas jelinek,Lukáš,Jelínek,M
psp:osoba:6242,6242,Emilie Benešová,emilie benesova,Emilie,Benešová,F
psp:osoba:6243,6243,Michal Uhl,michal uhl,Michal,Uhl,M
psp:osoba:6244,6244,Jan Bureš,jan bures,Jan,Bureš,M
psp:osoba:6245,6245,Jan Sobotka,jan sobotka,Jan,Sobotka,M
psp:osoba:6246,6246,Josef Kott,josef kott,Josef,Kott,M
psp:osoba:6247,6247,Michaela Marksová,michaela marksova,Michaela,Marksová,F
psp:osoba:6248,6248,Antonín Prachař,antonin prachar,Antonín,Prachař,M
psp:osoba:6249,6249,Svatopluk Němeček,svatopluk nemecek,Svatopluk,Němeček,M
psp:osoba:6250,6250,Hana Hykšová,hana hyksova,Hana,Hykšová,F
psp:osoba:6251,6251,Martin Plíšek,martin plisek,Martin,Plíšek,M
psp:osoba:6252,6252,Rudolf Stupka,rudolf stupka,Rudolf,Stupka,M
psp:osoba:6253,6253,Vladimír Zejdl,vladimir zejdl,Vladimír,Zejdl,M
psp:osoba:6254,6254,Věra Adámková,vera adamkova,Věra,Adámková,F
psp:osoba:6255,6255,Georgi Bidenko,georgi bidenko,Georgi,Bidenko,M
psp:osoba:6256,6256,Alena Dernerová,alena dernerova,Alena,Dernerová,F
psp:osoba:6257,6257,Petr Zimmermann,petr zimmermann,Petr,Zimmermann,M
psp:osoba:6258,6258,Radek Augustin,radek augustin,Radek,Augustin,M
psp:osoba:6259,6259,Jan Bednář,jan bednar,Jan,Bednář,M
psp:osoba:6260,6260,Luboš Beniak,lubos beniak,Luboš,Beniak,M
psp:osoba:6261,6261,Michal Hauser,michal hauser,Michal,Hauser,M
psp:osoba:6262,6262,Richard Hindls,richard hindls,Richard,Hindls,M
psp:osoba:6263,6263,Vratislav Dostál,vratislav dostal,Vratislav,Dostál,M
psp:osoba:6264,6264,Hana Dohnálková,hana dohnalkova,Hana,Dohnálková,F
psp:osoba:6265,6265,Jiří Vejvoda,jiri vejvoda,Jiří,Vejvoda,M
psp:osoba:6266,6266,Milan Grmela,milan grmela,Milan,Grmela,M
psp:osoba:6267,6267,Tomáš Hudeček,tomas hudecek,Tomáš,Hudeček,M
psp:osoba:6268,6268,Vlastimil Gabrhel,vlastimil gabrhel,Vlastimil,Gabrhel,M
psp:osoba:6269,6269,Pavel Švagr,pavel svagr,Pavel,Švagr,M
psp:osoba:6270,6270,Pavel Dvořák,pavel dvorak,Pavel,Dvořák,M
psp:osoba:6271,6271,Josef Kubíček,josef kubicek,Josef,Kubíček,M
psp:osoba:6272,6272,Ivan Vodochodský,ivan vodochodsky,Ivan,Vodochodský,M
psp:osoba:6273,6273,Lukáš Manhart,lukas manhart,Lukáš,Manhart,M
psp:osoba:6274,6274,Pavel Štern,pavel stern,Pavel,Štern,M
psp:osoba:6275,6275,Jana Kasalová,jana kasalova,Jana,Kasalová,F
psp:osoba:6276,6276,Miroslav Augustin,miroslav augustin,Miroslav,Augustin,M
psp:osoba:6277,6277,Jakub Heikenwälder,jakub heikenwalder,Jakub,Heikenwälder,M
psp:osoba:6278,6278,Eduard Stehlík,eduard stehlik,Eduard,Stehlík,M
psp:osoba:6279,6279,Leo Luzar,leo luzar,Leo,Luzar,M
psp:osoba:6280,6280,Martin Plíšek,martin plisek,Martin,Plíšek,M
psp:osoba:6281,6281,Viktor Pokorný,viktor pokorny,Viktor,Pokorný,M
psp:osoba:6282,6282,Ondřej Filip,ondrej filip,Ondřej,Filip,M
psp:osoba:6283,6283,Josef Bednář,josef bednar,Josef,Bednář,M
psp:osoba:6284,6284,Zdeněk Syblík,zdenek syblik,Zdeněk,Syblík,M
psp:osoba:6285,6285,Jiřina Jílková,jirina jilkova,Jiřina,Jílková,F
psp:osoba:6286,6286,Jana Stávková,jana stavkova,Jana,Stávková,F
psp:osoba:6287,6287,Karla Šlechtová,karla slechtova,Karla,Šlechtová,F
psp:osoba:6288,6288,Zuzana Šánová,zuzana sanova,Zuzana,Šánová,F
psp:osoba:6289,6289,Patrik Kunčar,patrik kuncar,Patrik,Kunčar,M
psp:osoba:6290,6290,Hana Pýchová,hana pychova,Hana,Pýchová,F
psp:osoba:6291,6291,Dan Ťok,dan tok,Dan,Ťok,M
psp:osoba:6292,6292,Pavla Golasowská,pavla golasowska,Pavla,Golasowská,F
psp:osoba:6293,6293,Zdeněk Hověžák,zdenek hovezak,Zdeněk,Hověžák,M
psp:osoba:6294,6294,Jaroslav Drozd,jaroslav drozd,Jaroslav,Drozd,M
psp:osoba:6295,6295,Lumír Aschenbrenner,lumir aschenbrenner,Lumír,Aschenbrenner,M
psp:osoba:6296,6296,Zuzana Baudyšová,zuzana baudysova,Zuzana,Baudyšová,F
psp:osoba:6297,6297,František Bradáč,frantisek bradac,František,Bradáč,M
psp:osoba:6298,6298,Jiří Burian,jiri burian,Jiří,Burian,M
psp:osoba:6299,6299,Ivana Cabrnochová,ivana cabrnochova,Ivana,Cabrnochová,F
psp:osoba:6300,6300,František Čuba,frantisek cuba,František,Čuba,M
psp:osoba:6301,6301,Zdeňka Hamousová,zdenka hamousova,Zdeňka,Hamousová,F
psp:osoba:6302,6302,Václav Hampl,vaclav hampl,Václav,Hampl,M
psp:osoba:6303,6303,Jiří Hlavatý,jiri hlavaty,Jiří,Hlavatý,M
psp:osoba:6304,6304,Peter Koliba,peter koliba,Peter,Koliba,M
psp:osoba:6305,6305,Václav Láska,vaclav laska,Václav,Láska,M
psp:osoba:6306,6306,Zbyněk Linhart,zbynek linhart,Zbyněk,Linhart,M
psp:osoba:6307,6307,Jaroslav Malý,jaroslav maly,Jaroslav,Malý,M
psp:osoba:6308,6308,Zdeněk Papoušek,zdenek papousek,Zdeněk,Papoušek,M
psp:osoba:6309,6309,Alena Šromová,alena sromova,Alena,Šromová,F
psp:osoba:6310,6310,Pavel Štohl,pavel stohl,Pavel,Štohl,M
psp:osoba:6311,6311,Emilie Třísková,emilie triskova,Emilie,Třísková,F
psp:osoba:6312,6312,Ivo Valenta,ivo valenta,Ivo,Valenta,M
psp:osoba:6313,6313,Jiří Vosecký,jiri vosecky,Jiří,Vosecký,M
psp:osoba:6314,6314,Jan Duben,jan duben,Jan,Duben,M
psp:osoba:6315,6315,Jiří Šašek,jiri sasek,Jiří,Šašek,M
psp:osoba:6316,6316,Miroslav Volařík,miroslav volarik,Miroslav,Volařík,M
psp:osoba:6317,6317,Přemysl Martinek,premysl martinek,Přemysl,Martinek,M
psp:osoba:6318,6318,Robert Pelikán,robert pelikan,Robert,Pelikán,M
psp:osoba:6319,6319,Luděk Beneš,ludek benes,Luděk,Beneš,M
psp:osoba:6320,6320,Stanislav Doubrava,stanislav doubrava,Stanislav,Doubrava,M
psp:osoba:6321,6321,Roman Giebisch,roman giebisch,Roman,Giebisch,M
psp:osoba:6322,6322,Irena Chovančíková,irena chovancikova,Irena,Chovančíková,F
psp:osoba:6323,6323,Karel Král,karel kral,Karel,Král,M
psp:osoba:6324,6324,Jana Mertinová,jana mertinova,Jana,Mertinová,F
psp:osoba:6325,6325,Doubravka Svobodová,doubravka svobodova,Doubravka,Svobodová,F
psp:osoba:6326,6326,Dora Viceníková,dora vicenikova,Dora,Viceníková,F
psp:osoba:6327,6327,Petr Bilík,petr bilik,Petr,Bilík,M
psp:osoba:6328,6328,Iva Hejlíčková,iva hejlickova,Iva,Hejlíčková,F
psp:osoba:6329,6329,Mária Režňáková,maria reznakova,Mária,Režňáková,F
psp:osoba:6330,6330,Libor Jan,libor jan,Libor,Jan,M
psp:osoba:6331,6331,Rostislav Drochytka,rostislav drochytka,Rostislav,Drochytka,M
psp:osoba:6332,6332,Petr Konvalinka,petr konvalinka,Petr,Konvalinka,M
psp:osoba:6333,6333,Zbyněk Frolík,zbynek frolik,Zbyněk,Frolík,M
psp:osoba:6334,6334,Marek Vochozka,marek vochozka,Marek,Vochozka,M
psp:osoba:6335,6335,Daniel Havlík,daniel havlik,Daniel,Havlík,M
psp:osoba:6336,6336,Jan Stárek,jan starek,Jan,Stárek,M
psp:osoba:6337,6337,Kateřina Valachová,katerina valachova,Kateřina,Valachová,F
psp:osoba:6338,6338,Jaroslav Maxmilián Kašparů,jaroslav maxmilian kasparu,Jaroslav Maxmilián,Kašparů,M
psp:osoba:6339,6339,Daniel Váňa,daniel vana,Daniel,Váňa,M
psp:osoba:6340,6340,Marek Poledníček,marek polednicek,Marek,Poledníček,M
psp:osoba:6342,6342,Radka Nastoupilová Burketová,radka nastoupilova burketova,Radka,Nastoupilová Burketová,F
psp:osoba:6343,6343,Josef Matoušek,josef matousek,Josef,Matoušek,M
psp:osoba:6344,6344,Josef Matoušek,josef matousek,Josef,Matoušek,M
psp:osoba:6345,6345,Karel Svoboda,karel svoboda,Karel,Svoboda,M
psp:osoba:6346,6346,Josef Špaček,josef spacek,Josef,Špaček,M
psp:osoba:6347,6347,Josef Ulrich,josef ulrich,Josef,Ulrich,M
psp:osoba:6348,6348,František Veselý,frantisek vesely,František,Veselý,M
psp:osoba:6349,6349,Jaroslav Brabec,jaroslav brabec,Jaroslav,Brabec,M
psp:osoba:6350,6350,Antonín Novák,antonin novak,Antonín,Novák,M
psp:osoba:6351,6351,Josef Čermák,josef cermak,Josef,Čermák,M
psp:osoba:6352,6352,František Svoboda,frantisek svoboda,František,Svoboda,M
psp:osoba:6353,6353,Josef Tomášek,josef tomasek,Josef,Tomášek,M
psp:osoba:6354,6354,Ján Zeman,jan zeman,Ján,Zeman,M
psp:osoba:6355,6355,Josef Macek,josef macek,Josef,Macek,M
psp:osoba:6356,6356,František Matoušek,frantisek matousek,František,Matoušek,M
psp:osoba:6357,6357,Josef Konečný,josef konecny,Josef,Konečný,M
psp:osoba:6359,6359,Josef Svoboda,josef svoboda,Josef,Svoboda,M
psp:osoba:6360,6360,Jan Pelnář,jan pelnar,Jan,Pelnář,M
psp:osoba:6361,6361,Karel Procházka,karel prochazka,Karel,Procházka,M
psp:osoba:6362,6362,Jozef Valo,jozef valo,Jozef,Valo,M
psp:osoba:6363,6363,Josef Novotný,josef novotny,Josef,Novotný,M
psp:osoba:6364,6364,Ján Lichner,jan lichner,Ján,Lichner,M
psp:osoba:6365,6365,František Michálek,frantisek michalek,František,Michálek,M
psp:osoba:6366,6366,Josef Heger,josef heger,Josef,Heger,M
psp:osoba:6367,6367,Štefan Fidlík,stefan fidlik,Štefan,Fidlík,M
psp:osoba:6368,6368,Josef Taschek,josef taschek,Josef,Taschek,M
psp:osoba:6369,6369,Ladislav Kopřiva,ladislav kopriva,Ladislav,Kopřiva,M
psp:osoba:6370,6370,Jan Sedláček,jan sedlacek,Jan,Sedláček,M
psp:osoba:6371,6371,František Kubíček,frantisek kubicek,František,Kubíček,M
psp:osoba:6372,6372,Josef Marek,josef marek,Josef,Marek,M
psp:osoba:6373,6373,Miroslav Němec,miroslav nemec,Miroslav,Němec,M
psp:osoba:6374,6374,Zdeněk Šarapatka,zdenek sarapatka,Zdeněk,Šarapatka,M
psp:osoba:6375,6375,Martin Elkán,martin elkan,Martin,Elkán,M
psp:osoba:6376,6376,Rostislav Závodský,rostislav zavodsky,Rostislav,Závodský,M
psp:osoba:6377,6377,Václav Havlíček,vaclav havlicek,Václav,Havlíček,M
psp:osoba:6378,6378,Iva Masaříková,iva masarikova,Iva,Masaříková,F
psp:osoba:6379,6379,Miloslava Rutová,miloslava rutova,Miloslava,Rutová,F
psp:osoba:6380,6380,Jan Svěrák,jan sverak,Jan,Svěrák,M
psp:osoba:6381,6381,Martin Štemberka,martin stemberka,Martin,Štemberka,M
psp:osoba:6382,6382,Jiří Peterka,jiri peterka,Jiří,Peterka,M
psp:osoba:6383,6383,Michal Murín,michal murin,Michal,Murín,M
psp:osoba:6384,6384,Richard Němec,richard nemec,Richard,Němec,M
psp:osoba:6385,6385,Jan Málek,jan malek,Jan,Málek,M
psp:osoba:6386,6386,Vojtěch Benda,vojtech benda,Vojtěch,Benda,M
psp:osoba:6387,6387,Nidetzke Tomáš,nidetzke tomas,Nidetzke,Tomáš,M
psp:osoba:6388,6388,Nidetzke Tomáš,nidetzke tomas,Nidetzke,Tomáš,M
psp:osoba:6391,6391,Tomáš Nidetzký,tomas nidetzky,Tomáš,Nidetzký,M
psp:osoba:6392,6392,Michal Koudelka,michal koudelka,Michal,Koudelka,M
psp:osoba:6393,6393,Michael Canov,michael canov,Michael,Canov,M
psp:osoba:6394,6394,Tomáš Czernin,tomas czernin,Tomáš,Czernin,M
psp:osoba:6395,6395,Jiří Dušek,jiri dusek,Jiří,Dušek,M
psp:osoba:6396,6396,Anna Hubáčková,anna hubackova,Anna,Hubáčková,F
psp:osoba:6397,6397,Václav Chaloupek,vaclav chaloupek,Václav,Chaloupek,M
psp:osoba:6398,6398,Renata Chmelová,renata chmelova,Renata,Chmelová,F
psp:osoba:6399,6399,Šárka Jelínková,sarka jelinkova,Šárka,Jelínková,F
psp:osoba:6400,6400,Lumír Kantor,lumir kantor,Lumír,Kantor,M
psp:osoba:6401,6401,Ladislav Kos,ladislav kos,Ladislav,Kos,M
psp:osoba:6402,6402,Zdeněk Nytra,zdenek nytra,Zdeněk,Nytra,M
psp:osoba:6403,6403,Petr Orel,petr orel,Petr,Orel,M
psp:osoba:6404,6404,Jiří Růžička,jiri ruzicka,Jiří,Růžička,M
psp:osoba:6405,6405,Ladislav Václavec,ladislav vaclavec,Ladislav,Václavec,M
psp:osoba:6406,6406,Jaroslav Větrovský,jaroslav vetrovsky,Jaroslav,Větrovský,M
psp:osoba:6407,6407,Jaromíra Vítková,jaromira vitkova,Jaromíra,Vítková,F
psp:osoba:6408,6408,Miloslav Ludvík,miloslav ludvik,Miloslav,Ludvík,M
psp:osoba:6409,6409,František Petrtýl,frantisek petrtyl,František,Petrtýl,M
psp:osoba:6410,6410,Jiří Rajlich,jiri rajlich,Jiří,Rajlich,M
psp:osoba:6411,6411,Jan Roda,jan roda,Jan,Roda,M
psp:osoba:6412,6412,Omar Šerý,omar sery,Omar,Šerý,M
psp:osoba:6413,6413,Miroslav Dittrich,miroslav dittrich,Miroslav,Dittrich,M
psp:osoba:6414,6414,Vojtěch Weis,vojtech weis,Vojtěch,Weis,M
psp:osoba:6415,6415,Jiří Navrátil,jiri navratil,Jiří,Navrátil,M
psp:osoba:6416,6416,Tomáš Hudeček,tomas hudecek,Tomáš,Hudeček,M
psp:osoba:6417,6417,Martin Půta,martin puta,Martin,Půta,M
psp:osoba:6418,6418,Jan Skopeček,jan skopecek,Jan,Skopeček,M
psp:osoba:6419,6419,Saša Gedeon,sasa gedeon,Saša,Gedeon,M
psp:osoba:6420,6420,Marek Mora,marek mora,Marek,Mora,M
psp:osoba:6421,6421,Jan Outlý,jan outly,Jan,Outlý,M
psp:osoba:6422,6422,Jiří Havlíček,jiri havlicek,Jiří,Havlíček,M
psp:osoba:6423,6423,Stanislav Štech,stanislav stech,Stanislav,Štech,M
psp:osoba:6424,6424,Václav Valhoda,vaclav valhoda,Václav,Valhoda,M
psp:osoba:6425,6425,Barbora Jelonková,barbora jelonkova,Barbora,Jelonková,F
psp:osoba:6426,6426,Martin Doktor,martin doktor,Martin,Doktor,M
psp:osoba:6427,6427,Tomáš Samek,tomas samek,Tomáš,Samek,M
psp:osoba:6428,6428,Andrea Babišová,andrea babisova,Andrea,Babišová,F
psp:osoba:6429,6429,Dana Balcarová,dana balcarova,Dana,Balcarová,F
psp:osoba:6430,6430,Klára Dostálová,klara dostalova,Klára,Dostálová,F
psp:osoba:6431,6431,Lenka Dražilová,lenka drazilova,Lenka,Dražilová,F
psp:osoba:6432,6432,Lukáš Bartoň,lukas barton,Lukáš,Bartoň,M
psp:osoba:6433,6433,Ivan Bartoš,ivan bartos,Ivan,Bartoš,M
psp:osoba:6434,6434,Andrea Brzobohatá,andrea brzobohata,Andrea,Brzobohatá,F
psp:osoba:6435,6435,Martin Baxa,martin baxa,Martin,Baxa,M
psp:osoba:6436,6436,Petr Beitl,petr beitl,Petr,Beitl,M
psp:osoba:6437,6437,Josef Bělica,josef belica,Josef,Bělica,M
psp:osoba:6438,6438,Stanislav Blaha,stanislav blaha,Stanislav,Blaha,M
psp:osoba:6439,6439,Jiří Bláha,jiri blaha,Jiří,Bláha,M
psp:osoba:6440,6440,Marian Bojko,marian bojko,Marian,Bojko,M
psp:osoba:6441,6441,Jaroslav Bžoch,jaroslav bzoch,Jaroslav,Bžoch,M
psp:osoba:6442,6442,Lukáš Černohorský,lukas cernohorsky,Lukáš,Černohorský,M
psp:osoba:6443,6443,Jan Čižinský,jan cizinsky,Jan,Čižinský,M
psp:osoba:6444,6444,Petr Dolínek,petr dolinek,Petr,Dolínek,M
psp:osoba:6445,6445,Jaroslav Dvořák,jaroslav dvorak,Jaroslav,Dvořák,M
psp:osoba:6446,6446,František Elfmark,frantisek elfmark,František,Elfmark,M
psp:osoba:6447,6447,Kamal Farhan,kamal farhan,Kamal,Farhan,M
psp:osoba:6448,6448,Milan Feranec,milan feranec,Milan,Feranec,M
psp:osoba:6449,6449,Dominik Feri,dominik feri,Dominik,Feri,M
psp:osoba:6450,6450,Mikuláš Ferjenčík,mikulas ferjencik,Mikuláš,Ferjenčík,M
psp:osoba:6451,6451,Stanislav Fridrich,stanislav fridrich,Stanislav,Fridrich,M
psp:osoba:6452,6452,Tomáš Hanzel,tomas hanzel,Tomáš,Hanzel,M
psp:osoba:6453,6453,Milan Hnilička,milan hnilicka,Milan,Hnilička,M
psp:osoba:6454,6454,Radek Holomčík,radek holomcik,Radek,Holomčík,M
psp:osoba:6455,6455,Jan Hrnčíř,jan hrncir,Jan,Hrnčíř,M
psp:osoba:6456,6456,Tereza Hyťhová,tereza hythova,Tereza,Hyťhová,F
psp:osoba:6457,6457,Eva Fialová,eva fialova,Eva,Fialová,F
psp:osoba:6458,6458,Ivan Jáč,ivan jac,Ivan,Jáč,M
psp:osoba:6459,6459,Jakub Janda,jakub janda,Jakub,Janda,M
psp:osoba:6460,6460,Monika Jarošová,monika jarosova,Monika,Jarošová,F
psp:osoba:6461,6461,Pavel Jelínek,pavel jelinek,Pavel,Jelínek,M
psp:osoba:6462,6462,Martin Jiránek,martin jiranek,Martin,Jiránek,M
psp:osoba:6463,6463,Aleš Juchelka,ales juchelka,Aleš,Juchelka,M
psp:osoba:6464,6464,Barbora Kořanová,barbora koranova,Barbora,Kořanová,F
psp:osoba:6465,6465,Lenka Kozlová,lenka kozlova,Lenka,Kozlová,F
psp:osoba:6466,6466,Jana Krutáková,jana krutakova,Jana,Krutáková,F
psp:osoba:6467,6467,Zuzana Majerová,zuzana majerova,Zuzana,Majerová,F
psp:osoba:6468,6468,Taťána Malá,tatana mala,Taťána,Malá,F
psp:osoba:6469,6469,Karla Maříková,karla marikova,Karla,Maříková,F
psp:osoba:6470,6470,Ilona Mauritzová,ilona mauritzova,Ilona,Mauritzová,F
psp:osoba:6471,6471,Jana Mračková Vildumetzová,jana mrackova vildumetzova,Jana,Mračková Vildumetzová,F
psp:osoba:6472,6472,Věra Procházková,vera prochazkova,Věra,Procházková,F
psp:osoba:6473,6473,Olga Richterová,olga richterova,Olga,Richterová,F
psp:osoba:6474,6474,Zuzana Ožanová,zuzana ozanova,Zuzana,Ožanová,F
psp:osoba:6475,6475,Monika Oborná,monika oborna,Monika,Oborná,F
psp:osoba:6476,6476,Marcela Melková,marcela melkova,Marcela,Melková,F
psp:osoba:6477,6477,Jakub Michálek,jakub michalek,Jakub,Michálek,M
psp:osoba:6478,6478,Ivana Nevludová,ivana nevludova,Ivana,Nevludová,F
psp:osoba:6479,6479,Lucie Šafránková,lucie safrankova,Lucie,Šafránková,F
psp:osoba:6480,6480,Radek Zlesák,radek zlesak,Radek,Zlesák,M
psp:osoba:6481,6481,Lubomír Volný,lubomir volny,Lubomír,Volný,M
psp:osoba:6482,6482,Vlastimil Válek,vlastimil valek,Vlastimil,Válek,M
psp:osoba:6483,6483,Petr Třešňák,petr tresnak,Petr,Třešňák,M
psp:osoba:6484,6484,David Štolpa,david stolpa,David,Štolpa,M
psp:osoba:6485,6485,Daniel Pawlas,daniel pawlas,Daniel,Pawlas,M
psp:osoba:6486,6486,Vojtěch Munzar,vojtech munzar,Vojtěch,Munzar,M
psp:osoba:6487,6487,Patrik Nacher,patrik nacher,Patrik,Nacher,M
psp:osoba:6488,6488,Mikuláš Peksa,mikulas peksa,Mikuláš,Peksa,M
psp:osoba:6489,6489,Tomáš Vymazal,tomas vymazal,Tomáš,Vymazal,M
psp:osoba:6490,6490,Petr Vrána,petr vrana,Petr,Vrána,M
psp:osoba:6491,6491,Adam Vojtěch,adam vojtech,Adam,Vojtěch,M
psp:osoba:6492,6492,Ivo Vondrák,ivo vondrak,Ivo,Vondrák,M
psp:osoba:6493,6493,Jiří Ventruba,jiri ventruba,Jiří,Ventruba,M
psp:osoba:6494,6494,Ondřej Veselý,ondrej vesely,Ondřej,Veselý,M
psp:osoba:6495,6495,Radovan Vích,radovan vich,Radovan,Vích,M
psp:osoba:6496,6496,Pavel Juříček,pavel juricek,Pavel,Juříček,M
psp:osoba:6497,6497,Adam Kalous,adam kalous,Adam,Kalous,M
psp:osoba:6498,6498,Václav Klaus,vaclav klaus,Václav,Klaus,M
psp:osoba:6499,6499,František Kopřiva,frantisek kopriva,František,Kopřiva,M
psp:osoba:6500,6500,Jan Richter,jan richter,Jan,Richter,M
psp:osoba:6501,6501,Pavel Staněk,pavel stanek,Pavel,Staněk,M
psp:osoba:6502,6502,Jana Levová,jana levova,Jana,Levová,F
psp:osoba:6503,6503,Jiří Kobza,jiri kobza,Jiří,Kobza,M
psp:osoba:6504,6504,Jiří Kohoutek,jiri kohoutek,Jiří,Kohoutek,M
psp:osoba:6505,6505,Julius Špičák,julius spicak,Julius,Špičák,M
psp:osoba:6506,6506,Tomáš Kohoutek,tomas kohoutek,Tomáš,Kohoutek,M
psp:osoba:6507,6507,Lukáš Kolářík,lukas kolarik,Lukáš,Kolářík,M
psp:osoba:6508,6508,Radek Koten,radek koten,Radek,Koten,M
psp:osoba:6509,6509,Robert Králíček,robert kralicek,Robert,Králíček,M
psp:osoba:6510,6510,Karel Krejza,karel krejza,Karel,Krejza,M
psp:osoba:6511,6511,Jan Kubík,jan kubik,Jan,Kubík,M
psp:osoba:6512,6512,Jaroslav Kytýr,jaroslav kytyr,Jaroslav,Kytýr,M
psp:osoba:6513,6513,Marek Výborný,marek vyborny,Marek,Výborný,M
psp:osoba:6514,6514,Lubomír Španěl,lubomir spanel,Lubomír,Španěl,M
psp:osoba:6515,6515,Jiří Strýček,jiri strycek,Jiří,Strýček,M
psp:osoba:6516,6516,Antonín Staněk,antonin stanek,Antonín,Staněk,M
psp:osoba:6517,6517,Jan Schiller,jan schiller,Jan,Schiller,M
psp:osoba:6518,6518,Petr Sadovský,petr sadovsky,Petr,Sadovský,M
psp:osoba:6519,6519,Jan Řehounek,jan rehounek,Jan,Řehounek,M
psp:osoba:6520,6520,Pavel Růžička,pavel ruzicka,Pavel,Růžička,M
psp:osoba:6521,6521,Radek Rozvoral,radek rozvoral,Radek,Rozvoral,M
psp:osoba:6522,6522,Miloslav Rozner,miloslav rozner,Miloslav,Rozner,M
psp:osoba:6523,6523,Michal Ratiborský,michal ratiborsky,Michal,Ratiborský,M
psp:osoba:6524,6524,Vít Rakušan,vit rakusan,Vít,Rakušan,M
psp:osoba:6525,6525,Pavel Pustějovský,pavel pustejovsky,Pavel,Pustějovský,M
psp:osoba:6526,6526,Ondřej Profant,ondrej profant,Ondřej,Profant,M
psp:osoba:6527,6527,David Pražák,david prazak,David,Pražák,M
psp:osoba:6528,6528,Jan Pošvář,jan posvar,Jan,Pošvář,M
psp:osoba:6529,6529,Ondřej Polanský,ondrej polansky,Ondřej,Polanský,M
psp:osoba:6530,6530,Zdeněk Podal,zdenek podal,Zdeněk,Podal,M
psp:osoba:6531,6531,Vojtěch Pikal,vojtech pikal,Vojtěch,Pikal,M
psp:osoba:6532,6532,Roman Onderka,roman onderka,Roman,Onderka,M
psp:osoba:6533,6533,Marek Novák,marek novak,Marek,Novák,M
psp:osoba:6534,6534,Jiří Mašek,jiri masek,Jiří,Mašek,M
psp:osoba:6535,6535,Tomáš Martínek,tomas martinek,Tomáš,Martínek,M
psp:osoba:6536,6536,Přemysl Mališ,premysl malis,Přemysl,Mališ,M
psp:osoba:6537,6537,Jan Lipavský,jan lipavsky,Jan,Lipavský,M
psp:osoba:6538,6538,Martin Kupka,martin kupka,Martin,Kupka,M
psp:osoba:6539,6539,Milan Pour,milan pour,Milan,Pour,M
psp:osoba:6540,6540,Eva Matyášová,eva matyasova,Eva,Matyášová,F
psp:osoba:6541,6541,Petr Pávek,petr pavek,Petr,Pávek,M
psp:osoba:6542,6542,Monika Brázdilová,monika brazdilova,Monika,Brázdilová,F
psp:osoba:6543,6543,Jan Morávek,jan moravek,Jan,Morávek,M
psp:osoba:6544,6544,Lubomír Metnar,lubomir metnar,Lubomír,Metnar,M
psp:osoba:6545,6545,Alena Schillerová,alena schillerova,Alena,Schillerová,F
psp:osoba:6546,6546,Tomáš Hüner,tomas huner,Tomáš,Hüner,M
psp:osoba:6547,6547,Jaroslava Němcová,jaroslava nemcova,Jaroslava,Němcová,F
psp:osoba:6548,6548,Jiří Milek,jiri milek,Jiří,Milek,M
psp:osoba:6549,6549,Robert Plaga,robert plaga,Robert,Plaga,M
psp:osoba:6550,6550,Ilja Šmíd,ilja smid,Ilja,Šmíd,M
psp:osoba:6551,6551,Jan Pavel,jan pavel,Jan,Pavel,M
psp:osoba:6552,6552,Zdeněk Hřib,zdenek hrib,Zdeněk,Hřib,M
psp:osoba:6553,6553,Jaroslav Novák,jaroslav novak,Jaroslav,Novák,M
psp:osoba:6554,6554,Jiří Páral,jiri paral,Jiří,Páral,M
psp:osoba:6555,6555,Tom Philipp,tom philipp,Tom,Philipp,M
psp:osoba:6556,6556,Michal Zácha,michal zacha,Michal,Zácha,M
psp:osoba:6557,6557,Karel Zitterbart,karel zitterbart,Karel,Zitterbart,M
psp:osoba:6558,6558,Petr Arenberger,petr arenberger,Petr,Arenberger,M
psp:osoba:6559,6559,Ferdinand Polák,ferdinand polak,Ferdinand,Polák,M
psp:osoba:6560,6560,Marek Paris,marek paris,Marek,Paris,M
psp:osoba:6561,6561,Adam Janek,adam janek,Adam,Janek,M
psp:osoba:6562,6562,Ladislav Valtr,ladislav valtr,Ladislav,Valtr,M
psp:osoba:6563,6563,Martin Netolický,martin netolicky,Martin,Netolický,M
psp:osoba:6564,6564,Jan Štrof,jan strof,Jan,Štrof,M
psp:osoba:6565,6565,Paul Ryan,paul ryan,Paul,Ryan,M
psp:osoba:6566,6566,Břetislav Holásek,bretislav holasek,Břetislav,Holásek,M
psp:osoba:6567,6567,Jiří Králík,jiri kralik,Jiří,Králík,M
psp:osoba:6568,6568,Aleš Krejčů,ales krejcu,Aleš,Krejčů,M
psp:osoba:6569,6569,Radek Křižanovský,radek krizanovsky,Radek,Křižanovský,M
psp:osoba:6570,6570,René Levínský,rene levinsky,René,Levínský,M
psp:osoba:6571,6571,Jan P. Muchow,jan p. muchow,Jan P.,Muchow,M
psp:osoba:6572,6572,Jana Nekvindová,jana nekvindova,Jana,Nekvindová,F
psp:osoba:6573,6573,Jan Vičar,jan vicar,Jan,Vičar,M
psp:osoba:6574,6574,Viktor Tauš,viktor taus,Viktor,Tauš,M
psp:osoba:6575,6575,Marta Švecová,marta svecova,Marta,Švecová,F
psp:osoba:6576,6576,Ivan Fencl,ivan fencl,Ivan,Fencl,M
psp:osoba:6577,6577,Vlastimil Venclík,vlastimil venclik,Vlastimil,Venclík,M
psp:osoba:6578,6578,Zdeněk Mahdal,zdenek mahdal,Zdeněk,Mahdal,M
psp:osoba:6579,6579,Jana Gáborová,jana gaborova,Jana,Gáborová,F
psp:osoba:6580,6580,Monika Červíčková,monika cervickova,Monika,Červíčková,F
psp:osoba:6581,6581,Marta Nováková,marta novakova,Marta,Nováková,F
psp:osoba:6582,6582,Petr Krčál,petr krcal,Petr,Krčál,M
psp:osoba:6583,6583,Vladimír Karmazín,vladimir karmazin,Vladimír,Karmazín,M
psp:osoba:6584,6584,Jitka Věková,jitka vekova,Jitka,Věková,F
psp:osoba:6585,6585,Jan Kněžínek,jan knezinek,Jan,Kněžínek,M
psp:osoba:6586,6586,Jana Maláčová,jana malacova,Jana,Maláčová,F
psp:osoba:6587,6587,Petr Venhoda,petr venhoda,Petr,Venhoda,M
psp:osoba:6589,6589,Zdeněk Dufek,zdenek dufek,Zdeněk,Dufek,M
psp:osoba:6590,6590,Tomáš Petříček,tomas petricek,Tomáš,Petříček,M
psp:osoba:6591,6591,Miroslav Adámek,miroslav adamek,Miroslav,Adámek,M
psp:osoba:6592,6592,Miroslav Balatka,miroslav balatka,Miroslav,Balatka,M
psp:osoba:6593,6593,Mikuláš Bek,mikulas bek,Mikuláš,Bek,M
psp:osoba:6594,6594,Tomáš Goláň,tomas golan,Tomáš,Goláň,M
psp:osoba:6595,6595,Martin Červíček,martin cervicek,Martin,Červíček,M
psp:osoba:6596,6596,Jiří Drahoš,jiri drahos,Jiří,Drahoš,M
psp:osoba:6597,6597,Jan Sobotka,jan sobotka,Jan,Sobotka,M
psp:osoba:6598,6598,Ladislav Faktor,ladislav faktor,Ladislav,Faktor,M
psp:osoba:6599,6599,Pavel Fischer,pavel fischer,Pavel,Fischer,M
psp:osoba:6600,6600,Marek Hilšer,marek hilser,Marek,Hilšer,M
psp:osoba:6601,6601,Zdeněk Hraba,zdenek hraba,Zdeněk,Hraba,M
psp:osoba:6602,6602,Ladislav Chlupáč,ladislav chlupac,Ladislav,Chlupáč,M
psp:osoba:6603,6603,Pavel Karpíšek,pavel karpisek,Pavel,Karpíšek,M
psp:osoba:6604,6604,Michal Kortyš,michal kortys,Michal,Kortyš,M
psp:osoba:6605,6605,Rostislav Koštial,rostislav kostial,Rostislav,Koštial,M
psp:osoba:6606,6606,Raduan Nwelati,raduan nwelati,Raduan,Nwelati,M
psp:osoba:6607,6607,Jan Tecl,jan tecl,Jan,Tecl,M
psp:osoba:6608,6608,Lukáš Wagenknecht,lukas wagenknecht,Lukáš,Wagenknecht,M
psp:osoba:6609,6609,Hana Žáková,hana zakova,Hana,Žáková,F
psp:osoba:6610,6610,Andrej Danko,andrej danko,Andrej,Danko,M
psp:osoba:6611,6611,Pavel Východský,pavel vychodsky,Pavel,Východský,M
psp:osoba:6612,6612,Vadim Petrov,vadim petrov,Vadim,Petrov,M
psp:osoba:6613,6613,Jan Krůta,jan kruta,Jan,Krůta,M
psp:osoba:6614,6614,František Hrdlička,frantisek hrdlicka,František,Hrdlička,M
psp:osoba:6615,6615,Hana Vykopalová,hana vykopalova,Hana,Vykopalová,F
psp:osoba:6616,6616,Lubomír Grmela,lubomir grmela,Lubomír,Grmela,M
psp:osoba:6617,6617,Anna Putnová,anna putnova,Anna,Putnová,F
psp:osoba:6618,6618,Martin Wichterle,martin wichterle,Martin,Wichterle,M
psp:osoba:6619,6619,Iva Kalátová,iva kalatova,Iva,Kalátová,F
psp:osoba:6620,6620,Eduard Palíšek,eduard palisek,Eduard,Palíšek,M
psp:osoba:6621,6621,Karel Havlíček,karel havlicek,Karel,Havlíček,M
psp:osoba:6622,6622,Vladimír Kremlík,vladimir kremlik,Vladimír,Kremlík,M
psp:osoba:6623,6623,Ondřej Babka,ondrej babka,Ondřej,Babka,M
psp:osoba:6624,6624,František Navrkal,frantisek navrkal,František,Navrkal,M
psp:osoba:6625,6625,Pavol Kováčik,pavol kovacik,Pavol,Kováčik,M
psp:osoba:6626,6626,Petr Ptáček,petr ptacek,Petr,Ptáček,M
psp:osoba:6627,6627,Vladimír Smejkal,vladimir smejkal,Vladimír,Smejkal,M
psp:osoba:6628,6628,Ondřej Zach,ondrej zach,Ondřej,Zach,M
psp:osoba:6630,6630,Robert Čep,robert cep,Robert,Čep,M
psp:osoba:6631,6631,David Soukup,david soukup,David,Soukup,M
psp:osoba:6632,6632,David Smoljak,david smoljak,David,Smoljak,M
psp:osoba:6633,6633,Jaroslava Nestěrová,jaroslava nesterova,Jaroslava,Nestěrová,F
psp:osoba:6634,6634,Angelika Bazalová,angelika bazalova,Angelika,Bazalová,F
psp:osoba:6635,6635,Dita Charanzová,dita charanzova,Dita,Charanzová,F
psp:osoba:6636,6636,Martina Dlabajová,martina dlabajova,Martina,Dlabajová,F
psp:osoba:6637,6637,Martin Hlaváček,martin hlavacek,Martin,Hlaváček,M
psp:osoba:6638,6638,Ondřej Knotek,ondrej knotek,Ondřej,Knotek,M
psp:osoba:6639,6639,Ondřej Kovařík,ondrej kovarik,Ondřej,Kovařík,M
psp:osoba:6640,6640,Marcel Kolaja,marcel kolaja,Marcel,Kolaja,M
psp:osoba:6641,6641,Markéta Gregorová,marketa gregorova,Markéta,Gregorová,F
psp:osoba:6642,6642,Hynek Blaško,hynek blasko,Hynek,Blaško,M
psp:osoba:6643,6643,Tomáš Zdechovský,tomas zdechovsky,Tomáš,Zdechovský,M
psp:osoba:6644,6644,Monika Šimůnková,monika simunkova,Monika,Šimůnková,M
psp:osoba:6645,6645,Marek Rojíček,marek rojicek,Marek,Rojíček,M
psp:osoba:6646,6646,Martin Kobert,martin kobert,Martin,Kobert,M
psp:osoba:6647,6647,Michaela Frková,michaela frkova,Michaela,Frková,F
psp:osoba:6648,6648,Jaroslav Sixta,jaroslav sixta,Jaroslav,Sixta,M
psp:osoba:6649,6649,Roman Bradáč,roman bradac,Roman,Bradáč,M
psp:osoba:6650,6650,Marek Pokorný,marek pokorny,Marek,Pokorný,M
psp:osoba:6651,6651,Pavel Matocha,pavel matocha,Pavel,Matocha,M
psp:osoba:6652,6652,Hana Lipovská,hana lipovska,Hana,Lipovská,M
psp:osoba:6653,6653,Luboš Xaver Veselý,lubos xaver vesely,Luboš Xaver,Veselý,M
psp:osoba:6654,6654,Čestmír Kopecký,cestmir kopecky,Čestmír,Kopecký,M
psp:osoba:6655,6655,Michal Šmucr,michal smucr,Michal,Šmucr,M
psp:osoba:6656,6656,Michal Šmucr,michal smucr,Michal,Šmucr,M
psp:osoba:6657,6657,Hynek Hanza,hynek hanza,Hynek,Hanza,M
psp:osoba:6658,6658,Aleš Mareček,ales marecek,Aleš,Mareček,M
psp:osoba:6659,6659,Jarmila Rážová,jarmila razova,Jarmila,Rážová,F
psp:osoba:6660,6660,Pavla Svrčinová,pavla svrcinova,Pavla,Svrčinová,F
psp:osoba:6661,6661,Irena Blažková,irena blazkova,Irena,Blažková,F
psp:osoba:6662,6662,Roman Prymula,roman prymula,Roman,Prymula,M
psp:osoba:6663,6663,Ondřej Matouš,ondrej matous,Ondřej,Matouš,M
psp:osoba:6664,6664,Josef Nerušil,josef nerusil,Josef,Nerušil,M
psp:osoba:6665,6665,Stanislav Koucký,stanislav koucky,Stanislav,Koucký,M
psp:osoba:6666,6666,Jaroslav Vymazal,jaroslav vymazal,Jaroslav,Vymazal,M
psp:osoba:6667,6667,Josef Bazala,josef bazala,Josef,Bazala,M
psp:osoba:6668,6668,Tomáš Fiala,tomas fiala,Tomáš,Fiala,M
psp:osoba:6669,6669,Jan Grulich,jan grulich,Jan,Grulich,M
psp:osoba:6670,6670,Jan Holásek,jan holasek,Jan,Holásek,M
psp:osoba:6671,6671,Jaroslav Chalupský,jaroslav chalupsky,Jaroslav,Chalupský,M
psp:osoba:6672,6672,Pavel Kárník,pavel karnik,Pavel,Kárník,M
psp:osoba:6673,6673,Josef Klement,josef klement,Josef,Klement,M
psp:osoba:6674,6674,Roman Kraus,roman kraus,Roman,Kraus,M
psp:osoba:6675,6675,Marek Ošťádal,marek ostadal,Marek,Ošťádal,M
psp:osoba:6676,6676,Helena Pešatová,helena pesatova,Helena,Pešatová,F
psp:osoba:6677,6677,Miroslav Plevný,miroslav plevny,Miroslav,Plevný,M
psp:osoba:6678,6678,Ondřej Šimetka,ondrej simetka,Ondřej,Šimetka,M
psp:osoba:6679,6679,Adéla Šípová,adela sipova,Adéla,Šípová,F
psp:osoba:6680,6680,Petr Štěpánek,petr stepanek,Petr,Štěpánek,M
psp:osoba:6681,6681,Ivo Trešl,ivo tresl,Ivo,Trešl,M
psp:osoba:6682,6682,Tomáš Třetina,tomas tretina,Tomáš,Třetina,M
psp:osoba:6683,6683,Jan Blatný,jan blatny,Jan,Blatný,M
psp:osoba:6684,6684,Marcela Pavlová,marcela pavlova,Marcela,Pavlová,F
psp:osoba:6685,6685,Marek Musil,marek musil,Marek,Musil,M
psp:osoba:6686,6686,Jaroslava Puntová,jaroslava puntova,Jaroslava,Puntová,F
psp:osoba:6687,6687,Jan Jakob,jan jakob,Jan,Jakob,M
psp:osoba:6688,6688,Miroslav Samaš,miroslav samas,Miroslav,Samaš,M
psp:osoba:6689,6689,Nataša Slavíková,natasa slavikova,Nataša,Slavíková,M
psp:osoba:6690,6690,Šimon Barczi,simon barczi,Šimon,Barczi,M
psp:osoba:6691,6691,Pavel Šindelář,pavel sindelar,Pavel,Šindelář,M
psp:osoba:6693,6693,Libor Hoppe,libor hoppe,Libor,Hoppe,M
psp:osoba:6694,6694,Štěpán Ašer,stepan aser,Štěpán,Ašer,M
psp:osoba:6695,6695,Eliška Jevičová,eliska jevicova,Eliška,Jevičová,M
psp:osoba:6696,6696,Anna Kareninová,anna kareninova,Anna,Kareninová,M
psp:osoba:6697,6697,Ludmila Vacková,ludmila vackova,Ludmila,Vacková,M
psp:osoba:6698,6698,Marcela Stránská,marcela stranska,Marcela,Stránská,M
psp:osoba:6699,6699,Jiří Merger,jiri merger,Jiří,Merger,M
psp:osoba:6700,6700,Roman Michálek,roman michalek,Roman,Michálek,M
psp:osoba:6701,6701,Ludmila Cviková,ludmila cvikova,Ludmila,Cviková,M
psp:osoba:6702,6702,Jakub Kulhánek,jakub kulhanek,Jakub,Kulhánek,M
psp:osoba:6703,6703,Zdeněk Tréšek,zdenek tresek,Zdeněk,Tréšek,M
psp:osoba:6704,6704,Milan Bouška,milan bouska,Milan,Bouška,M
psp:osoba:6705,6705,Jiří Janeček,jiri janecek,Jiří,Janeček,M
psp:osoba:6706,6706,Jiří Maceška,jiri maceska,Jiří,Maceška,M
psp:osoba:6707,6707,Olga Sommerová,olga sommerova,Olga,Sommerová,F
psp:osoba:6708,6708,Lenka Králová,lenka kralova,Lenka,Králová,M
psp:osoba:6709,6709,Pavel Boštík,pavel bostik,Pavel,Boštík,M
psp:osoba:6710,6710,Leoš Horníček,leos hornicek,Leoš,Horníček,M
psp:osoba:6711,6711,Jiří Šuchman,jiri suchman,Jiří,Šuchman,M
psp:osoba:6712,6712,Vojtěch Šustek,vojtech sustek,Vojtěch,Šustek,M
psp:osoba:6713,6713,Jaroslav Lempera,jaroslav lempera,Jaroslav,Lempera,M
psp:osoba:6714,6714,Jaroslav Lempera,jaroslav lempera,Jaroslav,Lempera,M
psp:osoba:6715,6715,Daniel Köppl,daniel koppl,Daniel,Köppl,M
psp:osoba:6717,6717,Lukáš Vágner,lukas vagner,Lukáš,Vágner,M
psp:osoba:6718,6718,Erik Geuss,erik geuss,Erik,Geuss,M
psp:osoba:6719,6719,Jana Bačíková,jana bacikova,Jana,Bačíková,F
psp:osoba:6720,6720,Romana Bělohlávková,romana belohlavkova,Romana,Bělohlávková,F
psp:osoba:6721,6721,Roman Bělor,roman belor,Roman,Bělor,M
psp:osoba:6722,6722,Jan Berki,jan berki,Jan,Berki,M
psp:osoba:6723,6723,Jana Berkovcová,jana berkovcova,Jana,Berkovcová,F
psp:osoba:6724,6724,Josef Bernard,josef bernard,Josef,Bernard,M
psp:osoba:6725,6725,Lubomír Brož,lubomir broz,Lubomír,Brož,M
psp:osoba:6726,6726,Oldřich Černý,oldrich cerny,Oldřich,Černý,M
psp:osoba:6727,6727,Eva Decroix,eva decroix,Eva,Decroix,F
psp:osoba:6728,6728,Tomáš Dubský,tomas dubsky,Tomáš,Dubský,M
psp:osoba:6729,6729,Aleš Dufek,ales dufek,Aleš,Dufek,M
psp:osoba:6730,6730,Lubomír Wenzl,lubomir wenzl,Lubomír,Wenzl,M
psp:osoba:6731,6731,Milan Wenzl,milan wenzl,Milan,Wenzl,M
psp:osoba:6732,6732,Ivana Mádlová,ivana madlova,Ivana,Mádlová,F
psp:osoba:6733,6733,Martin Major,martin major,Martin,Major,M
psp:osoba:6734,6734,Petr Liška,petr liska,Petr,Liška,M
psp:osoba:6735,6735,Jan Kuchař,jan kuchar,Jan,Kuchař,M
psp:osoba:6736,6736,Martin Kukla,martin kukla,Martin,Kukla,M
psp:osoba:6737,6737,Jan Lacina,jan lacina,Jan,Lacina,M
psp:osoba:6738,6738,Hubert Lang,hubert lang,Hubert,Lang,M
psp:osoba:6739,6739,Petr Letocha,petr letocha,Petr,Letocha,M
psp:osoba:6740,6740,Karel Sládeček,karel sladecek,Karel,Sládeček,M
psp:osoba:6741,6741,Jiří Slavík,jiri slavik,Jiří,Slavík,M
psp:osoba:6742,6742,Karel Smetana,karel smetana,Karel,Smetana,M
psp:osoba:6743,6743,Robert Stržínek,robert strzinek,Robert,Stržínek,M
psp:osoba:6744,6744,Rudolf Salvetr,rudolf salvetr,Rudolf,Salvetr,M
psp:osoba:6745,6745,Marie Pošarová,marie posarova,Marie,Pošarová,F
psp:osoba:6746,6746,Lucie Potůčková,lucie potuckova,Lucie,Potůčková,F
psp:osoba:6747,6747,Martin Exner,martin exner,Martin,Exner,M
psp:osoba:6748,6748,Petr Fifka,petr fifka,Petr,Fifka,M
psp:osoba:6749,6749,Romana Fischerová,romana fischerova,Romana,Fischerová,F
psp:osoba:6750,6750,Josef Flek,josef flek,Josef,Flek,M
psp:osoba:6751,6751,Karel Haas,karel haas,Karel,Haas,M
psp:osoba:6752,6752,Martin Hájek,martin hajek,Martin,Hájek,M
psp:osoba:6753,6753,Jana Hanzlíková,jana hanzlikova,Jana,Hanzlíková,F
psp:osoba:6754,6754,Matěj Ondřej Havel,matej ondrej havel,Matěj Ondřej,Havel,M
psp:osoba:6755,6755,Jiří Havránek,jiri havranek,Jiří,Havránek,M
psp:osoba:6756,6756,Tomáš Helebrant,tomas helebrant,Tomáš,Helebrant,M
psp:osoba:6757,6757,Šimon Heller,simon heller,Šimon,Heller,M
psp:osoba:6758,6758,Igor Hendrych,igor hendrych,Igor,Hendrych,M
psp:osoba:6759,6759,Jan Hofmann,jan hofmann,Jan,Hofmann,M
psp:osoba:6760,6760,Radim Holiš,radim holis,Radim,Holiš,M
psp:osoba:6761,6761,Petra Quittová,petra quittova,Petra,Quittová,F
psp:osoba:6762,6762,Pavla Pivoňka Vaňková,pavla pivonka vankova,Pavla,Pivoňka Vaňková,F
psp:osoba:6763,6763,Michaela Šebelová,michaela sebelova,Michaela,Šebelová,F
psp:osoba:6764,6764,Marie Jílková,marie jilkova,Marie,Jílková,F
psp:osoba:6765,6765,Pavel Kašník,pavel kasnik,Pavel,Kašník,M
psp:osoba:6766,6766,Eliška Olšáková,eliska olsakova,Eliška,Olšáková,F
psp:osoba:6767,6767,Michaela Řehková,michaela rehkova,Michaela,Řehková,F
psp:osoba:6768,6768,Miloš Nový,milos novy,Miloš,Nový,M
psp:osoba:6769,6769,Hayato Okamura,hayato okamura,Hayato,Okamura,M
psp:osoba:6770,6770,Renata Oulehlová,renata oulehlova,Renata,Oulehlová,F
psp:osoba:6771,6771,Hana Naiclerová,hana naiclerova,Hana,Naiclerová,F
psp:osoba:6772,6772,Tomáš Müller,tomas muller,Tomáš,Müller,M
psp:osoba:6773,6773,Zdeněk Kettner,zdenek kettner,Zdeněk,Kettner,M
psp:osoba:6774,6774,Pavel Klíma,pavel klima,Pavel,Klíma,M
psp:osoba:6775,6775,Lenka Knechtová,lenka knechtova,Lenka,Knechtová,F
psp:osoba:6776,6776,Klára Kocmanová,klara kocmanova,Klára,Kocmanová,F
psp:osoba:6777,6777,Michael Kohajda,michael kohajda,Michael,Kohajda,M
psp:osoba:6778,6778,Martina Ochodnická,martina ochodnicka,Martina,Ochodnická,F
psp:osoba:6779,6779,Ondřej Lochman,ondrej lochman,Ondřej,Lochman,M
psp:osoba:6780,6780,Berenika Peštová,berenika pestova,Berenika,Peštová,F
psp:osoba:6781,6781,Michael Rataj,michael rataj,Michael,Rataj,M
psp:osoba:6782,6782,Drahoslav Ryba,drahoslav ryba,Drahoslav,Ryba,M
psp:osoba:6783,6783,Jan Síla,jan sila,Jan,Síla,M
psp:osoba:6784,6784,David Šimek,david simek,David,Šimek,M
psp:osoba:6785,6785,Iveta Štefanová,iveta stefanova,Iveta,Štefanová,F
psp:osoba:6786,6786,Róbert Teleky,robert teleky,Róbert,Teleky,M
psp:osoba:6787,6787,Libor Turek,libor turek,Libor,Turek,M
psp:osoba:6788,6788,Barbora Urbanová,barbora urbanova,Barbora,Urbanová,F
psp:osoba:6789,6789,Lukáš Vlček,lukas vlcek,Lukáš,Vlček,M
psp:osoba:6790,6790,Milada Voborská,milada voborska,Milada,Voborská,F
psp:osoba:6791,6791,Viktor Vojtko,viktor vojtko,Viktor,Vojtko,M
psp:osoba:6792,6792,Vít Vomáčka,vit vomacka,Vít,Vomáčka,M
psp:osoba:6793,6793,Renáta Zajíčková,renata zajickova,Renáta,Zajíčková,F
psp:osoba:6794,6794,Miroslav Zborovský,miroslav zborovsky,Miroslav,Zborovský,M
psp:osoba:6795,6795,Vladimír Zlínský,vladimir zlinsky,Vladimír,Zlínský,M
psp:osoba:6796,6796,Michal Zuna,michal zuna,Michal,Zuna,M
psp:osoba:6797,6797,Vladimír Balaš,vladimir balas,Vladimír,Balaš,M
psp:osoba:6798,6798,Jiří Hájek,jiri hajek,Jiří,Hájek,M
psp:osoba:6799,6799,Ondřej Kolář,ondrej kolar,Ondřej,Kolář,M
psp:osoba:6800,6800,Václav Král,vaclav kral,Václav,Král,M
psp:osoba:6801,6801,Jiří Navrátil,jiri navratil,Jiří,Navrátil,M
psp:osoba:6802,6802,Pavel Svoboda,pavel svoboda,Pavel,Svoboda,M
psp:osoba:6803,6803,Jiří Horák,jiri horak,Jiří,Horák,M
psp:osoba:6804,6804,Zdenka Němečková Crkvenjaš,zdenka nemeckova crkvenjas,Zdenka,Němečková Crkvenjaš,F
psp:osoba:6805,6805,Magdaléna Opletalová,magdalena opletalova,Magdaléna,Opletalová,F
psp:osoba:6806,6806,Jozef Síkela,jozef sikela,Jozef,Síkela,M
psp:osoba:6807,6807,Michal Šalomoun,michal salomoun,Michal,Šalomoun,M
psp:osoba:6808,6808,Zdeněk Nekula,zdenek nekula,Zdeněk,Nekula,M
psp:osoba:6809,6809,Jarmila Levko,jarmila levko,Jarmila,Levko,F
psp:osoba:6810,6810,Jan Kalous,jan kalous,Jan,Kalous,M
psp:osoba:6811,6811,Michal Bláha,michal blaha,Michal,Bláha,M
psp:osoba:6812,6812,Hroboň Pavel,hrobon pavel,Hroboň,Pavel,M
psp:osoba:6813,6813,Pavel Hroboň,pavel hrobon,Pavel,Hroboň,M
psp:osoba:6814,6814,Tomáš Mach,tomas mach,Tomáš,Mach,M
psp:osoba:6815,6815,Ivo Mareš,ivo mares,Ivo,Mareš,M
psp:osoba:6816,6816,Michaela Matoušková,michaela matouskova,Michaela,Matoušková,M
psp:osoba:6817,6817,Vít Ulrych,vit ulrych,Vít,Ulrych,M
psp:osoba:6818,6818,Iveta Borská,iveta borska,Iveta,Borská,M
psp:osoba:6819,6819,Bára Malíková,bara malikova,Bára,Malíková,M
psp:osoba:6820,6820,Marie Bílková,marie bilkova,Marie,Bílková,F
psp:osoba:6821,6821,Jan Novák,jan novak,Jan,Novák,M
psp:osoba:6822,6822,Martin Pecha,martin pecha,Martin,Pecha,M
psp:osoba:6823,6823,Jevhen Perebyjnis,jevhen perebyjnis,Jevhen,Perebyjnis,M
psp:osoba:6825,6825,Jan Kuchař,jan kuchar,Jan,Kuchař,M
psp:osoba:6827,6827,Jiří Zajíc,jiri zajic,Jiří,Zajíc,M
psp:osoba:6828,6828,Jiří Mikulec,jiri mikulec,Jiří,Mikulec,M
psp:osoba:6829,6829,Jaroslav Šebek,jaroslav sebek,Jaroslav,Šebek,M
psp:osoba:6830,6830,Ilja Racek,ilja racek,Ilja,Racek,M
psp:osoba:6831,6831,Jan Borák,jan borak,Jan,Borák,M
psp:osoba:6832,6832,Marek Sovka,marek sovka,Marek,Sovka,M
psp:osoba:6833,6833,Petr Marcinčák,petr marcincak,Petr,Marcinčák,M
psp:osoba:6834,6834,Petr Mikulica,petr mikulica,Petr,Mikulica,M
psp:osoba:6835,6835,Jindřich Lechovský,jindrich lechovsky,Jindřich,Lechovský,M
psp:osoba:6836,6836,Pavel Nalezený,pavel nalezeny,Pavel,Nalezený,M
psp:osoba:6837,6837,Jakub Hruška,jakub hruska,Jakub,Hruška,M
psp:osoba:6838,6838,Josef Stehlík,josef stehlik,Josef,Stehlík,M
psp:osoba:6839,6839,Pavel Moulis,pavel moulis,Pavel,Moulis,M
psp:osoba:6840,6840,Martin Weiter,martin weiter,Martin,Weiter,M
psp:osoba:6841,6841,Aleš Michl,ales michl,Aleš,Michl,M
psp:osoba:6842,6842,Vladimír Vlček,vladimir vlcek,Vladimír,Vlček,M
psp:osoba:6843,6843,Filip Ušák,filip usak,Filip,Ušák,M
psp:osoba:6844,6844,Jiří Fencl,jiri fencl,Jiří,Fencl,M
psp:osoba:6845,6845,Irena Duchoňová,irena duchonova,Irena,Duchoňová,M
psp:osoba:6846,6846,Volodymyr Zelenskyj,volodymyr zelenskyj,Volodymyr,Zelenskyj,M
psp:osoba:6847,6847,Ladislav Mrklas,ladislav mrklas,Ladislav,Mrklas,M
psp:osoba:6848,6848,Vlastimil Ježek,vlastimil jezek,Vlastimil,Ježek,M
psp:osoba:6849,6849,Karel Novák,karel novak,Karel,Novák,M
psp:osoba:6850,6850,Valentýna Provazník,valentyna provaznik,Valentýna,Provazník,F
psp:osoba:6851,6851,Vít Alexander Schorm,vit alexander schorm,Vít Alexander,Schorm,M
psp:osoba:6852,6852,Jan Schneider,jan schneider,Jan,Schneider,M
psp:osoba:6853,6853,Stanislava Hronová,stanislava hronova,Stanislava,Hronová,M
psp:osoba:6854,6854,Miroslav Ludvík,miroslav ludvik,Miroslav,Ludvík,M
psp:osoba:6855,6855,Peter Badač,peter badac,Peter,Badač,M
psp:osoba:6856,6856,Petr Bilík,petr bilik,Petr,Bilík,M
psp:osoba:6857,6857,Gregor Lukáš,gregor lukas,Gregor,Lukáš,M
psp:osoba:6858,6858,Lukáš Gregor,lukas gregor,Lukáš,Gregor,M
psp:osoba:6859,6859,Petr Musil,petr musil,Petr,Musil,M
psp:osoba:6860,6860,Jiří Dohnal,jiri dohnal,Jiří,Dohnal,M
psp:osoba:6861,6861,Kamil Galuščák,kamil galuscak,Kamil,Galuščák,M
psp:osoba:6862,6862,Aleš Zpěvák,ales zpevak,Aleš,Zpěvák,M
psp:osoba:6863,6863,Petr Vymětal,petr vymetal,Petr,Vymětal,M
psp:osoba:6864,6864,Aneta Pinková,aneta pinkova,Aneta,Pinková,M
psp:osoba:6865,6865,Monika MacDonagh-Pajerová,monika macdonagh-pajerova,Monika,MacDonagh-Pajerová,M
psp:osoba:6866,6866,Jiří Mihola,jiri mihola,Jiří,Mihola,M
psp:osoba:6867,6867,Petr Pavel,petr pavel,Petr,Pavel,M
psp:osoba:6868,6868,Oldřich Vágner,oldrich vagner,Oldřich,Vágner,M
psp:osoba:6869,6869,Tomáš Řehák,tomas rehak,Tomáš,Řehák,M
psp:osoba:6870,6870,Petr Fiala,petr fiala,Petr,Fiala,M
psp:osoba:6871,6871,Jakub Končelík,jakub koncelik,Jakub,Končelík,M
psp:osoba:6872,6872,Martin Krsek,martin krsek,Martin,Krsek,M
psp:osoba:6873,6873,Zdeněk Matušek,zdenek matusek,Zdeněk,Matušek,M
psp:osoba:6874,6874,Jan Paparega,jan paparega,Jan,Paparega,M
psp:osoba:6875,6875,Jan Pirk,jan pirk,Jan,Pirk,M
psp:osoba:6876,6876,Bohuslav Procházka,bohuslav prochazka,Bohuslav,Procházka,M
psp:osoba:6877,6877,Eva Rajchmanová,eva rajchmanova,Eva,Rajchmanová,F
psp:osoba:6878,6878,Marek Slabý,marek slaby,Marek,Slabý,M
psp:osoba:6879,6879,Jarmila Smotlachová,jarmila smotlachova,Jarmila,Smotlachová,F
psp:osoba:6880,6880,Ivana Váňová,ivana vanova,Ivana,Váňová,F
psp:osoba:6881,6881,Petr Hladík,petr hladik,Petr,Hladík,M
psp:osoba:6883,6883,Jan Frait,jan frait,Jan,Frait,M
psp:osoba:6884,6884,Karina Kubelková,karina kubelkova,Karina,Kubelková,F
psp:osoba:6885,6885,Ladislav Barák,ladislav barak,Ladislav,Barák,M
psp:osoba:6886,6886,Slavomil Bartoš,slavomil bartos,Slavomil,Bartoš,M
psp:osoba:6887,6887,Oldřich Fridrich,oldrich fridrich,Oldřich,Fridrich,M
psp:osoba:6888,6888,Jiří Hájek,jiri hajek,Jiří,Hájek,M
psp:osoba:6889,6889,Jaromír Hrbek,jaromir hrbek,Jaromír,Hrbek,M
psp:osoba:6890,6890,Josef Hynek,josef hynek,Josef,Hynek,M
psp:osoba:6891,6891,Stanislav Kovařík,stanislav kovarik,Stanislav,Kovařík,M
psp:osoba:6892,6892,Oldřich Matějka,oldrich matejka,Oldřich,Matějka,M
psp:osoba:6893,6893,Karel Novák,karel novak,Karel,Novák,M
psp:osoba:6894,6894,Josef Škvařil,josef skvaril,Josef,Škvařil,M
psp:osoba:6895,6895,Josef Valenta,josef valenta,Josef,Valenta,M
psp:osoba:6896,6896,Václav Vaněček,vaclav vanecek,Václav,Vaněček,M
psp:osoba:6897,6897,Josef Zemánek,josef zemanek,Josef,Zemánek,M
psp:osoba:6898,6898,Zdeněk R. Nešpor,zdenek r. nespor,Zdeněk R.,Nešpor,M
psp:osoba:6899,6899,Eva Janouškovcová,eva janouskovcova,Eva,Janouškovcová,M
psp:osoba:6900,6900,Marcela Káňová,marcela kanova,Marcela,Káňová,M
psp:osoba:6901,6901,Zdeněk Kůs,zdenek kus,Zdeněk,Kůs,M
psp:osoba:6902,6902,Martin Dvořák,martin dvorak,Martin,Dvořák,M
psp:osoba:6903,6903,Bára Kopecká,bara kopecka,Bára,Kopecká,M
psp:osoba:6904,6904,Pavlína Kalandrová,pavlina kalandrova,Pavlína,Kalandrová,M
psp:osoba:6905,6905,Andrea Hoffmannová,andrea hoffmannova,Andrea,Hoffmannová,F
psp:osoba:6906,6906,Arnošt Štěpánek,arnost stepanek,Arnošt,Štěpánek,M
psp:osoba:6907,6907,Miroslav Adámek,miroslav adamek,Miroslav,Adámek,M
psp:osoba:6908,6908,Pavel Karpíšek,pavel karpisek,Pavel,Karpíšek,M
psp:osoba:6909,6909,Josef Klement,josef klement,Josef,Klement,M
psp:osoba:6910,6910,Jan Sobotka,jan sobotka,Jan,Sobotka,M
psp:osoba:6911,6911,Tomáš Třetina,tomas tretina,Tomáš,Třetina,M
psp:osoba:6912,6912,Petr Buchta,petr buchta,Petr,Buchta,M
psp:osoba:6913,6913,Radek Rychnovský,radek rychnovsky,Radek,Rychnovský,M
psp:osoba:6914,6914,Jan Hanousek,jan hanousek,Jan,Hanousek,M
psp:osoba:6915,6915,Jefim Fistein,jefim fistein,Jefim,Fistein,M
psp:osoba:6916,6916,Ivana Chmel Denčevová,ivana chmel dencevova,Ivana,Chmel Denčevová,F
psp:osoba:6917,6917,Barbora Procházková,barbora prochazkova,Barbora,Procházková,F
psp:osoba:6918,6918,David Brabec,david brabec,David,Brabec,M
psp:osoba:6919,6919,Jiří Padevět,jiri padevet,Jiří,Padevět,M
psp:osoba:6920,6920,Miroslav Bobek,miroslav bobek,Miroslav,Bobek,M
psp:osoba:6921,6921,Ladislav Rabušic,ladislav rabusic,Ladislav,Rabušic,M
psp:osoba:6922,6922,Martin Vlach,martin vlach,Martin,Vlach,M
psp:osoba:6923,6923,Václav Vislous,vaclav vislous,Václav,Vislous,M
psp:osoba:6924,6924,Monika Nedelková,monika nedelkova,Monika,Nedelková,F
psp:osoba:6925,6925,Marcel Dlask,marcel dlask,Marcel,Dlask,M
psp:osoba:6926,6926,Vít Havlíček,vit havlicek,Vít,Havlíček,M
psp:osoba:6927,6927,Tomáš Horyna,tomas horyna,Tomáš,Horyna,M
psp:osoba:6928,6928,Ivo Kristián Kubák,ivo kristian kubak,Ivo Kristián,Kubák,M
psp:osoba:6929,6929,Tereza Semotamová,tereza semotamova,Tereza,Semotamová,M
psp:osoba:6930,6930,Jan Wiendl,jan wiendl,Jan,Wiendl,M
psp:osoba:6931,6931,Klára Zářecká,klara zarecka,Klára,Zářecká,M
psp:osoba:6932,6932,Silvia Andrisová,silvia andrisova,Silvia,Andrisová,F
psp:osoba:6933,6933,Jan Svačina,jan svacina,Jan,Svačina,M
psp:osoba:6934,6934,Pavel Baran,pavel baran,Pavel,Baran,M
psp:osoba:6935,6935,Pavel Tuleja,pavel tuleja,Pavel,Tuleja,M
psp:osoba:6936,6936,Petra Pecková,petra peckova,Petra,Pecková,F
psp:osoba:6937,6937,Martin Dlouhý,martin dlouhy,Martin,Dlouhý,M
psp:osoba:6938,6938,Zdeněk Machala,zdenek machala,Zdeněk,Machala,M
psp:osoba:6939,6939,Jaromír Dědeček,jaromir dedecek,Jaromír,Dědeček,M
psp:osoba:6940,6940,Kamila Bláhová,kamila blahova,Kamila,Bláhová,F
psp:osoba:6941,6941,Vlasta Formánková,vlasta formankova,Vlasta,Formánková,F
psp:osoba:6942,6942,Jan Kudrna,jan kudrna,Jan,Kudrna,M
psp:osoba:6943,6943,František Stárek,frantisek starek,František,Stárek,M
psp:osoba:6944,6944,Jan Mrzena,jan mrzena,Jan,Mrzena,M
psp:osoba:6945,6945,Michal Klíma,michal klima,Michal,Klíma,M
psp:osoba:6946,6946,Josef Váňa,josef vana,Josef,Váňa,M
psp:osoba:6947,6947,Silvia Doušová,silvia dousova,Silvia,Doušová,F
psp:osoba:6948,6948,Ladislava Slancová,ladislava slancova,Ladislava,Slancová,F
psp:osoba:6949,6949,Petr Kulhánek,petr kulhanek,Petr,Kulhánek,M
psp:osoba:6950,6950,Stanislav Balík,stanislav balik,Stanislav,Balík,M
psp:osoba:6951,6951,Miroslav Bárta,miroslav barta,Miroslav,Bárta,M
psp:osoba:6952,6952,Martin Bednář,martin bednar,Martin,Bednář,M
psp:osoba:6953,6953,Oldřich Hájek,oldrich hajek,Oldřich,Hájek,M
psp:osoba:6954,6954,František Jura,frantisek jura,František,Jura,M
psp:osoba:6955,6955,Miroslav Kroc,miroslav kroc,Miroslav,Kroc,M
psp:osoba:6956,6956,Vladimíra Ludková,vladimira ludkova,Vladimíra,Ludková,F
psp:osoba:6957,6957,Lena Mlejnková,lena mlejnkova,Lena,Mlejnková,F
psp:osoba:6958,6958,Tomáš Navrátil,tomas navratil,Tomáš,Navrátil,M
psp:osoba:6959,6959,Zbyněk Sýkora,zbynek sykora,Zbyněk,Sýkora,M
psp:osoba:6960,6960,Róbert Šlachta,robert slachta,Róbert,Šlachta,M
psp:osoba:6961,6961,Ondřej Štěrba,ondrej sterba,Ondřej,Štěrba,M
psp:osoba:6962,6962,Břetislav Rychlík,bretislav rychlik,Břetislav,Rychlík,M
psp:osoba:6963,6963,Silvie Konopková,silvie konopkova,Silvie,Konopková,F
psp:osoba:6964,6964,Bohuslav Hudec,bohuslav hudec,Bohuslav,Hudec,M
psp:osoba:6965,6965,Karel Řehka,karel rehka,Karel,Řehka,F
psp:osoba:6966,6966,Zbigniew Jan Czendlik,zbigniew jan czendlik,Zbigniew Jan,Czendlik,M
psp:osoba:6967,6967,Vojtěch Stříteský,vojtech stritesky,Vojtěch,Stříteský,M
psp:osoba:6968,6968,Ľubica Orechovská,lubica orechovska,Ľubica,Orechovská,F
psp:osoba:6969,6969,Lenka Wimmerová,lenka wimmerova,Lenka,Wimmerová,F
psp:osoba:6970,6970,Petr Kubica,petr kubica,Petr,Kubica,M
psp:osoba:6971,6971,Tomáš Feřtek,tomas fertek,Tomáš,Feřtek,M
psp:osoba:6972,6972,Milan Kuchynka,milan kuchynka,Milan,Kuchynka,M
psp:osoba:6973,6973,Barbora Struss,barbora struss,Barbora,Struss,F
psp:osoba:6974,6974,Aleš Týbl,ales tybl,Aleš,Týbl,M
psp:osoba:6975,6975,Tomáš Luňák,tomas lunak,Tomáš,Luňák,M
psp:osoba:6976,6976,Michaela Režová,michaela rezova,Michaela,Režová,F
psp:osoba:6977,6977,David Šemík,david semik,David,Šemík,M
psp:osoba:6978,6978,Zdeněk Záhora,zdenek zahora,Zdeněk,Záhora,M
psp:osoba:6979,6979,Daniel Krátký,daniel kratky,Daniel,Krátký,M
psp:osoba:6980,6980,Daniel Kubelka,daniel kubelka,Daniel,Kubelka,M
psp:osoba:6981,6981,Zdeňka H. Kujová,zdenka h. kujova,Zdeňka H.,Kujová,F
psp:osoba:6982,6982,Markéta Prchalová,marketa prchalova,Markéta,Prchalová,F
psp:osoba:6983,6983,Petr Blažek,petr blazek,Petr,Blažek,M
psp:osoba:6984,6984,Ludmila Rakušanová,ludmila rakusanova,Ludmila,Rakušanová,F
psp:osoba:6985,6985,Luděk Navara,ludek navara,Luděk,Navara,M
psp:osoba:6986,6986,Hana Ančincová,hana ancincova,Hana,Ančincová,F
psp:osoba:6987,6987,Jiří Barták,jiri bartak,Jiří,Barták,M
psp:osoba:6988,6988,Pavel Bartoň,pavel barton,Pavel,Bartoň,M
psp:osoba:6989,6989,Lucie Bartošová,lucie bartosova,Lucie,Bartošová,F
psp:osoba:6990,6990,Karel Beran,karel beran,Karel,Beran,M
psp:osoba:6991,6991,Drahomír Blažej,drahomir blazej,Drahomír,Blažej,M
psp:osoba:6992,6992,Zdeňka Blišťanová,zdenka blistanova,Zdeňka,Blišťanová,F
psp:osoba:6993,6993,Jiří Bouška,jiri bouska,Jiří,Bouška,M
psp:osoba:6994,6994,Monika Brzesková,monika brzeskova,Monika,Brzesková,F
psp:osoba:6995,6995,František Bureš,frantisek bures,František,Bureš,M
psp:osoba:6996,6996,Igor Červený,igor cerveny,Igor,Červený,M
psp:osoba:6997,6997,Adriana Chochelová,adriana chochelova,Adriana,Chochelová,F
psp:osoba:6998,6998,Benjamin Činčila,benjamin cincila,Benjamin,Činčila,M
psp:osoba:6999,6999,Katerina Demetrashvili,katerina demetrashvili,Katerina,Demetrashvili,F
psp:osoba:7000,7000,Denis Doksanský,denis doksansky,Denis,Doksanský,M
psp:osoba:7001,7001,Tomáš Doležal,tomas dolezal,Tomáš,Doležal,M
psp:osoba:7002,7002,Karel Dvořák,karel dvorak,Karel,Dvořák,M
psp:osoba:7003,7003,Irena Ferčíková Konečná,irena fercikova konecna,Irena,Ferčíková Konečná,F
psp:osoba:7004,7004,Jana Filipovičová,jana filipovicova,Jana,Filipovičová,F
psp:osoba:7005,7005,Karin Gajdová,karin gajdova,Karin,Gajdová,F
psp:osoba:7006,7006,Matěj Gregor,matej gregor,Matěj,Gregor,M
psp:osoba:7007,7007,Monika Hubíková,monika hubikova,Monika,Hubíková,F
psp:osoba:7008,7008,Zdena Kašparová,zdena kasparova,Zdena,Kašparová,F
psp:osoba:7009,7009,Jiřina Klčová,jirina klcova,Jiřina,Klčová,F
psp:osoba:7010,7010,Oto Klempíř,oto klempir,Oto,Klempíř,M
psp:osoba:7011,7011,Matěj Hlavatý,matej hlavaty,Matěj,Hlavatý,M
psp:osoba:7012,7012,Vladimír Kolek,vladimir kolek,Vladimír,Kolek,M
psp:osoba:7013,7013,Veronika Kovářová,veronika kovarova,Veronika,Kovářová,F
psp:osoba:7014,7014,Petr Kowanda,petr kowanda,Petr,Kowanda,M
psp:osoba:7015,7015,Jakub Krainer,jakub krainer,Jakub,Krainer,M
psp:osoba:7016,7016,Miroslav Krejčí,miroslav krejci,Miroslav,Krejčí,M
psp:osoba:7017,7017,Vojtěch Krňanský,vojtech krnansky,Vojtěch,Krňanský,M
psp:osoba:7018,7018,Marie Kršková,marie krskova,Marie,Kršková,F
psp:osoba:7019,7019,Petr Kubis,petr kubis,Petr,Kubis,M
psp:osoba:7020,7020,Šárka Kučerová,sarka kucerova,Šárka,Kučerová,F
psp:osoba:7021,7021,Martin Kupec,martin kupec,Martin,Kupec,M
psp:osoba:7022,7022,Petr Macinka,petr macinka,Petr,Macinka,M
psp:osoba:7023,7023,Lenka Martínková Španihelová,lenka martinkova spanihelova,Lenka,Martínková Španihelová,F
psp:osoba:7024,7024,Michaela Moricová,michaela moricova,Michaela,Moricová,F
psp:osoba:7025,7025,Jana Murová,jana murova,Jana,Murová,F
psp:osoba:7026,7026,Anežka Nedomová,anezka nedomova,Anežka,Nedomová,F
psp:osoba:7027,7027,Irena Němcová,irena nemcova,Irena,Němcová,F
psp:osoba:7028,7028,Bohuslav Niemiec,bohuslav niemiec,Bohuslav,Niemiec,M
psp:osoba:7029,7029,Pavel Outrata,pavel outrata,Pavel,Outrata,M
psp:osoba:7030,7030,Jan Papajanovský,jan papajanovsky,Jan,Papajanovský,M
psp:osoba:7031,7031,Patrik Pařil,patrik paril,Patrik,Pařil,M
psp:osoba:7032,7032,Jana Patková,jana patkova,Jana,Patková,F
psp:osoba:7033,7033,Jiří Svoboda,jiri svoboda,Jiří,Svoboda,M
psp:osoba:7034,7034,Vladimír Pikora,vladimir pikora,Vladimír,Pikora,M
psp:osoba:7035,7035,Barbora Pipášová,barbora pipasova,Barbora,Pipášová,F
psp:osoba:7036,7036,Václav Pláteník,vaclav platenik,Václav,Pláteník,M
psp:osoba:7037,7037,Jindřich Rajchl,jindrich rajchl,Jindřich,Rajchl,M
psp:osoba:7038,7038,Barbora Rázga,barbora razga,Barbora,Rázga,F
psp:osoba:7039,7039,Vítězslav Schrek,vitezslav schrek,Vítězslav,Schrek,M
psp:osoba:7040,7040,Zuzana Mrázová,zuzana mrazova,Zuzana,Mrázová,F
psp:osoba:7041,7041,Gabriela Sedláčková,gabriela sedlackova,Gabriela,Sedláčková,F
psp:osoba:7042,7042,Lucie Sedmihradská,lucie sedmihradska,Lucie,Sedmihradská,F
psp:osoba:7043,7043,Štěpán Slovák,stepan slovak,Štěpán,Slovák,M
psp:osoba:7044,7044,Julie Smejkalová,julie smejkalova,Julie,Smejkalová,F
psp:osoba:7045,7045,Petr Sokol,petr sokol,Petr,Sokol,M
psp:osoba:7046,7046,Eva Šrámková,eva sramkova,Eva,Šrámková,F
psp:osoba:7047,7047,Markéta Šichtařová,marketa sichtarova,Markéta,Šichtařová,F
psp:osoba:7048,7048,Kateřina Stojanová,katerina stojanova,Kateřina,Stojanová,F
psp:osoba:7049,7049,Gabriela Svárovská,gabriela svarovska,Gabriela,Svárovská,F
psp:osoba:7050,7050,Jan Sviták,jan svitak,Jan,Sviták,M
psp:osoba:7051,7051,Vendula Svobodová,vendula svobodova,Vendula,Svobodová,F
psp:osoba:7052,7052,František Talíř,frantisek talir,František,Talíř,M
psp:osoba:7053,7053,Václav Trojan,vaclav trojan,Václav,Trojan,M
psp:osoba:7054,7054,Renata Vesecká,renata vesecka,Renata,Vesecká,F
psp:osoba:7055,7055,Jiří Vojáček,jiri vojacek,Jiří,Vojáček,M
psp:osoba:7056,7056,Jitka Volfová,jitka volfova,Jitka,Volfová,F
psp:osoba:7057,7057,Samuel Volpe,samuel volpe,Samuel,Volpe,M
psp:osoba:7058,7058,Libor Vondráček,libor vondracek,Libor,Vondráček,M
psp:osoba:7059,7059,Filip Turek,filip turek,Filip,Turek,M
psp:osoba:7060,7060,Otto Vopěnka,otto vopenka,Otto,Vopěnka,M
psp:osoba:7061,7061,Ester Weimerová,ester weimerova,Ester,Weimerová,F
psp:osoba:7062,7062,Martin Záhoř,martin zahor,Martin,Záhoř,M
psp:osoba:7063,7063,Roman Zarzycký,roman zarzycky,Roman,Zarzycký,M
psp:osoba:7064,7064,Miroslav Žbánek,miroslav zbanek,Miroslav,Žbánek,M
psp:osoba:7065,7065,Martin Šmída,martin smida,Martin,Šmída,M
psp:osoba:7066,7066,Vlastimil Hebr,vlastimil hebr,Vlastimil,Hebr,M
psp:osoba:7067,7067,Jiří Penc,jiri penc,Jiří,Penc,M
psp:osoba:7068,7068,Jana Demjanová,jana demjanova,Jana,Demjanová,F
psp:osoba:7069,7069,Alena Melicharová,alena melicharova,Alena,Melicharová,F
psp:osoba:7070,7070,Jaromír Zůna,jaromir zuna,Jaromír,Zůna,M
psp:osoba:7071,7071,Ivan Bednárik,ivan bednarik,Ivan,Bednárik,M
psp:osoba:7072,7072,Martin Šebestyán,martin sebestyan,Martin,Šebestyán,M
psp:osoba:7073,7073,Josef Pavlovic,josef pavlovic,Josef,Pavlovic,M
psp:osoba:7074,7074,Petr Černý,petr cerny,Petr,Černý,M
psp:osoba:7075,7075,Albert Štěrba,albert sterba,Albert,Štěrba,M
psp:osoba:7076,7076,Jan Janda,jan janda,Jan,Janda,M
psp:osoba:7077,7077,Marcel Babczynski,marcel babczynski,Marcel,Babczynski,M
psp:osoba:7078,7078,Petr Jedinák,petr jedinak,Petr,Jedinák,M
psp:osoba:7079,7079,Jakub Svoboda,jakub svoboda,Jakub,Svoboda,M
psp:osoba:7080,7080,Jiří Ovčáček,jiri ovcacek,Jiří,Ovčáček,M
psp:osoba:7081,7081,Luboš Komárek,lubos komarek,Luboš,Komárek,M
psp:osoba:7083,7083,Viktor Mravčík,viktor mravcik,Viktor,Mravčík,M
psp:osoba:7084,7084,Tereza Koucká Höfferová,tereza koucka hofferova,Tereza,Koucká Höfferová,F
psp:osoba:7085,7085,Adam Ander,adam ander,Adam,Ander,M
psp:osoba:7086,7086,Petr Jarema,petr jarema,Petr,Jarema,M
psp:osoba:7087,7087,Tereza Pavlíčková,tereza pavlickova,Tereza,Pavlíčková,F
psp:osoba:7088,7088,David Šmehlík,david smehlik,David,Šmehlík,M
psp:osoba:7089,7089,Ladislav Švec,ladislav svec,Ladislav,Švec,M
psp:osoba:7090,7090,Tomáš Troch,tomas troch,Tomáš,Troch,M
psp:osoba:7091,7091,Karel Tyll,karel tyll,Karel,Tyll,M
psp:osoba:7092,7092,Jan Zapletal,jan zapletal,Jan,Zapletal,M
psp:osoba:7093,7093,Tomáš Zima,tomas zima,Tomáš,Zima,M
psp:osoba:7094,7094,Jakub Haas,jakub haas,Jakub,Haas,M
psp:osoba:7095,7095,Patrik Zachar,patrik zachar,Patrik,Zachar,M
psp:osoba:7096,7096,Romana Žatecká,romana zatecka,Romana,Žatecká,F
psp:osoba:7097,7097,Slávek Bílský,slavek bilsky,Slávek,Bílský,M
psp:osoba:7098,7098,Petra Svedíková Vávrová,petra svedikova vavrova,Petra,Svedíková Vávrová,M
psp:osoba:7099,7099,Martin Beneš,martin benes,Martin,Beneš,M
psp:osoba:7100,7100,Hana Kubátová,hana kubatova,Hana,Kubátová,F
psp:osoba:7101,7101,Marek Zeman,marek zeman,Marek,Zeman,M
psp:osoba:7102,7102,Jan Vogl,jan vogl,Jan,Vogl,M
psp:osoba:7103,7103,Jaromír Hanzal,jaromir hanzal,Jaromír,Hanzal,M
psp:osoba:7104,7104,Viktor Janeček,viktor janecek,Viktor,Janeček,M
psp:osoba:7105,7105,Jitka Adamčíková,jitka adamcikova,Jitka,Adamčíková,M
psp:osoba:7106,7106,Libor Forman,libor forman,Libor,Forman,M
psp:osoba:7107,7107,Radovan Suchánek,radovan suchanek,Radovan,Suchánek,M
psp:osoba:7108,7108,Jiří Kotlík,jiri kotlik,Jiří,Kotlík,M
psp:osoba:7109,7109,Lucie Plíšková,lucie pliskova,Lucie,Plíšková,F
psp:osoba:7110,7110,Petr Brozda,petr brozda,Petr,Brozda,M
psp:osoba:7111,7111,Martin Chalupský,martin chalupsky,Martin,Chalupský,M
psp:osoba:7112,7112,Eva Kostolanská,eva kostolanska,Eva,Kostolanská,F
psp:osoba:7113,7113,Petr Přikryl,petr prikryl,Petr,Přikryl,M
