id,psp_id,session_no,vote_no,voted_on,yes,no,abstain,not_voting,present,kind,outcome,title_long,title_short,voided
psp:hlasovani:86327,86327,1,1,"""2025-11-03T00:00:00.000Z""",191,0,3,0,194,normal,accepted,Inf. o ustavení volební komise PS a volbě členů,,false
psp:hlasovani:86328,86328,1,2,"""2025-11-03T00:00:00.000Z""",193,0,1,0,194,normal,accepted,Náv. na zřízení MIV a stanovení počtu členů,,false
psp:hlasovani:86329,86329,1,3,"""2025-11-05T00:00:00.000Z""",184,0,1,0,185,normal,accepted,Návrh na ustavení MIV,,false
psp:hlasovani:86330,86330,1,4,"""2025-11-05T00:00:00.000Z""",170,7,5,5,187,normal,accepted,Návrh na potvrzení předsedy MIV,,false
psp:hlasovani:86331,86331,1,5,"""2025-11-05T00:00:00.000Z""",169,7,3,9,188,normal,accepted,Návrh na potvrzení předsedy MIV,,false
psp:hlasovani:86332,86332,1,6,"""2025-11-05T00:00:00.000Z""",193,0,0,0,193,normal,accepted,Inf. MIV o ověření platnosti volby poslanců,,false
psp:hlasovani:86333,86333,1,7,"""2025-11-05T00:00:00.000Z""",116,9,16,10,151,normal,accepted,Návrh na volbu předsedy PS,,false
psp:hlasovani:86334,86334,1,8,"""2025-11-05T00:00:00.000Z""",18,136,7,30,191,normal,rejected,Návrh na volbu předsedy PS,,false
psp:hlasovani:86335,86335,1,9,"""2025-11-05T00:00:00.000Z""",156,1,26,11,194,normal,accepted,Návrh na stanovení počtu místopředsedů PS,,true
psp:hlasovani:86336,86336,1,10,"""2025-11-05T00:00:00.000Z""",157,0,6,15,178,normal,accepted,Návrh na stanovení počtu místopředsedů PS,,false
psp:hlasovani:86337,86337,1,11,"""2025-11-05T00:00:00.000Z""",177,1,13,0,191,normal,accepted,Návrh na stanovení počtu ověřovatelů PS,,false
psp:hlasovani:86338,86338,1,12,"""2025-11-05T00:00:00.000Z""",186,0,8,0,194,normal,accepted,Návrh na nominaci ověřovatelů PS,,false
psp:hlasovani:86339,86339,1,13,"""2025-11-05T00:00:00.000Z""",187,0,7,0,194,normal,accepted,Návrh na nominaci ověřovatelů PS,,false
psp:hlasovani:86340,86340,1,14,"""2025-11-05T00:00:00.000Z""",186,0,8,0,194,normal,accepted,Návrh na zřízení výborů PS,,false
psp:hlasovani:86341,86341,1,15,"""2025-11-05T00:00:00.000Z""",152,0,18,24,194,normal,accepted,Návrh na stanovení počtu členů výborů PS,,false
psp:hlasovani:86342,86342,1,16,"""2025-11-05T00:00:00.000Z""",159,18,15,2,194,normal,accepted,Návrh termínu 2. schůze PS,,false
psp:hlasovani:86343,86343,1,17,"""2025-11-05T00:00:00.000Z""",172,1,18,3,194,normal,accepted,Návrh termínu 2. schůze PS,,false
psp:hlasovani:86344,86344,1,18,"""2025-11-05T00:00:00.000Z""",119,48,19,8,194,normal,accepted,Návrh termínu 2. schůze PS,,false
psp:hlasovani:86345,86345,1,19,"""2025-11-05T00:00:00.000Z""",174,5,13,1,193,normal,accepted,,,false
psp:hlasovani:86346,86346,1,20,"""2025-11-05T00:00:00.000Z""",106,49,22,16,193,normal,accepted,,,false
psp:hlasovani:86347,86347,2,1,"""2025-11-11T00:00:00.000Z""",178,0,0,0,178,normal,accepted,,,false
psp:hlasovani:86348,86348,2,2,"""2025-11-11T00:00:00.000Z""",188,0,1,0,189,normal,accepted,Pořad schůze,,false
psp:hlasovani:86349,86349,2,3,"""2025-11-11T00:00:00.000Z""",189,0,0,0,189,normal,accepted,Pořad schůze,,false
psp:hlasovani:86350,86350,2,4,"""2025-11-11T00:00:00.000Z""",188,0,1,0,189,normal,accepted,Náv. zasedacího pořádku poslanců v jedn. sále PS,,false
psp:hlasovani:86351,86351,2,5,"""2025-11-11T00:00:00.000Z""",149,1,14,25,189,normal,accepted,změna usn. PS č. 13 ze dne 5. 11. 2025,,false
psp:hlasovani:86352,86352,2,6,"""2025-11-11T00:00:00.000Z""",186,0,6,0,192,normal,accepted,Náv. na ustavení výborů PS,,false
psp:hlasovani:86353,86353,2,7,"""2025-11-11T00:00:00.000Z""",191,0,2,0,193,normal,accepted,Náv. na ustavení výborů PS,,false
psp:hlasovani:86354,86354,2,8,"""2025-11-11T00:00:00.000Z""",192,0,1,0,193,normal,accepted,Náv. na ustavení výborů PS,,false
psp:hlasovani:86355,86355,2,9,"""2025-11-11T00:00:00.000Z""",191,0,2,0,193,normal,accepted,Náv. na ustavení výborů PS,,false
psp:hlasovani:86356,86356,2,10,"""2025-11-11T00:00:00.000Z""",192,0,1,0,193,normal,accepted,Náv. na ustavení výborů PS,,false
psp:hlasovani:86357,86357,2,11,"""2025-11-11T00:00:00.000Z""",190,0,3,0,193,normal,accepted,Náv. na ustavení výborů PS,,false
psp:hlasovani:86358,86358,2,12,"""2025-11-11T00:00:00.000Z""",190,0,3,0,193,normal,accepted,Náv. na ustavení výborů PS,,false
psp:hlasovani:86359,86359,2,13,"""2025-11-11T00:00:00.000Z""",189,0,4,0,193,normal,accepted,Náv. na ustavení výborů PS,,false
psp:hlasovani:86360,86360,2,14,"""2025-11-11T00:00:00.000Z""",188,0,5,0,193,normal,accepted,Náv. na ustavení výborů PS,,false
psp:hlasovani:86361,86361,2,15,"""2025-11-11T00:00:00.000Z""",192,0,1,0,193,normal,accepted,Náv. na ustavení výborů PS,,false
psp:hlasovani:86362,86362,2,16,"""2025-11-11T00:00:00.000Z""",192,0,1,0,193,normal,accepted,Náv. na ustavení výborů PS,,false
psp:hlasovani:86363,86363,2,17,"""2025-11-11T00:00:00.000Z""",191,0,1,1,193,normal,accepted,Náv. na ustavení výborů PS,,false
psp:hlasovani:86364,86364,2,18,"""2025-11-11T00:00:00.000Z""",188,0,5,0,193,normal,accepted,Náv. na ustavení výborů PS,,false
psp:hlasovani:86365,86365,2,19,"""2025-11-11T00:00:00.000Z""",192,0,1,0,193,normal,accepted,Náv. na ustavení výborů PS,,false
psp:hlasovani:86366,86366,2,20,"""2025-11-11T00:00:00.000Z""",192,0,1,0,193,normal,accepted,Náv. na ustavení výborů PS,,false
psp:hlasovani:86367,86367,2,21,"""2025-11-11T00:00:00.000Z""",192,0,1,0,193,normal,accepted,Náv. na ustavení výborů PS,,false
psp:hlasovani:86368,86368,2,22,"""2025-11-11T00:00:00.000Z""",190,0,3,0,193,normal,accepted,Návrh na zřízení stálých komisí PS,,false
psp:hlasovani:86369,86369,2,23,"""2025-11-11T00:00:00.000Z""",191,0,2,0,193,normal,accepted,Návrh na zřízení SK GIBS a způsobu jejího ustavení nebo volby,,false
psp:hlasovani:86370,86370,2,24,"""2025-11-11T00:00:00.000Z""",186,0,6,0,192,normal,accepted,Návrh na zřízení SK KPO,,false
psp:hlasovani:86371,86371,2,25,"""2025-11-11T00:00:00.000Z""",186,0,6,0,192,normal,accepted,Návrh na ustavení SK CEÚ,,false
psp:hlasovani:86372,86372,2,26,"""2025-11-11T00:00:00.000Z""",183,0,9,0,192,normal,accepted,Návrh na zřízení Stálé komise pro kontrolu BIS,,false
psp:hlasovani:86373,86373,2,27,"""2025-11-11T00:00:00.000Z""",185,0,7,0,192,normal,accepted,Návrh na zřízení stálé komise pro kontrolu NBÚ,,false
psp:hlasovani:86374,86374,2,28,"""2025-11-11T00:00:00.000Z""",181,0,12,0,193,normal,accepted,Návrh na zřízení Stálé komise pro kontrolu VZ,,false
psp:hlasovani:86375,86375,2,29,"""2025-11-11T00:00:00.000Z""",181,0,11,0,192,normal,accepted,Návrh na zřízení SK FAÚ,,false
psp:hlasovani:86376,86376,2,30,"""2025-11-11T00:00:00.000Z""",181,0,10,0,191,normal,accepted,Návrh na zřízení SK NÚKIB,,false
psp:hlasovani:86377,86377,2,31,"""2025-11-11T00:00:00.000Z""",183,0,8,0,191,normal,accepted,Návrh na zřízení SK ÚZSI,,false
psp:hlasovani:86378,86378,2,32,"""2025-11-11T00:00:00.000Z""",182,0,9,0,191,normal,accepted,Návrh na stanovení počtu poslanců ve stálých delegacích,,false
psp:hlasovani:86379,86379,2,33,"""2025-11-14T00:00:00.000Z""",160,0,23,0,183,normal,accepted,Pořad schůze,,false
psp:hlasovani:86380,86380,2,34,"""2025-11-14T00:00:00.000Z""",184,0,4,0,188,normal,accepted,Pořad schůze,,false
psp:hlasovani:86381,86381,2,35,"""2025-11-14T00:00:00.000Z""",37,111,10,30,188,normal,rejected,Pořad schůze,,false
psp:hlasovani:86382,86382,2,36,"""2025-11-14T00:00:00.000Z""",36,109,15,28,188,normal,rejected,Pořad schůze,,false
psp:hlasovani:86383,86383,2,37,"""2025-11-14T00:00:00.000Z""",51,31,60,46,188,normal,rejected,Pořad schůze,,false
psp:hlasovani:86384,86384,2,38,"""2025-11-14T00:00:00.000Z""",21,17,93,57,188,normal,rejected,Pořad schůze,,false
psp:hlasovani:86385,86385,2,39,"""2025-11-14T00:00:00.000Z""",20,13,102,53,188,normal,rejected,Pořad schůze,,false
psp:hlasovani:86386,86386,2,40,"""2025-11-14T00:00:00.000Z""",163,18,4,3,188,normal,accepted,Náv. na potvrzení předsedů výborů PS,,false
psp:hlasovani:86387,86387,2,41,"""2025-11-14T00:00:00.000Z""",167,18,1,1,187,normal,accepted,Náv. na potvrzení předsedů výborů PS,,false
psp:hlasovani:86388,86388,2,42,"""2025-11-14T00:00:00.000Z""",184,0,3,0,187,normal,accepted,Náv. na potvrzení předsedů výborů PS,,false
psp:hlasovani:86389,86389,2,43,"""2025-11-14T00:00:00.000Z""",186,0,0,1,187,normal,accepted,Náv. na potvrzení předsedů výborů PS,,false
psp:hlasovani:86390,86390,2,44,"""2025-11-14T00:00:00.000Z""",157,18,6,6,187,normal,accepted,Náv. na potvrzení předsedů výborů PS,,false
psp:hlasovani:86391,86391,2,45,"""2025-11-14T00:00:00.000Z""",162,18,5,2,187,normal,accepted,Náv. na potvrzení předsedů výborů PS,,false
psp:hlasovani:86392,86392,2,46,"""2025-11-14T00:00:00.000Z""",185,0,2,1,188,normal,accepted,Náv. na potvrzení předsedů výborů PS,,false
psp:hlasovani:86393,86393,2,47,"""2025-11-14T00:00:00.000Z""",184,0,4,0,188,normal,accepted,Náv. na potvrzení předsedů výborů PS,,false
psp:hlasovani:86394,86394,2,48,"""2025-11-14T00:00:00.000Z""",185,1,2,0,188,normal,accepted,Náv. na potvrzení předsedů výborů PS,,false
psp:hlasovani:86395,86395,2,49,"""2025-11-14T00:00:00.000Z""",186,0,2,0,188,normal,accepted,Náv. na potvrzení předsedů výborů PS,,false
psp:hlasovani:86396,86396,2,50,"""2025-11-14T00:00:00.000Z""",166,18,3,1,188,normal,accepted,Náv. na potvrzení předsedů výborů PS,,false
psp:hlasovani:86397,86397,2,51,"""2025-11-14T00:00:00.000Z""",163,18,1,6,188,normal,accepted,Náv. na potvrzení předsedů výborů PS,,false
psp:hlasovani:86398,86398,2,52,"""2025-11-14T00:00:00.000Z""",146,19,10,13,188,normal,accepted,Náv. na potvrzení předsedů výborů PS,,false
psp:hlasovani:86399,86399,2,53,"""2025-11-14T00:00:00.000Z""",167,18,2,0,187,normal,accepted,Náv. na potvrzení předsedů výborů PS,,false
psp:hlasovani:86400,86400,2,54,"""2025-11-14T00:00:00.000Z""",180,0,7,0,187,normal,accepted,Náv. na ustavení výborů PS,,false
psp:hlasovani:86401,86401,2,55,"""2025-11-14T00:00:00.000Z""",180,0,7,0,187,normal,accepted,změny ve složení orgánů PS,,false
psp:hlasovani:86402,86402,2,56,"""2025-11-14T00:00:00.000Z""",181,0,6,0,187,normal,accepted,změny ve složení orgánů PS,,false
psp:hlasovani:86403,86403,2,57,"""2025-11-14T00:00:00.000Z""",169,0,19,0,188,normal,accepted,Návrh na ustavení nebo volbu členů stálých komisí PS,,false
psp:hlasovani:86404,86404,2,58,"""2025-11-14T00:00:00.000Z""",178,0,11,0,189,normal,accepted,Návrh na ustavení nebo volbu členů stálých komisí PS,,false
psp:hlasovani:86405,86405,2,59,"""2025-11-14T00:00:00.000Z""",171,0,18,0,189,normal,accepted,Návrh na ustavení nebo volbu členů stálých komisí PS,,false
psp:hlasovani:86406,86406,2,60,"""2025-11-14T00:00:00.000Z""",177,0,12,0,189,normal,accepted,Návrh na ustavení nebo volbu členů stálých komisí PS,,false
psp:hlasovani:86407,86407,2,61,"""2025-11-14T00:00:00.000Z""",179,0,10,0,189,normal,accepted,Návrh na volbu členů nebo ustavení SK GIBS,,false
psp:hlasovani:86408,86408,2,62,"""2025-11-14T00:00:00.000Z""",179,0,10,0,189,normal,accepted,Návrh na volbu členů nebo ustavení SK KPO,,false
psp:hlasovani:86409,86409,2,63,"""2025-11-14T00:00:00.000Z""",181,0,8,0,189,normal,accepted,Návrh na volbu členů nebo ustavení SK CEÚ,,false
psp:hlasovani:86410,86410,2,64,"""2025-11-14T00:00:00.000Z""",181,0,8,0,189,normal,accepted,Návrh na volbu členů nebo ustavení SK BIS,,false
psp:hlasovani:86411,86411,2,65,"""2025-11-14T00:00:00.000Z""",179,0,9,0,188,normal,accepted,Návrh na volbu členů nebo ustavení SK NBÚ,,false
psp:hlasovani:86412,86412,2,66,"""2025-11-14T00:00:00.000Z""",175,0,12,1,188,normal,accepted,Návrh na volbu členů nebo ustavení SK VZ,,false
psp:hlasovani:86413,86413,2,67,"""2025-11-14T00:00:00.000Z""",184,0,5,0,189,normal,accepted,Návrh na volbu členů nebo ustavení SK FAÚ,,false
psp:hlasovani:86414,86414,2,68,"""2025-11-14T00:00:00.000Z""",182,0,7,0,189,normal,accepted,Návrh na volbu členů nebo ustavení SK NÚKIB,,false
psp:hlasovani:86415,86415,2,69,"""2025-11-14T00:00:00.000Z""",184,0,6,0,190,normal,accepted,Návrh na volbu členů nebo ustavení SK ÚZSI,,false
psp:hlasovani:86416,86416,2,70,"""2025-11-14T00:00:00.000Z""",177,0,12,1,190,normal,accepted,Návrh na volbu členů do stálých delegací Parlamentu,,false
psp:hlasovani:86417,86417,2,71,"""2025-11-14T00:00:00.000Z""",182,0,8,0,190,normal,accepted,Návrh na volbu členů do stálých delegací Parlamentu,,false
psp:hlasovani:86418,86418,2,72,"""2025-11-14T00:00:00.000Z""",179,0,10,1,190,normal,accepted,Návrh na volbu členů do stálých delegací Parlamentu,,false
psp:hlasovani:86419,86419,2,73,"""2025-11-14T00:00:00.000Z""",181,0,9,0,190,normal,accepted,Návrh na volbu členů do stálých delegací Parlamentu,,false
psp:hlasovani:86420,86420,2,74,"""2025-11-14T00:00:00.000Z""",181,0,9,0,190,normal,accepted,Návrh na volbu členů do stálých delegací Parlamentu,,false
psp:hlasovani:86421,86421,2,75,"""2025-11-14T00:00:00.000Z""",178,1,11,0,190,normal,accepted,Návrh na volbu členů do stálých delegací Parlamentu,,false
psp:hlasovani:86422,86422,3,1,"""2025-11-26T00:00:00.000Z""",149,0,7,0,156,normal,accepted,,,false
psp:hlasovani:86423,86423,3,2,"""2025-11-26T00:00:00.000Z""",134,5,19,14,172,normal,accepted,Pořad schůze,,false
psp:hlasovani:86424,86424,3,3,"""2025-11-26T00:00:00.000Z""",176,0,10,0,186,normal,accepted,Pořad schůze,,false
psp:hlasovani:86425,86425,3,4,"""2025-11-26T00:00:00.000Z""",179,0,7,0,186,normal,accepted,Pořad schůze,,false
psp:hlasovani:86426,86426,3,5,"""2025-11-26T00:00:00.000Z""",180,0,0,0,180,normal,accepted,Vl. n. z. o státním rozpočtu ČR na rok 2026**,,false
psp:hlasovani:86427,86427,3,6,"""2025-11-26T00:00:00.000Z""",67,105,4,4,180,normal,rejected,Vl. n. z. o státním rozpočtu ČR na rok 2026**,,false
psp:hlasovani:86428,86428,3,7,"""2025-11-26T00:00:00.000Z""",39,35,80,26,180,normal,rejected,Vl. n. z. o státním rozpočtu ČR na rok 2026**,,false
psp:hlasovani:86429,86429,3,8,"""2025-11-26T00:00:00.000Z""",105,64,4,7,180,normal,accepted,Vl. n. z. o státním rozpočtu ČR na rok 2026**,,false
psp:hlasovani:86430,86430,3,9,"""2025-11-26T00:00:00.000Z""",169,0,4,0,173,normal,accepted,Novela z. o Sbírce zákonů a mezinárodních smluv,,false
psp:hlasovani:86431,86431,3,10,"""2025-11-26T00:00:00.000Z""",172,0,3,1,176,normal,accepted,Novela z. o Sbírce zákonů a mezinárodních smluv,,false
psp:hlasovani:86432,86432,3,11,"""2025-11-26T00:00:00.000Z""",172,0,3,1,176,normal,accepted,Novela z. o Sbírce zákonů a mezinárodních smluv,,false
psp:hlasovani:86433,86433,3,12,"""2025-11-26T00:00:00.000Z""",174,0,0,1,175,normal,accepted,"N. na potvrzení platnosti usnesení, kterými PS**upravila své vnitřní p",,false
psp:hlasovani:86434,86434,3,13,"""2025-11-26T00:00:00.000Z""",174,0,1,0,175,normal,accepted,"N. na potvrzení platnosti usnesení, kterými PS**upravila své vnitřní p",,false
psp:hlasovani:86435,86435,3,14,"""2025-11-26T00:00:00.000Z""",173,0,2,0,175,normal,accepted,,,false
psp:hlasovani:86436,86436,3,15,"""2025-11-26T00:00:00.000Z""",175,0,0,0,175,normal,accepted,,,false
psp:hlasovani:86437,86437,3,16,"""2025-11-26T00:00:00.000Z""",174,0,0,1,175,normal,accepted,,,false
psp:hlasovani:86438,86438,3,17,"""2025-11-26T00:00:00.000Z""",175,0,0,0,175,normal,accepted,Návrh na potvrzení předsedy výboru Poslanecké sněmovny,,false
psp:hlasovani:86439,86439,3,18,"""2025-11-26T00:00:00.000Z""",127,2,42,2,173,normal,accepted,Návrh na volbu člena Národní rozpočtové rady,,false
psp:hlasovani:86440,86440,4,1,"""2025-11-27T00:00:00.000Z""",145,0,6,0,151,normal,accepted,,,false
psp:hlasovani:86441,86441,5,1,"""2026-01-13T00:00:00.000Z""",166,0,6,0,172,normal,accepted,,,false
psp:hlasovani:86442,86442,5,2,"""2026-01-13T00:00:00.000Z""",187,0,8,0,195,normal,accepted,Pořad schůze,,false
psp:hlasovani:86443,86443,5,3,"""2026-01-13T00:00:00.000Z""",104,55,13,25,197,normal,accepted,Pořad schůze,,false
psp:hlasovani:86444,86444,5,4,"""2026-01-13T00:00:00.000Z""",108,80,6,3,197,normal,accepted,Pořad schůze,,false
psp:hlasovani:86445,86445,5,5,"""2026-01-13T00:00:00.000Z""",132,3,16,45,196,normal,accepted,Pořad schůze,,false
psp:hlasovani:86446,86446,5,6,"""2026-01-13T00:00:00.000Z""",153,6,10,28,197,normal,accepted,Pořad schůze,,false
psp:hlasovani:86447,86447,5,7,"""2026-01-13T00:00:00.000Z""",194,0,3,0,197,normal,accepted,Pořad schůze,,false
psp:hlasovani:86448,86448,5,8,"""2026-01-13T00:00:00.000Z""",109,61,10,17,197,normal,accepted,Pořad schůze,,false
psp:hlasovani:86449,86449,5,9,"""2026-01-13T00:00:00.000Z""",107,65,9,16,197,normal,accepted,Pořad schůze,,false
psp:hlasovani:86450,86450,5,10,"""2026-01-13T00:00:00.000Z""",99,48,45,5,197,normal,accepted,Pořad schůze,,true
psp:hlasovani:86451,86451,5,11,"""2026-01-13T00:00:00.000Z""",107,49,11,30,197,normal,accepted,Pořad schůze,,false
psp:hlasovani:86452,86452,5,12,"""2026-01-13T00:00:00.000Z""",107,36,14,40,197,normal,accepted,Pořad schůze,,false
psp:hlasovani:86453,86453,5,13,"""2026-01-13T00:00:00.000Z""",106,63,2,26,197,normal,accepted,Pořad schůze,,false
psp:hlasovani:86454,86454,5,14,"""2026-01-13T00:00:00.000Z""",160,3,4,31,198,normal,accepted,Pořad schůze,,false
psp:hlasovani:86455,86455,5,15,"""2026-01-13T00:00:00.000Z""",166,1,2,29,198,normal,accepted,Pořad schůze,,false
psp:hlasovani:86456,86456,5,16,"""2026-01-13T00:00:00.000Z""",171,0,2,25,198,normal,accepted,Pořad schůze,,false
psp:hlasovani:86457,86457,5,17,"""2026-01-13T00:00:00.000Z""",170,0,0,28,198,normal,accepted,Pořad schůze,,false
psp:hlasovani:86458,86458,5,18,"""2026-01-13T00:00:00.000Z""",139,0,14,45,198,normal,accepted,Pořad schůze,,false
psp:hlasovani:86459,86459,5,19,"""2026-01-13T00:00:00.000Z""",143,1,9,45,198,normal,accepted,Pořad schůze,,false
psp:hlasovani:86460,86460,5,20,"""2026-01-13T00:00:00.000Z""",169,0,3,26,198,normal,accepted,Pořad schůze,,false
psp:hlasovani:86461,86461,5,21,"""2026-01-13T00:00:00.000Z""",171,0,2,25,198,normal,accepted,Pořad schůze,,false
psp:hlasovani:86462,86462,5,22,"""2026-01-13T00:00:00.000Z""",171,0,2,25,198,normal,accepted,Pořad schůze,,false
psp:hlasovani:86463,86463,5,23,"""2026-01-13T00:00:00.000Z""",171,0,1,26,198,normal,accepted,Pořad schůze,,false
psp:hlasovani:86464,86464,5,24,"""2026-01-13T00:00:00.000Z""",90,108,0,0,198,normal,rejected,Pořad schůze,,false
psp:hlasovani:86465,86465,5,25,"""2026-01-13T00:00:00.000Z""",90,108,0,0,198,normal,rejected,Pořad schůze,,false
psp:hlasovani:86466,86466,5,26,"""2026-01-13T00:00:00.000Z""",55,109,6,28,198,normal,rejected,Pořad schůze,,false
psp:hlasovani:86467,86467,5,27,"""2026-01-13T00:00:00.000Z""",55,68,35,39,197,normal,rejected,Pořad schůze,,false
psp:hlasovani:86468,86468,5,28,"""2026-01-13T00:00:00.000Z""",55,70,35,38,198,normal,rejected,Pořad schůze,,false
psp:hlasovani:86469,86469,5,29,"""2026-01-13T00:00:00.000Z""",47,106,9,36,198,normal,rejected,Pořad schůze,,false
psp:hlasovani:86470,86470,5,30,"""2026-01-13T00:00:00.000Z""",25,33,77,63,198,normal,rejected,Pořad schůze,,false
psp:hlasovani:86471,86471,5,31,"""2026-01-13T00:00:00.000Z""",43,108,11,36,198,normal,rejected,Pořad schůze,,false
psp:hlasovani:86472,86472,5,32,"""2026-01-13T00:00:00.000Z""",107,65,11,15,198,normal,accepted,Pořad schůze,,false
psp:hlasovani:86473,86473,5,33,"""2026-01-13T00:00:00.000Z""",107,80,9,2,198,normal,accepted,Pořad schůze,,false
psp:hlasovani:86474,86474,5,34,"""2026-01-13T00:00:00.000Z""",108,21,17,52,198,normal,accepted,Pořad schůze,,false
psp:hlasovani:86475,86475,5,35,"""2026-01-13T00:00:00.000Z""",183,0,12,0,195,normal,accepted,Návrh na příspěvek na úhradu volebních nákladů za volby do PS v roce 2,,false
psp:hlasovani:86476,86476,5,36,"""2026-01-15T00:00:00.000Z""",48,101,2,13,164,normal,rejected,Odpověď na písemnou interpelaci**O. Richterové na A. Babiše,,false
psp:hlasovani:86477,86477,5,37,"""2026-01-15T00:00:00.000Z""",157,0,23,0,180,normal,accepted,Pořad schůze,,false
psp:hlasovani:86478,86478,5,38,"""2026-01-15T00:00:00.000Z""",158,0,22,0,180,normal,accepted,Pořad schůze,,false
psp:hlasovani:86479,86479,5,39,"""2026-01-15T00:00:00.000Z""",122,2,51,14,189,normal,accepted,Vyslovení důvěry vládě České republiky,,false
psp:hlasovani:86480,86480,5,40,"""2026-01-15T00:00:00.000Z""",108,91,0,1,199,normal,accepted,Vyslovení důvěry vládě České republiky,,false
psp:hlasovani:86481,86481,5,41,"""2026-01-15T00:00:00.000Z""",86,101,11,0,198,normal,rejected,Vyslovení důvěry vládě České republiky,,false
psp:hlasovani:86482,86482,5,42,"""2026-01-15T00:00:00.000Z""",88,3,60,42,193,normal,rejected,Vyslovení důvěry vládě České republiky,,false
psp:hlasovani:86483,86483,5,43,"""2026-01-15T00:00:00.000Z""",89,2,67,36,194,normal,rejected,Vyslovení důvěry vládě České republiky,,false
psp:hlasovani:86484,86484,5,44,"""2026-01-15T00:00:00.000Z""",88,1,70,35,194,normal,rejected,Vyslovení důvěry vládě České republiky,,false
psp:hlasovani:86485,86485,5,45,"""2026-01-15T00:00:00.000Z""",90,1,71,34,196,normal,rejected,Vyslovení důvěry vládě České republiky,,false
psp:hlasovani:86486,86486,5,46,"""2026-01-15T00:00:00.000Z""",91,104,1,0,196,normal,rejected,Vyslovení důvěry vládě České republiky,,false
psp:hlasovani:86487,86487,5,47,"""2026-01-16T00:00:00.000Z""",101,54,7,12,174,normal,accepted,Pořad schůze,,false
psp:hlasovani:86488,86488,5,48,"""2026-01-16T00:00:00.000Z""",75,100,0,0,175,normal,rejected,Pořad schůze,,false
psp:hlasovani:86489,86489,5,49,"""2026-01-16T00:00:00.000Z""",50,101,5,19,175,normal,rejected,Pořad schůze,,false
psp:hlasovani:86490,86490,5,50,"""2026-01-16T00:00:00.000Z""",55,100,1,20,176,normal,rejected,Pořad schůze,,false
psp:hlasovani:86491,86491,5,51,"""2026-01-16T00:00:00.000Z""",55,100,2,20,177,normal,rejected,Pořad schůze,,false
psp:hlasovani:86492,86492,5,52,"""2026-01-16T00:00:00.000Z""",178,0,1,1,180,normal,accepted,Usnesení ke jmenování členů vlády,,false
psp:hlasovani:86493,86493,5,53,"""2026-01-16T00:00:00.000Z""",101,77,1,4,183,normal,accepted,Usnesení ke jmenování členů vlády,,false
psp:hlasovani:86494,86494,5,54,"""2026-01-16T00:00:00.000Z""",82,101,0,0,183,normal,rejected,Usnesení ke jmenování členů vlády,,false
psp:hlasovani:86495,86495,5,55,"""2026-01-16T00:00:00.000Z""",81,101,1,0,183,normal,rejected,Usnesení ke jmenování členů vlády,,false
psp:hlasovani:86496,86496,5,56,"""2026-01-16T00:00:00.000Z""",82,101,0,0,183,normal,rejected,Usnesení ke jmenování členů vlády,,false
psp:hlasovani:86497,86497,5,57,"""2026-01-16T00:00:00.000Z""",62,99,4,18,183,normal,rejected,Usnesení ke jmenování členů vlády,,false
psp:hlasovani:86498,86498,5,58,"""2026-01-16T00:00:00.000Z""",81,101,0,1,183,normal,rejected,Usnesení ke jmenování členů vlády,,false
psp:hlasovani:86499,86499,5,59,"""2026-01-16T00:00:00.000Z""",83,101,0,0,184,normal,rejected,Usnesení ke jmenování členů vlády,,false
psp:hlasovani:86500,86500,5,60,"""2026-01-16T00:00:00.000Z""",83,101,0,0,184,normal,rejected,Usnesení ke jmenování členů vlády,,false
psp:hlasovani:86501,86501,5,61,"""2026-01-16T00:00:00.000Z""",18,101,22,43,184,normal,rejected,Usnesení ke jmenování členů vlády,,false
psp:hlasovani:86502,86502,5,62,"""2026-01-16T00:00:00.000Z""",159,0,23,0,182,normal,accepted,Návrh usnesení PS upravující pravidla volby veřejného ochránce práv a,,false
psp:hlasovani:86503,86503,5,63,"""2026-01-16T00:00:00.000Z""",163,1,0,1,165,normal,accepted,Novela z. o pojistném na sociální zabezpečení,,false
psp:hlasovani:86504,86504,5,64,"""2026-01-16T00:00:00.000Z""",171,0,1,0,172,normal,accepted,Novela z. o pojistném na sociální zabezpečení,,false
psp:hlasovani:86505,86505,5,65,"""2026-01-16T00:00:00.000Z""",107,29,11,26,173,normal,accepted,Novela z. o pojistném na sociální zabezpečení,,false
psp:hlasovani:86506,86506,5,66,"""2026-01-16T00:00:00.000Z""",174,0,5,0,179,normal,accepted,Návrh na změny ve složení orgánů Poslanecké sněmovny,,false
psp:hlasovani:86507,86507,5,67,"""2026-01-16T00:00:00.000Z""",178,0,3,0,181,normal,accepted,Návrh na změny ve složení orgánů Poslanecké sněmovny,,false
psp:hlasovani:86508,86508,5,68,"""2026-01-28T00:00:00.000Z""",171,0,0,0,171,normal,accepted,Pořad schůze,,false
psp:hlasovani:86509,86509,5,69,"""2026-01-28T00:00:00.000Z""",97,21,11,45,174,normal,accepted,Pořad schůze,,false
psp:hlasovani:86510,86510,5,70,"""2026-01-28T00:00:00.000Z""",97,2,22,54,175,normal,accepted,Pořad schůze,,false
psp:hlasovani:86511,86511,5,71,"""2026-01-28T00:00:00.000Z""",76,97,1,1,175,normal,rejected,Pořad schůze,,false
psp:hlasovani:86512,86512,5,72,"""2026-01-28T00:00:00.000Z""",167,1,8,0,176,normal,accepted,Pořad schůze,,false
psp:hlasovani:86513,86513,5,73,"""2026-01-28T00:00:00.000Z""",78,98,0,0,176,normal,rejected,Pořad schůze,,false
psp:hlasovani:86514,86514,5,74,"""2026-01-28T00:00:00.000Z""",78,98,0,0,176,normal,rejected,Pořad schůze,,false
psp:hlasovani:86515,86515,5,75,"""2026-01-28T00:00:00.000Z""",77,97,2,0,176,normal,rejected,Pořad schůze,,false
psp:hlasovani:86516,86516,5,76,"""2026-01-28T00:00:00.000Z""",78,98,0,0,176,normal,rejected,Pořad schůze,,false
psp:hlasovani:86517,86517,5,77,"""2026-01-28T00:00:00.000Z""",78,98,0,0,176,normal,rejected,Pořad schůze,,false
psp:hlasovani:86518,86518,5,78,"""2026-01-28T00:00:00.000Z""",78,95,3,0,176,normal,rejected,Pořad schůze,,false
psp:hlasovani:86519,86519,5,79,"""2026-01-28T00:00:00.000Z""",49,98,7,22,176,normal,rejected,Pořad schůze,,false
psp:hlasovani:86520,86520,5,80,"""2026-01-28T00:00:00.000Z""",59,99,0,18,176,normal,rejected,Pořad schůze,,false
psp:hlasovani:86521,86521,5,81,"""2026-01-28T00:00:00.000Z""",77,95,4,0,176,normal,rejected,Pořad schůze,,false
psp:hlasovani:86522,86522,5,82,"""2026-01-28T00:00:00.000Z""",76,97,3,0,176,normal,rejected,Pořad schůze,,false
psp:hlasovani:86523,86523,5,83,"""2026-01-28T00:00:00.000Z""",79,95,2,0,176,normal,rejected,Pořad schůze,,false
psp:hlasovani:86524,86524,5,84,"""2026-01-28T00:00:00.000Z""",72,97,2,5,176,normal,rejected,Pořad schůze,,false
psp:hlasovani:86525,86525,5,85,"""2026-01-28T00:00:00.000Z""",63,98,0,15,176,normal,rejected,Pořad schůze,,false
psp:hlasovani:86526,86526,5,86,"""2026-01-28T00:00:00.000Z""",144,0,32,0,176,normal,accepted,Návrh na změny ve složení orgánů Poslanecké sněmovny,,false
psp:hlasovani:86527,86527,5,87,"""2026-01-28T00:00:00.000Z""",156,0,22,0,178,normal,accepted,Návrh na změny ve složení orgánů Poslanecké sněmovny,,false
psp:hlasovani:86528,86528,5,88,"""2026-01-28T00:00:00.000Z""",154,1,17,6,178,normal,accepted,Návrh na odvolání členů Správní rady Všeobecné zdravotní pojišťovny ČR,,false
psp:hlasovani:86529,86529,5,89,"""2026-01-28T00:00:00.000Z""",164,0,12,2,178,normal,accepted,Návrh na odvolání členů Dozorčí rady Všeobecné zdravotní pojišťovny ČR,,false
psp:hlasovani:86530,86530,5,90,"""2026-01-28T00:00:00.000Z""",59,93,7,14,173,normal,rejected,Návrh na volbu členů a náhradníků Správní rady VZP,,false
psp:hlasovani:86531,86531,5,91,"""2026-01-28T00:00:00.000Z""",99,61,5,9,174,normal,accepted,Návrh na volbu členů a náhradníků Správní rady VZP,,false
psp:hlasovani:86532,86532,5,92,"""2026-01-28T00:00:00.000Z""",136,5,7,27,175,normal,accepted,Návrh na volbu členů a náhradníků Správní rady VZP,,false
psp:hlasovani:86533,86533,5,93,"""2026-01-28T00:00:00.000Z""",144,2,10,19,175,normal,accepted,Návrh na volbu členů a náhradníků Správní rady VZP,,false
psp:hlasovani:86534,86534,5,94,"""2026-01-28T00:00:00.000Z""",155,1,3,17,176,normal,accepted,Návrh na volbu členů a náhradníků Správní rady VZP,,false
psp:hlasovani:86535,86535,5,95,"""2026-01-28T00:00:00.000Z""",153,0,6,17,176,normal,accepted,Návrh na volbu členů a náhradníků Správní rady VZP,,false
psp:hlasovani:86536,86536,5,96,"""2026-01-28T00:00:00.000Z""",151,0,6,19,176,normal,accepted,Návrh na volbu členů a náhradníků Správní rady VZP,,false
psp:hlasovani:86537,86537,5,97,"""2026-01-28T00:00:00.000Z""",151,0,6,19,176,normal,accepted,Návrh na volbu členů a náhradníků Správní rady VZP,,false
psp:hlasovani:86538,86538,5,98,"""2026-01-28T00:00:00.000Z""",76,12,57,31,176,normal,rejected,Návrh na volbu členů a náhradníků Správní rady VZP,,false
psp:hlasovani:86539,86539,5,99,"""2026-01-28T00:00:00.000Z""",145,1,9,21,176,normal,accepted,Návrh na volbu členů a náhradníků Správní rady VZP,,false
psp:hlasovani:86540,86540,5,100,"""2026-01-28T00:00:00.000Z""",169,2,4,1,176,normal,accepted,Návrh na volbu členů a náhradníků Správní rady VZP,,false
psp:hlasovani:86541,86541,5,101,"""2026-01-28T00:00:00.000Z""",170,0,4,2,176,normal,accepted,Návrh na volbu členů a náhradníků Správní rady VZP,,false
psp:hlasovani:86542,86542,5,102,"""2026-01-28T00:00:00.000Z""",151,0,12,14,177,normal,accepted,Návrh na volbu členů a náhradníků Správní rady VZP,,false
psp:hlasovani:86543,86543,5,103,"""2026-01-28T00:00:00.000Z""",157,0,6,14,177,normal,accepted,Návrh na volbu členů a náhradníků Správní rady VZP,,false
psp:hlasovani:86544,86544,5,104,"""2026-01-28T00:00:00.000Z""",167,4,5,2,178,normal,accepted,Návrh na volbu členů a náhradníků Správní rady VZP,,false
psp:hlasovani:86545,86545,5,105,"""2026-01-28T00:00:00.000Z""",176,0,2,0,178,normal,accepted,Návrh na volbu členů a náhradníků Správní rady VZP,,false
psp:hlasovani:86546,86546,5,106,"""2026-01-28T00:00:00.000Z""",170,2,6,0,178,normal,accepted,Návrh na volbu členů a náhradníků Správní rady VZP,,false
psp:hlasovani:86547,86547,5,107,"""2026-01-28T00:00:00.000Z""",78,1,71,28,178,normal,rejected,Návrh na volbu členů a náhradníků Správní rady VZP,,false
psp:hlasovani:86548,86548,5,108,"""2026-01-28T00:00:00.000Z""",70,86,13,9,178,normal,rejected,Návrh na volbu členů a náhradníků Správní rady VZP,,false
psp:hlasovani:86549,86549,5,109,"""2026-01-28T00:00:00.000Z""",158,5,11,4,178,normal,accepted,Návrh na volbu členů a náhradníků Správní rady VZP,,false
psp:hlasovani:86550,86550,5,110,"""2026-01-28T00:00:00.000Z""",77,53,29,19,178,normal,rejected,Návrh na volbu členů a náhradníků Správní rady VZP,,false
psp:hlasovani:86551,86551,5,111,"""2026-01-28T00:00:00.000Z""",158,1,5,14,178,normal,accepted,Návrh na volbu členů a náhradníků Správní rady VZP,,false
psp:hlasovani:86552,86552,5,112,"""2026-01-28T00:00:00.000Z""",77,5,72,24,178,normal,rejected,Návrh na volbu členů a náhradníků Správní rady VZP,,false
psp:hlasovani:86553,86553,5,113,"""2026-01-28T00:00:00.000Z""",141,6,18,10,175,normal,accepted,Návrh na volbu členů a náhradníků Správní rady VZP,,false
psp:hlasovani:86554,86554,5,114,"""2026-01-28T00:00:00.000Z""",168,1,9,0,178,normal,accepted,Návrh na volbu členů a náhradníků Správní rady VZP,,false
psp:hlasovani:86555,86555,5,115,"""2026-01-28T00:00:00.000Z""",133,1,15,29,178,normal,accepted,Návrh na volbu členů a náhradníků Správní rady VZP,,false
psp:hlasovani:86556,86556,5,116,"""2026-01-28T00:00:00.000Z""",146,2,14,16,178,normal,accepted,Návrh na volbu členů a náhradníků Správní rady VZP,,false
psp:hlasovani:86557,86557,5,117,"""2026-01-28T00:00:00.000Z""",159,0,17,0,176,normal,accepted,Návrh na volbu členů a náhradníků Dozorčí rady Všeobecné zdravotní poj,,false
psp:hlasovani:86558,86558,5,118,"""2026-01-28T00:00:00.000Z""",136,0,25,17,178,normal,accepted,Návrh na odvolání členů DR SFDI,,false
psp:hlasovani:86559,86559,5,119,"""2026-01-28T00:00:00.000Z""",150,3,17,8,178,normal,accepted,Návrh na volbu členů DR SFDI,,false
psp:hlasovani:86560,86560,5,120,"""2026-01-28T00:00:00.000Z""",150,6,15,6,177,normal,accepted,Návrh na volbu člena Nejvyššího kontrolního úřadu,,false
psp:hlasovani:86561,86561,5,121,"""2026-01-28T00:00:00.000Z""",152,6,14,6,178,normal,accepted,Návrh na volbu členů Rady České tiskové kanceláře,,false
psp:hlasovani:86562,86562,5,122,"""2026-01-28T00:00:00.000Z""",151,7,13,6,177,normal,accepted,Návrh na volbu členů dozorčí komise Národní sportovní agentury,,false
psp:hlasovani:86563,86563,5,123,"""2026-01-28T00:00:00.000Z""",150,5,15,7,177,normal,accepted,Návrh na jmenování členů Kontrolní rady Grantové agentury ČR,,false
psp:hlasovani:86564,86564,5,124,"""2026-01-28T00:00:00.000Z""",147,6,18,6,177,normal,accepted,Návrh na jmenování člena kontrolní rady Technologické agentury ČR,,false
psp:hlasovani:86565,86565,5,125,"""2026-01-28T00:00:00.000Z""",156,0,2,0,158,normal,accepted,Novela z. o pojistném na veřejné zdravotní pojištění,,false
psp:hlasovani:86566,86566,5,126,"""2026-01-28T00:00:00.000Z""",94,5,22,35,156,normal,accepted,Novela z. o pojistném na veřejné zdravotní pojištění,,false
psp:hlasovani:86567,86567,5,127,"""2026-01-28T00:00:00.000Z""",93,33,17,16,159,normal,accepted,,,false
psp:hlasovani:86568,86568,5,128,"""2026-01-28T00:00:00.000Z""",107,0,6,9,122,normal,accepted,,,false
psp:hlasovani:86569,86569,6,1,"""2026-01-29T00:00:00.000Z""",115,0,1,0,116,normal,accepted,,,false
psp:hlasovani:86570,86570,6,2,"""2026-01-29T00:00:00.000Z""",94,44,4,20,162,normal,accepted,Pořad schůze,,false
psp:hlasovani:86571,86571,6,3,"""2026-01-29T00:00:00.000Z""",127,0,2,1,130,normal,accepted,Návrh zákona o státních zaměstnancích**,,false
psp:hlasovani:86572,86572,6,4,"""2026-01-29T00:00:00.000Z""",49,96,0,16,161,normal,rejected,Návrh zákona o státních zaměstnancích**,,false
psp:hlasovani:86573,86573,6,5,"""2026-01-29T00:00:00.000Z""",51,96,0,14,161,normal,rejected,Návrh zákona o státních zaměstnancích**,,false
psp:hlasovani:86574,86574,6,6,"""2026-01-29T00:00:00.000Z""",161,0,0,0,161,normal,accepted,Návrh zákona o státních zaměstnancích**,,false
psp:hlasovani:86575,86575,6,7,"""2026-01-29T00:00:00.000Z""",65,4,66,26,161,normal,rejected,Návrh zákona o státních zaměstnancích**,,false
psp:hlasovani:86576,86576,6,8,"""2026-01-29T00:00:00.000Z""",65,94,1,1,161,normal,rejected,Návrh zákona o státních zaměstnancích**,,false
psp:hlasovani:86577,86577,6,9,"""2026-01-29T00:00:00.000Z""",52,95,1,13,161,normal,rejected,Návrh zákona o státních zaměstnancích - související,,false
psp:hlasovani:86578,86578,6,10,"""2026-01-29T00:00:00.000Z""",52,95,2,12,161,normal,rejected,Návrh zákona o státních zaměstnancích - související,,false
psp:hlasovani:86579,86579,6,11,"""2026-01-29T00:00:00.000Z""",159,0,2,0,161,normal,accepted,Návrh zákona o státních zaměstnancích - související,,false
psp:hlasovani:86580,86580,6,12,"""2026-01-29T00:00:00.000Z""",63,2,73,23,161,normal,rejected,Návrh zákona o státních zaměstnancích - související,,false
psp:hlasovani:86581,86581,6,13,"""2026-01-29T00:00:00.000Z""",64,94,3,0,161,normal,rejected,Návrh zákona o státních zaměstnancích - související,,false
psp:hlasovani:86582,86582,5,129,"""2026-01-30T00:00:00.000Z""",88,22,5,33,148,normal,accepted,Pořad schůze,,false
psp:hlasovani:86583,86583,5,130,"""2026-01-30T00:00:00.000Z""",90,11,14,39,154,normal,accepted,Pořad schůze,,false
psp:hlasovani:86584,86584,5,131,"""2026-01-30T00:00:00.000Z""",65,91,0,0,156,normal,rejected,Pořad schůze,,false
psp:hlasovani:86585,86585,5,132,"""2026-01-30T00:00:00.000Z""",65,91,2,0,158,normal,rejected,Pořad schůze,,false
psp:hlasovani:86586,86586,5,133,"""2026-01-30T00:00:00.000Z""",67,92,0,0,159,normal,rejected,Pořad schůze,,false
psp:hlasovani:86587,86587,5,134,"""2026-01-30T00:00:00.000Z""",62,84,7,6,159,normal,rejected,Pořad schůze,,false
psp:hlasovani:86588,86588,5,135,"""2026-01-30T00:00:00.000Z""",67,59,21,13,160,normal,rejected,Pořad schůze,,false
psp:hlasovani:86589,86589,5,136,"""2026-01-30T00:00:00.000Z""",65,90,5,0,160,normal,rejected,Pořad schůze,,false
psp:hlasovani:86590,86590,5,137,"""2026-01-30T00:00:00.000Z""",66,90,4,0,160,normal,rejected,Pořad schůze,,false
psp:hlasovani:86591,86591,5,138,"""2026-01-30T00:00:00.000Z""",49,92,10,9,160,normal,rejected,Pořad schůze,,false
psp:hlasovani:86592,86592,5,139,"""2026-01-30T00:00:00.000Z""",67,90,3,0,160,normal,rejected,Pořad schůze,,false
psp:hlasovani:86593,86593,5,140,"""2026-01-30T00:00:00.000Z""",65,88,6,1,160,normal,rejected,Pořad schůze,,false
psp:hlasovani:86594,86594,5,141,"""2026-01-30T00:00:00.000Z""",66,89,3,1,159,normal,rejected,Pořad schůze,,false
psp:hlasovani:86595,86595,5,142,"""2026-01-30T00:00:00.000Z""",65,90,3,1,159,normal,rejected,Pořad schůze,,false
psp:hlasovani:86596,86596,5,143,"""2026-01-30T00:00:00.000Z""",66,90,3,0,159,normal,rejected,Pořad schůze,,false
psp:hlasovani:86597,86597,5,144,"""2026-01-30T00:00:00.000Z""",60,87,7,4,158,normal,rejected,Pořad schůze,,false
psp:hlasovani:86598,86598,5,145,"""2026-01-30T00:00:00.000Z""",62,6,70,20,158,normal,rejected,Pořad schůze,,false
psp:hlasovani:86599,86599,5,146,"""2026-01-30T00:00:00.000Z""",66,85,7,0,158,normal,rejected,Pořad schůze,,false
psp:hlasovani:86600,86600,5,147,"""2026-01-30T00:00:00.000Z""",67,89,2,0,158,normal,rejected,Pořad schůze,,false
psp:hlasovani:86601,86601,5,148,"""2026-01-30T00:00:00.000Z""",32,8,72,46,158,normal,rejected,Pořad schůze,,false
psp:hlasovani:86602,86602,5,149,"""2026-01-30T00:00:00.000Z""",66,82,10,0,158,normal,rejected,Pořad schůze,,false
psp:hlasovani:86603,86603,5,150,"""2026-01-30T00:00:00.000Z""",34,93,0,13,140,normal,rejected,Novela z. - stavební zákon**,,false
psp:hlasovani:86604,86604,5,151,"""2026-01-30T00:00:00.000Z""",140,0,0,0,140,normal,accepted,Novela z. - stavební zákon**,,false
psp:hlasovani:86605,86605,5,152,"""2026-01-30T00:00:00.000Z""",130,8,1,1,140,normal,accepted,Novela z. - stavební zákon**,,false
psp:hlasovani:86606,86606,5,153,"""2026-01-30T00:00:00.000Z""",126,0,12,2,140,normal,accepted,Novela z. - stavební zákon**,,false
psp:hlasovani:86607,86607,5,154,"""2026-01-30T00:00:00.000Z""",50,7,68,15,140,normal,rejected,Novela z. - stavební zákon**,,false
psp:hlasovani:86608,86608,5,155,"""2026-01-30T00:00:00.000Z""",50,15,55,20,140,normal,rejected,Novela z. - stavební zákon**,,false
psp:hlasovani:86609,86609,5,156,"""2026-01-30T00:00:00.000Z""",45,20,58,17,140,normal,rejected,Novela z. - stavební zákon**,,false
psp:hlasovani:86610,86610,5,157,"""2026-01-30T00:00:00.000Z""",48,15,58,19,140,normal,rejected,Novela z. - stavební zákon**,,false
psp:hlasovani:86611,86611,5,158,"""2026-01-30T00:00:00.000Z""",31,86,5,18,140,normal,rejected,Novela z. - stavební zákon**,,false
psp:hlasovani:86612,86612,5,159,"""2026-01-30T00:00:00.000Z""",122,2,5,7,136,normal,accepted,,,false
psp:hlasovani:86613,86613,8,1,"""2026-02-03T00:00:00.000Z""",151,0,5,0,156,normal,accepted,,,false
psp:hlasovani:86614,86614,8,2,"""2026-02-03T00:00:00.000Z""",115,6,1,1,123,normal,accepted,Projednání návrhu na vyslovení nedůvěry vládě České republiky,,false
psp:hlasovani:86615,86615,8,3,"""2026-02-04T00:00:00.000Z""",139,1,2,2,144,normal,accepted,,,false
psp:hlasovani:86616,86616,8,4,"""2026-02-04T00:00:00.000Z""",84,99,0,0,183,normal,rejected,Projednání návrhu na vyslovení nedůvěry vládě České republiky,,false
psp:hlasovani:86617,86617,7,1,"""2026-02-10T00:00:00.000Z""",139,0,2,0,141,normal,accepted,,,false
psp:hlasovani:86618,86618,7,2,"""2026-02-10T00:00:00.000Z""",87,24,22,28,161,normal,accepted,Pořad schůze,,false
psp:hlasovani:86619,86619,7,3,"""2026-02-10T00:00:00.000Z""",155,0,0,1,156,normal,accepted,Pořad schůze,,false
psp:hlasovani:86620,86620,7,4,"""2026-02-10T00:00:00.000Z""",104,2,12,39,157,normal,accepted,Pořad schůze,,false
psp:hlasovani:86621,86621,7,5,"""2026-02-10T00:00:00.000Z""",106,32,10,10,158,normal,accepted,Pořad schůze,,false
psp:hlasovani:86622,86622,7,6,"""2026-02-10T00:00:00.000Z""",107,11,14,26,158,normal,accepted,Pořad schůze,,false
psp:hlasovani:86623,86623,7,7,"""2026-02-10T00:00:00.000Z""",130,14,7,7,158,normal,accepted,Pořad schůze,,false
psp:hlasovani:86624,86624,7,8,"""2026-02-10T00:00:00.000Z""",89,33,15,21,158,normal,accepted,Pořad schůze,,false
psp:hlasovani:86625,86625,7,9,"""2026-02-10T00:00:00.000Z""",112,1,10,35,158,normal,accepted,Pořad schůze,,false
psp:hlasovani:86626,86626,7,10,"""2026-02-10T00:00:00.000Z""",116,0,8,34,158,normal,accepted,Pořad schůze,,false
psp:hlasovani:86627,86627,7,11,"""2026-02-10T00:00:00.000Z""",134,1,2,21,158,normal,accepted,Pořad schůze,,false
psp:hlasovani:86628,86628,7,12,"""2026-02-10T00:00:00.000Z""",115,0,24,20,159,normal,accepted,Pořad schůze,,false
psp:hlasovani:86629,86629,7,13,"""2026-02-10T00:00:00.000Z""",139,0,1,19,159,normal,accepted,Pořad schůze,,false
psp:hlasovani:86630,86630,7,14,"""2026-02-10T00:00:00.000Z""",131,0,3,24,158,normal,accepted,Pořad schůze,,false
psp:hlasovani:86631,86631,7,15,"""2026-02-10T00:00:00.000Z""",138,3,1,16,158,normal,accepted,Pořad schůze,,false
psp:hlasovani:86632,86632,7,16,"""2026-02-10T00:00:00.000Z""",116,0,9,33,158,normal,accepted,Pořad schůze,,false
psp:hlasovani:86633,86633,7,17,"""2026-02-10T00:00:00.000Z""",128,0,9,21,158,normal,accepted,Pořad schůze,,false
psp:hlasovani:86634,86634,7,18,"""2026-02-10T00:00:00.000Z""",135,0,4,19,158,normal,accepted,Pořad schůze,,false
psp:hlasovani:86635,86635,7,19,"""2026-02-10T00:00:00.000Z""",136,0,3,19,158,normal,accepted,Pořad schůze,,false
psp:hlasovani:86636,86636,7,20,"""2026-02-10T00:00:00.000Z""",69,88,1,0,158,normal,rejected,Pořad schůze,,false
psp:hlasovani:86637,86637,7,21,"""2026-02-10T00:00:00.000Z""",69,88,1,0,158,normal,rejected,Pořad schůze,,false
psp:hlasovani:86638,86638,7,22,"""2026-02-10T00:00:00.000Z""",67,88,2,1,158,normal,rejected,Pořad schůze,,false
psp:hlasovani:86639,86639,7,23,"""2026-02-10T00:00:00.000Z""",69,5,50,34,158,normal,rejected,Pořad schůze,,false
psp:hlasovani:86640,86640,7,24,"""2026-02-10T00:00:00.000Z""",68,86,2,2,158,normal,rejected,Pořad schůze,,false
psp:hlasovani:86641,86641,7,25,"""2026-02-10T00:00:00.000Z""",68,86,4,0,158,normal,rejected,Pořad schůze,,false
psp:hlasovani:86642,86642,7,26,"""2026-02-10T00:00:00.000Z""",64,89,5,0,158,normal,rejected,Pořad schůze,,false
psp:hlasovani:86643,86643,7,27,"""2026-02-10T00:00:00.000Z""",69,86,2,1,158,normal,rejected,Pořad schůze,,false
psp:hlasovani:86644,86644,7,28,"""2026-02-10T00:00:00.000Z""",68,86,1,3,158,normal,rejected,Pořad schůze,,false
psp:hlasovani:86645,86645,7,29,"""2026-02-10T00:00:00.000Z""",67,89,2,0,158,normal,rejected,Pořad schůze,,false
psp:hlasovani:86646,86646,7,30,"""2026-02-10T00:00:00.000Z""",15,56,87,0,158,normal,rejected,Pořad schůze,,true
psp:hlasovani:86647,86647,7,31,"""2026-02-10T00:00:00.000Z""",51,75,22,10,158,normal,rejected,Pořad schůze,,false
psp:hlasovani:86648,86648,7,32,"""2026-02-10T00:00:00.000Z""",68,89,1,0,158,normal,rejected,Pořad schůze,,false
psp:hlasovani:86649,86649,7,33,"""2026-02-10T00:00:00.000Z""",68,85,3,2,158,normal,rejected,Pořad schůze,,false
psp:hlasovani:86650,86650,7,34,"""2026-02-10T00:00:00.000Z""",66,88,4,0,158,normal,rejected,Pořad schůze,,false
psp:hlasovani:86651,86651,7,35,"""2026-02-10T00:00:00.000Z""",63,85,6,4,158,normal,rejected,Pořad schůze,,false
psp:hlasovani:86652,86652,7,36,"""2026-02-10T00:00:00.000Z""",65,88,4,1,158,normal,rejected,Pořad schůze,,false
psp:hlasovani:86653,86653,7,37,"""2026-02-10T00:00:00.000Z""",54,83,7,14,158,normal,rejected,Pořad schůze,,false
psp:hlasovani:86654,86654,7,38,"""2026-02-10T00:00:00.000Z""",68,87,2,1,158,normal,rejected,Pořad schůze,,false
psp:hlasovani:86655,86655,7,39,"""2026-02-10T00:00:00.000Z""",66,81,6,5,158,normal,rejected,Pořad schůze,,false
psp:hlasovani:86656,86656,7,40,"""2026-02-10T00:00:00.000Z""",68,17,51,22,158,normal,rejected,Pořad schůze,,false
psp:hlasovani:86657,86657,7,41,"""2026-02-10T00:00:00.000Z""",66,88,3,1,158,normal,rejected,Pořad schůze,,false
psp:hlasovani:86658,86658,7,42,"""2026-02-10T00:00:00.000Z""",69,5,59,25,158,normal,rejected,Pořad schůze,,false
psp:hlasovani:86659,86659,7,43,"""2026-02-10T00:00:00.000Z""",89,2,16,51,158,normal,accepted,Pořad schůze,,false
psp:hlasovani:86660,86660,7,44,"""2026-02-11T00:00:00.000Z""",95,6,5,3,109,normal,accepted,Pořad schůze,,false
psp:hlasovani:86661,86661,7,45,"""2026-02-11T00:00:00.000Z""",67,88,0,0,155,normal,rejected,Pořad schůze,,false
psp:hlasovani:86662,86662,7,46,"""2026-02-11T00:00:00.000Z""",153,2,1,0,156,normal,accepted,Pořad schůze,,false
psp:hlasovani:86663,86663,7,47,"""2026-02-11T00:00:00.000Z""",67,88,1,0,156,normal,rejected,Pořad schůze,,false
psp:hlasovani:86664,86664,7,48,"""2026-02-11T00:00:00.000Z""",67,89,1,0,157,normal,rejected,Pořad schůze,,false
psp:hlasovani:86665,86665,7,49,"""2026-02-11T00:00:00.000Z""",51,88,3,15,157,normal,rejected,Pořad schůze,,false
psp:hlasovani:86666,86666,7,50,"""2026-02-11T00:00:00.000Z""",51,80,11,17,159,normal,rejected,Pořad schůze,,false
psp:hlasovani:86667,86667,7,51,"""2026-02-11T00:00:00.000Z""",68,87,3,1,159,normal,rejected,Pořad schůze,,false
psp:hlasovani:86668,86668,7,52,"""2026-02-11T00:00:00.000Z""",69,88,2,0,159,normal,rejected,Pořad schůze,,false
psp:hlasovani:86669,86669,7,53,"""2026-02-11T00:00:00.000Z""",55,88,2,13,158,normal,rejected,Pořad schůze,,false
psp:hlasovani:86670,86670,7,54,"""2026-02-11T00:00:00.000Z""",48,89,3,18,158,normal,rejected,Pořad schůze,,false
psp:hlasovani:86671,86671,7,55,"""2026-02-11T00:00:00.000Z""",67,87,4,0,158,normal,rejected,Pořad schůze,,false
psp:hlasovani:86672,86672,7,56,"""2026-02-11T00:00:00.000Z""",141,0,17,0,158,normal,accepted,Sml. mezi ČR a SR o přeshraniční spol. v oblasti zdravotnické záchrann,,false
psp:hlasovani:86673,86673,7,57,"""2026-02-11T00:00:00.000Z""",146,0,14,0,160,normal,accepted,Sml. mezi ČR a SR o přeshraniční spol. v oblasti zdravotnické záchrann,,false
psp:hlasovani:86674,86674,7,58,"""2026-02-11T00:00:00.000Z""",113,0,51,0,164,normal,accepted,Návrh státního závěrečného účtu České republiky**za rok 2024,,false
psp:hlasovani:86675,86675,7,59,"""2026-02-11T00:00:00.000Z""",127,0,39,0,166,normal,accepted,Návrh časového harmonogramu projednávání zákona o státním rozpočtu ČR,,false
psp:hlasovani:86676,86676,7,60,"""2026-02-12T00:00:00.000Z""",158,0,0,0,158,normal,accepted,Vl.n.z. o státním rozpočtu ČR na rok 2026**,,false
psp:hlasovani:86677,86677,7,61,"""2026-02-12T00:00:00.000Z""",67,90,1,0,158,normal,rejected,Vl.n.z. o státním rozpočtu ČR na rok 2026**,,false
psp:hlasovani:86678,86678,7,62,"""2026-02-12T00:00:00.000Z""",67,90,1,0,158,normal,rejected,Vl.n.z. o státním rozpočtu ČR na rok 2026**,,false
psp:hlasovani:86679,86679,7,63,"""2026-02-12T00:00:00.000Z""",68,90,0,0,158,normal,rejected,Vl.n.z. o státním rozpočtu ČR na rok 2026**,,false
psp:hlasovani:86680,86680,7,64,"""2026-02-12T00:00:00.000Z""",50,90,0,18,158,normal,rejected,Vl.n.z. o státním rozpočtu ČR na rok 2026**,,false
psp:hlasovani:86681,86681,7,65,"""2026-02-12T00:00:00.000Z""",90,68,0,0,158,normal,accepted,Vl.n.z. o státním rozpočtu ČR na rok 2026**,,false
psp:hlasovani:86682,86682,7,66,"""2026-02-12T00:00:00.000Z""",136,0,2,0,138,normal,accepted,Návrh usnesení Poslanecké sněmovny k odsouzení týrání zvířat,,false
psp:hlasovani:86683,86683,7,67,"""2026-02-12T00:00:00.000Z""",139,0,0,1,140,normal,accepted,Návrh usnesení Poslanecké sněmovny k odsouzení týrání zvířat,,false
psp:hlasovani:86684,86684,7,68,"""2026-02-12T00:00:00.000Z""",60,0,61,19,140,normal,rejected,Návrh usnesení Poslanecké sněmovny k odsouzení týrání zvířat,,false
psp:hlasovani:86685,86685,7,69,"""2026-02-12T00:00:00.000Z""",38,3,62,37,140,normal,rejected,Návrh usnesení Poslanecké sněmovny k odsouzení týrání zvířat,,false
psp:hlasovani:86686,86686,7,70,"""2026-02-12T00:00:00.000Z""",33,13,70,24,140,normal,rejected,Návrh usnesení Poslanecké sněmovny k odsouzení týrání zvířat,,true
psp:hlasovani:86687,86687,7,71,"""2026-02-12T00:00:00.000Z""",36,13,65,26,140,normal,rejected,Návrh usnesení Poslanecké sněmovny k odsouzení týrání zvířat,,false
psp:hlasovani:86688,86688,7,72,"""2026-02-12T00:00:00.000Z""",45,17,57,22,141,normal,rejected,Návrh usnesení Poslanecké sněmovny k odsouzení týrání zvířat,,false
psp:hlasovani:86689,86689,7,73,"""2026-02-12T00:00:00.000Z""",127,6,5,2,140,normal,accepted,Návrh usnesení Poslanecké sněmovny k odsouzení týrání zvířat,,false
psp:hlasovani:86690,86690,7,74,"""2026-02-12T00:00:00.000Z""",53,75,4,8,140,normal,rejected,Návrh usnesení Poslanecké sněmovny k odsouzení týrání zvířat,,false
psp:hlasovani:86691,86691,7,75,"""2026-02-12T00:00:00.000Z""",49,8,60,24,141,normal,rejected,Návrh usnesení Poslanecké sněmovny k odsouzení týrání zvířat,,false
psp:hlasovani:86692,86692,9,1,"""2026-02-13T00:00:00.000Z""",95,0,6,0,101,normal,accepted,,,false
psp:hlasovani:86693,86693,9,2,"""2026-02-13T00:00:00.000Z""",124,0,10,0,134,normal,accepted,Pořad schůze,,false
psp:hlasovani:86694,86694,9,3,"""2026-02-13T00:00:00.000Z""",131,0,3,1,135,normal,accepted,Novela z. o životním a existenčním minimu**,,false
psp:hlasovani:86695,86695,9,4,"""2026-02-13T00:00:00.000Z""",137,0,3,1,141,normal,accepted,Novela z. o životním a existenčním minimu**,,false
psp:hlasovani:86696,86696,9,5,"""2026-02-13T00:00:00.000Z""",128,0,4,1,133,normal,accepted,Novela z. o dávce státní sociální pomoci**,,false
psp:hlasovani:86697,86697,9,6,"""2026-02-13T00:00:00.000Z""",130,0,4,2,136,normal,accepted,Novela z. o dávce státní sociální pomoci**,,false
psp:hlasovani:86698,86698,7,76,"""2026-02-13T00:00:00.000Z""",53,78,2,1,134,normal,rejected,Pořad schůze,,false
psp:hlasovani:86699,86699,7,77,"""2026-02-13T00:00:00.000Z""",56,77,3,1,137,normal,rejected,Pořad schůze,,false
psp:hlasovani:86700,86700,7,78,"""2026-02-13T00:00:00.000Z""",57,80,2,0,139,normal,rejected,Pořad schůze,,false
psp:hlasovani:86701,86701,7,79,"""2026-02-13T00:00:00.000Z""",56,10,49,24,139,normal,rejected,Pořad schůze,,false
psp:hlasovani:86702,86702,7,80,"""2026-02-13T00:00:00.000Z""",56,82,2,0,140,normal,rejected,Pořad schůze,,false
psp:hlasovani:86703,86703,7,81,"""2026-02-13T00:00:00.000Z""",50,3,62,25,140,normal,rejected,Pořad schůze,,false
psp:hlasovani:86704,86704,7,82,"""2026-02-13T00:00:00.000Z""",48,76,6,10,140,normal,rejected,Pořad schůze,,false
psp:hlasovani:86705,86705,7,83,"""2026-02-13T00:00:00.000Z""",57,79,4,0,140,normal,rejected,Pořad schůze,,false
psp:hlasovani:86706,86706,7,84,"""2026-02-13T00:00:00.000Z""",46,84,7,4,141,normal,rejected,Pořad schůze,,false
psp:hlasovani:86707,86707,7,85,"""2026-02-13T00:00:00.000Z""",58,77,5,1,141,normal,rejected,Pořad schůze,,false
psp:hlasovani:86708,86708,7,86,"""2026-02-13T00:00:00.000Z""",45,86,4,6,141,normal,rejected,Pořad schůze,,false
psp:hlasovani:86709,86709,7,87,"""2026-02-13T00:00:00.000Z""",137,0,0,0,137,normal,accepted,Novela z. o jednacím řádu PS**,,false
psp:hlasovani:86710,86710,7,88,"""2026-02-13T00:00:00.000Z""",121,1,8,8,138,normal,accepted,Novela z. o jednacím řádu PS**,,false
psp:hlasovani:86711,86711,7,89,"""2026-02-13T00:00:00.000Z""",107,2,10,19,138,normal,accepted,Novela z. o jednacím řádu PS**,,false
psp:hlasovani:86712,86712,7,90,"""2026-02-13T00:00:00.000Z""",57,77,3,1,138,normal,rejected,Novela z. o jednacím řádu PS**,,false
psp:hlasovani:86713,86713,7,91,"""2026-02-13T00:00:00.000Z""",117,6,7,5,135,normal,accepted,,,false
psp:hlasovani:86714,86714,10,1,"""2026-03-03T00:00:00.000Z""",159,0,4,0,163,normal,accepted,,,false
psp:hlasovani:86715,86715,10,2,"""2026-03-03T00:00:00.000Z""",93,32,13,24,162,normal,accepted,Pořad schůze,,false
psp:hlasovani:86716,86716,10,3,"""2026-03-03T00:00:00.000Z""",176,0,1,0,177,normal,accepted,Pořad schůze,,false
psp:hlasovani:86717,86717,10,4,"""2026-03-03T00:00:00.000Z""",158,0,6,13,177,normal,accepted,Pořad schůze,,false
psp:hlasovani:86718,86718,10,5,"""2026-03-03T00:00:00.000Z""",100,7,15,55,177,normal,accepted,Pořad schůze,,false
psp:hlasovani:86719,86719,10,6,"""2026-03-03T00:00:00.000Z""",128,34,4,11,177,normal,accepted,Pořad schůze,,false
psp:hlasovani:86720,86720,10,7,"""2026-03-03T00:00:00.000Z""",175,0,0,2,177,normal,accepted,Pořad schůze,,false
psp:hlasovani:86721,86721,10,8,"""2026-03-03T00:00:00.000Z""",175,0,1,1,177,normal,accepted,Pořad schůze,,false
psp:hlasovani:86722,86722,10,9,"""2026-03-03T00:00:00.000Z""",121,46,4,6,177,normal,accepted,Pořad schůze,,false
psp:hlasovani:86723,86723,10,10,"""2026-03-03T00:00:00.000Z""",174,0,2,0,176,normal,accepted,Pořad schůze,,false
psp:hlasovani:86724,86724,10,11,"""2026-03-03T00:00:00.000Z""",177,0,1,0,178,normal,accepted,Pořad schůze,,false
psp:hlasovani:86725,86725,10,12,"""2026-03-03T00:00:00.000Z""",103,38,13,24,178,normal,accepted,Pořad schůze,,false
psp:hlasovani:86726,86726,10,13,"""2026-03-03T00:00:00.000Z""",173,0,3,2,178,normal,accepted,Pořad schůze,,false
psp:hlasovani:86727,86727,10,14,"""2026-03-03T00:00:00.000Z""",176,0,2,0,178,normal,accepted,Pořad schůze,,false
psp:hlasovani:86728,86728,10,15,"""2026-03-03T00:00:00.000Z""",174,0,3,1,178,normal,accepted,Pořad schůze,,false
psp:hlasovani:86729,86729,10,16,"""2026-03-03T00:00:00.000Z""",174,0,2,2,178,normal,accepted,Pořad schůze,,false
psp:hlasovani:86730,86730,10,17,"""2026-03-03T00:00:00.000Z""",170,0,4,4,178,normal,accepted,Pořad schůze,,false
psp:hlasovani:86731,86731,10,18,"""2026-03-03T00:00:00.000Z""",169,0,8,1,178,normal,accepted,Pořad schůze,,false
psp:hlasovani:86732,86732,10,19,"""2026-03-03T00:00:00.000Z""",176,0,2,0,178,normal,accepted,Pořad schůze,,false
psp:hlasovani:86733,86733,10,20,"""2026-03-03T00:00:00.000Z""",176,0,2,0,178,normal,accepted,Pořad schůze,,false
psp:hlasovani:86734,86734,10,21,"""2026-03-03T00:00:00.000Z""",176,0,2,0,178,normal,accepted,Pořad schůze,,false
psp:hlasovani:86735,86735,10,22,"""2026-03-03T00:00:00.000Z""",177,0,1,0,178,normal,accepted,Pořad schůze,,false
psp:hlasovani:86736,86736,10,23,"""2026-03-03T00:00:00.000Z""",135,8,12,24,179,normal,accepted,Pořad schůze,,false
psp:hlasovani:86737,86737,10,24,"""2026-03-03T00:00:00.000Z""",116,14,20,29,179,normal,accepted,Pořad schůze,,false
psp:hlasovani:86738,86738,10,25,"""2026-03-03T00:00:00.000Z""",178,0,1,0,179,normal,accepted,Pořad schůze,,false
psp:hlasovani:86739,86739,10,26,"""2026-03-03T00:00:00.000Z""",53,101,8,16,178,normal,rejected,Pořad schůze,,false
psp:hlasovani:86740,86740,10,27,"""2026-03-03T00:00:00.000Z""",68,99,4,7,178,normal,rejected,Pořad schůze,,false
psp:hlasovani:86741,86741,10,28,"""2026-03-03T00:00:00.000Z""",45,126,3,4,178,normal,rejected,Pořad schůze,,false
psp:hlasovani:86742,86742,10,29,"""2026-03-03T00:00:00.000Z""",76,18,64,20,178,normal,rejected,Pořad schůze,,false
psp:hlasovani:86743,86743,10,30,"""2026-03-03T00:00:00.000Z""",77,8,65,28,178,normal,rejected,Pořad schůze,,false
psp:hlasovani:86744,86744,10,31,"""2026-03-03T00:00:00.000Z""",73,8,67,30,178,normal,rejected,Pořad schůze,,false
psp:hlasovani:86745,86745,10,32,"""2026-03-03T00:00:00.000Z""",72,3,63,33,171,normal,rejected,Pořad schůze,,false
psp:hlasovani:86746,86746,10,33,"""2026-03-03T00:00:00.000Z""",63,92,6,12,173,normal,rejected,Pořad schůze,,false
psp:hlasovani:86747,86747,10,34,"""2026-03-03T00:00:00.000Z""",63,3,69,39,174,normal,rejected,Pořad schůze,,false
psp:hlasovani:86748,86748,10,35,"""2026-03-03T00:00:00.000Z""",56,92,11,16,175,normal,rejected,Pořad schůze,,false
psp:hlasovani:86749,86749,10,36,"""2026-03-03T00:00:00.000Z""",51,9,75,42,177,normal,rejected,Pořad schůze,,false
psp:hlasovani:86750,86750,10,37,"""2026-03-03T00:00:00.000Z""",73,21,65,18,177,normal,rejected,Pořad schůze,,false
psp:hlasovani:86751,86751,10,38,"""2026-03-03T00:00:00.000Z""",74,27,57,19,177,normal,rejected,Pořad schůze,,false
psp:hlasovani:86752,86752,10,39,"""2026-03-03T00:00:00.000Z""",75,3,66,33,177,normal,rejected,Pořad schůze,,false
psp:hlasovani:86753,86753,10,40,"""2026-03-03T00:00:00.000Z""",72,95,5,4,176,normal,rejected,Pořad schůze,,false
psp:hlasovani:86754,86754,10,41,"""2026-03-03T00:00:00.000Z""",53,95,13,15,176,normal,rejected,Pořad schůze,,false
psp:hlasovani:86755,86755,10,42,"""2026-03-03T00:00:00.000Z""",72,17,65,22,176,normal,rejected,Pořad schůze,,false
psp:hlasovani:86756,86756,10,43,"""2026-03-03T00:00:00.000Z""",74,3,66,33,176,normal,rejected,Pořad schůze,,false
psp:hlasovani:86757,86757,10,44,"""2026-03-03T00:00:00.000Z""",111,8,17,41,177,normal,accepted,Pořad schůze,,false
psp:hlasovani:86758,86758,10,45,"""2026-03-03T00:00:00.000Z""",159,0,1,0,160,normal,accepted,Novela ústav. z. - Ústava ČR**,,false
psp:hlasovani:86759,86759,10,46,"""2026-03-03T00:00:00.000Z""",159,0,2,0,161,normal,accepted,Novela ústav. z. - Ústava ČR**,,false
psp:hlasovani:86760,86760,10,47,"""2026-03-03T00:00:00.000Z""",154,0,5,2,161,normal,accepted,Novela ústav. z. - Ústava ČR**,,false
psp:hlasovani:86761,86761,10,48,"""2026-03-03T00:00:00.000Z""",158,0,3,0,161,normal,accepted,Novela ústav. z. - Ústava ČR**,,false
psp:hlasovani:86762,86762,10,49,"""2026-03-03T00:00:00.000Z""",100,9,9,23,141,normal,accepted,Novela z. o státních svátcích**,,false
psp:hlasovani:86763,86763,10,50,"""2026-03-03T00:00:00.000Z""",105,7,6,32,150,normal,accepted,Novela z. o státních svátcích**,,false
psp:hlasovani:86764,86764,10,51,"""2026-03-03T00:00:00.000Z""",149,0,0,0,149,normal,accepted,"Vl.n.z., kt. se mění některé z. v oblasti veřejných rozpočtů",,false
psp:hlasovani:86765,86765,10,52,"""2026-03-03T00:00:00.000Z""",91,57,2,0,150,normal,accepted,"Vl.n.z., kt. se mění některé z. v oblasti veřejných rozpočtů",,false
psp:hlasovani:86766,86766,10,53,"""2026-03-03T00:00:00.000Z""",128,0,1,10,139,normal,accepted,Vl. n. z. o správě dat a o řízeném přístupu**k datům - EU,,false
psp:hlasovani:86767,86767,10,54,"""2026-03-03T00:00:00.000Z""",134,1,1,3,139,normal,accepted,Vl. n. z. o správě dat a o řízeném přístupu**k datům - EU,,false
psp:hlasovani:86768,86768,10,55,"""2026-03-04T00:00:00.000Z""",107,16,4,22,149,normal,accepted,Pořad schůze,,false
psp:hlasovani:86769,86769,10,56,"""2026-03-04T00:00:00.000Z""",52,12,61,26,151,normal,rejected,Pořad schůze,,false
psp:hlasovani:86770,86770,10,57,"""2026-03-04T00:00:00.000Z""",52,89,11,0,152,normal,rejected,Pořad schůze,,false
psp:hlasovani:86771,86771,10,58,"""2026-03-04T00:00:00.000Z""",53,89,10,0,152,normal,rejected,Pořad schůze,,false
psp:hlasovani:86772,86772,10,59,"""2026-03-04T00:00:00.000Z""",53,4,63,32,152,normal,rejected,Pořad schůze,,false
psp:hlasovani:86773,86773,11,1,"""2026-03-05T00:00:00.000Z""",128,0,2,0,130,normal,accepted,,,false
psp:hlasovani:86774,86774,11,2,"""2026-03-05T00:00:00.000Z""",136,0,0,0,136,normal,accepted,Pořad schůze,,false
psp:hlasovani:86775,86775,11,3,"""2026-03-05T00:00:00.000Z""",110,4,6,19,139,normal,accepted,,,false
psp:hlasovani:86776,86776,11,4,"""2026-03-05T00:00:00.000Z""",139,10,1,7,157,normal,accepted,Sloučená rozprava k bodům 1 a 2,,false
psp:hlasovani:86777,86777,11,5,"""2026-03-05T00:00:00.000Z""",20,135,10,19,184,normal,rejected,Žádost o udělení souhlasu s trestním stíháním poslance Andreje Babiše,,false
psp:hlasovani:86778,86778,11,6,"""2026-03-05T00:00:00.000Z""",5,24,157,0,186,normal,rejected,Žádost o udělení souhlasu s trestním stíháním poslance Andreje Babiše,,false
psp:hlasovani:86779,86779,11,7,"""2026-03-05T00:00:00.000Z""",104,81,1,0,186,normal,accepted,Žádost o udělení souhlasu s trestním stíháním poslance Andreje Babiše,,false
psp:hlasovani:86780,86780,11,8,"""2026-03-05T00:00:00.000Z""",18,136,10,21,185,normal,rejected,Žádost o udělení souhlasu s trestním stíháním poslance Tomia Okamury v,,false
psp:hlasovani:86781,86781,11,9,"""2026-03-05T00:00:00.000Z""",104,82,0,0,186,normal,accepted,Žádost o udělení souhlasu s trestním stíháním poslance Tomia Okamury v,,false
psp:hlasovani:86782,86782,10,60,"""2026-03-06T00:00:00.000Z""",121,2,4,23,150,normal,accepted,Pořad schůze,,false
psp:hlasovani:86783,86783,10,61,"""2026-03-06T00:00:00.000Z""",151,0,1,0,152,normal,accepted,Pořad schůze,,false
psp:hlasovani:86784,86784,10,62,"""2026-03-06T00:00:00.000Z""",152,0,1,0,153,normal,accepted,Pořad schůze,,false
psp:hlasovani:86785,86785,10,63,"""2026-03-06T00:00:00.000Z""",101,12,5,35,153,normal,accepted,Pořad schůze,,false
psp:hlasovani:86786,86786,10,64,"""2026-03-06T00:00:00.000Z""",40,81,8,24,153,normal,rejected,Pořad schůze,,false
psp:hlasovani:86787,86787,10,65,"""2026-03-06T00:00:00.000Z""",46,89,6,14,155,normal,rejected,Pořad schůze,,false
psp:hlasovani:86788,86788,10,66,"""2026-03-06T00:00:00.000Z""",44,87,5,19,155,normal,rejected,Pořad schůze,,false
psp:hlasovani:86789,86789,10,67,"""2026-03-06T00:00:00.000Z""",60,83,4,7,154,normal,rejected,Pořad schůze,,false
psp:hlasovani:86790,86790,10,68,"""2026-03-06T00:00:00.000Z""",156,3,5,0,164,normal,accepted,Návrh na potvrzení předsedů výborů PS,,false
psp:hlasovani:86791,86791,10,69,"""2026-03-06T00:00:00.000Z""",161,2,5,0,168,normal,accepted,Návrh na potvrzení předsedů výborů PS,,false
psp:hlasovani:86792,86792,10,70,"""2026-03-06T00:00:00.000Z""",168,0,1,0,169,normal,accepted,Návrh na změny ve složení orgánů Poslanecké sněmovny,,false
psp:hlasovani:86793,86793,10,71,"""2026-03-06T00:00:00.000Z""",167,0,2,0,169,normal,accepted,Návrh na změny ve složení orgánů Poslanecké sněmovny,,false
psp:hlasovani:86794,86794,10,72,"""2026-03-06T00:00:00.000Z""",117,33,9,10,169,normal,accepted,Návrh na volbu členů a náhradníků Správní rady VZP,,false
psp:hlasovani:86795,86795,10,73,"""2026-03-06T00:00:00.000Z""",144,12,13,0,169,normal,accepted,Návrh na volbu členů Rady Českého rozhlasu,,false
psp:hlasovani:86796,86796,10,74,"""2026-03-06T00:00:00.000Z""",148,14,7,0,169,normal,accepted,Návrh na volbu člena Rady České televize,,false
psp:hlasovani:86797,86797,10,75,"""2026-03-06T00:00:00.000Z""",120,11,37,0,168,normal,accepted,Návrh na volbu ochránce práv dětí,,false
psp:hlasovani:86798,86798,10,76,"""2026-03-10T00:00:00.000Z""",165,0,0,0,165,normal,accepted,Pořad schůze,,false
psp:hlasovani:86799,86799,10,77,"""2026-03-10T00:00:00.000Z""",92,26,19,31,168,normal,accepted,Pořad schůze,,false
psp:hlasovani:86800,86800,10,78,"""2026-03-10T00:00:00.000Z""",73,93,1,1,168,normal,rejected,Pořad schůze,,false
psp:hlasovani:86801,86801,10,79,"""2026-03-10T00:00:00.000Z""",50,94,3,21,168,normal,rejected,Pořad schůze,,false
psp:hlasovani:86802,86802,10,80,"""2026-03-10T00:00:00.000Z""",54,95,1,17,167,normal,rejected,Pořad schůze,,false
psp:hlasovani:86803,86803,10,81,"""2026-03-10T00:00:00.000Z""",75,89,2,2,168,normal,rejected,Pořad schůze,,false
psp:hlasovani:86804,86804,10,82,"""2026-03-10T00:00:00.000Z""",40,92,17,19,168,normal,rejected,Pořad schůze,,false
psp:hlasovani:86805,86805,10,83,"""2026-03-10T00:00:00.000Z""",75,92,1,0,168,normal,rejected,Pořad schůze,,false
psp:hlasovani:86806,86806,10,84,"""2026-03-10T00:00:00.000Z""",72,90,5,1,168,normal,rejected,Pořad schůze,,false
psp:hlasovani:86807,86807,10,85,"""2026-03-10T00:00:00.000Z""",72,92,4,0,168,normal,rejected,Pořad schůze,,false
psp:hlasovani:86808,86808,10,86,"""2026-03-10T00:00:00.000Z""",72,91,5,0,168,normal,rejected,Pořad schůze,,false
psp:hlasovani:86809,86809,10,87,"""2026-03-10T00:00:00.000Z""",74,88,4,2,168,normal,rejected,Pořad schůze,,false
psp:hlasovani:86810,86810,10,88,"""2026-03-10T00:00:00.000Z""",72,93,2,2,169,normal,rejected,Pořad schůze,,false
psp:hlasovani:86811,86811,10,89,"""2026-03-10T00:00:00.000Z""",63,90,2,14,169,normal,rejected,Pořad schůze,,false
psp:hlasovani:86812,86812,10,90,"""2026-03-10T00:00:00.000Z""",72,90,6,1,169,normal,rejected,Pořad schůze,,false
psp:hlasovani:86813,86813,10,91,"""2026-03-10T00:00:00.000Z""",69,64,20,16,169,normal,rejected,Pořad schůze,,false
psp:hlasovani:86814,86814,10,92,"""2026-03-10T00:00:00.000Z""",74,89,6,0,169,normal,rejected,Pořad schůze,,false
psp:hlasovani:86815,86815,10,93,"""2026-03-10T00:00:00.000Z""",75,86,8,0,169,normal,rejected,Pořad schůze,,false
psp:hlasovani:86816,86816,10,94,"""2026-03-10T00:00:00.000Z""",7,68,56,28,159,normal,rejected,Vl.n.z. o digitální ekonomice - EU**,,false
psp:hlasovani:86817,86817,10,95,"""2026-03-10T00:00:00.000Z""",36,0,123,0,159,normal,rejected,Vl.n.z. o digitální ekonomice - EU**,,false
psp:hlasovani:86818,86818,10,96,"""2026-03-10T00:00:00.000Z""",159,0,2,0,161,normal,accepted,Vl.n.z. o digitální ekonomice - EU**,,false
psp:hlasovani:86819,86819,10,97,"""2026-03-10T00:00:00.000Z""",151,1,3,6,161,normal,accepted,Vl.n.z. o digitální ekonomice - EU**,,false
psp:hlasovani:86820,86820,10,98,"""2026-03-10T00:00:00.000Z""",144,0,8,9,161,normal,accepted,Vl.n.z. o digitální ekonomice - EU**,,false
psp:hlasovani:86821,86821,10,99,"""2026-03-10T00:00:00.000Z""",118,6,16,21,161,normal,accepted,Vl.n.z. o digitální ekonomice - EU**,,false
psp:hlasovani:86822,86822,10,100,"""2026-03-10T00:00:00.000Z""",146,0,15,1,162,normal,accepted,Novela z. o rostlinolékařské péči - EU**,,false
psp:hlasovani:86823,86823,10,101,"""2026-03-10T00:00:00.000Z""",147,0,15,0,162,normal,accepted,Novela z. o rostlinolékařské péči - EU**,,false
psp:hlasovani:86824,86824,10,102,"""2026-03-10T00:00:00.000Z""",56,10,73,23,162,normal,rejected,Novela z. o rostlinolékařské péči - EU**,,false
psp:hlasovani:86825,86825,10,103,"""2026-03-10T00:00:00.000Z""",86,50,20,6,162,normal,accepted,Novela z. o rostlinolékařské péči - EU**,,false
psp:hlasovani:86826,86826,10,104,"""2026-03-11T00:00:00.000Z""",118,4,6,6,134,normal,accepted,Pořad schůze,,false
psp:hlasovani:86827,86827,10,105,"""2026-03-11T00:00:00.000Z""",61,88,1,0,150,normal,rejected,Pořad schůze,,false
psp:hlasovani:86828,86828,10,106,"""2026-03-11T00:00:00.000Z""",63,87,4,0,154,normal,rejected,Pořad schůze,,false
psp:hlasovani:86829,86829,10,107,"""2026-03-11T00:00:00.000Z""",66,89,2,0,157,normal,rejected,Pořad schůze,,false
psp:hlasovani:86830,86830,10,108,"""2026-03-11T00:00:00.000Z""",65,90,3,0,158,normal,rejected,Pořad schůze,,false
psp:hlasovani:86831,86831,10,109,"""2026-03-11T00:00:00.000Z""",67,89,3,0,159,normal,rejected,Pořad schůze,,false
psp:hlasovani:86832,86832,10,110,"""2026-03-11T00:00:00.000Z""",178,1,5,5,189,normal,accepted,Vl.n.z. o státním rozpočtu ČR na rok 2026**,,false
psp:hlasovani:86833,86833,10,111,"""2026-03-11T00:00:00.000Z""",89,12,56,32,189,normal,rejected,Vl.n.z. o státním rozpočtu ČR na rok 2026**,,false
psp:hlasovani:86834,86834,10,112,"""2026-03-11T00:00:00.000Z""",88,11,62,30,191,normal,rejected,Vl.n.z. o státním rozpočtu ČR na rok 2026**,,false
psp:hlasovani:86835,86835,10,113,"""2026-03-11T00:00:00.000Z""",70,12,70,39,191,normal,rejected,Vl.n.z. o státním rozpočtu ČR na rok 2026**,,false
psp:hlasovani:86836,86836,10,114,"""2026-03-11T00:00:00.000Z""",63,95,10,23,191,normal,rejected,Vl.n.z. o státním rozpočtu ČR na rok 2026**,,false
psp:hlasovani:86837,86837,10,115,"""2026-03-11T00:00:00.000Z""",87,101,2,1,191,normal,rejected,Vl.n.z. o státním rozpočtu ČR na rok 2026**,,false
psp:hlasovani:86838,86838,10,116,"""2026-03-11T00:00:00.000Z""",85,88,9,9,191,normal,rejected,Vl.n.z. o státním rozpočtu ČR na rok 2026**,,false
psp:hlasovani:86839,86839,10,117,"""2026-03-11T00:00:00.000Z""",62,89,17,23,191,normal,rejected,Vl.n.z. o státním rozpočtu ČR na rok 2026**,,false
psp:hlasovani:86840,86840,10,118,"""2026-03-11T00:00:00.000Z""",38,94,21,38,191,normal,rejected,Vl.n.z. o státním rozpočtu ČR na rok 2026**,,false
psp:hlasovani:86841,86841,10,119,"""2026-03-11T00:00:00.000Z""",86,65,21,19,191,normal,rejected,Vl.n.z. o státním rozpočtu ČR na rok 2026**,,false
psp:hlasovani:86842,86842,10,120,"""2026-03-11T00:00:00.000Z""",88,101,2,0,191,normal,rejected,Vl.n.z. o státním rozpočtu ČR na rok 2026**,,false
psp:hlasovani:86843,86843,10,121,"""2026-03-11T00:00:00.000Z""",87,12,60,32,191,normal,rejected,Vl.n.z. o státním rozpočtu ČR na rok 2026**,,false
psp:hlasovani:86844,86844,10,122,"""2026-03-11T00:00:00.000Z""",88,8,61,34,191,normal,rejected,Vl.n.z. o státním rozpočtu ČR na rok 2026**,,false
psp:hlasovani:86845,86845,10,123,"""2026-03-11T00:00:00.000Z""",88,5,64,34,191,normal,rejected,Vl.n.z. o státním rozpočtu ČR na rok 2026**,,false
psp:hlasovani:86846,86846,10,124,"""2026-03-11T00:00:00.000Z""",88,12,60,31,191,normal,rejected,Vl.n.z. o státním rozpočtu ČR na rok 2026**,,false
psp:hlasovani:86847,86847,10,125,"""2026-03-11T00:00:00.000Z""",51,28,64,48,191,normal,rejected,Vl.n.z. o státním rozpočtu ČR na rok 2026**,,false
psp:hlasovani:86848,86848,10,126,"""2026-03-11T00:00:00.000Z""",80,83,19,9,191,normal,rejected,Vl.n.z. o státním rozpočtu ČR na rok 2026**,,false
psp:hlasovani:86849,86849,10,127,"""2026-03-11T00:00:00.000Z""",87,97,6,1,191,normal,rejected,Vl.n.z. o státním rozpočtu ČR na rok 2026**,,false
psp:hlasovani:86850,86850,10,128,"""2026-03-11T00:00:00.000Z""",87,91,8,5,191,normal,rejected,Vl.n.z. o státním rozpočtu ČR na rok 2026**,,false
psp:hlasovani:86851,86851,10,129,"""2026-03-11T00:00:00.000Z""",88,92,8,3,191,normal,rejected,Vl.n.z. o státním rozpočtu ČR na rok 2026**,,false
psp:hlasovani:86852,86852,10,130,"""2026-03-11T00:00:00.000Z""",88,100,3,0,191,normal,rejected,Vl.n.z. o státním rozpočtu ČR na rok 2026**,,false
psp:hlasovani:86853,86853,10,131,"""2026-03-11T00:00:00.000Z""",70,99,5,17,191,normal,rejected,Vl.n.z. o státním rozpočtu ČR na rok 2026**,,false
psp:hlasovani:86854,86854,10,132,"""2026-03-11T00:00:00.000Z""",86,99,3,3,191,normal,rejected,Vl.n.z. o státním rozpočtu ČR na rok 2026**,,false
psp:hlasovani:86855,86855,10,133,"""2026-03-11T00:00:00.000Z""",83,90,9,9,191,normal,rejected,Vl.n.z. o státním rozpočtu ČR na rok 2026**,,false
psp:hlasovani:86856,86856,10,134,"""2026-03-11T00:00:00.000Z""",87,60,32,12,191,normal,rejected,Vl.n.z. o státním rozpočtu ČR na rok 2026**,,false
psp:hlasovani:86857,86857,10,135,"""2026-03-11T00:00:00.000Z""",88,71,25,7,191,normal,rejected,Vl.n.z. o státním rozpočtu ČR na rok 2026**,,false
psp:hlasovani:86858,86858,10,136,"""2026-03-11T00:00:00.000Z""",87,100,4,0,191,normal,rejected,Vl.n.z. o státním rozpočtu ČR na rok 2026**,,false
psp:hlasovani:86859,86859,10,137,"""2026-03-11T00:00:00.000Z""",88,11,59,33,191,normal,rejected,Vl.n.z. o státním rozpočtu ČR na rok 2026**,,false
psp:hlasovani:86860,86860,10,138,"""2026-03-11T00:00:00.000Z""",88,19,53,31,191,normal,rejected,Vl.n.z. o státním rozpočtu ČR na rok 2026**,,false
psp:hlasovani:86861,86861,10,139,"""2026-03-11T00:00:00.000Z""",85,45,37,24,191,normal,rejected,Vl.n.z. o státním rozpočtu ČR na rok 2026**,,false
psp:hlasovani:86862,86862,10,140,"""2026-03-11T00:00:00.000Z""",87,6,64,34,191,normal,rejected,Vl.n.z. o státním rozpočtu ČR na rok 2026**,,false
psp:hlasovani:86863,86863,10,141,"""2026-03-11T00:00:00.000Z""",87,82,19,3,191,normal,rejected,Vl.n.z. o státním rozpočtu ČR na rok 2026**,,false
psp:hlasovani:86864,86864,10,142,"""2026-03-11T00:00:00.000Z""",88,80,18,5,191,normal,rejected,Vl.n.z. o státním rozpočtu ČR na rok 2026**,,false
psp:hlasovani:86865,86865,10,143,"""2026-03-11T00:00:00.000Z""",87,78,20,6,191,normal,rejected,Vl.n.z. o státním rozpočtu ČR na rok 2026**,,false
psp:hlasovani:86866,86866,10,144,"""2026-03-11T00:00:00.000Z""",86,68,20,17,191,normal,rejected,Vl.n.z. o státním rozpočtu ČR na rok 2026**,,false
psp:hlasovani:86867,86867,10,145,"""2026-03-11T00:00:00.000Z""",88,56,24,23,191,normal,rejected,Vl.n.z. o státním rozpočtu ČR na rok 2026**,,false
psp:hlasovani:86868,86868,10,146,"""2026-03-11T00:00:00.000Z""",87,85,16,3,191,normal,rejected,Vl.n.z. o státním rozpočtu ČR na rok 2026**,,false
psp:hlasovani:86869,86869,10,147,"""2026-03-11T00:00:00.000Z""",177,4,5,5,191,normal,accepted,Vl.n.z. o státním rozpočtu ČR na rok 2026**,,false
psp:hlasovani:86870,86870,10,148,"""2026-03-11T00:00:00.000Z""",88,94,6,3,191,normal,rejected,Vl.n.z. o státním rozpočtu ČR na rok 2026**,,false
psp:hlasovani:86871,86871,10,149,"""2026-03-11T00:00:00.000Z""",88,101,1,1,191,normal,rejected,Vl.n.z. o státním rozpočtu ČR na rok 2026**,,false
psp:hlasovani:86872,86872,10,150,"""2026-03-11T00:00:00.000Z""",47,102,12,30,191,normal,rejected,Vl.n.z. o státním rozpočtu ČR na rok 2026**,,false
psp:hlasovani:86873,86873,10,151,"""2026-03-11T00:00:00.000Z""",72,103,3,13,191,normal,rejected,Vl.n.z. o státním rozpočtu ČR na rok 2026**,,false
psp:hlasovani:86874,86874,10,152,"""2026-03-11T00:00:00.000Z""",69,83,20,19,191,normal,rejected,Vl.n.z. o státním rozpočtu ČR na rok 2026**,,false
psp:hlasovani:86875,86875,10,153,"""2026-03-11T00:00:00.000Z""",87,46,33,25,191,normal,rejected,Vl.n.z. o státním rozpočtu ČR na rok 2026**,,false
psp:hlasovani:86876,86876,10,154,"""2026-03-11T00:00:00.000Z""",87,34,47,23,191,normal,rejected,Vl.n.z. o státním rozpočtu ČR na rok 2026**,,false
psp:hlasovani:86877,86877,10,155,"""2026-03-11T00:00:00.000Z""",88,63,28,12,191,normal,rejected,Vl.n.z. o státním rozpočtu ČR na rok 2026**,,false
psp:hlasovani:86878,86878,10,156,"""2026-03-11T00:00:00.000Z""",51,18,74,48,191,normal,rejected,Vl.n.z. o státním rozpočtu ČR na rok 2026**,,false
psp:hlasovani:86879,86879,10,157,"""2026-03-11T00:00:00.000Z""",87,79,18,7,191,normal,rejected,Vl.n.z. o státním rozpočtu ČR na rok 2026**,,false
psp:hlasovani:86880,86880,10,158,"""2026-03-11T00:00:00.000Z""",88,66,23,14,191,normal,rejected,Vl.n.z. o státním rozpočtu ČR na rok 2026**,,false
psp:hlasovani:86881,86881,10,159,"""2026-03-11T00:00:00.000Z""",88,70,19,14,191,normal,rejected,Vl.n.z. o státním rozpočtu ČR na rok 2026**,,false
psp:hlasovani:86882,86882,10,160,"""2026-03-11T00:00:00.000Z""",88,68,20,15,191,normal,rejected,Vl.n.z. o státním rozpočtu ČR na rok 2026**,,false
psp:hlasovani:86883,86883,10,161,"""2026-03-11T00:00:00.000Z""",87,65,20,19,191,normal,rejected,Vl.n.z. o státním rozpočtu ČR na rok 2026**,,false
psp:hlasovani:86884,86884,10,162,"""2026-03-11T00:00:00.000Z""",87,65,21,18,191,normal,rejected,Vl.n.z. o státním rozpočtu ČR na rok 2026**,,false
psp:hlasovani:86885,86885,10,163,"""2026-03-11T00:00:00.000Z""",69,81,25,16,191,normal,rejected,Vl.n.z. o státním rozpočtu ČR na rok 2026**,,false
psp:hlasovani:86886,86886,10,164,"""2026-03-11T00:00:00.000Z""",88,93,9,1,191,normal,rejected,Vl.n.z. o státním rozpočtu ČR na rok 2026**,,false
psp:hlasovani:86887,86887,10,165,"""2026-03-11T00:00:00.000Z""",88,99,2,2,191,normal,rejected,Vl.n.z. o státním rozpočtu ČR na rok 2026**,,false
psp:hlasovani:86888,86888,10,166,"""2026-03-11T00:00:00.000Z""",87,99,4,1,191,normal,rejected,Vl.n.z. o státním rozpočtu ČR na rok 2026**,,false
psp:hlasovani:86889,86889,10,167,"""2026-03-11T00:00:00.000Z""",88,64,30,9,191,normal,rejected,Vl.n.z. o státním rozpočtu ČR na rok 2026**,,false
psp:hlasovani:86890,86890,10,168,"""2026-03-11T00:00:00.000Z""",85,85,16,5,191,normal,rejected,Vl.n.z. o státním rozpočtu ČR na rok 2026**,,false
psp:hlasovani:86891,86891,10,169,"""2026-03-11T00:00:00.000Z""",86,99,5,1,191,normal,rejected,Vl.n.z. o státním rozpočtu ČR na rok 2026**,,false
psp:hlasovani:86892,86892,10,170,"""2026-03-11T00:00:00.000Z""",86,74,24,7,191,normal,rejected,Vl.n.z. o státním rozpočtu ČR na rok 2026**,,false
psp:hlasovani:86893,86893,10,171,"""2026-03-11T00:00:00.000Z""",87,95,7,2,191,normal,rejected,Vl.n.z. o státním rozpočtu ČR na rok 2026**,,false
psp:hlasovani:86894,86894,10,172,"""2026-03-11T00:00:00.000Z""",187,1,3,0,191,normal,accepted,Vl.n.z. o státním rozpočtu ČR na rok 2026**,,false
psp:hlasovani:86895,86895,10,173,"""2026-03-11T00:00:00.000Z""",188,0,3,0,191,normal,accepted,Vl.n.z. o státním rozpočtu ČR na rok 2026**,,false
psp:hlasovani:86896,86896,10,174,"""2026-03-11T00:00:00.000Z""",190,0,1,0,191,normal,accepted,Vl.n.z. o státním rozpočtu ČR na rok 2026**,,false
psp:hlasovani:86897,86897,10,175,"""2026-03-11T00:00:00.000Z""",189,1,1,0,191,normal,accepted,Vl.n.z. o státním rozpočtu ČR na rok 2026**,,false
psp:hlasovani:86898,86898,10,176,"""2026-03-11T00:00:00.000Z""",87,97,4,3,191,normal,rejected,Vl.n.z. o státním rozpočtu ČR na rok 2026**,,false
psp:hlasovani:86899,86899,10,177,"""2026-03-11T00:00:00.000Z""",84,95,8,4,191,normal,rejected,Vl.n.z. o státním rozpočtu ČR na rok 2026**,,false
psp:hlasovani:86900,86900,10,178,"""2026-03-11T00:00:00.000Z""",62,90,19,20,191,normal,rejected,Vl.n.z. o státním rozpočtu ČR na rok 2026**,,false
psp:hlasovani:86901,86901,10,179,"""2026-03-11T00:00:00.000Z""",63,88,16,24,191,normal,rejected,Vl.n.z. o státním rozpočtu ČR na rok 2026**,,false
psp:hlasovani:86902,86902,10,180,"""2026-03-11T00:00:00.000Z""",85,62,25,19,191,normal,rejected,Vl.n.z. o státním rozpočtu ČR na rok 2026**,,false
psp:hlasovani:86903,86903,10,181,"""2026-03-11T00:00:00.000Z""",60,89,14,28,191,normal,rejected,Vl.n.z. o státním rozpočtu ČR na rok 2026**,,false
psp:hlasovani:86904,86904,10,182,"""2026-03-11T00:00:00.000Z""",85,102,1,3,191,normal,rejected,Vl.n.z. o státním rozpočtu ČR na rok 2026**,,false
psp:hlasovani:86905,86905,10,183,"""2026-03-11T00:00:00.000Z""",44,103,21,22,190,normal,rejected,Vl.n.z. o státním rozpočtu ČR na rok 2026**,,false
psp:hlasovani:86906,86906,10,184,"""2026-03-11T00:00:00.000Z""",88,89,11,3,191,normal,rejected,Vl.n.z. o státním rozpočtu ČR na rok 2026**,,false
psp:hlasovani:86907,86907,10,185,"""2026-03-11T00:00:00.000Z""",76,100,8,7,191,normal,rejected,Vl.n.z. o státním rozpočtu ČR na rok 2026**,,false
psp:hlasovani:86908,86908,10,186,"""2026-03-11T00:00:00.000Z""",58,97,9,27,191,normal,rejected,Vl.n.z. o státním rozpočtu ČR na rok 2026**,,false
psp:hlasovani:86909,86909,10,187,"""2026-03-11T00:00:00.000Z""",88,30,51,22,191,normal,rejected,Vl.n.z. o státním rozpočtu ČR na rok 2026**,,false
psp:hlasovani:86910,86910,10,188,"""2026-03-11T00:00:00.000Z""",38,103,13,37,191,normal,rejected,Vl.n.z. o státním rozpočtu ČR na rok 2026**,,false
psp:hlasovani:86911,86911,10,189,"""2026-03-11T00:00:00.000Z""",53,104,7,27,191,normal,rejected,Vl.n.z. o státním rozpočtu ČR na rok 2026**,,false
psp:hlasovani:86912,86912,10,190,"""2026-03-11T00:00:00.000Z""",88,88,13,2,191,normal,rejected,Vl.n.z. o státním rozpočtu ČR na rok 2026**,,false
psp:hlasovani:86913,86913,10,191,"""2026-03-11T00:00:00.000Z""",80,76,23,12,191,normal,rejected,Vl.n.z. o státním rozpočtu ČR na rok 2026**,,false
psp:hlasovani:86914,86914,10,192,"""2026-03-11T00:00:00.000Z""",88,99,2,2,191,normal,rejected,Vl.n.z. o státním rozpočtu ČR na rok 2026**,,false
psp:hlasovani:86915,86915,10,193,"""2026-03-11T00:00:00.000Z""",85,20,60,26,191,normal,rejected,Vl.n.z. o státním rozpočtu ČR na rok 2026**,,false
psp:hlasovani:86916,86916,10,194,"""2026-03-11T00:00:00.000Z""",86,76,23,6,191,normal,rejected,Vl.n.z. o státním rozpočtu ČR na rok 2026**,,false
psp:hlasovani:86917,86917,10,195,"""2026-03-11T00:00:00.000Z""",85,83,20,3,191,normal,rejected,Vl.n.z. o státním rozpočtu ČR na rok 2026**,,false
psp:hlasovani:86918,86918,10,196,"""2026-03-11T00:00:00.000Z""",70,99,10,12,191,normal,rejected,Vl.n.z. o státním rozpočtu ČR na rok 2026**,,false
psp:hlasovani:86919,86919,10,197,"""2026-03-11T00:00:00.000Z""",86,94,9,2,191,normal,rejected,Vl.n.z. o státním rozpočtu ČR na rok 2026**,,false
psp:hlasovani:86920,86920,10,198,"""2026-03-11T00:00:00.000Z""",87,97,7,0,191,normal,rejected,Vl.n.z. o státním rozpočtu ČR na rok 2026**,,false
psp:hlasovani:86921,86921,10,199,"""2026-03-11T00:00:00.000Z""",86,99,4,2,191,normal,rejected,Vl.n.z. o státním rozpočtu ČR na rok 2026**,,false
psp:hlasovani:86922,86922,10,200,"""2026-03-11T00:00:00.000Z""",87,95,8,1,191,normal,rejected,Vl.n.z. o státním rozpočtu ČR na rok 2026**,,false
psp:hlasovani:86923,86923,10,201,"""2026-03-11T00:00:00.000Z""",88,28,48,27,191,normal,rejected,Vl.n.z. o státním rozpočtu ČR na rok 2026**,,false
psp:hlasovani:86924,86924,10,202,"""2026-03-11T00:00:00.000Z""",87,10,59,35,191,normal,rejected,Vl.n.z. o státním rozpočtu ČR na rok 2026**,,false
psp:hlasovani:86925,86925,10,203,"""2026-03-11T00:00:00.000Z""",79,98,10,4,191,normal,rejected,Vl.n.z. o státním rozpočtu ČR na rok 2026**,,false
psp:hlasovani:86926,86926,10,204,"""2026-03-11T00:00:00.000Z""",83,102,5,1,191,normal,rejected,Vl.n.z. o státním rozpočtu ČR na rok 2026**,,false
psp:hlasovani:86927,86927,10,205,"""2026-03-11T00:00:00.000Z""",78,102,6,5,191,normal,rejected,Vl.n.z. o státním rozpočtu ČR na rok 2026**,,false
psp:hlasovani:86928,86928,10,206,"""2026-03-11T00:00:00.000Z""",88,32,54,17,191,normal,rejected,Vl.n.z. o státním rozpočtu ČR na rok 2026**,,false
psp:hlasovani:86929,86929,10,207,"""2026-03-11T00:00:00.000Z""",88,53,40,10,191,normal,rejected,Vl.n.z. o státním rozpočtu ČR na rok 2026**,,false
psp:hlasovani:86930,86930,10,208,"""2026-03-11T00:00:00.000Z""",87,35,49,20,191,normal,rejected,Vl.n.z. o státním rozpočtu ČR na rok 2026**,,false
psp:hlasovani:86931,86931,10,209,"""2026-03-11T00:00:00.000Z""",88,57,35,11,191,normal,rejected,Vl.n.z. o státním rozpočtu ČR na rok 2026**,,false
psp:hlasovani:86932,86932,10,210,"""2026-03-11T00:00:00.000Z""",87,98,5,1,191,normal,rejected,Vl.n.z. o státním rozpočtu ČR na rok 2026**,,false
psp:hlasovani:86933,86933,10,211,"""2026-03-11T00:00:00.000Z""",88,102,1,0,191,normal,rejected,Vl.n.z. o státním rozpočtu ČR na rok 2026**,,false
psp:hlasovani:86934,86934,10,212,"""2026-03-11T00:00:00.000Z""",163,1,3,24,191,normal,accepted,Vl.n.z. o státním rozpočtu ČR na rok 2026**,,false
psp:hlasovani:86935,86935,10,213,"""2026-03-11T00:00:00.000Z""",87,85,14,5,191,normal,rejected,Vl.n.z. o státním rozpočtu ČR na rok 2026**,,false
psp:hlasovani:86936,86936,10,214,"""2026-03-11T00:00:00.000Z""",80,84,20,7,191,normal,rejected,Vl.n.z. o státním rozpočtu ČR na rok 2026**,,false
psp:hlasovani:86937,86937,10,215,"""2026-03-11T00:00:00.000Z""",87,84,16,4,191,normal,rejected,Vl.n.z. o státním rozpočtu ČR na rok 2026**,,false
psp:hlasovani:86938,86938,10,216,"""2026-03-11T00:00:00.000Z""",63,84,21,23,191,normal,rejected,Vl.n.z. o státním rozpočtu ČR na rok 2026**,,false
psp:hlasovani:86939,86939,10,217,"""2026-03-11T00:00:00.000Z""",87,75,20,9,191,normal,rejected,Vl.n.z. o státním rozpočtu ČR na rok 2026**,,false
psp:hlasovani:86940,86940,10,218,"""2026-03-11T00:00:00.000Z""",87,68,25,11,191,normal,rejected,Vl.n.z. o státním rozpočtu ČR na rok 2026**,,false
psp:hlasovani:86941,86941,10,219,"""2026-03-11T00:00:00.000Z""",65,78,21,27,191,normal,rejected,Vl.n.z. o státním rozpočtu ČR na rok 2026**,,false
psp:hlasovani:86942,86942,10,220,"""2026-03-11T00:00:00.000Z""",88,73,24,6,191,normal,rejected,Vl.n.z. o státním rozpočtu ČR na rok 2026**,,false
psp:hlasovani:86943,86943,10,221,"""2026-03-11T00:00:00.000Z""",85,98,8,0,191,normal,rejected,Vl.n.z. o státním rozpočtu ČR na rok 2026**,,false
psp:hlasovani:86944,86944,10,222,"""2026-03-11T00:00:00.000Z""",87,96,7,0,190,normal,rejected,Vl.n.z. o státním rozpočtu ČR na rok 2026**,,false
psp:hlasovani:86945,86945,10,223,"""2026-03-11T00:00:00.000Z""",79,91,17,4,191,normal,rejected,Vl.n.z. o státním rozpočtu ČR na rok 2026**,,false
psp:hlasovani:86946,86946,10,224,"""2026-03-11T00:00:00.000Z""",88,81,17,5,191,normal,rejected,Vl.n.z. o státním rozpočtu ČR na rok 2026**,,false
psp:hlasovani:86947,86947,10,225,"""2026-03-11T00:00:00.000Z""",86,99,3,3,191,normal,rejected,Vl.n.z. o státním rozpočtu ČR na rok 2026**,,false
psp:hlasovani:86948,86948,10,226,"""2026-03-11T00:00:00.000Z""",88,100,3,0,191,normal,rejected,Vl.n.z. o státním rozpočtu ČR na rok 2026**,,false
psp:hlasovani:86949,86949,10,227,"""2026-03-11T00:00:00.000Z""",62,92,16,21,191,normal,rejected,Vl.n.z. o státním rozpočtu ČR na rok 2026**,,false
psp:hlasovani:86950,86950,10,228,"""2026-03-11T00:00:00.000Z""",63,99,7,22,191,normal,rejected,Vl.n.z. o státním rozpočtu ČR na rok 2026**,,false
psp:hlasovani:86951,86951,10,229,"""2026-03-11T00:00:00.000Z""",86,80,19,6,191,normal,rejected,Vl.n.z. o státním rozpočtu ČR na rok 2026**,,false
psp:hlasovani:86952,86952,10,230,"""2026-03-11T00:00:00.000Z""",86,79,19,7,191,normal,rejected,Vl.n.z. o státním rozpočtu ČR na rok 2026**,,false
psp:hlasovani:86953,86953,10,231,"""2026-03-11T00:00:00.000Z""",84,80,16,11,191,normal,rejected,Vl.n.z. o státním rozpočtu ČR na rok 2026**,,false
psp:hlasovani:86954,86954,10,232,"""2026-03-11T00:00:00.000Z""",87,99,3,2,191,normal,rejected,Vl.n.z. o státním rozpočtu ČR na rok 2026**,,false
psp:hlasovani:86955,86955,10,233,"""2026-03-11T00:00:00.000Z""",62,86,13,30,191,normal,rejected,Vl.n.z. o státním rozpočtu ČR na rok 2026**,,false
psp:hlasovani:86956,86956,10,234,"""2026-03-11T00:00:00.000Z""",85,77,21,8,191,normal,rejected,Vl.n.z. o státním rozpočtu ČR na rok 2026**,,false
psp:hlasovani:86957,86957,10,235,"""2026-03-11T00:00:00.000Z""",104,87,0,0,191,normal,accepted,Vl.n.z. o státním rozpočtu ČR na rok 2026**,,false
psp:hlasovani:86958,86958,10,236,"""2026-03-11T00:00:00.000Z""",143,7,38,3,191,normal,accepted,Vl.n.z. o státním rozpočtu ČR na rok 2026**,,false
psp:hlasovani:86959,86959,10,237,"""2026-03-11T00:00:00.000Z""",86,97,6,2,191,normal,rejected,Vl.n.z. o státním rozpočtu ČR na rok 2026**,,false
psp:hlasovani:86960,86960,10,238,"""2026-03-11T00:00:00.000Z""",86,27,55,23,191,normal,rejected,Vl.n.z. o státním rozpočtu ČR na rok 2026**,,false
psp:hlasovani:86961,86961,10,239,"""2026-03-11T00:00:00.000Z""",142,0,14,11,167,normal,accepted,Návrh rozpočtu SFA na rok 2026**,,false
psp:hlasovani:86962,86962,10,240,"""2026-03-11T00:00:00.000Z""",133,13,18,13,177,normal,accepted,Rozpočet SFDI na rok 2026**,,false
psp:hlasovani:86963,86963,10,241,"""2026-03-11T00:00:00.000Z""",92,32,6,22,152,normal,accepted,Návrh rozpočtu SFPI na rok 2026**,,false
psp:hlasovani:86964,86964,10,242,"""2026-03-11T00:00:00.000Z""",92,12,14,46,164,normal,accepted,Návrh rozpočtu SZIF na rok 2026**,,false
psp:hlasovani:86965,86965,10,243,"""2026-03-11T00:00:00.000Z""",92,49,20,10,171,normal,accepted,Dotační programy zemědělství pro rok 2026**,,false
psp:hlasovani:86966,86966,10,244,"""2026-03-11T00:00:00.000Z""",63,94,14,0,171,normal,rejected,Dotační programy zemědělství pro rok 2026**,,false
psp:hlasovani:86967,86967,10,245,"""2026-03-11T00:00:00.000Z""",58,89,22,0,169,normal,rejected,Rozpočet SFŽP na rok 2026**,,false
psp:hlasovani:86968,86968,10,246,"""2026-03-11T00:00:00.000Z""",90,32,24,23,169,normal,accepted,Rozpočet SFŽP na rok 2026**,,false
psp:hlasovani:86969,86969,10,247,"""2026-03-12T00:00:00.000Z""",114,0,3,0,117,normal,accepted,Pořad schůze,,false
psp:hlasovani:86970,86970,10,248,"""2026-03-12T00:00:00.000Z""",115,0,4,0,119,normal,accepted,Pořad schůze,,false
psp:hlasovani:86971,86971,10,249,"""2026-03-12T00:00:00.000Z""",121,0,5,0,126,normal,accepted,Návrh na změny ve složení orgánů Poslanecké sněmovny,,false
psp:hlasovani:86972,86972,10,250,"""2026-03-12T00:00:00.000Z""",123,0,4,0,127,normal,accepted,Návrh na změny ve složení orgánů Poslanecké sněmovny,,false
psp:hlasovani:86973,86973,10,251,"""2026-03-12T00:00:00.000Z""",127,0,5,0,132,normal,accepted,Návrh Pravidel hospodaření poslaneckých klubů pro rok 2026,,false
psp:hlasovani:86974,86974,10,252,"""2026-03-12T00:00:00.000Z""",130,0,6,0,136,normal,accepted,Návrh ročních odměn za činnost členů kontrolní rady Grantové agentury,,false
psp:hlasovani:86975,86975,10,253,"""2026-03-12T00:00:00.000Z""",126,0,17,0,143,normal,accepted,Vl. n. z. o účetnictví - EU**,,false
psp:hlasovani:86976,86976,10,254,"""2026-03-12T00:00:00.000Z""",129,0,14,0,143,normal,accepted,Vl. n. z. o účetnictví - EU**,,false
psp:hlasovani:86977,86977,10,255,"""2026-03-12T00:00:00.000Z""",127,0,18,0,145,normal,accepted,Vl. n. z. o účetnictví - související - EU**,,false
psp:hlasovani:86978,86978,10,256,"""2026-03-12T00:00:00.000Z""",125,0,20,0,145,normal,accepted,Vl. n. z. o účetnictví - související - EU**,,false
psp:hlasovani:86979,86979,10,257,"""2026-03-12T00:00:00.000Z""",127,0,25,0,152,normal,accepted,Novela z. o silničním provozu - EU**,,false
psp:hlasovani:86980,86980,10,258,"""2026-03-12T00:00:00.000Z""",139,0,15,0,154,normal,accepted,Novela z. o silničním provozu - EU**,,false
psp:hlasovani:86981,86981,10,259,"""2026-03-12T00:00:00.000Z""",54,81,19,0,154,normal,rejected,Novela z. o silničním provozu - EU**,,false
psp:hlasovani:86982,86982,10,260,"""2026-03-12T00:00:00.000Z""",106,8,22,18,154,normal,accepted,Novela z. o silničním provozu - EU**,,false
psp:hlasovani:86983,86983,10,261,"""2026-03-12T00:00:00.000Z""",117,0,35,0,152,normal,accepted,Novela z. o investičních společnostech - EU**,,false
psp:hlasovani:86984,86984,10,262,"""2026-03-12T00:00:00.000Z""",110,0,29,13,152,normal,accepted,Novela z. o investičních společnostech - EU**,,false
psp:hlasovani:86985,86985,10,263,"""2026-03-12T00:00:00.000Z""",107,1,44,0,152,normal,accepted,"Vl. n. z., kterým se mění některé z. v souv.**se smlouvami o fin. služ",,false
psp:hlasovani:86986,86986,12,1,"""2026-03-13T00:00:00.000Z""",115,0,1,0,116,normal,accepted,,,false
psp:hlasovani:86987,86987,12,2,"""2026-03-13T00:00:00.000Z""",85,38,3,3,129,normal,accepted,Pořad schůze,,false
psp:hlasovani:86988,86988,12,3,"""2026-03-13T00:00:00.000Z""",27,86,4,8,125,normal,rejected,Novela z. o podpoře bydlení**,,false
psp:hlasovani:86989,86989,12,4,"""2026-03-13T00:00:00.000Z""",29,81,5,11,126,normal,rejected,Novela z. o podpoře bydlení**,,false
psp:hlasovani:86990,86990,12,5,"""2026-03-13T00:00:00.000Z""",126,0,0,0,126,normal,accepted,Novela z. o podpoře bydlení**,,false
psp:hlasovani:86991,86991,12,6,"""2026-03-13T00:00:00.000Z""",53,0,52,21,126,normal,rejected,Novela z. o podpoře bydlení**,,false
psp:hlasovani:86992,86992,12,7,"""2026-03-13T00:00:00.000Z""",80,40,0,6,126,normal,accepted,Novela z. o podpoře bydlení**,,false
psp:hlasovani:86993,86993,13,1,"""2026-03-24T00:00:00.000Z""",154,0,9,0,163,normal,accepted,,,false
psp:hlasovani:86994,86994,13,2,"""2026-03-24T00:00:00.000Z""",95,35,24,19,173,normal,accepted,Pořad schůze,,false
psp:hlasovani:86995,86995,13,3,"""2026-03-24T00:00:00.000Z""",169,0,1,0,170,normal,accepted,Pořad schůze,,false
psp:hlasovani:86996,86996,13,4,"""2026-03-24T00:00:00.000Z""",96,75,0,3,174,normal,accepted,Pořad schůze,,false
psp:hlasovani:86997,86997,13,5,"""2026-03-24T00:00:00.000Z""",97,25,9,43,174,normal,accepted,Pořad schůze,,false
psp:hlasovani:86998,86998,13,6,"""2026-03-24T00:00:00.000Z""",170,1,1,2,174,normal,accepted,Pořad schůze,,false
psp:hlasovani:86999,86999,13,7,"""2026-03-24T00:00:00.000Z""",77,95,2,0,174,normal,rejected,Pořad schůze,,false
psp:hlasovani:87000,87000,13,8,"""2026-03-24T00:00:00.000Z""",77,97,0,0,174,normal,rejected,Pořad schůze,,false
psp:hlasovani:87001,87001,13,9,"""2026-03-24T00:00:00.000Z""",65,97,4,8,174,normal,rejected,Pořad schůze,,false
psp:hlasovani:87002,87002,13,10,"""2026-03-24T00:00:00.000Z""",56,98,0,20,174,normal,rejected,Pořad schůze,,false
psp:hlasovani:87003,87003,13,11,"""2026-03-24T00:00:00.000Z""",53,99,2,21,175,normal,rejected,Pořad schůze,,false
psp:hlasovani:87004,87004,13,12,"""2026-03-24T00:00:00.000Z""",77,98,0,0,175,normal,rejected,Pořad schůze,,false
psp:hlasovani:87005,87005,13,13,"""2026-03-24T00:00:00.000Z""",76,96,2,1,175,normal,rejected,Pořad schůze,,false
psp:hlasovani:87006,87006,13,14,"""2026-03-24T00:00:00.000Z""",78,93,3,1,175,normal,rejected,Pořad schůze,,false
psp:hlasovani:87007,87007,13,15,"""2026-03-24T00:00:00.000Z""",75,98,2,0,175,normal,rejected,Pořad schůze,,false
psp:hlasovani:87008,87008,13,16,"""2026-03-24T00:00:00.000Z""",63,96,6,10,175,normal,rejected,Pořad schůze,,false
psp:hlasovani:87009,87009,13,17,"""2026-03-24T00:00:00.000Z""",77,97,1,0,175,normal,rejected,Pořad schůze,,false
psp:hlasovani:87010,87010,13,18,"""2026-03-24T00:00:00.000Z""",77,97,1,0,175,normal,rejected,Pořad schůze,,false
psp:hlasovani:87011,87011,13,19,"""2026-03-24T00:00:00.000Z""",77,95,3,0,175,normal,rejected,Pořad schůze,,false
psp:hlasovani:87012,87012,13,20,"""2026-03-24T00:00:00.000Z""",77,92,4,2,175,normal,rejected,Pořad schůze,,false
psp:hlasovani:87013,87013,13,21,"""2026-03-24T00:00:00.000Z""",77,91,5,2,175,normal,rejected,Pořad schůze,,false
psp:hlasovani:87014,87014,13,22,"""2026-03-24T00:00:00.000Z""",75,91,6,3,175,normal,rejected,Pořad schůze,,false
psp:hlasovani:87015,87015,13,23,"""2026-03-24T00:00:00.000Z""",43,38,57,37,175,normal,rejected,Pořad schůze,,false
psp:hlasovani:87016,87016,13,24,"""2026-03-24T00:00:00.000Z""",75,90,8,2,175,normal,rejected,Pořad schůze,,false
psp:hlasovani:87017,87017,13,25,"""2026-03-24T00:00:00.000Z""",56,88,11,20,175,normal,rejected,Pořad schůze,,false
psp:hlasovani:87018,87018,13,26,"""2026-03-24T00:00:00.000Z""",73,60,32,10,175,normal,rejected,Pořad schůze,,false
psp:hlasovani:87019,87019,13,27,"""2026-03-24T00:00:00.000Z""",71,92,10,2,175,normal,rejected,Pořad schůze,,false
psp:hlasovani:87020,87020,13,28,"""2026-03-24T00:00:00.000Z""",74,93,6,2,175,normal,rejected,Pořad schůze,,false
psp:hlasovani:87021,87021,13,29,"""2026-03-24T00:00:00.000Z""",73,96,6,0,175,normal,rejected,Pořad schůze,,false
psp:hlasovani:87022,87022,13,30,"""2026-03-24T00:00:00.000Z""",167,3,2,3,175,normal,accepted,Pořad schůze,,false
psp:hlasovani:87023,87023,13,31,"""2026-03-24T00:00:00.000Z""",160,1,9,5,175,normal,accepted,Pořad schůze,,false
psp:hlasovani:87024,87024,13,32,"""2026-03-24T00:00:00.000Z""",75,94,4,2,175,normal,rejected,Pořad schůze,,false
psp:hlasovani:87025,87025,13,33,"""2026-03-24T00:00:00.000Z""",77,94,3,1,175,normal,rejected,Pořad schůze,,false
psp:hlasovani:87026,87026,13,34,"""2026-03-24T00:00:00.000Z""",76,95,4,0,175,normal,rejected,Pořad schůze,,false
psp:hlasovani:87027,87027,13,35,"""2026-03-24T00:00:00.000Z""",76,90,8,1,175,normal,rejected,Pořad schůze,,false
psp:hlasovani:87028,87028,13,36,"""2026-03-24T00:00:00.000Z""",76,92,6,1,175,normal,rejected,Pořad schůze,,false
psp:hlasovani:87029,87029,13,37,"""2026-03-24T00:00:00.000Z""",64,94,4,13,175,normal,rejected,Pořad schůze,,false
psp:hlasovani:87030,87030,13,38,"""2026-03-24T00:00:00.000Z""",76,94,5,0,175,normal,rejected,Pořad schůze,,false
psp:hlasovani:87031,87031,13,39,"""2026-03-24T00:00:00.000Z""",57,90,9,19,175,normal,rejected,Pořad schůze,,false
psp:hlasovani:87032,87032,13,40,"""2026-03-24T00:00:00.000Z""",77,96,2,0,175,normal,rejected,Pořad schůze,,false
psp:hlasovani:87033,87033,13,41,"""2026-03-24T00:00:00.000Z""",63,74,17,21,175,normal,rejected,Pořad schůze,,false
psp:hlasovani:87034,87034,13,42,"""2026-03-24T00:00:00.000Z""",76,92,7,0,175,normal,rejected,Pořad schůze,,false
psp:hlasovani:87035,87035,13,43,"""2026-03-24T00:00:00.000Z""",77,83,13,2,175,normal,rejected,Pořad schůze,,false
psp:hlasovani:87036,87036,13,44,"""2026-03-24T00:00:00.000Z""",77,95,3,0,175,normal,rejected,Pořad schůze,,false
psp:hlasovani:87037,87037,13,45,"""2026-03-24T00:00:00.000Z""",96,6,19,54,175,normal,accepted,Pořad schůze,,false
psp:hlasovani:87038,87038,13,46,"""2026-03-24T00:00:00.000Z""",5,85,50,31,171,normal,rejected,Novela z. o životním a existenčním minimu**,,false
psp:hlasovani:87039,87039,13,47,"""2026-03-24T00:00:00.000Z""",133,0,36,0,169,normal,accepted,Novela z. o doplňkovém penzijním spoření**,,false
psp:hlasovani:87040,87040,13,48,"""2026-03-24T00:00:00.000Z""",119,3,39,9,170,normal,accepted,Novela z. o doplňkovém penzijním spoření**,,false
psp:hlasovani:87041,87041,13,49,"""2026-03-24T00:00:00.000Z""",115,0,52,0,167,normal,accepted,"Vl. n. z., kterým se mění některé z. v souv.**se smlouvami o fin. služ",,false
psp:hlasovani:87042,87042,13,50,"""2026-03-24T00:00:00.000Z""",117,0,51,0,168,normal,accepted,"Vl. n. z., kterým se mění některé z. v souv.**se smlouvami o fin. služ",,false
psp:hlasovani:87043,87043,13,51,"""2026-03-24T00:00:00.000Z""",106,0,63,0,169,normal,accepted,Novela z. o mezinárodní justiční spolupráci**ve věcech trestních - EU,,false
psp:hlasovani:87044,87044,13,52,"""2026-03-24T00:00:00.000Z""",111,0,56,2,169,normal,accepted,Novela z. o zdrav. prostř. a diagnostických**zdrav. prostř. in vitro -,,false
psp:hlasovani:87045,87045,13,53,"""2026-03-24T00:00:00.000Z""",113,0,52,3,168,normal,accepted,Novela z. o zdrav. prostř. a diagnostických**zdrav. prostř. in vitro -,,false
psp:hlasovani:87046,87046,13,54,"""2026-03-25T00:00:00.000Z""",69,88,16,0,173,normal,rejected,Pořad schůze,,false
psp:hlasovani:87047,87047,13,55,"""2026-03-25T00:00:00.000Z""",73,88,15,0,176,normal,rejected,Pořad schůze,,false
psp:hlasovani:87048,87048,13,56,"""2026-03-25T00:00:00.000Z""",74,90,12,0,176,normal,rejected,Pořad schůze,,false
psp:hlasovani:87049,87049,13,57,"""2026-03-25T00:00:00.000Z""",74,83,17,1,175,normal,rejected,Pořad schůze,,false
psp:hlasovani:87050,87050,13,58,"""2026-03-25T00:00:00.000Z""",59,64,53,0,176,normal,rejected,Pořad schůze,,true
psp:hlasovani:87051,87051,13,59,"""2026-03-25T00:00:00.000Z""",74,87,14,1,176,normal,rejected,Pořad schůze,,false
psp:hlasovani:87052,87052,13,60,"""2026-03-25T00:00:00.000Z""",69,88,13,6,176,normal,rejected,Pořad schůze,,false
psp:hlasovani:87053,87053,13,61,"""2026-03-25T00:00:00.000Z""",76,86,14,0,176,normal,rejected,Pořad schůze,,false
psp:hlasovani:87054,87054,13,62,"""2026-03-25T00:00:00.000Z""",76,87,13,0,176,normal,rejected,Pořad schůze,,false
psp:hlasovani:87055,87055,13,63,"""2026-03-25T00:00:00.000Z""",60,82,20,14,176,normal,rejected,Pořad schůze,,false
psp:hlasovani:87056,87056,13,64,"""2026-03-25T00:00:00.000Z""",76,87,13,0,176,normal,rejected,Pořad schůze,,false
psp:hlasovani:87057,87057,13,65,"""2026-03-25T00:00:00.000Z""",98,30,24,24,176,normal,accepted,Pořad schůze,,false
psp:hlasovani:87058,87058,13,66,"""2026-03-25T00:00:00.000Z""",150,7,19,0,176,normal,accepted,Pořad schůze,,false
psp:hlasovani:87059,87059,13,67,"""2026-03-25T00:00:00.000Z""",89,20,27,40,176,normal,accepted,Pořad schůze,,false
psp:hlasovani:87060,87060,13,68,"""2026-03-25T00:00:00.000Z""",152,3,4,1,160,normal,accepted,Pořad schůze,,false
psp:hlasovani:87061,87061,13,69,"""2026-03-25T00:00:00.000Z""",88,21,13,38,160,normal,accepted,Pořad schůze,,false
psp:hlasovani:87062,87062,13,70,"""2026-03-25T00:00:00.000Z""",1,0,103,0,104,normal,rejected,Novela z. o pojistném na sociální zabezpečení,,false
psp:hlasovani:87063,87063,13,71,"""2026-03-25T00:00:00.000Z""",47,83,12,29,171,normal,rejected,Novela z. o pojistném na sociální zabezpečení,,false
psp:hlasovani:87064,87064,13,72,"""2026-03-25T00:00:00.000Z""",171,0,0,0,171,normal,accepted,Novela z. o pojistném na sociální zabezpečení,,false
psp:hlasovani:87065,87065,13,73,"""2026-03-25T00:00:00.000Z""",131,5,16,19,171,normal,accepted,Novela z. o pojistném na sociální zabezpečení,,false
psp:hlasovani:87066,87066,13,74,"""2026-03-25T00:00:00.000Z""",76,80,12,3,171,normal,rejected,Novela z. o pojistném na sociální zabezpečení,,false
psp:hlasovani:87067,87067,13,75,"""2026-03-25T00:00:00.000Z""",67,96,2,6,171,normal,rejected,Novela z. o pojistném na sociální zabezpečení,,false
psp:hlasovani:87068,87068,13,76,"""2026-03-25T00:00:00.000Z""",60,108,1,3,172,normal,rejected,Novela z. o pojistném na sociální zabezpečení,,false
psp:hlasovani:87069,87069,13,77,"""2026-03-25T00:00:00.000Z""",66,101,1,4,172,normal,rejected,Novela z. o pojistném na sociální zabezpečení,,false
psp:hlasovani:87070,87070,13,78,"""2026-03-25T00:00:00.000Z""",78,81,12,2,173,normal,rejected,Novela z. o pojistném na sociální zabezpečení,,false
psp:hlasovani:87071,87071,13,79,"""2026-03-25T00:00:00.000Z""",110,16,16,29,171,normal,accepted,Novela z. o pojistném na sociální zabezpečení,,false
psp:hlasovani:87072,87072,13,80,"""2026-03-25T00:00:00.000Z""",112,9,18,32,171,normal,accepted,Novela z. o pojistném na sociální zabezpečení,,false
psp:hlasovani:87073,87073,13,81,"""2026-03-25T00:00:00.000Z""",81,3,58,32,174,normal,rejected,Novela z. o pojistném na sociální zabezpečení,,false
psp:hlasovani:87074,87074,13,82,"""2026-03-25T00:00:00.000Z""",154,0,1,1,156,normal,accepted,Novela z. o pojistném na veřejné zdravotní pojištění,,false
psp:hlasovani:87075,87075,13,83,"""2026-03-25T00:00:00.000Z""",55,93,5,7,160,normal,rejected,Novela z. o pojistném na veřejné zdravotní pojištění,,false
psp:hlasovani:87076,87076,13,84,"""2026-03-25T00:00:00.000Z""",137,1,1,22,161,normal,accepted,Novela z. o pojistném na veřejné zdravotní pojištění,,false
psp:hlasovani:87077,87077,13,85,"""2026-03-25T00:00:00.000Z""",48,89,0,24,161,normal,rejected,Novela z. o pojistném na veřejné zdravotní pojištění,,false
psp:hlasovani:87078,87078,13,86,"""2026-03-25T00:00:00.000Z""",93,49,6,13,161,normal,accepted,Novela z. o pojistném na veřejné zdravotní pojištění,,false
psp:hlasovani:87079,87079,13,87,"""2026-03-25T00:00:00.000Z""",73,56,34,2,165,normal,rejected,Návrh na odvolání předsedy Dozorčí rady Státního zemědělského interven,,false
psp:hlasovani:87080,87080,13,88,"""2026-03-25T00:00:00.000Z""",145,1,3,1,150,normal,accepted,Návrh na odvolání předsedy Dozorčí rady Státního zemědělského interven,,false
psp:hlasovani:87081,87081,13,89,"""2026-03-25T00:00:00.000Z""",86,59,5,1,151,normal,accepted,Návrh na odvolání předsedy Dozorčí rady Státního zemědělského interven,,false
psp:hlasovani:87082,87082,13,90,"""2026-03-25T00:00:00.000Z""",88,60,6,2,156,normal,accepted,Návrh na odvolání členů dozorčí rady Státního zemědělského intervenční,,false
psp:hlasovani:87083,87083,13,91,"""2026-03-25T00:00:00.000Z""",87,56,8,8,159,normal,accepted,Návrh na odvolání členů dozorčí rady Státního fondu podpory investic,,false
psp:hlasovani:87084,87084,13,92,"""2026-03-25T00:00:00.000Z""",87,40,12,21,160,normal,accepted,Návrh na odvolání členů dozorčí rady Vinařského fondu,,false
psp:hlasovani:87085,87085,13,93,"""2026-03-25T00:00:00.000Z""",146,10,4,1,161,normal,accepted,Návrh na volbu předsedy dozorčí rady SZIF,,false
psp:hlasovani:87086,87086,13,94,"""2026-03-25T00:00:00.000Z""",142,9,8,2,161,normal,accepted,Návrh na volbu členů dozorčí rady Státního zemědělského intervenčního,,false
psp:hlasovani:87087,87087,13,95,"""2026-03-25T00:00:00.000Z""",147,10,5,0,162,normal,accepted,Návrh na volbu členů dozorčí rady Státního fondu podpory investic,,false
psp:hlasovani:87088,87088,13,96,"""2026-03-25T00:00:00.000Z""",144,11,8,0,163,normal,accepted,Návrh na volbu členů dozorčí rady Vinařského fondu,,false
psp:hlasovani:87089,87089,13,97,"""2026-03-25T00:00:00.000Z""",135,1,3,1,140,normal,accepted,Vl. n. z. o urč. provozoven za účel shrom. důkazů**v trestním řízení -,,false
psp:hlasovani:87090,87090,13,98,"""2026-03-25T00:00:00.000Z""",145,0,1,2,148,normal,accepted,Vl. n. z. o urč. provozoven za účel shrom. důkazů**v trestním řízení -,,false
psp:hlasovani:87091,87091,13,99,"""2026-03-25T00:00:00.000Z""",146,0,2,0,148,normal,accepted,Vl. n. z. o urč. provozoven za účel shrom. důkazů**v trestním řízení -,,false
psp:hlasovani:87092,87092,13,100,"""2026-03-25T00:00:00.000Z""",89,13,18,28,148,normal,accepted,Vl. n. z. o urč. provozoven za účel shrom. důkazů**v trestním řízení -,,false
psp:hlasovani:87093,87093,13,101,"""2026-03-25T00:00:00.000Z""",127,0,23,0,150,normal,accepted,Vl. n. z. ke snížení nákladů na zavádění sítí**el. komunikací - EU,,false
psp:hlasovani:87094,87094,13,102,"""2026-03-25T00:00:00.000Z""",131,0,24,0,155,normal,accepted,Vl. n. z. ke snížení nákl.na zavádění sítí**el. komunikací - souv.,,false
psp:hlasovani:87095,87095,13,103,"""2026-03-25T00:00:00.000Z""",122,0,35,0,157,normal,accepted,Novela z. o ochraně spotřebitele - EU**,,false
psp:hlasovani:87096,87096,13,104,"""2026-03-25T00:00:00.000Z""",119,0,39,0,158,normal,accepted,Vl.n.z. o některých povinn. souvisejících**s opravou výrobku - EU,,false
psp:hlasovani:87097,87097,13,105,"""2026-03-25T00:00:00.000Z""",111,0,51,0,162,normal,accepted,Vl. n. z. o ekodesignu výrobků - EU**,,false
psp:hlasovani:87098,87098,13,106,"""2026-03-25T00:00:00.000Z""",120,0,43,0,163,normal,accepted,Vl. n. z. o ekodesignu výrobků - EU**,,false
psp:hlasovani:87099,87099,13,107,"""2026-03-25T00:00:00.000Z""",133,1,2,0,136,normal,accepted,Návrh na zřízení vyšetřovací komise Poslanecké sněmovny ke kauze Dozim,,false
psp:hlasovani:87100,87100,13,108,"""2026-03-25T00:00:00.000Z""",103,1,10,25,139,normal,accepted,Návrh na zřízení vyšetřovací komise Poslanecké sněmovny ke kauze Dozim,,false
psp:hlasovani:87101,87101,13,109,"""2026-03-25T00:00:00.000Z""",15,4,62,58,139,normal,rejected,Návrh na zřízení vyšetřovací komise Poslanecké sněmovny ke kauze Dozim,,false
psp:hlasovani:87102,87102,13,110,"""2026-03-25T00:00:00.000Z""",89,15,12,23,139,normal,accepted,Návrh na zřízení vyšetřovací komise Poslanecké sněmovny ke kauze Dozim,,false
psp:hlasovani:87103,87103,13,111,"""2026-03-25T00:00:00.000Z""",110,0,2,2,114,normal,accepted,,,false
psp:hlasovani:87104,87104,14,1,"""2026-04-14T00:00:00.000Z""",139,0,2,0,141,normal,accepted,,,false
psp:hlasovani:87105,87105,14,2,"""2026-04-14T00:00:00.000Z""",87,40,6,26,159,normal,accepted,Potvrzení trvání stavu legislativní nouze,,false
psp:hlasovani:87106,87106,14,3,"""2026-04-14T00:00:00.000Z""",94,65,1,7,167,normal,accepted,Potvrzení trvání stavu legislativní nouze,,false
psp:hlasovani:87107,87107,14,4,"""2026-04-14T00:00:00.000Z""",69,81,2,0,152,normal,rejected,Pořad schůze,,false
psp:hlasovani:87108,87108,14,5,"""2026-04-14T00:00:00.000Z""",151,0,3,1,155,normal,accepted,Pořad schůze,,false
psp:hlasovani:87109,87109,14,6,"""2026-04-14T00:00:00.000Z""",155,1,0,0,156,normal,accepted,Pořad schůze,,false
psp:hlasovani:87110,87110,14,7,"""2026-04-14T00:00:00.000Z""",141,6,4,8,159,normal,accepted,Pořad schůze,,false
psp:hlasovani:87111,87111,14,8,"""2026-04-14T00:00:00.000Z""",86,30,5,39,160,normal,accepted,Pořad schůze,,false
psp:hlasovani:87112,87112,14,9,"""2026-04-14T00:00:00.000Z""",108,0,21,31,160,normal,accepted,Pořad schůze,,false
psp:hlasovani:87113,87113,14,10,"""2026-04-14T00:00:00.000Z""",103,25,9,23,160,normal,accepted,Pořad schůze,,false
psp:hlasovani:87114,87114,14,11,"""2026-04-14T00:00:00.000Z""",87,67,2,5,161,normal,accepted,Pořad schůze,,false
psp:hlasovani:87115,87115,14,12,"""2026-04-14T00:00:00.000Z""",88,2,21,50,161,normal,accepted,Pořad schůze,,false
psp:hlasovani:87116,87116,14,13,"""2026-04-14T00:00:00.000Z""",87,0,20,54,161,normal,accepted,Pořad schůze,,false
psp:hlasovani:87117,87117,14,14,"""2026-04-14T00:00:00.000Z""",87,34,15,25,161,normal,accepted,Pořad schůze,,false
psp:hlasovani:87118,87118,14,15,"""2026-04-14T00:00:00.000Z""",87,32,6,36,161,normal,accepted,Pořad schůze,,false
psp:hlasovani:87119,87119,14,16,"""2026-04-14T00:00:00.000Z""",73,85,1,2,161,normal,rejected,Pořad schůze,,false
psp:hlasovani:87120,87120,14,17,"""2026-04-14T00:00:00.000Z""",73,86,2,0,161,normal,rejected,Pořad schůze,,false
psp:hlasovani:87121,87121,14,18,"""2026-04-14T00:00:00.000Z""",74,87,0,0,161,normal,rejected,Pořad schůze,,false
psp:hlasovani:87122,87122,14,19,"""2026-04-14T00:00:00.000Z""",74,86,1,0,161,normal,rejected,Pořad schůze,,false
psp:hlasovani:87123,87123,14,20,"""2026-04-14T00:00:00.000Z""",71,86,4,0,161,normal,rejected,Pořad schůze,,false
psp:hlasovani:87124,87124,14,21,"""2026-04-14T00:00:00.000Z""",70,86,5,0,161,normal,rejected,Pořad schůze,,false
psp:hlasovani:87125,87125,14,22,"""2026-04-14T00:00:00.000Z""",51,89,3,18,161,normal,rejected,Pořad schůze,,false
psp:hlasovani:87126,87126,14,23,"""2026-04-14T00:00:00.000Z""",73,87,0,1,161,normal,rejected,Pořad schůze,,false
psp:hlasovani:87127,87127,14,24,"""2026-04-14T00:00:00.000Z""",73,86,2,0,161,normal,rejected,Pořad schůze,,false
psp:hlasovani:87128,87128,14,25,"""2026-04-14T00:00:00.000Z""",75,87,0,0,162,normal,rejected,Pořad schůze,,false
psp:hlasovani:87129,87129,14,26,"""2026-04-14T00:00:00.000Z""",74,85,3,0,162,normal,rejected,Pořad schůze,,false
psp:hlasovani:87130,87130,14,27,"""2026-04-14T00:00:00.000Z""",74,85,3,0,162,normal,rejected,Pořad schůze,,false
psp:hlasovani:87131,87131,14,28,"""2026-04-14T00:00:00.000Z""",75,85,1,1,162,normal,rejected,Pořad schůze,,false
psp:hlasovani:87132,87132,14,29,"""2026-04-14T00:00:00.000Z""",53,83,8,18,162,normal,rejected,Pořad schůze,,false
psp:hlasovani:87133,87133,14,30,"""2026-04-14T00:00:00.000Z""",73,78,3,8,162,normal,rejected,Pořad schůze,,false
psp:hlasovani:87134,87134,14,31,"""2026-04-14T00:00:00.000Z""",74,79,5,4,162,normal,rejected,Pořad schůze,,false
psp:hlasovani:87135,87135,14,32,"""2026-04-14T00:00:00.000Z""",74,87,1,1,163,normal,rejected,Pořad schůze,,false
psp:hlasovani:87136,87136,14,33,"""2026-04-14T00:00:00.000Z""",68,87,1,7,163,normal,rejected,Pořad schůze,,false
psp:hlasovani:87137,87137,14,34,"""2026-04-14T00:00:00.000Z""",74,87,2,0,163,normal,rejected,Pořad schůze,,false
psp:hlasovani:87138,87138,14,35,"""2026-04-14T00:00:00.000Z""",73,76,8,6,163,normal,rejected,Pořad schůze,,false
psp:hlasovani:87139,87139,14,36,"""2026-04-14T00:00:00.000Z""",74,87,2,0,163,normal,rejected,Pořad schůze,,false
psp:hlasovani:87140,87140,14,37,"""2026-04-14T00:00:00.000Z""",58,80,6,18,162,normal,rejected,Pořad schůze,,false
psp:hlasovani:87141,87141,14,38,"""2026-04-14T00:00:00.000Z""",70,82,7,4,163,normal,rejected,Pořad schůze,,false
psp:hlasovani:87142,87142,14,39,"""2026-04-14T00:00:00.000Z""",73,86,3,1,163,normal,rejected,Pořad schůze,,false
psp:hlasovani:87143,87143,14,40,"""2026-04-14T00:00:00.000Z""",73,84,6,0,163,normal,rejected,Pořad schůze,,false
psp:hlasovani:87144,87144,14,41,"""2026-04-14T00:00:00.000Z""",74,86,3,0,163,normal,rejected,Pořad schůze,,false
psp:hlasovani:87145,87145,14,42,"""2026-04-14T00:00:00.000Z""",74,86,2,1,163,normal,rejected,Pořad schůze,,false
psp:hlasovani:87146,87146,14,43,"""2026-04-14T00:00:00.000Z""",73,83,3,4,163,normal,rejected,Pořad schůze,,false
psp:hlasovani:87147,87147,14,44,"""2026-04-14T00:00:00.000Z""",75,87,1,0,163,normal,rejected,Pořad schůze,,false
psp:hlasovani:87148,87148,14,45,"""2026-04-14T00:00:00.000Z""",74,65,24,0,163,normal,rejected,Pořad schůze,,true
psp:hlasovani:87149,87149,14,46,"""2026-04-14T00:00:00.000Z""",73,85,4,1,163,normal,rejected,Pořad schůze,,false
psp:hlasovani:87150,87150,14,47,"""2026-04-14T00:00:00.000Z""",88,37,6,32,163,normal,accepted,Pořad schůze,,false
psp:hlasovani:87151,87151,14,48,"""2026-04-14T00:00:00.000Z""",79,51,2,7,139,normal,accepted,Posouzení podmínek pro projednání ST 163 ve zkráceném jednání,,false
psp:hlasovani:87152,87152,14,49,"""2026-04-14T00:00:00.000Z""",100,0,1,0,101,normal,accepted,Novela z. o cenách**,,false
psp:hlasovani:87153,87153,14,50,"""2026-04-14T00:00:00.000Z""",64,89,1,0,154,normal,rejected,Novela z. o cenách**,,false
psp:hlasovani:87154,87154,14,51,"""2026-04-15T00:00:00.000Z""",160,0,1,2,163,normal,accepted,Novela z. o cenách**,,false
psp:hlasovani:87155,87155,14,52,"""2026-04-15T00:00:00.000Z""",72,90,1,0,163,normal,rejected,Novela z. o cenách**,,false
psp:hlasovani:87156,87156,14,53,"""2026-04-15T00:00:00.000Z""",72,90,0,1,163,normal,rejected,Novela z. o cenách**,,false
psp:hlasovani:87157,87157,14,54,"""2026-04-15T00:00:00.000Z""",69,91,1,2,163,normal,rejected,Novela z. o cenách**,,false
psp:hlasovani:87158,87158,14,55,"""2026-04-15T00:00:00.000Z""",70,91,0,2,163,normal,rejected,Novela z. o cenách**,,false
psp:hlasovani:87159,87159,14,56,"""2026-04-15T00:00:00.000Z""",70,92,0,1,163,normal,rejected,Novela z. o cenách**,,false
psp:hlasovani:87160,87160,14,57,"""2026-04-15T00:00:00.000Z""",72,91,0,0,163,normal,rejected,Novela z. o cenách**,,false
psp:hlasovani:87161,87161,14,58,"""2026-04-15T00:00:00.000Z""",91,68,0,3,162,normal,accepted,Novela z. o cenách**,,false
psp:hlasovani:87162,87162,14,59,"""2026-04-15T00:00:00.000Z""",150,4,7,1,162,normal,accepted,Novela z. o cenách**,,false
psp:hlasovani:87163,87163,14,60,"""2026-04-15T00:00:00.000Z""",90,67,0,1,158,normal,accepted,Novela z. o cenách**,,false
psp:hlasovani:87164,87164,14,61,"""2026-04-15T00:00:00.000Z""",90,9,4,26,129,normal,accepted,,,false
psp:hlasovani:87165,87165,14,62,"""2026-04-15T00:00:00.000Z""",111,5,20,15,151,normal,accepted,Pořad schůze,,false
psp:hlasovani:87166,87166,14,63,"""2026-04-15T00:00:00.000Z""",54,84,13,0,151,normal,rejected,Pořad schůze,,false
psp:hlasovani:87167,87167,14,64,"""2026-04-15T00:00:00.000Z""",54,86,11,0,151,normal,rejected,Pořad schůze,,false
psp:hlasovani:87168,87168,14,65,"""2026-04-15T00:00:00.000Z""",57,86,8,0,151,normal,rejected,Pořad schůze,,false
psp:hlasovani:87169,87169,14,66,"""2026-04-15T00:00:00.000Z""",58,84,9,1,152,normal,rejected,Pořad schůze,,false
psp:hlasovani:87170,87170,14,67,"""2026-04-15T00:00:00.000Z""",66,88,0,0,154,normal,rejected,"Vl.n.z., kt. se mění některé z. v oblasti veřejných rozpočtů",,false
psp:hlasovani:87171,87171,14,68,"""2026-04-15T00:00:00.000Z""",93,50,0,0,143,normal,accepted,"Vl.n.z., kt. se mění některé z. v oblasti veřejných rozpočtů",,false
psp:hlasovani:87172,87172,14,69,"""2026-04-15T00:00:00.000Z""",114,0,3,0,117,normal,accepted,Vl. n. z. o vstupu a pobytu cizinců**,,false
psp:hlasovani:87173,87173,14,70,"""2026-04-15T00:00:00.000Z""",54,103,10,5,172,normal,rejected,Novela z. o státních svátcích**,,false
psp:hlasovani:87174,87174,14,71,"""2026-04-15T00:00:00.000Z""",107,34,7,25,173,normal,accepted,Novela z. o státních svátcích**,,false
psp:hlasovani:87175,87175,15,1,"""2026-04-16T00:00:00.000Z""",124,2,2,0,128,normal,accepted,,,false
psp:hlasovani:87176,87176,14,72,"""2026-04-17T00:00:00.000Z""",63,81,1,0,145,normal,rejected,Pořad schůze,,false
psp:hlasovani:87177,87177,14,73,"""2026-04-17T00:00:00.000Z""",50,82,1,12,145,normal,rejected,Pořad schůze,,false
psp:hlasovani:87178,87178,14,74,"""2026-04-17T00:00:00.000Z""",63,82,2,0,147,normal,rejected,Pořad schůze,,false
psp:hlasovani:87179,87179,14,75,"""2026-04-17T00:00:00.000Z""",63,79,3,3,148,normal,rejected,Pořad schůze,,false
psp:hlasovani:87180,87180,14,76,"""2026-04-17T00:00:00.000Z""",65,80,3,0,148,normal,rejected,Pořad schůze,,false
psp:hlasovani:87181,87181,14,77,"""2026-04-17T00:00:00.000Z""",31,44,34,40,149,normal,rejected,Pořad schůze,,false
psp:hlasovani:87182,87182,14,78,"""2026-04-17T00:00:00.000Z""",113,0,0,2,115,normal,accepted,Návrh zákona o státních zaměstnancích**,,false
psp:hlasovani:87183,87183,14,79,"""2026-04-21T00:00:00.000Z""",85,60,3,13,161,normal,accepted,,,false
psp:hlasovani:87184,87184,14,80,"""2026-04-21T00:00:00.000Z""",161,1,0,0,162,normal,accepted,Pořad schůze,,false
psp:hlasovani:87185,87185,14,81,"""2026-04-21T00:00:00.000Z""",107,4,7,48,166,normal,accepted,Pořad schůze,,false
psp:hlasovani:87186,87186,14,82,"""2026-04-21T00:00:00.000Z""",91,75,0,1,167,normal,accepted,Pořad schůze,,false
psp:hlasovani:87187,87187,14,83,"""2026-04-21T00:00:00.000Z""",137,1,7,25,170,normal,accepted,Pořad schůze,,false
psp:hlasovani:87188,87188,14,84,"""2026-04-21T00:00:00.000Z""",134,1,12,23,170,normal,accepted,Pořad schůze,,false
psp:hlasovani:87189,87189,14,85,"""2026-04-21T00:00:00.000Z""",161,1,1,7,170,normal,accepted,Pořad schůze,,false
psp:hlasovani:87190,87190,14,86,"""2026-04-21T00:00:00.000Z""",93,48,2,27,170,normal,accepted,Pořad schůze,,false
psp:hlasovani:87191,87191,14,87,"""2026-04-21T00:00:00.000Z""",151,0,6,13,170,normal,accepted,Pořad schůze,,false
psp:hlasovani:87192,87192,14,88,"""2026-04-21T00:00:00.000Z""",92,34,16,28,170,normal,accepted,Pořad schůze,,false
psp:hlasovani:87193,87193,14,89,"""2026-04-21T00:00:00.000Z""",92,77,1,0,170,normal,accepted,Pořad schůze,,false
psp:hlasovani:87194,87194,14,90,"""2026-04-21T00:00:00.000Z""",168,0,2,0,170,normal,accepted,Pořad schůze,,false
psp:hlasovani:87195,87195,14,91,"""2026-04-21T00:00:00.000Z""",78,92,0,0,170,normal,rejected,Pořad schůze,,false
psp:hlasovani:87196,87196,14,92,"""2026-04-21T00:00:00.000Z""",78,91,1,0,170,normal,rejected,Pořad schůze,,false
psp:hlasovani:87197,87197,14,93,"""2026-04-21T00:00:00.000Z""",78,92,0,0,170,normal,rejected,Pořad schůze,,false
psp:hlasovani:87198,87198,14,94,"""2026-04-21T00:00:00.000Z""",76,92,1,1,170,normal,rejected,Pořad schůze,,false
psp:hlasovani:87199,87199,14,95,"""2026-04-21T00:00:00.000Z""",78,61,19,12,170,normal,rejected,Pořad schůze,,false
psp:hlasovani:87200,87200,14,96,"""2026-04-21T00:00:00.000Z""",77,92,1,0,170,normal,rejected,Pořad schůze,,false
psp:hlasovani:87201,87201,14,97,"""2026-04-21T00:00:00.000Z""",75,92,3,0,170,normal,rejected,Pořad schůze,,false
psp:hlasovani:87202,87202,14,98,"""2026-04-21T00:00:00.000Z""",75,91,3,0,169,normal,rejected,Pořad schůze,,false
psp:hlasovani:87203,87203,14,99,"""2026-04-21T00:00:00.000Z""",76,91,2,0,169,normal,rejected,Pořad schůze,,false
psp:hlasovani:87204,87204,14,100,"""2026-04-21T00:00:00.000Z""",74,91,4,0,169,normal,rejected,Pořad schůze,,false
psp:hlasovani:87205,87205,14,101,"""2026-04-21T00:00:00.000Z""",76,89,4,0,169,normal,rejected,Pořad schůze,,false
psp:hlasovani:87206,87206,14,102,"""2026-04-21T00:00:00.000Z""",76,88,4,1,169,normal,rejected,Pořad schůze,,false
psp:hlasovani:87207,87207,14,103,"""2026-04-21T00:00:00.000Z""",74,90,5,0,169,normal,rejected,Pořad schůze,,false
psp:hlasovani:87208,87208,14,104,"""2026-04-21T00:00:00.000Z""",75,90,4,0,169,normal,rejected,Pořad schůze,,false
psp:hlasovani:87209,87209,14,105,"""2026-04-21T00:00:00.000Z""",77,87,5,0,169,normal,rejected,Pořad schůze,,false
psp:hlasovani:87210,87210,14,106,"""2026-04-21T00:00:00.000Z""",76,87,6,0,169,normal,rejected,Pořad schůze,,false
psp:hlasovani:87211,87211,14,107,"""2026-04-21T00:00:00.000Z""",71,91,2,5,169,normal,rejected,Pořad schůze,,false
psp:hlasovani:87212,87212,14,108,"""2026-04-21T00:00:00.000Z""",77,91,1,0,169,normal,rejected,Pořad schůze,,false
psp:hlasovani:87213,87213,14,109,"""2026-04-21T00:00:00.000Z""",76,90,3,0,169,normal,rejected,Pořad schůze,,false
psp:hlasovani:87214,87214,14,110,"""2026-04-21T00:00:00.000Z""",76,89,3,1,169,normal,rejected,Pořad schůze,,false
psp:hlasovani:87215,87215,14,111,"""2026-04-21T00:00:00.000Z""",74,90,3,2,169,normal,rejected,Pořad schůze,,false
psp:hlasovani:87216,87216,14,112,"""2026-04-21T00:00:00.000Z""",76,89,4,0,169,normal,rejected,Pořad schůze,,false
psp:hlasovani:87217,87217,14,113,"""2026-04-21T00:00:00.000Z""",76,91,4,0,171,normal,rejected,Pořad schůze,,false
psp:hlasovani:87218,87218,14,114,"""2026-04-21T00:00:00.000Z""",77,90,4,0,171,normal,rejected,Pořad schůze,,false
psp:hlasovani:87219,87219,14,115,"""2026-04-21T00:00:00.000Z""",71,89,12,0,172,normal,rejected,Pořad schůze,,false
psp:hlasovani:87220,87220,14,116,"""2026-04-21T00:00:00.000Z""",77,90,4,1,172,normal,rejected,Pořad schůze,,false
psp:hlasovani:87221,87221,14,117,"""2026-04-21T00:00:00.000Z""",142,0,0,0,142,normal,accepted,N. časového harm. projednávání vládního návrhu st. závěrečného účtu ČR,,false
psp:hlasovani:87222,87222,14,118,"""2026-04-21T00:00:00.000Z""",57,89,3,6,155,normal,rejected,Novela z. - trestní zákoník**,,false
psp:hlasovani:87223,87223,14,119,"""2026-04-21T00:00:00.000Z""",154,0,2,0,156,normal,accepted,Novela z. - trestní zákoník**,,false
psp:hlasovani:87224,87224,14,120,"""2026-04-21T00:00:00.000Z""",67,0,58,32,157,normal,rejected,Novela z. - trestní zákoník**,,false
psp:hlasovani:87225,87225,14,121,"""2026-04-22T00:00:00.000Z""",66,77,19,0,162,normal,rejected,Pořad schůze,,false
psp:hlasovani:87226,87226,14,122,"""2026-04-22T00:00:00.000Z""",69,82,13,0,164,normal,rejected,Pořad schůze,,false
psp:hlasovani:87227,87227,14,123,"""2026-04-22T00:00:00.000Z""",68,84,13,0,165,normal,rejected,Pořad schůze,,false
psp:hlasovani:87228,87228,14,124,"""2026-04-22T00:00:00.000Z""",70,83,12,0,165,normal,rejected,Pořad schůze,,false
psp:hlasovani:87229,87229,14,125,"""2026-04-22T00:00:00.000Z""",69,83,12,1,165,normal,rejected,Pořad schůze,,false
psp:hlasovani:87230,87230,14,126,"""2026-04-22T00:00:00.000Z""",66,83,15,1,165,normal,rejected,Pořad schůze,,false
psp:hlasovani:87231,87231,14,127,"""2026-04-22T00:00:00.000Z""",70,84,12,0,166,normal,rejected,Pořad schůze,,false
psp:hlasovani:87232,87232,14,128,"""2026-04-22T00:00:00.000Z""",70,84,12,0,166,normal,rejected,Pořad schůze,,false
psp:hlasovani:87233,87233,14,129,"""2026-04-22T00:00:00.000Z""",66,83,12,5,166,normal,rejected,Pořad schůze,,false
psp:hlasovani:87234,87234,14,130,"""2026-04-22T00:00:00.000Z""",70,84,12,0,166,normal,rejected,Pořad schůze,,false
psp:hlasovani:87235,87235,14,131,"""2026-04-22T00:00:00.000Z""",71,84,11,0,166,normal,rejected,Pořad schůze,,false
psp:hlasovani:87236,87236,14,132,"""2026-04-22T00:00:00.000Z""",70,83,13,0,166,normal,rejected,Pořad schůze,,false
psp:hlasovani:87237,87237,14,133,"""2026-04-22T00:00:00.000Z""",71,85,10,0,166,normal,rejected,Pořad schůze,,false
psp:hlasovani:87238,87238,14,134,"""2026-04-22T00:00:00.000Z""",68,80,17,1,166,normal,rejected,Pořad schůze,,false
psp:hlasovani:87239,87239,14,135,"""2026-04-22T00:00:00.000Z""",70,82,15,0,167,normal,rejected,Pořad schůze,,false
psp:hlasovani:87240,87240,14,136,"""2026-04-22T00:00:00.000Z""",72,88,0,2,162,normal,rejected,"N. z., kterým se zrušuje nominační zákon**",,false
psp:hlasovani:87241,87241,14,137,"""2026-04-22T00:00:00.000Z""",74,88,0,0,162,normal,rejected,"N. z., kterým se zrušuje nominační zákon**",,false
psp:hlasovani:87242,87242,14,138,"""2026-04-22T00:00:00.000Z""",139,22,1,2,164,normal,accepted,"N. z., kterým se zrušuje nominační zákon**",,false
psp:hlasovani:87243,87243,14,139,"""2026-04-22T00:00:00.000Z""",66,88,1,9,164,normal,rejected,"N. z., kterým se zrušuje nominační zákon**",,false
psp:hlasovani:87244,87244,14,140,"""2026-04-22T00:00:00.000Z""",122,0,0,0,122,normal,accepted,Novela z. o státní sociální podpoře**,,false
psp:hlasovani:87245,87245,14,141,"""2026-04-22T00:00:00.000Z""",143,0,1,0,144,normal,accepted,Novela z. o státní sociální podpoře**,,false
psp:hlasovani:87246,87246,14,142,"""2026-04-22T00:00:00.000Z""",116,0,10,18,144,normal,accepted,Novela z. o státní sociální podpoře**,,false
psp:hlasovani:87247,87247,14,143,"""2026-04-22T00:00:00.000Z""",122,0,23,1,146,normal,accepted,Novela z. o sociálních službách**,,false
psp:hlasovani:87248,87248,14,144,"""2026-04-22T00:00:00.000Z""",135,0,15,0,150,normal,accepted,Novela z. o sociálních službách**,,false
psp:hlasovani:87249,87249,14,145,"""2026-04-22T00:00:00.000Z""",114,0,19,18,151,normal,accepted,Novela z. o sociálních službách**,,false
psp:hlasovani:87250,87250,14,146,"""2026-04-23T00:00:00.000Z""",69,0,16,0,85,normal,accepted,Odpověď na písemnou interpelaci**P. Hladíka na P. Macinku,,false
psp:hlasovani:87251,87251,14,147,"""2026-04-23T00:00:00.000Z""",65,0,20,0,85,normal,accepted,Odpověď na písemnou interpelaci**P. Hladíka na P. Macinku,,false
psp:hlasovani:87252,87252,14,148,"""2026-04-23T00:00:00.000Z""",67,0,19,0,86,normal,accepted,Odpověď na písemnou interpelaci**P. Hladíka na P. Macinku,,false
psp:hlasovani:87253,87253,14,149,"""2026-04-23T00:00:00.000Z""",70,0,28,0,98,normal,accepted,Odpověď na písemnou interpelaci**E. Šrámkové na A. Vojtěcha,,false
psp:hlasovani:87254,87254,14,150,"""2026-04-23T00:00:00.000Z""",79,0,21,0,100,normal,accepted,Odpověď na písemnou interpelaci**K. Haase na P. Macinku,,false
psp:hlasovani:87255,87255,14,151,"""2026-04-23T00:00:00.000Z""",65,1,35,0,101,normal,accepted,Odpověď na písemnou interpelaci**M. Jurečky na I. Bednárika,,false
psp:hlasovani:87256,87256,14,152,"""2026-04-23T00:00:00.000Z""",74,0,26,0,100,normal,accepted,Odpověď na písemnou interpelaci**E. Šrámkové na M. Šebestyána,,false
psp:hlasovani:87257,87257,14,153,"""2026-04-23T00:00:00.000Z""",99,15,10,3,127,normal,accepted,Pořad schůze,,false
psp:hlasovani:87258,87258,14,154,"""2026-04-23T00:00:00.000Z""",110,0,15,3,128,normal,accepted,Pořad schůze,,false
psp:hlasovani:87259,87259,14,155,"""2026-04-23T00:00:00.000Z""",123,0,3,0,126,normal,accepted,Pořad schůze,,false
psp:hlasovani:87260,87260,14,156,"""2026-04-23T00:00:00.000Z""",105,13,4,4,126,normal,accepted,Pořad schůze,,false
psp:hlasovani:87261,87261,14,157,"""2026-04-23T00:00:00.000Z""",126,0,1,1,128,normal,accepted,Pořad schůze,,false
psp:hlasovani:87262,87262,14,158,"""2026-04-23T00:00:00.000Z""",121,1,6,0,128,normal,accepted,Pořad schůze,,false
psp:hlasovani:87263,87263,14,159,"""2026-04-23T00:00:00.000Z""",57,71,1,0,129,normal,rejected,Pořad schůze,,false
psp:hlasovani:87264,87264,14,160,"""2026-04-23T00:00:00.000Z""",56,73,1,0,130,normal,rejected,Pořad schůze,,false
psp:hlasovani:87265,87265,14,161,"""2026-04-23T00:00:00.000Z""",56,73,1,0,130,normal,rejected,Pořad schůze,,false
psp:hlasovani:87266,87266,14,162,"""2026-04-23T00:00:00.000Z""",134,0,0,0,134,normal,accepted,Novela z. o spotřebitelském úvěru**,,false
psp:hlasovani:87267,87267,14,163,"""2026-04-23T00:00:00.000Z""",82,34,6,12,134,normal,accepted,Novela z. o spotřebitelském úvěru**,,false
psp:hlasovani:87268,87268,14,164,"""2026-04-23T00:00:00.000Z""",111,0,10,0,121,normal,accepted,Návrh nařízení Rady - postupy financování**a využívání diverzif. strat,,false
psp:hlasovani:87269,87269,14,165,"""2026-04-23T00:00:00.000Z""",121,0,11,1,133,normal,accepted,Novela z. o volbách do zastupitelstev obcí**,,false
psp:hlasovani:87270,87270,14,166,"""2026-04-23T00:00:00.000Z""",121,0,2,0,123,normal,accepted,Novela z. o volbách do zastupitelstev obcí**,,false
psp:hlasovani:87271,87271,14,167,"""2026-04-23T00:00:00.000Z""",105,0,21,0,126,normal,accepted,Sml. mezi ČR a SR o přeshraniční spol. v oblasti zdravotnické záchrann,,false
psp:hlasovani:87272,87272,14,168,"""2026-04-24T00:00:00.000Z""",94,47,0,0,141,normal,accepted,Potvrzení trvání stavu legislativní nouze,,false
psp:hlasovani:87273,87273,14,169,"""2026-04-24T00:00:00.000Z""",94,50,0,0,144,normal,accepted,Pořad schůze,,false
psp:hlasovani:87274,87274,14,170,"""2026-04-24T00:00:00.000Z""",95,50,0,0,145,normal,accepted,Pořad schůze,,false
psp:hlasovani:87275,87275,14,171,"""2026-04-24T00:00:00.000Z""",50,94,3,0,147,normal,rejected,Pořad schůze,,false
psp:hlasovani:87276,87276,14,172,"""2026-04-24T00:00:00.000Z""",29,99,3,16,147,normal,rejected,Pořad schůze,,false
psp:hlasovani:87277,87277,14,173,"""2026-04-24T00:00:00.000Z""",25,95,7,21,148,normal,rejected,Pořad schůze,,false
psp:hlasovani:87278,87278,14,174,"""2026-04-24T00:00:00.000Z""",31,96,2,19,148,normal,rejected,Pořad schůze,,false
psp:hlasovani:87279,87279,14,175,"""2026-04-24T00:00:00.000Z""",52,98,0,0,150,normal,rejected,Pořad schůze,,false
psp:hlasovani:87280,87280,14,176,"""2026-04-24T00:00:00.000Z""",48,91,11,2,152,normal,rejected,Pořad schůze,,false
psp:hlasovani:87281,87281,14,177,"""2026-04-24T00:00:00.000Z""",53,99,0,0,152,normal,rejected,Pořad schůze,,false
psp:hlasovani:87282,87282,14,178,"""2026-04-24T00:00:00.000Z""",53,100,0,0,153,normal,rejected,Pořad schůze,,false
psp:hlasovani:87283,87283,14,179,"""2026-04-24T00:00:00.000Z""",53,98,2,0,153,normal,rejected,Pořad schůze,,false
psp:hlasovani:87284,87284,14,180,"""2026-04-24T00:00:00.000Z""",53,98,2,0,153,normal,rejected,Pořad schůze,,false
psp:hlasovani:87285,87285,14,181,"""2026-04-24T00:00:00.000Z""",53,98,2,0,153,normal,rejected,Pořad schůze,,false
psp:hlasovani:87286,87286,14,182,"""2026-04-24T00:00:00.000Z""",53,100,0,0,153,normal,rejected,Pořad schůze,,false
psp:hlasovani:87287,87287,14,183,"""2026-04-24T00:00:00.000Z""",53,100,1,1,155,normal,rejected,Pořad schůze,,false
psp:hlasovani:87288,87288,14,184,"""2026-04-24T00:00:00.000Z""",54,100,1,0,155,normal,rejected,Pořad schůze,,false
psp:hlasovani:87289,87289,14,185,"""2026-04-24T00:00:00.000Z""",53,100,2,0,155,normal,rejected,Pořad schůze,,false
psp:hlasovani:87290,87290,14,186,"""2026-04-24T00:00:00.000Z""",52,20,51,32,155,normal,rejected,Pořad schůze,,false
psp:hlasovani:87291,87291,14,187,"""2026-04-24T00:00:00.000Z""",53,101,1,0,155,normal,rejected,Pořad schůze,,false
psp:hlasovani:87292,87292,14,188,"""2026-04-24T00:00:00.000Z""",54,100,1,1,156,normal,rejected,Pořad schůze,,false
psp:hlasovani:87293,87293,14,189,"""2026-04-24T00:00:00.000Z""",54,98,3,1,156,normal,rejected,Pořad schůze,,false
psp:hlasovani:87294,87294,14,190,"""2026-04-24T00:00:00.000Z""",54,99,3,0,156,normal,rejected,Pořad schůze,,false
psp:hlasovani:87295,87295,14,191,"""2026-04-24T00:00:00.000Z""",4,29,123,0,156,normal,rejected,Pořad schůze,,true
psp:hlasovani:87296,87296,14,192,"""2026-04-24T00:00:00.000Z""",54,100,2,0,156,normal,rejected,Pořad schůze,,false
psp:hlasovani:87297,87297,14,193,"""2026-04-24T00:00:00.000Z""",102,45,0,0,147,normal,accepted,Novela z. o cenách,,false
psp:hlasovani:87298,87298,14,194,"""2026-04-24T00:00:00.000Z""",112,2,13,18,145,normal,accepted,Novela z. o cenách,,false
psp:hlasovani:87299,87299,16,1,"""2026-05-05T00:00:00.000Z""",139,0,2,0,141,normal,accepted,,,false
psp:hlasovani:87300,87300,16,2,"""2026-05-05T00:00:00.000Z""",85,61,0,5,151,normal,accepted,Pořad schůze,,false
psp:hlasovani:87301,87301,16,3,"""2026-05-05T00:00:00.000Z""",140,1,2,0,143,normal,accepted,Pořad schůze,,false
psp:hlasovani:87302,87302,16,4,"""2026-05-05T00:00:00.000Z""",23,40,49,36,148,normal,rejected,Pořad schůze,,false
psp:hlasovani:87303,87303,16,5,"""2026-05-05T00:00:00.000Z""",87,67,0,1,155,normal,accepted,Pořad schůze,,false
psp:hlasovani:87304,87304,16,6,"""2026-05-05T00:00:00.000Z""",88,67,0,1,156,normal,accepted,Pořad schůze,,false
psp:hlasovani:87305,87305,16,7,"""2026-05-05T00:00:00.000Z""",66,87,1,2,156,normal,rejected,Pořad schůze,,false
psp:hlasovani:87306,87306,16,8,"""2026-05-05T00:00:00.000Z""",46,85,6,20,157,normal,rejected,Pořad schůze,,false
psp:hlasovani:87307,87307,16,9,"""2026-05-05T00:00:00.000Z""",68,88,1,0,157,normal,rejected,Pořad schůze,,false
psp:hlasovani:87308,87308,16,10,"""2026-05-05T00:00:00.000Z""",67,88,1,1,157,normal,rejected,Pořad schůze,,false
psp:hlasovani:87309,87309,16,11,"""2026-05-05T00:00:00.000Z""",68,88,0,1,157,normal,rejected,Pořad schůze,,false
psp:hlasovani:87310,87310,16,12,"""2026-05-05T00:00:00.000Z""",67,87,1,2,157,normal,rejected,Pořad schůze,,false
psp:hlasovani:87311,87311,16,13,"""2026-05-05T00:00:00.000Z""",43,89,5,20,157,normal,rejected,Pořad schůze,,false
psp:hlasovani:87312,87312,16,14,"""2026-05-05T00:00:00.000Z""",68,88,1,0,157,normal,rejected,Pořad schůze,,false
psp:hlasovani:87313,87313,16,15,"""2026-05-05T00:00:00.000Z""",68,87,2,0,157,normal,rejected,Pořad schůze,,false
psp:hlasovani:87314,87314,16,16,"""2026-05-05T00:00:00.000Z""",68,88,1,0,157,normal,rejected,Pořad schůze,,false
psp:hlasovani:87315,87315,16,17,"""2026-05-05T00:00:00.000Z""",69,85,3,0,157,normal,rejected,Pořad schůze,,false
psp:hlasovani:87316,87316,16,18,"""2026-05-05T00:00:00.000Z""",69,86,2,0,157,normal,rejected,Pořad schůze,,false
psp:hlasovani:87317,87317,16,19,"""2026-05-05T00:00:00.000Z""",68,86,3,0,157,normal,rejected,Pořad schůze,,false
psp:hlasovani:87318,87318,16,20,"""2026-05-05T00:00:00.000Z""",70,86,1,1,158,normal,rejected,Pořad schůze,,false
psp:hlasovani:87319,87319,16,21,"""2026-05-05T00:00:00.000Z""",69,87,2,0,158,normal,rejected,Pořad schůze,,false
psp:hlasovani:87320,87320,16,22,"""2026-05-05T00:00:00.000Z""",69,87,0,2,158,normal,rejected,Pořad schůze,,false
psp:hlasovani:87321,87321,16,23,"""2026-05-05T00:00:00.000Z""",70,88,0,0,158,normal,rejected,Pořad schůze,,false
psp:hlasovani:87322,87322,16,24,"""2026-05-05T00:00:00.000Z""",69,87,2,0,158,normal,rejected,Pořad schůze,,false
psp:hlasovani:87323,87323,16,25,"""2026-05-05T00:00:00.000Z""",52,64,26,17,159,normal,rejected,Pořad schůze,,false
psp:hlasovani:87324,87324,16,26,"""2026-05-05T00:00:00.000Z""",69,87,3,0,159,normal,rejected,Pořad schůze,,false
psp:hlasovani:87325,87325,16,27,"""2026-05-05T00:00:00.000Z""",71,83,4,1,159,normal,rejected,Pořad schůze,,false
psp:hlasovani:87326,87326,16,28,"""2026-05-05T00:00:00.000Z""",70,87,2,0,159,normal,rejected,Pořad schůze,,false
psp:hlasovani:87327,87327,16,29,"""2026-05-05T00:00:00.000Z""",71,88,0,0,159,normal,rejected,Pořad schůze,,false
psp:hlasovani:87328,87328,16,30,"""2026-05-05T00:00:00.000Z""",70,86,3,0,159,normal,rejected,Pořad schůze,,false
psp:hlasovani:87329,87329,16,31,"""2026-05-05T00:00:00.000Z""",71,86,2,0,159,normal,rejected,Pořad schůze,,false
psp:hlasovani:87330,87330,16,32,"""2026-05-05T00:00:00.000Z""",71,86,2,0,159,normal,rejected,Pořad schůze,,false
psp:hlasovani:87331,87331,16,33,"""2026-05-05T00:00:00.000Z""",57,88,1,13,159,normal,rejected,Pořad schůze,,false
psp:hlasovani:87332,87332,16,34,"""2026-05-05T00:00:00.000Z""",89,67,1,2,159,normal,accepted,Pořad schůze,,false
psp:hlasovani:87333,87333,16,35,"""2026-05-05T00:00:00.000Z""",46,75,7,12,140,normal,rejected,Stanovisko vládní koalice ke sjezdu Sudetoněmeckého landsmanšaftu v Br,,false
psp:hlasovani:87334,87334,16,36,"""2026-05-05T00:00:00.000Z""",43,76,10,14,143,normal,rejected,Stanovisko vládní koalice ke sjezdu Sudetoněmeckého landsmanšaftu v Br,,false
psp:hlasovani:87335,87335,16,37,"""2026-05-05T00:00:00.000Z""",47,73,14,12,146,normal,rejected,Stanovisko vládní koalice ke sjezdu Sudetoněmeckého landsmanšaftu v Br,,false
psp:hlasovani:87336,87336,16,38,"""2026-05-05T00:00:00.000Z""",54,73,8,11,146,normal,rejected,Stanovisko vládní koalice ke sjezdu Sudetoněmeckého landsmanšaftu v Br,,false
psp:hlasovani:87337,87337,16,39,"""2026-05-05T00:00:00.000Z""",21,78,20,29,148,normal,rejected,Stanovisko vládní koalice ke sjezdu Sudetoněmeckého landsmanšaftu v Br,,false
psp:hlasovani:87338,87338,16,40,"""2026-05-05T00:00:00.000Z""",66,80,2,0,148,normal,rejected,Stanovisko vládní koalice ke sjezdu Sudetoněmeckého landsmanšaftu v Br,,false
psp:hlasovani:87339,87339,16,41,"""2026-05-05T00:00:00.000Z""",46,69,7,8,130,normal,rejected,Stanovisko vládní koalice ke sjezdu Sudetoněmeckého landsmanšaftu v Br,,false
psp:hlasovani:87340,87340,16,42,"""2026-05-05T00:00:00.000Z""",47,76,5,5,133,normal,rejected,Stanovisko vládní koalice ke sjezdu Sudetoněmeckého landsmanšaftu v Br,,false
psp:hlasovani:87341,87341,16,43,"""2026-05-05T00:00:00.000Z""",50,77,8,4,139,normal,rejected,Stanovisko vládní koalice ke sjezdu Sudetoněmeckého landsmanšaftu v Br,,false
psp:hlasovani:87342,87342,16,44,"""2026-05-05T00:00:00.000Z""",57,81,2,0,140,normal,rejected,Stanovisko vládní koalice ke sjezdu Sudetoněmeckého landsmanšaftu v Br,,false
psp:hlasovani:87343,87343,16,45,"""2026-05-05T00:00:00.000Z""",44,76,11,16,147,normal,rejected,Stanovisko vládní koalice ke sjezdu Sudetoněmeckého landsmanšaftu v Br,,false
psp:hlasovani:87344,87344,16,46,"""2026-05-05T00:00:00.000Z""",58,77,10,2,147,normal,rejected,Stanovisko vládní koalice ke sjezdu Sudetoněmeckého landsmanšaftu v Br,,false
psp:hlasovani:87345,87345,16,47,"""2026-05-05T00:00:00.000Z""",53,78,9,7,147,normal,rejected,Stanovisko vládní koalice ke sjezdu Sudetoněmeckého landsmanšaftu v Br,,false
psp:hlasovani:87346,87346,16,48,"""2026-05-05T00:00:00.000Z""",62,82,3,0,147,normal,rejected,Stanovisko vládní koalice ke sjezdu Sudetoněmeckého landsmanšaftu v Br,,false
psp:hlasovani:87347,87347,16,49,"""2026-05-06T00:00:00.000Z""",109,1,1,6,117,normal,accepted,Stanovisko vládní koalice ke sjezdu Sudetoněmeckého landsmanšaftu v Br,,false
psp:hlasovani:87348,87348,17,1,"""2026-05-06T00:00:00.000Z""",64,0,39,0,103,normal,accepted,,,true
psp:hlasovani:87349,87349,17,2,"""2026-05-06T00:00:00.000Z""",95,0,14,0,109,normal,accepted,,,true
psp:hlasovani:87350,87350,17,3,"""2026-05-06T00:00:00.000Z""",111,1,1,0,113,normal,accepted,,,false
psp:hlasovani:87351,87351,17,4,"""2026-05-06T00:00:00.000Z""",80,61,0,0,141,normal,accepted,Pořad schůze,,false
psp:hlasovani:87352,87352,17,5,"""2026-05-06T00:00:00.000Z""",71,16,13,18,118,normal,accepted,Novela ústav. z. - Ústava ČR**,,false
psp:hlasovani:87353,87353,16,50,"""2026-05-06T00:00:00.000Z""",76,12,11,31,130,normal,accepted,Pořad schůze,,false
psp:hlasovani:87354,87354,16,51,"""2026-05-06T00:00:00.000Z""",127,0,0,0,127,normal,accepted,Pořad schůze,,false
psp:hlasovani:87355,87355,16,52,"""2026-05-06T00:00:00.000Z""",127,0,2,0,129,normal,accepted,Pořad schůze,,false
psp:hlasovani:87356,87356,16,53,"""2026-05-06T00:00:00.000Z""",129,0,0,0,129,normal,accepted,Pořad schůze,,false
psp:hlasovani:87357,87357,16,54,"""2026-05-06T00:00:00.000Z""",51,30,32,18,131,normal,rejected,Pořad schůze,,false
psp:hlasovani:87358,87358,16,55,"""2026-05-06T00:00:00.000Z""",52,29,37,14,132,normal,rejected,Pořad schůze,,false
psp:hlasovani:87359,87359,16,56,"""2026-05-06T00:00:00.000Z""",53,23,34,23,133,normal,rejected,Pořad schůze,,false
psp:hlasovani:87360,87360,16,57,"""2026-05-06T00:00:00.000Z""",53,73,6,0,132,normal,rejected,Pořad schůze,,false
psp:hlasovani:87361,87361,16,58,"""2026-05-06T00:00:00.000Z""",52,77,4,0,133,normal,rejected,Pořad schůze,,false
psp:hlasovani:87362,87362,16,59,"""2026-05-06T00:00:00.000Z""",53,76,3,1,133,normal,rejected,Pořad schůze,,false
psp:hlasovani:87363,87363,16,60,"""2026-05-06T00:00:00.000Z""",52,73,8,0,133,normal,rejected,Pořad schůze,,false
psp:hlasovani:87364,87364,16,61,"""2026-05-06T00:00:00.000Z""",54,74,5,0,133,normal,rejected,Pořad schůze,,false
psp:hlasovani:87365,87365,16,62,"""2026-05-06T00:00:00.000Z""",51,77,5,0,133,normal,rejected,Pořad schůze,,false
psp:hlasovani:87366,87366,16,63,"""2026-05-06T00:00:00.000Z""",54,78,1,0,133,normal,rejected,Pořad schůze,,false
psp:hlasovani:87367,87367,16,64,"""2026-05-06T00:00:00.000Z""",53,79,1,0,133,normal,rejected,Pořad schůze,,false
psp:hlasovani:87368,87368,16,65,"""2026-05-06T00:00:00.000Z""",53,73,5,2,133,normal,rejected,Pořad schůze,,false
psp:hlasovani:87369,87369,16,66,"""2026-05-06T00:00:00.000Z""",110,0,23,0,133,normal,accepted,Novela z. - stavební zákon**,,false
psp:hlasovani:87370,87370,16,67,"""2026-05-06T00:00:00.000Z""",123,0,11,0,134,normal,accepted,Novela z. - stavební zákon**,,false
psp:hlasovani:87371,87371,16,68,"""2026-05-06T00:00:00.000Z""",63,0,11,1,75,normal,accepted,Novela z. o státní sociální podpoře,,true
psp:hlasovani:87372,87372,16,69,"""2026-05-06T00:00:00.000Z""",100,1,0,2,103,normal,accepted,Novela z. o státní sociální podpoře,,false
psp:hlasovani:87373,87373,16,70,"""2026-05-06T00:00:00.000Z""",111,0,0,1,112,normal,accepted,Novela z. o sociálních službách,,false
psp:hlasovani:87374,87374,16,71,"""2026-05-06T00:00:00.000Z""",101,9,3,0,113,normal,accepted,,,false
psp:hlasovani:87375,87375,17,6,"""2026-05-13T00:00:00.000Z""",94,59,0,0,153,normal,accepted,,,false
psp:hlasovani:87376,87376,17,7,"""2026-05-13T00:00:00.000Z""",94,42,6,11,153,normal,accepted,,,false
psp:hlasovani:87377,87377,18,1,"""2026-05-14T00:00:00.000Z""",70,0,3,0,73,normal,accepted,,,false
psp:hlasovani:87378,87378,18,2,"""2026-05-14T00:00:00.000Z""",73,0,4,0,77,normal,accepted,Pořad schůze,,false
psp:hlasovani:87379,87379,18,3,"""2026-05-14T00:00:00.000Z""",75,0,3,0,78,normal,accepted,Stanovisko vládní koalice ke sjezdu Sudetoněmeckého landsmanšaftu v Br,,false
psp:hlasovani:87380,87380,18,4,"""2026-05-14T00:00:00.000Z""",73,0,4,0,77,normal,accepted,Stanovisko vládní koalice ke sjezdu Sudetoněmeckého landsmanšaftu v Br,,false
psp:hlasovani:87381,87381,19,1,"""2026-05-15T00:00:00.000Z""",95,1,9,0,105,normal,accepted,,,false
psp:hlasovani:87382,87382,19,2,"""2026-05-15T00:00:00.000Z""",128,0,10,0,138,normal,accepted,Pořad schůze,,false
psp:hlasovani:87383,87383,19,3,"""2026-05-15T00:00:00.000Z""",146,0,4,0,150,normal,accepted,Novela z. o státní sociální podpoře,,false
psp:hlasovani:87384,87384,19,4,"""2026-05-15T00:00:00.000Z""",44,67,16,23,150,normal,rejected,Novela z. o státní sociální podpoře,,false
psp:hlasovani:87385,87385,19,5,"""2026-05-15T00:00:00.000Z""",42,74,17,17,150,normal,rejected,Novela z. o státní sociální podpoře,,false
psp:hlasovani:87386,87386,19,6,"""2026-05-15T00:00:00.000Z""",46,14,50,40,150,normal,rejected,Novela z. o státní sociální podpoře,,false
psp:hlasovani:87387,87387,19,7,"""2026-05-15T00:00:00.000Z""",128,0,10,13,151,normal,accepted,Novela z. o státní sociální podpoře,,false
psp:hlasovani:87388,87388,19,8,"""2026-05-15T00:00:00.000Z""",148,0,3,0,151,normal,accepted,Novela z. o sociálních službách,,false
psp:hlasovani:87389,87389,19,9,"""2026-05-15T00:00:00.000Z""",41,8,59,43,151,normal,rejected,Novela z. o sociálních službách,,false
psp:hlasovani:87390,87390,19,10,"""2026-05-15T00:00:00.000Z""",43,5,61,42,151,normal,rejected,Novela z. o sociálních službách,,false
psp:hlasovani:87391,87391,19,11,"""2026-05-15T00:00:00.000Z""",43,3,61,44,151,normal,rejected,Novela z. o sociálních službách,,false
psp:hlasovani:87392,87392,19,12,"""2026-05-15T00:00:00.000Z""",43,6,60,42,151,normal,rejected,Novela z. o sociálních službách,,false
psp:hlasovani:87393,87393,19,13,"""2026-05-15T00:00:00.000Z""",147,0,3,1,151,normal,accepted,Novela z. o sociálních službách,,false
psp:hlasovani:87394,87394,19,14,"""2026-05-15T00:00:00.000Z""",132,0,9,10,151,normal,accepted,Novela z. o sociálních službách,,false
psp:hlasovani:87395,87395,17,8,"""2026-05-15T00:00:00.000Z""",88,57,0,0,145,normal,accepted,,,false
psp:hlasovani:87396,87396,17,9,"""2026-05-15T00:00:00.000Z""",87,65,0,0,152,normal,accepted,"Vl.n.z., kt. se mění některé z. v oblasti veřejných rozpočtů",,false
psp:hlasovani:87397,87397,17,10,"""2026-05-15T00:00:00.000Z""",68,89,2,0,159,normal,rejected,"Vl.n.z., kt. se mění některé z. v oblasti veřejných rozpočtů",,false
psp:hlasovani:87398,87398,17,11,"""2026-05-15T00:00:00.000Z""",67,91,1,0,159,normal,rejected,"Vl.n.z., kt. se mění některé z. v oblasti veřejných rozpočtů",,false
psp:hlasovani:87399,87399,17,12,"""2026-05-15T00:00:00.000Z""",156,0,2,1,159,normal,accepted,"Vl.n.z., kt. se mění některé z. v oblasti veřejných rozpočtů",,false
psp:hlasovani:87400,87400,17,13,"""2026-05-15T00:00:00.000Z""",92,2,14,51,159,normal,accepted,"Vl.n.z., kt. se mění některé z. v oblasti veřejných rozpočtů",,false
psp:hlasovani:87401,87401,17,14,"""2026-05-15T00:00:00.000Z""",68,91,0,0,159,normal,rejected,"Vl.n.z., kt. se mění některé z. v oblasti veřejných rozpočtů",,false
psp:hlasovani:87402,87402,17,15,"""2026-05-15T00:00:00.000Z""",52,90,6,11,159,normal,rejected,"Vl.n.z., kt. se mění některé z. v oblasti veřejných rozpočtů",,false
psp:hlasovani:87403,87403,17,16,"""2026-05-15T00:00:00.000Z""",56,90,3,10,159,normal,rejected,"Vl.n.z., kt. se mění některé z. v oblasti veřejných rozpočtů",,false
psp:hlasovani:87404,87404,17,17,"""2026-05-15T00:00:00.000Z""",67,91,1,0,159,normal,rejected,"Vl.n.z., kt. se mění některé z. v oblasti veřejných rozpočtů",,false
psp:hlasovani:87405,87405,17,18,"""2026-05-15T00:00:00.000Z""",67,91,1,0,159,normal,rejected,"Vl.n.z., kt. se mění některé z. v oblasti veřejných rozpočtů",,false
psp:hlasovani:87406,87406,17,19,"""2026-05-15T00:00:00.000Z""",68,90,1,0,159,normal,rejected,"Vl.n.z., kt. se mění některé z. v oblasti veřejných rozpočtů",,false
psp:hlasovani:87407,87407,17,20,"""2026-05-15T00:00:00.000Z""",41,98,2,18,159,normal,rejected,"Vl.n.z., kt. se mění některé z. v oblasti veřejných rozpočtů",,false
psp:hlasovani:87408,87408,17,21,"""2026-05-15T00:00:00.000Z""",68,91,0,0,159,normal,rejected,"Vl.n.z., kt. se mění některé z. v oblasti veřejných rozpočtů",,true
psp:hlasovani:87409,87409,17,22,"""2026-05-15T00:00:00.000Z""",68,90,1,0,159,normal,rejected,"Vl.n.z., kt. se mění některé z. v oblasti veřejných rozpočtů",,true
psp:hlasovani:87410,87410,17,23,"""2026-05-15T00:00:00.000Z""",68,91,0,0,159,normal,rejected,"Vl.n.z., kt. se mění některé z. v oblasti veřejných rozpočtů",,false
psp:hlasovani:87411,87411,17,24,"""2026-05-15T00:00:00.000Z""",67,91,1,0,159,normal,rejected,"Vl.n.z., kt. se mění některé z. v oblasti veřejných rozpočtů",,false
psp:hlasovani:87412,87412,17,25,"""2026-05-15T00:00:00.000Z""",67,91,1,0,159,normal,rejected,"Vl.n.z., kt. se mění některé z. v oblasti veřejných rozpočtů",,false
psp:hlasovani:87413,87413,17,26,"""2026-05-15T00:00:00.000Z""",67,90,2,0,159,normal,rejected,"Vl.n.z., kt. se mění některé z. v oblasti veřejných rozpočtů",,false
psp:hlasovani:87414,87414,17,27,"""2026-05-15T00:00:00.000Z""",68,90,1,0,159,normal,rejected,"Vl.n.z., kt. se mění některé z. v oblasti veřejných rozpočtů",,false
psp:hlasovani:87415,87415,17,28,"""2026-05-15T00:00:00.000Z""",68,90,1,0,159,normal,rejected,"Vl.n.z., kt. se mění některé z. v oblasti veřejných rozpočtů",,false
psp:hlasovani:87416,87416,17,29,"""2026-05-15T00:00:00.000Z""",92,52,6,9,159,normal,accepted,"Vl.n.z., kt. se mění některé z. v oblasti veřejných rozpočtů",,false
psp:hlasovani:87417,87417,17,30,"""2026-05-15T00:00:00.000Z""",90,53,5,11,159,normal,accepted,"Vl.n.z., kt. se mění některé z. v oblasti veřejných rozpočtů",,false
psp:hlasovani:87418,87418,17,31,"""2026-05-15T00:00:00.000Z""",68,90,1,0,159,normal,rejected,"Vl.n.z., kt. se mění některé z. v oblasti veřejných rozpočtů",,false
psp:hlasovani:87419,87419,17,32,"""2026-05-15T00:00:00.000Z""",66,91,2,0,159,normal,rejected,"Vl.n.z., kt. se mění některé z. v oblasti veřejných rozpočtů",,false
psp:hlasovani:87420,87420,17,33,"""2026-05-15T00:00:00.000Z""",67,90,2,0,159,normal,rejected,"Vl.n.z., kt. se mění některé z. v oblasti veřejných rozpočtů",,false
psp:hlasovani:87421,87421,17,34,"""2026-05-15T00:00:00.000Z""",68,91,0,0,159,normal,rejected,"Vl.n.z., kt. se mění některé z. v oblasti veřejných rozpočtů",,false
psp:hlasovani:87422,87422,17,35,"""2026-05-15T00:00:00.000Z""",68,91,0,0,159,normal,rejected,"Vl.n.z., kt. se mění některé z. v oblasti veřejných rozpočtů",,false
psp:hlasovani:87423,87423,17,36,"""2026-05-15T00:00:00.000Z""",68,90,1,0,159,normal,rejected,"Vl.n.z., kt. se mění některé z. v oblasti veřejných rozpočtů",,false
psp:hlasovani:87424,87424,17,37,"""2026-05-15T00:00:00.000Z""",68,90,1,0,159,normal,rejected,"Vl.n.z., kt. se mění některé z. v oblasti veřejných rozpočtů",,false
psp:hlasovani:87425,87425,17,38,"""2026-05-15T00:00:00.000Z""",67,90,2,0,159,normal,rejected,"Vl.n.z., kt. se mění některé z. v oblasti veřejných rozpočtů",,false
psp:hlasovani:87426,87426,17,39,"""2026-05-15T00:00:00.000Z""",68,90,1,0,159,normal,rejected,"Vl.n.z., kt. se mění některé z. v oblasti veřejných rozpočtů",,false
psp:hlasovani:87427,87427,17,40,"""2026-05-15T00:00:00.000Z""",68,90,1,0,159,normal,rejected,"Vl.n.z., kt. se mění některé z. v oblasti veřejných rozpočtů",,false
psp:hlasovani:87428,87428,17,41,"""2026-05-15T00:00:00.000Z""",91,67,1,0,159,normal,accepted,"Vl.n.z., kt. se mění některé z. v oblasti veřejných rozpočtů",,false
psp:hlasovani:87429,87429,17,42,"""2026-05-15T00:00:00.000Z""",90,69,0,0,159,normal,accepted,"Vl.n.z., kt. se mění některé z. v oblasti veřejných rozpočtů",,false
psp:hlasovani:87430,87430,17,43,"""2026-05-15T00:00:00.000Z""",91,68,0,0,159,normal,accepted,"Vl.n.z., kt. se mění některé z. v oblasti veřejných rozpočtů",,false
psp:hlasovani:87431,87431,17,44,"""2026-05-15T00:00:00.000Z""",68,90,0,0,158,normal,rejected,"Vl.n.z., kt. se mění některé z. v oblasti veřejných rozpočtů",,false
psp:hlasovani:87432,87432,17,45,"""2026-05-15T00:00:00.000Z""",82,3,13,33,131,normal,accepted,,,false
psp:hlasovani:87433,87433,20,1,"""2026-05-26T00:00:00.000Z""",145,0,4,0,149,normal,accepted,,,false
psp:hlasovani:87434,87434,20,2,"""2026-05-26T00:00:00.000Z""",96,64,1,0,161,normal,accepted,Pořad schůze,,false
psp:hlasovani:87435,87435,20,3,"""2026-05-26T00:00:00.000Z""",165,0,0,1,166,normal,accepted,Pořad schůze,,false
psp:hlasovani:87436,87436,20,4,"""2026-05-26T00:00:00.000Z""",110,52,0,4,166,normal,accepted,Pořad schůze,,false
psp:hlasovani:87437,87437,20,5,"""2026-05-26T00:00:00.000Z""",99,70,0,0,169,normal,accepted,Pořad schůze,,false
psp:hlasovani:87438,87438,20,6,"""2026-05-26T00:00:00.000Z""",99,70,0,0,169,normal,accepted,Pořad schůze,,false
psp:hlasovani:87439,87439,20,7,"""2026-05-26T00:00:00.000Z""",103,70,0,0,173,normal,accepted,Pořad schůze,,false
psp:hlasovani:87440,87440,20,8,"""2026-05-26T00:00:00.000Z""",101,27,16,29,173,normal,accepted,Pořad schůze,,false
psp:hlasovani:87441,87441,20,9,"""2026-05-26T00:00:00.000Z""",71,100,2,0,173,normal,rejected,Pořad schůze,,false
psp:hlasovani:87442,87442,20,10,"""2026-05-26T00:00:00.000Z""",64,102,2,5,173,normal,rejected,Pořad schůze,,false
psp:hlasovani:87443,87443,20,11,"""2026-05-26T00:00:00.000Z""",52,102,3,16,173,normal,rejected,Pořad schůze,,false
psp:hlasovani:87444,87444,20,12,"""2026-05-26T00:00:00.000Z""",70,99,3,1,173,normal,rejected,Pořad schůze,,false
psp:hlasovani:87445,87445,20,13,"""2026-05-26T00:00:00.000Z""",74,100,1,0,175,normal,rejected,Pořad schůze,,false
psp:hlasovani:87446,87446,20,14,"""2026-05-26T00:00:00.000Z""",75,96,4,0,175,normal,rejected,Pořad schůze,,false
psp:hlasovani:87447,87447,20,15,"""2026-05-26T00:00:00.000Z""",73,101,2,0,176,normal,rejected,Pořad schůze,,false
psp:hlasovani:87448,87448,20,16,"""2026-05-26T00:00:00.000Z""",73,103,0,0,176,normal,rejected,Pořad schůze,,false
psp:hlasovani:87449,87449,20,17,"""2026-05-26T00:00:00.000Z""",71,101,2,2,176,normal,rejected,Pořad schůze,,false
psp:hlasovani:87450,87450,20,18,"""2026-05-26T00:00:00.000Z""",72,102,2,0,176,normal,rejected,Pořad schůze,,false
psp:hlasovani:87451,87451,20,19,"""2026-05-26T00:00:00.000Z""",72,100,4,0,176,normal,rejected,Pořad schůze,,false
psp:hlasovani:87452,87452,20,20,"""2026-05-26T00:00:00.000Z""",73,98,5,0,176,normal,rejected,Pořad schůze,,false
psp:hlasovani:87453,87453,20,21,"""2026-05-26T00:00:00.000Z""",73,98,5,0,176,normal,rejected,Pořad schůze,,false
psp:hlasovani:87454,87454,20,22,"""2026-05-26T00:00:00.000Z""",69,100,7,0,176,normal,rejected,Pořad schůze,,false
psp:hlasovani:87455,87455,20,23,"""2026-05-26T00:00:00.000Z""",73,100,3,0,176,normal,rejected,Pořad schůze,,false
psp:hlasovani:87456,87456,20,24,"""2026-05-26T00:00:00.000Z""",73,101,2,0,176,normal,rejected,Pořad schůze,,false
psp:hlasovani:87457,87457,20,25,"""2026-05-26T00:00:00.000Z""",72,103,1,0,176,normal,rejected,Pořad schůze,,false
psp:hlasovani:87458,87458,20,26,"""2026-05-26T00:00:00.000Z""",72,102,2,0,176,normal,rejected,Pořad schůze,,false
psp:hlasovani:87459,87459,20,27,"""2026-05-26T00:00:00.000Z""",73,103,0,0,176,normal,rejected,Pořad schůze,,false
psp:hlasovani:87460,87460,20,28,"""2026-05-26T00:00:00.000Z""",72,102,2,0,176,normal,rejected,Pořad schůze,,false
psp:hlasovani:87461,87461,20,29,"""2026-05-26T00:00:00.000Z""",82,8,27,59,176,normal,rejected,Pořad schůze,,false
psp:hlasovani:87462,87462,20,30,"""2026-05-26T00:00:00.000Z""",73,102,1,0,176,normal,rejected,Pořad schůze,,false
psp:hlasovani:87463,87463,20,31,"""2026-05-26T00:00:00.000Z""",69,100,4,3,176,normal,rejected,Pořad schůze,,false
psp:hlasovani:87464,87464,20,32,"""2026-05-26T00:00:00.000Z""",73,101,2,0,176,normal,rejected,Pořad schůze,,false
psp:hlasovani:87465,87465,20,33,"""2026-05-26T00:00:00.000Z""",71,99,6,0,176,normal,rejected,Pořad schůze,,false
psp:hlasovani:87466,87466,20,34,"""2026-05-26T00:00:00.000Z""",71,101,3,1,176,normal,rejected,Pořad schůze,,false
psp:hlasovani:87467,87467,20,35,"""2026-05-26T00:00:00.000Z""",71,100,4,1,176,normal,rejected,Pořad schůze,,false
psp:hlasovani:87468,87468,20,36,"""2026-05-26T00:00:00.000Z""",73,101,2,0,176,normal,rejected,Pořad schůze,,false
psp:hlasovani:87469,87469,20,37,"""2026-05-26T00:00:00.000Z""",71,102,3,0,176,normal,rejected,Pořad schůze,,false
psp:hlasovani:87470,87470,20,38,"""2026-05-26T00:00:00.000Z""",73,101,1,1,176,normal,rejected,Pořad schůze,,false
psp:hlasovani:87471,87471,20,39,"""2026-05-26T00:00:00.000Z""",72,102,2,0,176,normal,rejected,Pořad schůze,,false
psp:hlasovani:87472,87472,20,40,"""2026-05-26T00:00:00.000Z""",71,98,7,0,176,normal,rejected,Pořad schůze,,false
psp:hlasovani:87473,87473,20,41,"""2026-05-26T00:00:00.000Z""",71,102,3,0,176,normal,rejected,Pořad schůze,,false
psp:hlasovani:87474,87474,20,42,"""2026-05-26T00:00:00.000Z""",71,100,5,0,176,normal,rejected,Pořad schůze,,false
psp:hlasovani:87475,87475,20,43,"""2026-05-26T00:00:00.000Z""",70,100,3,3,176,normal,rejected,Pořad schůze,,false
psp:hlasovani:87476,87476,20,44,"""2026-05-26T00:00:00.000Z""",72,97,5,2,176,normal,rejected,Pořad schůze,,false
psp:hlasovani:87477,87477,20,45,"""2026-05-26T00:00:00.000Z""",73,101,1,1,176,normal,rejected,Pořad schůze,,false
psp:hlasovani:87478,87478,20,46,"""2026-05-26T00:00:00.000Z""",73,103,0,0,176,normal,rejected,Pořad schůze,,false
psp:hlasovani:87479,87479,20,47,"""2026-05-26T00:00:00.000Z""",71,101,3,1,176,normal,rejected,Pořad schůze,,false
psp:hlasovani:87480,87480,20,48,"""2026-05-26T00:00:00.000Z""",71,100,5,0,176,normal,rejected,Pořad schůze,,false
psp:hlasovani:87481,87481,20,49,"""2026-05-26T00:00:00.000Z""",71,102,2,1,176,normal,rejected,Pořad schůze,,false
psp:hlasovani:87482,87482,20,50,"""2026-05-26T00:00:00.000Z""",73,100,1,2,176,normal,rejected,Pořad schůze,,false
psp:hlasovani:87483,87483,20,51,"""2026-05-26T00:00:00.000Z""",71,98,6,1,176,normal,rejected,Pořad schůze,,false
psp:hlasovani:87484,87484,20,52,"""2026-05-26T00:00:00.000Z""",71,97,7,1,176,normal,rejected,Pořad schůze,,false
psp:hlasovani:87485,87485,20,53,"""2026-05-26T00:00:00.000Z""",73,103,0,0,176,normal,rejected,Pořad schůze,,false
psp:hlasovani:87486,87486,20,54,"""2026-05-26T00:00:00.000Z""",106,64,6,0,176,normal,accepted,Pořad schůze,,false
psp:hlasovani:87487,87487,20,55,"""2026-05-26T00:00:00.000Z""",153,1,20,1,175,normal,accepted,Novela z. o zdrav. prostř. a diagnostických**zdrav. prostř. in vitro -,,false
psp:hlasovani:87488,87488,20,56,"""2026-05-26T00:00:00.000Z""",118,0,7,33,158,normal,accepted,Novela z. o pojistném na sociální zabezpečení,,false
psp:hlasovani:87489,87489,20,57,"""2026-05-27T00:00:00.000Z""",81,40,3,12,136,normal,accepted,,,false
psp:hlasovani:87490,87490,20,58,"""2026-05-27T00:00:00.000Z""",45,71,11,19,146,normal,rejected,Pořad schůze,,false
psp:hlasovani:87491,87491,20,59,"""2026-05-27T00:00:00.000Z""",47,82,4,16,149,normal,rejected,Pořad schůze,,false
psp:hlasovani:87492,87492,20,60,"""2026-05-27T00:00:00.000Z""",37,84,10,18,149,normal,rejected,Pořad schůze,,false
psp:hlasovani:87493,87493,20,61,"""2026-05-27T00:00:00.000Z""",62,81,6,0,149,normal,rejected,Pořad schůze,,false
psp:hlasovani:87494,87494,20,62,"""2026-05-27T00:00:00.000Z""",48,82,5,15,150,normal,rejected,Pořad schůze,,false
psp:hlasovani:87495,87495,20,63,"""2026-05-27T00:00:00.000Z""",50,88,5,9,152,normal,rejected,Novela z. o doplňkovém penzijním spoření**,,false
psp:hlasovani:87496,87496,20,64,"""2026-05-27T00:00:00.000Z""",50,20,37,46,153,normal,rejected,Novela z. o doplňkovém penzijním spoření**,,false
psp:hlasovani:87497,87497,20,65,"""2026-05-27T00:00:00.000Z""",49,78,8,18,153,normal,rejected,Novela z. o doplňkovém penzijním spoření**,,false
psp:hlasovani:87498,87498,20,66,"""2026-05-27T00:00:00.000Z""",136,7,1,9,153,normal,accepted,Novela z. o doplňkovém penzijním spoření**,,false
psp:hlasovani:87499,87499,20,67,"""2026-05-27T00:00:00.000Z""",146,0,2,0,148,normal,accepted,Novela z. o investičních společnostech - EU**,,false
psp:hlasovani:87500,87500,20,68,"""2026-05-27T00:00:00.000Z""",136,1,4,8,149,normal,accepted,Novela z. o investičních společnostech - EU**,,false
psp:hlasovani:87501,87501,20,69,"""2026-05-27T00:00:00.000Z""",148,0,1,0,149,normal,accepted,Novela z. o investičních společnostech - EU**,,false
psp:hlasovani:87502,87502,20,70,"""2026-05-27T00:00:00.000Z""",137,0,5,7,149,normal,accepted,Novela z. o investičních společnostech - EU**,,false
psp:hlasovani:87503,87503,20,71,"""2026-05-27T00:00:00.000Z""",137,0,5,7,149,normal,accepted,Novela z. o investičních společnostech - EU**,,false
psp:hlasovani:87504,87504,20,72,"""2026-05-27T00:00:00.000Z""",90,15,18,27,150,normal,accepted,Novela z. o rostlinolékařské péči - EU**,,false
psp:hlasovani:87505,87505,20,73,"""2026-05-27T00:00:00.000Z""",127,0,2,0,129,normal,accepted,Návrh na změny ve složení orgánů Poslanecké sněmovny,,false
psp:hlasovani:87506,87506,20,74,"""2026-05-27T00:00:00.000Z""",134,0,3,0,137,normal,accepted,Návrh na změny ve složení orgánů Poslanecké sněmovny,,false
psp:hlasovani:87507,87507,20,75,"""2026-05-27T00:00:00.000Z""",134,1,9,9,153,normal,accepted,Volba čl. VK Dozimetr,,false
psp:hlasovani:87508,87508,20,76,"""2026-05-27T00:00:00.000Z""",129,13,3,14,159,normal,accepted,Návrh na volbu členů a náhradníků Správní rady VZP,,false
psp:hlasovani:87509,87509,20,77,"""2026-05-27T00:00:00.000Z""",144,12,8,0,164,normal,accepted,Návrh na volbu veřejného ochránce práv,,false
psp:hlasovani:87510,87510,20,78,"""2026-05-27T00:00:00.000Z""",141,12,11,0,164,normal,accepted,Návrh na jmenování člena kontrolní rady Grantové agentury ČR,,false
psp:hlasovani:87511,87511,20,79,"""2026-05-27T00:00:00.000Z""",142,13,9,0,164,normal,accepted,Návrh na jmenování členů KR TA ČR,,false
psp:hlasovani:87512,87512,20,80,"""2026-05-27T00:00:00.000Z""",133,13,13,3,162,normal,accepted,Návrh na volbu člena Rady Českého rozhlasu,,false
psp:hlasovani:87513,87513,20,81,"""2026-05-27T00:00:00.000Z""",132,13,16,0,161,normal,accepted,Návrh na volbu členů Nejvyššího kontrolního úřadu,,false
psp:hlasovani:87514,87514,20,82,"""2026-05-27T00:00:00.000Z""",13,73,10,24,120,normal,rejected,Novela z. - stavební zákon**,,false
psp:hlasovani:87515,87515,20,83,"""2026-05-27T00:00:00.000Z""",7,71,16,32,126,normal,rejected,Novela z. - stavební zákon**,,false
psp:hlasovani:87516,87516,20,84,"""2026-05-27T00:00:00.000Z""",6,70,18,32,126,normal,rejected,Novela z. - stavební zákon**,,false
psp:hlasovani:87517,87517,20,85,"""2026-05-27T00:00:00.000Z""",6,72,17,31,126,normal,rejected,Novela z. - stavební zákon**,,false
psp:hlasovani:87518,87518,20,86,"""2026-05-27T00:00:00.000Z""",46,73,7,0,126,normal,rejected,Novela z. - stavební zákon**,,false
psp:hlasovani:87519,87519,20,87,"""2026-05-27T00:00:00.000Z""",7,63,18,17,105,normal,rejected,Novela z. - stavební zákon**,,false
psp:hlasovani:87520,87520,20,88,"""2026-05-27T00:00:00.000Z""",12,67,16,13,108,normal,rejected,Novela z. - stavební zákon**,,false
psp:hlasovani:87521,87521,20,89,"""2026-05-27T00:00:00.000Z""",32,66,9,1,108,normal,rejected,Novela z. - stavební zákon**,,false
psp:hlasovani:87522,87522,20,90,"""2026-05-27T00:00:00.000Z""",9,73,14,12,108,normal,rejected,Novela z. - stavební zákon**,,false
psp:hlasovani:87523,87523,20,91,"""2026-05-27T00:00:00.000Z""",4,75,20,9,108,normal,rejected,Novela z. - stavební zákon**,,false
psp:hlasovani:87524,87524,20,92,"""2026-05-27T00:00:00.000Z""",34,67,7,0,108,normal,rejected,Novela z. - stavební zákon**,,false
psp:hlasovani:87525,87525,20,93,"""2026-05-27T00:00:00.000Z""",37,70,1,0,108,normal,rejected,Novela z. - stavební zákon**,,false
psp:hlasovani:87526,87526,20,94,"""2026-05-27T00:00:00.000Z""",5,66,19,18,108,normal,rejected,Novela z. - stavební zákon**,,false
psp:hlasovani:87527,87527,20,95,"""2026-05-27T00:00:00.000Z""",23,62,17,7,109,normal,rejected,Novela z. - stavební zákon**,,false
psp:hlasovani:87528,87528,20,96,"""2026-05-27T00:00:00.000Z""",31,61,11,6,109,normal,rejected,Novela z. - stavební zákon**,,false
psp:hlasovani:87529,87529,20,97,"""2026-05-27T00:00:00.000Z""",12,62,19,16,109,normal,rejected,Novela z. - stavební zákon**,,false
psp:hlasovani:87530,87530,20,98,"""2026-05-27T00:00:00.000Z""",12,62,17,18,109,normal,rejected,Novela z. - stavební zákon**,,false
psp:hlasovani:87531,87531,20,99,"""2026-05-27T00:00:00.000Z""",20,62,15,12,109,normal,rejected,Novela z. - stavební zákon**,,false
psp:hlasovani:87532,87532,20,100,"""2026-05-27T00:00:00.000Z""",9,78,15,7,109,normal,rejected,Novela z. - stavební zákon**,,false
psp:hlasovani:87533,87533,20,101,"""2026-05-27T00:00:00.000Z""",16,62,15,16,109,normal,rejected,Novela z. - stavební zákon**,,false
psp:hlasovani:87534,87534,20,102,"""2026-05-27T00:00:00.000Z""",37,63,8,1,109,normal,rejected,Novela z. - stavební zákon**,,false
psp:hlasovani:87535,87535,20,103,"""2026-05-28T00:00:00.000Z""",32,3,49,3,87,normal,rejected,Odpověď na písemnou interpelaci**I. Ferčíkové Konečné na L. Metnara,,false
psp:hlasovani:87536,87536,20,104,"""2026-05-28T00:00:00.000Z""",66,4,3,0,73,normal,accepted,Odpověď na písemnou interpelaci**I. Ferčíkové Konečné na L. Metnara,,false
psp:hlasovani:87537,87537,20,105,"""2026-05-28T00:00:00.000Z""",59,0,9,6,74,normal,accepted,Odpověď na písemnou interpelaci**I. Ferčíkové Konečné na L. Metnara,,false
psp:hlasovani:87538,87538,20,106,"""2026-05-28T00:00:00.000Z""",63,2,9,2,76,normal,accepted,Odpověď na písemnou interpelaci**I. Ferčíkové Konečné na L. Metnara,,false
psp:hlasovani:87539,87539,20,107,"""2026-05-28T00:00:00.000Z""",54,0,19,6,79,normal,accepted,Odpověď na písemnou interpelaci**P. Hladíka na J. Tejce,,false
psp:hlasovani:87540,87540,20,108,"""2026-05-28T00:00:00.000Z""",64,2,14,1,81,normal,accepted,Odpověď na písemnou interpelaci**G. Svárovské na A. Babiše,,false
psp:hlasovani:87541,87541,20,109,"""2026-05-28T00:00:00.000Z""",23,36,24,0,83,normal,rejected,Odpověď na písemnou interpelaci**M. Šmídy na I. Červeného,,false
psp:hlasovani:87542,87542,20,110,"""2026-05-28T00:00:00.000Z""",22,45,18,0,85,normal,rejected,Odpověď na písemnou interpelaci**M. Šmídy na I. Červeného,,false
psp:hlasovani:87543,87543,20,111,"""2026-05-28T00:00:00.000Z""",42,4,51,21,118,normal,rejected,Odpověď na písemnou interpelaci**O. Richterové na A. Babiše,,false
psp:hlasovani:87544,87544,20,112,"""2026-05-28T00:00:00.000Z""",69,43,11,0,123,normal,accepted,Pořad schůze,,false
psp:hlasovani:87545,87545,20,113,"""2026-05-28T00:00:00.000Z""",15,0,50,0,65,normal,rejected,Pořad schůze,,true
psp:hlasovani:87546,87546,20,114,"""2026-05-28T00:00:00.000Z""",72,5,12,9,98,normal,accepted,Pořad schůze,,false
psp:hlasovani:87547,87547,20,115,"""2026-05-28T00:00:00.000Z""",31,69,2,0,102,normal,rejected,Pořad schůze,,false
psp:hlasovani:87548,87548,20,116,"""2026-05-28T00:00:00.000Z""",31,71,3,0,105,normal,rejected,Pořad schůze,,false
psp:hlasovani:87549,87549,20,117,"""2026-05-28T00:00:00.000Z""",33,72,1,0,106,normal,rejected,Pořad schůze,,false
psp:hlasovani:87550,87550,20,118,"""2026-05-28T00:00:00.000Z""",32,72,3,0,107,normal,rejected,Pořad schůze,,false
psp:hlasovani:87551,87551,20,119,"""2026-05-28T00:00:00.000Z""",33,72,2,0,107,normal,rejected,Pořad schůze,,false
psp:hlasovani:87552,87552,20,120,"""2026-05-28T00:00:00.000Z""",32,73,2,0,107,normal,rejected,Pořad schůze,,false
psp:hlasovani:87553,87553,20,121,"""2026-05-28T00:00:00.000Z""",35,72,1,0,108,normal,rejected,Pořad schůze,,false
psp:hlasovani:87554,87554,20,122,"""2026-05-28T00:00:00.000Z""",33,72,3,0,108,normal,rejected,Pořad schůze,,false
psp:hlasovani:87555,87555,20,123,"""2026-05-28T00:00:00.000Z""",32,72,4,0,108,normal,rejected,Pořad schůze,,false
psp:hlasovani:87556,87556,20,124,"""2026-05-28T00:00:00.000Z""",33,73,2,0,108,normal,rejected,Pořad schůze,,false
psp:hlasovani:87557,87557,20,125,"""2026-05-28T00:00:00.000Z""",33,72,3,0,108,normal,rejected,Pořad schůze,,false
psp:hlasovani:87558,87558,20,126,"""2026-05-28T00:00:00.000Z""",34,73,1,0,108,normal,rejected,Pořad schůze,,false
psp:hlasovani:87559,87559,20,127,"""2026-05-28T00:00:00.000Z""",34,74,1,0,109,normal,rejected,Novela z. - stavební zákon**,,false
psp:hlasovani:87560,87560,20,128,"""2026-05-28T00:00:00.000Z""",34,74,0,1,109,normal,rejected,Novela z. - stavební zákon**,,false
psp:hlasovani:87561,87561,20,129,"""2026-05-28T00:00:00.000Z""",22,62,5,4,93,normal,rejected,Novela z. - stavební zákon**,,false
psp:hlasovani:87562,87562,20,130,"""2026-05-28T00:00:00.000Z""",25,61,9,0,95,normal,rejected,Novela z. - stavební zákon**,,false
psp:hlasovani:87563,87563,20,131,"""2026-05-28T00:00:00.000Z""",28,60,8,0,96,normal,rejected,Novela z. - stavební zákon**,,false
psp:hlasovani:87564,87564,20,132,"""2026-05-28T00:00:00.000Z""",11,61,15,9,96,normal,rejected,Novela z. - stavební zákon**,,false
psp:hlasovani:87565,87565,20,133,"""2026-05-28T00:00:00.000Z""",11,62,12,11,96,normal,rejected,Novela z. - stavební zákon**,,false
psp:hlasovani:87566,87566,20,134,"""2026-05-28T00:00:00.000Z""",24,71,1,0,96,normal,rejected,Novela z. - stavební zákon**,,false
psp:hlasovani:87567,87567,20,135,"""2026-05-28T00:00:00.000Z""",19,67,4,1,91,normal,rejected,Novela z. - stavební zákon**,,false
psp:hlasovani:87568,87568,20,136,"""2026-05-28T00:00:00.000Z""",18,64,8,1,91,normal,rejected,Novela z. - stavební zákon**,,false
psp:hlasovani:87569,87569,20,137,"""2026-05-28T00:00:00.000Z""",20,58,11,2,91,normal,rejected,Novela z. - stavební zákon**,,false
psp:hlasovani:87570,87570,20,138,"""2026-05-28T00:00:00.000Z""",22,58,11,1,92,normal,rejected,Novela z. - stavební zákon**,,false
psp:hlasovani:87571,87571,20,139,"""2026-05-28T00:00:00.000Z""",24,57,9,2,92,normal,rejected,Novela z. - stavební zákon**,,false
psp:hlasovani:87572,87572,20,140,"""2026-05-28T00:00:00.000Z""",23,64,5,0,92,normal,rejected,Novela z. - stavební zákon**,,false
psp:hlasovani:87573,87573,20,141,"""2026-05-28T00:00:00.000Z""",21,59,6,5,91,normal,rejected,Novela z. - stavební zákon**,,false
psp:hlasovani:87574,87574,20,142,"""2026-05-28T00:00:00.000Z""",25,55,11,0,91,normal,rejected,Novela z. - stavební zákon**,,false
psp:hlasovani:87575,87575,20,143,"""2026-05-28T00:00:00.000Z""",24,57,9,1,91,normal,rejected,Novela z. - stavební zákon**,,false
psp:hlasovani:87576,87576,20,144,"""2026-05-28T00:00:00.000Z""",22,64,5,0,91,normal,rejected,Novela z. - stavební zákon**,,false
psp:hlasovani:87577,87577,20,145,"""2026-05-28T00:00:00.000Z""",0,0,62,0,62,normal,rejected,Novela z. - stavební zákon**,,true
psp:hlasovani:87578,87578,20,146,"""2026-05-28T00:00:00.000Z""",2,16,51,1,70,normal,rejected,Novela z. - stavební zákon**,,true
psp:hlasovani:87579,87579,20,147,"""2026-05-28T00:00:00.000Z""",21,67,8,5,101,normal,rejected,Novela z. - stavební zákon**,,false
psp:hlasovani:87580,87580,20,148,"""2026-05-28T00:00:00.000Z""",31,63,8,0,102,normal,rejected,Novela z. - stavební zákon**,,false
psp:hlasovani:87581,87581,20,149,"""2026-05-28T00:00:00.000Z""",64,10,14,14,102,normal,accepted,Novela z. - stavební zákon**,,false
psp:hlasovani:87582,87582,17,46,"""2026-05-29T00:00:00.000Z""",32,65,7,2,106,normal,rejected,Novela z. o podpoře bydlení**,,false
psp:hlasovani:87583,87583,17,47,"""2026-05-29T00:00:00.000Z""",34,66,5,3,108,normal,rejected,Novela z. o podpoře bydlení**,,false
psp:hlasovani:87584,87584,17,48,"""2026-05-29T00:00:00.000Z""",39,62,8,0,109,normal,rejected,Novela z. o podpoře bydlení**,,false
psp:hlasovani:87585,87585,17,49,"""2026-05-29T00:00:00.000Z""",29,71,1,9,110,normal,rejected,Novela z. o podpoře bydlení**,,false
psp:hlasovani:87586,87586,17,50,"""2026-05-29T00:00:00.000Z""",80,13,11,25,129,normal,accepted,,,false
psp:hlasovani:87587,87587,20,150,"""2026-05-29T00:00:00.000Z""",89,5,8,26,128,normal,accepted,Pořad schůze,,false
psp:hlasovani:87588,87588,21,1,"""2026-06-02T00:00:00.000Z""",141,0,7,0,148,normal,accepted,,,false
psp:hlasovani:87589,87589,21,2,"""2026-06-02T00:00:00.000Z""",85,48,9,11,153,normal,accepted,Pořad schůze,,false
psp:hlasovani:87590,87590,21,3,"""2026-06-02T00:00:00.000Z""",146,0,14,1,161,normal,accepted,Pořad schůze,,false
psp:hlasovani:87591,87591,21,4,"""2026-06-02T00:00:00.000Z""",154,0,3,0,157,normal,accepted,Novela z. o státní sociální podpoře**,,false
psp:hlasovani:87592,87592,21,5,"""2026-06-02T00:00:00.000Z""",155,0,1,1,157,normal,accepted,Novela z. o státní sociální podpoře**,,false
psp:hlasovani:87593,87593,21,6,"""2026-06-02T00:00:00.000Z""",153,0,8,0,161,normal,accepted,Novela z. o správě voleb**,,false
psp:hlasovani:87594,87594,21,7,"""2026-06-02T00:00:00.000Z""",155,0,0,0,155,normal,accepted,Novela z. o správě voleb**,,false
psp:hlasovani:87595,87595,21,8,"""2026-06-02T00:00:00.000Z""",145,0,10,0,155,normal,accepted,"N. z., kterým se mění některé zákony na úseku vnitřní správy",,false
psp:hlasovani:87596,87596,21,9,"""2026-06-02T00:00:00.000Z""",62,1,66,28,157,normal,rejected,"N. z., kterým se mění některé zákony na úseku vnitřní správy",,false
psp:hlasovani:87597,87597,21,10,"""2026-06-02T00:00:00.000Z""",91,7,20,39,157,normal,accepted,"N. z., kterým se mění některé zákony na úseku vnitřní správy",,false
psp:hlasovani:87598,87598,17,51,"""2026-06-03T00:00:00.000Z""",43,96,1,31,171,normal,rejected,Novela z. o podpoře bydlení**,,false
psp:hlasovani:87599,87599,17,52,"""2026-06-03T00:00:00.000Z""",172,0,0,0,172,normal,accepted,Novela z. o podpoře bydlení**,,false
psp:hlasovani:87600,87600,17,53,"""2026-06-03T00:00:00.000Z""",172,0,0,0,172,normal,accepted,Novela z. o podpoře bydlení**,,false
psp:hlasovani:87601,87601,17,54,"""2026-06-03T00:00:00.000Z""",171,0,0,0,171,normal,accepted,Novela z. o podpoře bydlení**,,false
psp:hlasovani:87602,87602,17,55,"""2026-06-03T00:00:00.000Z""",171,0,1,0,172,normal,accepted,Novela z. o podpoře bydlení**,,false
psp:hlasovani:87603,87603,17,56,"""2026-06-03T00:00:00.000Z""",117,52,0,3,172,normal,accepted,Novela z. o podpoře bydlení**,,false
psp:hlasovani:87604,87604,17,57,"""2026-06-03T00:00:00.000Z""",168,0,4,0,172,normal,accepted,Novela z. o podpoře bydlení**,,false
psp:hlasovani:87605,87605,17,58,"""2026-06-03T00:00:00.000Z""",75,96,1,0,172,normal,rejected,Novela z. o podpoře bydlení**,,false
psp:hlasovani:87606,87606,17,59,"""2026-06-03T00:00:00.000Z""",75,17,53,27,172,normal,rejected,Novela z. o podpoře bydlení**,,false
psp:hlasovani:87607,87607,17,60,"""2026-06-03T00:00:00.000Z""",76,12,57,27,172,normal,rejected,Novela z. o podpoře bydlení**,,false
psp:hlasovani:87608,87608,17,61,"""2026-06-03T00:00:00.000Z""",55,95,2,20,172,normal,rejected,Novela z. o podpoře bydlení**,,false
psp:hlasovani:87609,87609,17,62,"""2026-06-03T00:00:00.000Z""",169,0,0,3,172,normal,accepted,Novela z. o podpoře bydlení**,,false
psp:hlasovani:87610,87610,17,63,"""2026-06-03T00:00:00.000Z""",55,97,0,20,172,normal,rejected,Novela z. o podpoře bydlení**,,false
psp:hlasovani:87611,87611,17,64,"""2026-06-03T00:00:00.000Z""",169,1,2,0,172,normal,accepted,Novela z. o podpoře bydlení**,,false
psp:hlasovani:87612,87612,17,65,"""2026-06-03T00:00:00.000Z""",55,96,1,20,172,normal,rejected,Novela z. o podpoře bydlení**,,false
psp:hlasovani:87613,87613,17,66,"""2026-06-03T00:00:00.000Z""",41,95,2,34,172,normal,rejected,Novela z. o podpoře bydlení**,,false
psp:hlasovani:87614,87614,17,67,"""2026-06-03T00:00:00.000Z""",171,0,0,1,172,normal,accepted,Novela z. o podpoře bydlení**,,false
psp:hlasovani:87615,87615,17,68,"""2026-06-03T00:00:00.000Z""",164,3,4,1,172,normal,accepted,Novela z. o podpoře bydlení**,,false
psp:hlasovani:87616,87616,17,69,"""2026-06-03T00:00:00.000Z""",169,0,3,0,172,normal,accepted,Novela z. o podpoře bydlení**,,false
psp:hlasovani:87617,87617,17,70,"""2026-06-03T00:00:00.000Z""",118,23,7,24,172,normal,accepted,Novela z. o podpoře bydlení**,,false
psp:hlasovani:87618,87618,20,151,"""2026-06-03T00:00:00.000Z""",80,27,4,16,127,normal,accepted,,,false
psp:hlasovani:87619,87619,20,152,"""2026-06-03T00:00:00.000Z""",156,0,0,0,156,normal,accepted,Pořad schůze,,false
psp:hlasovani:87620,87620,20,153,"""2026-06-03T00:00:00.000Z""",91,46,4,17,158,normal,accepted,Pořad schůze,,false
psp:hlasovani:87621,87621,20,154,"""2026-06-03T00:00:00.000Z""",90,51,5,12,158,normal,accepted,Pořad schůze,,false
psp:hlasovani:87622,87622,20,155,"""2026-06-03T00:00:00.000Z""",139,7,4,9,159,normal,accepted,Pořad schůze,,false
psp:hlasovani:87623,87623,20,156,"""2026-06-03T00:00:00.000Z""",128,4,6,21,159,normal,accepted,Pořad schůze,,false
psp:hlasovani:87624,87624,20,157,"""2026-06-03T00:00:00.000Z""",69,87,3,0,159,normal,rejected,Pořad schůze,,false
psp:hlasovani:87625,87625,20,158,"""2026-06-03T00:00:00.000Z""",65,90,4,0,159,normal,rejected,Pořad schůze,,false
psp:hlasovani:87626,87626,20,159,"""2026-06-03T00:00:00.000Z""",65,91,3,0,159,normal,rejected,Pořad schůze,,false
psp:hlasovani:87627,87627,20,160,"""2026-06-03T00:00:00.000Z""",66,91,2,0,159,normal,rejected,Pořad schůze,,false
psp:hlasovani:87628,87628,20,161,"""2026-06-03T00:00:00.000Z""",52,95,4,8,159,normal,rejected,Pořad schůze,,false
psp:hlasovani:87629,87629,20,162,"""2026-06-03T00:00:00.000Z""",66,90,4,0,160,normal,rejected,Pořad schůze,,false
psp:hlasovani:87630,87630,20,163,"""2026-06-03T00:00:00.000Z""",157,1,3,0,161,normal,accepted,Pořad schůze,,false
psp:hlasovani:87631,87631,20,164,"""2026-06-03T00:00:00.000Z""",157,0,4,0,161,normal,accepted,Pořad schůze,,false
psp:hlasovani:87632,87632,20,165,"""2026-06-03T00:00:00.000Z""",67,80,10,4,161,normal,rejected,Pořad schůze,,false
psp:hlasovani:87633,87633,20,166,"""2026-06-03T00:00:00.000Z""",66,4,59,30,159,normal,rejected,Pořad schůze,,false
psp:hlasovani:87634,87634,20,167,"""2026-06-03T00:00:00.000Z""",67,89,5,0,161,normal,rejected,Pořad schůze,,false
psp:hlasovani:87635,87635,20,168,"""2026-06-03T00:00:00.000Z""",65,87,8,1,161,normal,rejected,Pořad schůze,,false
psp:hlasovani:87636,87636,20,169,"""2026-06-03T00:00:00.000Z""",58,89,9,5,161,normal,rejected,Pořad schůze,,false
psp:hlasovani:87637,87637,20,170,"""2026-06-03T00:00:00.000Z""",61,91,6,3,161,normal,rejected,Pořad schůze,,false
psp:hlasovani:87638,87638,20,171,"""2026-06-03T00:00:00.000Z""",62,91,4,4,161,normal,rejected,Pořad schůze,,false
psp:hlasovani:87639,87639,20,172,"""2026-06-03T00:00:00.000Z""",158,0,3,0,161,normal,accepted,Návrh na změny ve složení orgánů Poslanecké sněmovny,,false
psp:hlasovani:87640,87640,20,173,"""2026-06-03T00:00:00.000Z""",155,0,6,0,161,normal,accepted,Návrh na změny ve složení orgánů Poslanecké sněmovny,,false
psp:hlasovani:87641,87641,20,174,"""2026-06-03T00:00:00.000Z""",33,100,4,9,146,normal,rejected,Vl.n.z. o evidenci tržeb - EU**,,false
psp:hlasovani:87642,87642,20,175,"""2026-06-03T00:00:00.000Z""",52,94,0,0,146,normal,rejected,Vl.n.z. o evidenci tržeb - EU**,,false
psp:hlasovani:87643,87643,20,176,"""2026-06-03T00:00:00.000Z""",144,1,1,0,146,normal,accepted,Vl.n.z. o evidenci tržeb - EU**,,false
psp:hlasovani:87644,87644,20,177,"""2026-06-03T00:00:00.000Z""",55,23,49,19,146,normal,rejected,Vl.n.z. o evidenci tržeb - EU**,,false
psp:hlasovani:87645,87645,20,178,"""2026-06-03T00:00:00.000Z""",44,70,24,8,146,normal,rejected,Vl.n.z. o evidenci tržeb - EU**,,false
psp:hlasovani:87646,87646,20,179,"""2026-06-03T00:00:00.000Z""",94,50,1,1,146,normal,accepted,Vl.n.z. o evidenci tržeb - EU**,,false
psp:hlasovani:87647,87647,20,180,"""2026-06-04T00:00:00.000Z""",26,60,6,0,92,normal,rejected,Odpověď na písemnou interpelaci**O. Richterové na A. Babiše,,false
psp:hlasovani:87648,87648,20,181,"""2026-06-04T00:00:00.000Z""",182,0,1,0,183,normal,accepted,Návrhy Poslanecké sněmovny na propůjčení nebo udělení státních vyzname,,false
psp:hlasovani:87649,87649,20,182,"""2026-06-04T00:00:00.000Z""",179,0,3,4,186,normal,accepted,Návrhy Poslanecké sněmovny na propůjčení nebo udělení státních vyzname,,false
psp:hlasovani:87650,87650,20,183,"""2026-06-04T00:00:00.000Z""",176,0,8,2,186,normal,accepted,Návrhy Poslanecké sněmovny na propůjčení nebo udělení státních vyzname,,false
psp:hlasovani:87651,87651,20,184,"""2026-06-04T00:00:00.000Z""",91,13,57,25,186,normal,rejected,Návrhy Poslanecké sněmovny na propůjčení nebo udělení státních vyzname,,false
psp:hlasovani:87652,87652,20,185,"""2026-06-04T00:00:00.000Z""",38,15,79,52,184,normal,rejected,Návrhy Poslanecké sněmovny na propůjčení nebo udělení státních vyzname,,false
psp:hlasovani:87653,87653,20,186,"""2026-06-04T00:00:00.000Z""",153,2,9,19,183,normal,accepted,Návrhy Poslanecké sněmovny na propůjčení nebo udělení státních vyzname,,false
psp:hlasovani:87654,87654,20,187,"""2026-06-04T00:00:00.000Z""",181,0,2,3,186,normal,accepted,Návrhy Poslanecké sněmovny na propůjčení nebo udělení státních vyzname,,false
psp:hlasovani:87655,87655,20,188,"""2026-06-04T00:00:00.000Z""",179,0,4,3,186,normal,accepted,Návrhy Poslanecké sněmovny na propůjčení nebo udělení státních vyzname,,false
psp:hlasovani:87656,87656,20,189,"""2026-06-04T00:00:00.000Z""",119,1,46,19,185,normal,accepted,Návrhy Poslanecké sněmovny na propůjčení nebo udělení státních vyzname,,false
psp:hlasovani:87657,87657,20,190,"""2026-06-04T00:00:00.000Z""",182,0,2,1,185,normal,accepted,Návrhy Poslanecké sněmovny na propůjčení nebo udělení státních vyzname,,false
psp:hlasovani:87658,87658,20,191,"""2026-06-04T00:00:00.000Z""",178,0,5,2,185,normal,accepted,Návrhy Poslanecké sněmovny na propůjčení nebo udělení státních vyzname,,false
psp:hlasovani:87659,87659,20,192,"""2026-06-04T00:00:00.000Z""",94,73,8,10,185,normal,accepted,Návrhy Poslanecké sněmovny na propůjčení nebo udělení státních vyzname,,false
psp:hlasovani:87660,87660,20,193,"""2026-06-04T00:00:00.000Z""",71,22,64,25,182,normal,rejected,Návrhy Poslanecké sněmovny na propůjčení nebo udělení státních vyzname,,false
psp:hlasovani:87661,87661,20,194,"""2026-06-04T00:00:00.000Z""",173,4,8,1,186,normal,accepted,Návrhy Poslanecké sněmovny na propůjčení nebo udělení státních vyzname,,false
psp:hlasovani:87662,87662,20,195,"""2026-06-04T00:00:00.000Z""",100,79,1,6,186,normal,accepted,Návrhy Poslanecké sněmovny na propůjčení nebo udělení státních vyzname,,false
psp:hlasovani:87663,87663,20,196,"""2026-06-04T00:00:00.000Z""",150,11,24,1,186,normal,accepted,Návrhy Poslanecké sněmovny na propůjčení nebo udělení státních vyzname,,false
psp:hlasovani:87664,87664,20,197,"""2026-06-04T00:00:00.000Z""",99,80,1,6,186,normal,accepted,Návrhy Poslanecké sněmovny na propůjčení nebo udělení státních vyzname,,false
psp:hlasovani:87665,87665,20,198,"""2026-06-04T00:00:00.000Z""",103,1,57,14,175,normal,accepted,Návrhy Poslanecké sněmovny na propůjčení nebo udělení státních vyzname,,false
psp:hlasovani:87666,87666,20,199,"""2026-06-04T00:00:00.000Z""",102,4,56,24,186,normal,accepted,Návrhy Poslanecké sněmovny na propůjčení nebo udělení státních vyzname,,false
psp:hlasovani:87667,87667,20,200,"""2026-06-04T00:00:00.000Z""",161,15,7,3,186,normal,accepted,Návrhy Poslanecké sněmovny na propůjčení nebo udělení státních vyzname,,false
psp:hlasovani:87668,87668,20,201,"""2026-06-04T00:00:00.000Z""",165,0,6,4,175,normal,accepted,Návrhy Poslanecké sněmovny na propůjčení nebo udělení státních vyzname,,false
psp:hlasovani:87669,87669,20,202,"""2026-06-04T00:00:00.000Z""",178,0,5,3,186,normal,accepted,Návrhy Poslanecké sněmovny na propůjčení nebo udělení státních vyzname,,false
psp:hlasovani:87670,87670,20,203,"""2026-06-04T00:00:00.000Z""",94,5,67,19,185,normal,accepted,Návrhy Poslanecké sněmovny na propůjčení nebo udělení státních vyzname,,false
psp:hlasovani:87671,87671,20,204,"""2026-06-04T00:00:00.000Z""",182,0,3,1,186,normal,accepted,Návrhy Poslanecké sněmovny na propůjčení nebo udělení státních vyzname,,false
psp:hlasovani:87672,87672,20,205,"""2026-06-04T00:00:00.000Z""",180,0,3,3,186,normal,accepted,Návrhy Poslanecké sněmovny na propůjčení nebo udělení státních vyzname,,false
psp:hlasovani:87673,87673,20,206,"""2026-06-04T00:00:00.000Z""",50,16,71,43,180,normal,rejected,Návrhy Poslanecké sněmovny na propůjčení nebo udělení státních vyzname,,false
psp:hlasovani:87674,87674,20,207,"""2026-06-04T00:00:00.000Z""",173,2,8,3,186,normal,accepted,Návrhy Poslanecké sněmovny na propůjčení nebo udělení státních vyzname,,false
psp:hlasovani:87675,87675,20,208,"""2026-06-04T00:00:00.000Z""",181,1,4,0,186,normal,accepted,Návrhy Poslanecké sněmovny na propůjčení nebo udělení státních vyzname,,false
psp:hlasovani:87676,87676,20,209,"""2026-06-04T00:00:00.000Z""",60,21,66,38,185,normal,rejected,Návrhy Poslanecké sněmovny na propůjčení nebo udělení státních vyzname,,false
psp:hlasovani:87677,87677,20,210,"""2026-06-04T00:00:00.000Z""",160,13,10,3,186,normal,accepted,Návrhy Poslanecké sněmovny na propůjčení nebo udělení státních vyzname,,false
psp:hlasovani:87678,87678,20,211,"""2026-06-04T00:00:00.000Z""",96,19,53,18,186,normal,accepted,Návrhy Poslanecké sněmovny na propůjčení nebo udělení státních vyzname,,false
psp:hlasovani:87679,87679,20,212,"""2026-06-04T00:00:00.000Z""",180,1,2,3,186,normal,accepted,Návrhy Poslanecké sněmovny na propůjčení nebo udělení státních vyzname,,false
psp:hlasovani:87680,87680,20,213,"""2026-06-04T00:00:00.000Z""",181,1,3,1,186,normal,accepted,Návrhy Poslanecké sněmovny na propůjčení nebo udělení státních vyzname,,false
psp:hlasovani:87681,87681,20,214,"""2026-06-04T00:00:00.000Z""",183,1,1,1,186,normal,accepted,Návrhy Poslanecké sněmovny na propůjčení nebo udělení státních vyzname,,false
psp:hlasovani:87682,87682,20,215,"""2026-06-04T00:00:00.000Z""",176,1,5,4,186,normal,accepted,Návrhy Poslanecké sněmovny na propůjčení nebo udělení státních vyzname,,false
psp:hlasovani:87683,87683,20,216,"""2026-06-04T00:00:00.000Z""",178,1,5,2,186,normal,accepted,Návrhy Poslanecké sněmovny na propůjčení nebo udělení státních vyzname,,false
psp:hlasovani:87684,87684,20,217,"""2026-06-04T00:00:00.000Z""",177,0,7,2,186,normal,accepted,Návrhy Poslanecké sněmovny na propůjčení nebo udělení státních vyzname,,false
psp:hlasovani:87685,87685,20,218,"""2026-06-04T00:00:00.000Z""",180,1,3,2,186,normal,accepted,Návrhy Poslanecké sněmovny na propůjčení nebo udělení státních vyzname,,false
psp:hlasovani:87686,87686,20,219,"""2026-06-04T00:00:00.000Z""",179,1,3,3,186,normal,accepted,Návrhy Poslanecké sněmovny na propůjčení nebo udělení státních vyzname,,false
psp:hlasovani:87687,87687,20,220,"""2026-06-04T00:00:00.000Z""",114,1,51,19,185,normal,accepted,Návrhy Poslanecké sněmovny na propůjčení nebo udělení státních vyzname,,false
psp:hlasovani:87688,87688,20,221,"""2026-06-04T00:00:00.000Z""",183,1,1,1,186,normal,accepted,Návrhy Poslanecké sněmovny na propůjčení nebo udělení státních vyzname,,false
psp:hlasovani:87689,87689,20,222,"""2026-06-04T00:00:00.000Z""",181,1,3,1,186,normal,accepted,Návrhy Poslanecké sněmovny na propůjčení nebo udělení státních vyzname,,false
psp:hlasovani:87690,87690,20,223,"""2026-06-04T00:00:00.000Z""",181,1,2,2,186,normal,accepted,Návrhy Poslanecké sněmovny na propůjčení nebo udělení státních vyzname,,false
psp:hlasovani:87691,87691,20,224,"""2026-06-04T00:00:00.000Z""",180,1,3,2,186,normal,accepted,Návrhy Poslanecké sněmovny na propůjčení nebo udělení státních vyzname,,false
psp:hlasovani:87692,87692,20,225,"""2026-06-04T00:00:00.000Z""",180,1,3,2,186,normal,accepted,Návrhy Poslanecké sněmovny na propůjčení nebo udělení státních vyzname,,false
psp:hlasovani:87693,87693,20,226,"""2026-06-04T00:00:00.000Z""",176,1,7,2,186,normal,accepted,Návrhy Poslanecké sněmovny na propůjčení nebo udělení státních vyzname,,false
psp:hlasovani:87694,87694,20,227,"""2026-06-04T00:00:00.000Z""",180,1,3,2,186,normal,accepted,Návrhy Poslanecké sněmovny na propůjčení nebo udělení státních vyzname,,false
psp:hlasovani:87695,87695,20,228,"""2026-06-04T00:00:00.000Z""",176,1,6,3,186,normal,accepted,Návrhy Poslanecké sněmovny na propůjčení nebo udělení státních vyzname,,false
psp:hlasovani:87696,87696,20,229,"""2026-06-04T00:00:00.000Z""",169,2,6,4,181,normal,accepted,Návrhy Poslanecké sněmovny na propůjčení nebo udělení státních vyzname,,false
psp:hlasovani:87697,87697,20,230,"""2026-06-04T00:00:00.000Z""",171,0,11,2,184,normal,accepted,Návrhy Poslanecké sněmovny na propůjčení nebo udělení státních vyzname,,false
psp:hlasovani:87698,87698,20,231,"""2026-06-04T00:00:00.000Z""",86,6,66,28,186,normal,rejected,Návrhy Poslanecké sněmovny na propůjčení nebo udělení státních vyzname,,false
psp:hlasovani:87699,87699,20,232,"""2026-06-04T00:00:00.000Z""",170,2,10,4,186,normal,accepted,Návrhy Poslanecké sněmovny na propůjčení nebo udělení státních vyzname,,false
psp:hlasovani:87700,87700,20,233,"""2026-06-04T00:00:00.000Z""",160,14,8,4,186,normal,accepted,Návrhy Poslanecké sněmovny na propůjčení nebo udělení státních vyzname,,false
psp:hlasovani:87701,87701,20,234,"""2026-06-04T00:00:00.000Z""",127,1,38,18,184,normal,accepted,Návrhy Poslanecké sněmovny na propůjčení nebo udělení státních vyzname,,false
psp:hlasovani:87702,87702,20,235,"""2026-06-04T00:00:00.000Z""",157,2,14,13,186,normal,accepted,Návrhy Poslanecké sněmovny na propůjčení nebo udělení státních vyzname,,false
psp:hlasovani:87703,87703,20,236,"""2026-06-04T00:00:00.000Z""",179,0,7,0,186,normal,accepted,Návrhy Poslanecké sněmovny na propůjčení nebo udělení státních vyzname,,false
psp:hlasovani:87704,87704,20,237,"""2026-06-04T00:00:00.000Z""",84,6,72,24,186,normal,rejected,Návrhy Poslanecké sněmovny na propůjčení nebo udělení státních vyzname,,false
psp:hlasovani:87705,87705,20,238,"""2026-06-04T00:00:00.000Z""",117,4,47,19,187,normal,accepted,Návrhy Poslanecké sněmovny na propůjčení nebo udělení státních vyzname,,false
psp:hlasovani:87706,87706,20,239,"""2026-06-04T00:00:00.000Z""",176,1,9,1,187,normal,accepted,Návrhy Poslanecké sněmovny na propůjčení nebo udělení státních vyzname,,false
psp:hlasovani:87707,87707,20,240,"""2026-06-04T00:00:00.000Z""",176,3,5,3,187,normal,accepted,Návrhy Poslanecké sněmovny na propůjčení nebo udělení státních vyzname,,false
psp:hlasovani:87708,87708,20,241,"""2026-06-04T00:00:00.000Z""",181,1,5,0,187,normal,accepted,Návrhy Poslanecké sněmovny na propůjčení nebo udělení státních vyzname,,false
psp:hlasovani:87709,87709,20,242,"""2026-06-04T00:00:00.000Z""",175,1,7,4,187,normal,accepted,Návrhy Poslanecké sněmovny na propůjčení nebo udělení státních vyzname,,false
psp:hlasovani:87710,87710,20,243,"""2026-06-04T00:00:00.000Z""",132,1,40,13,186,normal,accepted,Návrhy Poslanecké sněmovny na propůjčení nebo udělení státních vyzname,,false
psp:hlasovani:87711,87711,20,244,"""2026-06-04T00:00:00.000Z""",123,3,45,17,188,normal,accepted,Návrhy Poslanecké sněmovny na propůjčení nebo udělení státních vyzname,,false
psp:hlasovani:87712,87712,20,245,"""2026-06-04T00:00:00.000Z""",147,6,18,5,176,normal,accepted,Návrhy Poslanecké sněmovny na propůjčení nebo udělení státních vyzname,,false
psp:hlasovani:87713,87713,20,246,"""2026-06-04T00:00:00.000Z""",24,1,162,1,188,normal,rejected,Návrhy Poslanecké sněmovny na propůjčení nebo udělení státních vyzname,,false
psp:hlasovani:87714,87714,20,247,"""2026-06-04T00:00:00.000Z""",178,2,5,3,188,normal,accepted,Návrhy Poslanecké sněmovny na propůjčení nebo udělení státních vyzname,,false
psp:hlasovani:87715,87715,20,248,"""2026-06-04T00:00:00.000Z""",105,4,28,46,183,normal,accepted,Návrhy Poslanecké sněmovny na propůjčení nebo udělení státních vyzname,,false
psp:hlasovani:87716,87716,20,249,"""2026-06-04T00:00:00.000Z""",1,0,187,0,188,normal,rejected,Návrhy Poslanecké sněmovny na propůjčení nebo udělení státních vyzname,,false
psp:hlasovani:87717,87717,20,250,"""2026-06-04T00:00:00.000Z""",173,2,12,1,188,normal,accepted,Návrhy Poslanecké sněmovny na propůjčení nebo udělení státních vyzname,,false
psp:hlasovani:87718,87718,20,251,"""2026-06-04T00:00:00.000Z""",92,16,29,48,185,normal,rejected,Návrhy Poslanecké sněmovny na propůjčení nebo udělení státních vyzname,,false
psp:hlasovani:87719,87719,20,252,"""2026-06-04T00:00:00.000Z""",101,3,62,22,188,normal,accepted,Návrhy Poslanecké sněmovny na propůjčení nebo udělení státních vyzname,,false
psp:hlasovani:87720,87720,20,253,"""2026-06-04T00:00:00.000Z""",159,3,15,11,188,normal,accepted,Návrhy Poslanecké sněmovny na propůjčení nebo udělení státních vyzname,,false
psp:hlasovani:87721,87721,20,254,"""2026-06-04T00:00:00.000Z""",116,5,53,14,188,normal,accepted,Návrhy Poslanecké sněmovny na propůjčení nebo udělení státních vyzname,,false
psp:hlasovani:87722,87722,20,255,"""2026-06-04T00:00:00.000Z""",159,2,10,6,177,normal,accepted,Návrhy Poslanecké sněmovny na propůjčení nebo udělení státních vyzname,,false
psp:hlasovani:87723,87723,20,256,"""2026-06-04T00:00:00.000Z""",106,3,57,22,188,normal,accepted,Návrhy Poslanecké sněmovny na propůjčení nebo udělení státních vyzname,,false
psp:hlasovani:87724,87724,20,257,"""2026-06-04T00:00:00.000Z""",176,2,6,3,187,normal,accepted,Návrhy Poslanecké sněmovny na propůjčení nebo udělení státních vyzname,,false
psp:hlasovani:87725,87725,20,258,"""2026-06-04T00:00:00.000Z""",154,1,15,9,179,normal,accepted,Návrhy Poslanecké sněmovny na propůjčení nebo udělení státních vyzname,,false
psp:hlasovani:87726,87726,20,259,"""2026-06-04T00:00:00.000Z""",87,20,54,27,188,normal,rejected,Návrhy Poslanecké sněmovny na propůjčení nebo udělení státních vyzname,,false
psp:hlasovani:87727,87727,20,260,"""2026-06-04T00:00:00.000Z""",182,1,5,0,188,normal,accepted,Návrhy Poslanecké sněmovny na propůjčení nebo udělení státních vyzname,,false
psp:hlasovani:87728,87728,20,261,"""2026-06-04T00:00:00.000Z""",141,1,36,10,188,normal,accepted,Návrhy Poslanecké sněmovny na propůjčení nebo udělení státních vyzname,,false
psp:hlasovani:87729,87729,20,262,"""2026-06-04T00:00:00.000Z""",97,18,56,17,188,normal,accepted,Návrhy Poslanecké sněmovny na propůjčení nebo udělení státních vyzname,,false
psp:hlasovani:87730,87730,20,263,"""2026-06-04T00:00:00.000Z""",169,1,14,4,188,normal,accepted,Návrhy Poslanecké sněmovny na propůjčení nebo udělení státních vyzname,,false
psp:hlasovani:87731,87731,20,264,"""2026-06-04T00:00:00.000Z""",170,1,13,4,188,normal,accepted,Návrhy Poslanecké sněmovny na propůjčení nebo udělení státních vyzname,,false
psp:hlasovani:87732,87732,20,265,"""2026-06-04T00:00:00.000Z""",143,17,16,12,188,normal,accepted,Návrhy Poslanecké sněmovny na propůjčení nebo udělení státních vyzname,,false
psp:hlasovani:87733,87733,20,266,"""2026-06-04T00:00:00.000Z""",153,1,19,14,187,normal,accepted,Návrhy Poslanecké sněmovny na propůjčení nebo udělení státních vyzname,,false
psp:hlasovani:87734,87734,20,267,"""2026-06-04T00:00:00.000Z""",177,1,8,2,188,normal,accepted,Návrhy Poslanecké sněmovny na propůjčení nebo udělení státních vyzname,,false
psp:hlasovani:87735,87735,20,268,"""2026-06-04T00:00:00.000Z""",78,3,70,37,188,normal,rejected,Návrhy Poslanecké sněmovny na propůjčení nebo udělení státních vyzname,,false
psp:hlasovani:87736,87736,20,269,"""2026-06-04T00:00:00.000Z""",115,3,52,18,188,normal,accepted,Návrhy Poslanecké sněmovny na propůjčení nebo udělení státních vyzname,,false
psp:hlasovani:87737,87737,20,270,"""2026-06-04T00:00:00.000Z""",174,1,10,3,188,normal,accepted,Návrhy Poslanecké sněmovny na propůjčení nebo udělení státních vyzname,,false
psp:hlasovani:87738,87738,20,271,"""2026-06-04T00:00:00.000Z""",177,2,6,3,188,normal,accepted,Návrhy Poslanecké sněmovny na propůjčení nebo udělení státních vyzname,,false
psp:hlasovani:87739,87739,20,272,"""2026-06-04T00:00:00.000Z""",176,3,5,4,188,normal,accepted,Návrhy Poslanecké sněmovny na propůjčení nebo udělení státních vyzname,,false
psp:hlasovani:87740,87740,20,273,"""2026-06-04T00:00:00.000Z""",117,3,52,16,188,normal,accepted,Návrhy Poslanecké sněmovny na propůjčení nebo udělení státních vyzname,,false
psp:hlasovani:87741,87741,20,274,"""2026-06-04T00:00:00.000Z""",178,2,5,3,188,normal,accepted,Návrhy Poslanecké sněmovny na propůjčení nebo udělení státních vyzname,,false
psp:hlasovani:87742,87742,20,275,"""2026-06-04T00:00:00.000Z""",85,22,64,17,188,normal,rejected,Návrhy Poslanecké sněmovny na propůjčení nebo udělení státních vyzname,,false
psp:hlasovani:87743,87743,20,276,"""2026-06-04T00:00:00.000Z""",172,3,9,4,188,normal,accepted,Návrhy Poslanecké sněmovny na propůjčení nebo udělení státních vyzname,,false
psp:hlasovani:87744,87744,20,277,"""2026-06-04T00:00:00.000Z""",179,1,7,1,188,normal,accepted,Návrhy Poslanecké sněmovny na propůjčení nebo udělení státních vyzname,,false
psp:hlasovani:87745,87745,20,278,"""2026-06-04T00:00:00.000Z""",106,5,59,18,188,normal,accepted,Návrhy Poslanecké sněmovny na propůjčení nebo udělení státních vyzname,,false
psp:hlasovani:87746,87746,20,279,"""2026-06-04T00:00:00.000Z""",88,18,63,19,188,normal,rejected,Návrhy Poslanecké sněmovny na propůjčení nebo udělení státních vyzname,,false
psp:hlasovani:87747,87747,20,280,"""2026-06-04T00:00:00.000Z""",84,19,67,18,188,normal,rejected,Návrhy Poslanecké sněmovny na propůjčení nebo udělení státních vyzname,,false
psp:hlasovani:87748,87748,20,281,"""2026-06-04T00:00:00.000Z""",171,2,12,3,188,normal,accepted,Návrhy Poslanecké sněmovny na propůjčení nebo udělení státních vyzname,,false
psp:hlasovani:87749,87749,20,282,"""2026-06-04T00:00:00.000Z""",176,2,8,2,188,normal,accepted,Návrhy Poslanecké sněmovny na propůjčení nebo udělení státních vyzname,,false
psp:hlasovani:87750,87750,20,283,"""2026-06-04T00:00:00.000Z""",177,2,6,2,187,normal,accepted,Návrhy Poslanecké sněmovny na propůjčení nebo udělení státních vyzname,,false
psp:hlasovani:87751,87751,20,284,"""2026-06-04T00:00:00.000Z""",171,2,12,3,188,normal,accepted,Návrhy Poslanecké sněmovny na propůjčení nebo udělení státních vyzname,,false
psp:hlasovani:87752,87752,20,285,"""2026-06-04T00:00:00.000Z""",92,6,70,20,188,normal,rejected,Návrhy Poslanecké sněmovny na propůjčení nebo udělení státních vyzname,,false
psp:hlasovani:87753,87753,20,286,"""2026-06-04T00:00:00.000Z""",175,2,10,1,188,normal,accepted,Návrhy Poslanecké sněmovny na propůjčení nebo udělení státních vyzname,,false
psp:hlasovani:87754,87754,20,287,"""2026-06-04T00:00:00.000Z""",143,4,35,6,188,normal,accepted,Návrhy Poslanecké sněmovny na propůjčení nebo udělení státních vyzname,,false
psp:hlasovani:87755,87755,20,288,"""2026-06-04T00:00:00.000Z""",76,17,67,22,182,normal,rejected,Návrhy Poslanecké sněmovny na propůjčení nebo udělení státních vyzname,,false
psp:hlasovani:87756,87756,20,289,"""2026-06-04T00:00:00.000Z""",174,3,8,3,188,normal,accepted,Návrhy Poslanecké sněmovny na propůjčení nebo udělení státních vyzname,,false
psp:hlasovani:87757,87757,20,290,"""2026-06-04T00:00:00.000Z""",175,2,9,2,188,normal,accepted,Návrhy Poslanecké sněmovny na propůjčení nebo udělení státních vyzname,,false
psp:hlasovani:87758,87758,20,291,"""2026-06-04T00:00:00.000Z""",117,3,53,15,188,normal,accepted,Návrhy Poslanecké sněmovny na propůjčení nebo udělení státních vyzname,,false
psp:hlasovani:87759,87759,20,292,"""2026-06-04T00:00:00.000Z""",177,2,9,0,188,normal,accepted,Návrhy Poslanecké sněmovny na propůjčení nebo udělení státních vyzname,,false
psp:hlasovani:87760,87760,20,293,"""2026-06-04T00:00:00.000Z""",171,2,11,4,188,normal,accepted,Návrhy Poslanecké sněmovny na propůjčení nebo udělení státních vyzname,,false
psp:hlasovani:87761,87761,20,294,"""2026-06-04T00:00:00.000Z""",103,14,54,17,188,normal,accepted,Návrhy Poslanecké sněmovny na propůjčení nebo udělení státních vyzname,,false
psp:hlasovani:87762,87762,20,295,"""2026-06-04T00:00:00.000Z""",164,2,18,4,188,normal,accepted,Návrhy Poslanecké sněmovny na propůjčení nebo udělení státních vyzname,,false
psp:hlasovani:87763,87763,20,296,"""2026-06-04T00:00:00.000Z""",79,61,35,13,188,normal,rejected,Návrhy Poslanecké sněmovny na propůjčení nebo udělení státních vyzname,,false
psp:hlasovani:87764,87764,20,297,"""2026-06-04T00:00:00.000Z""",171,2,11,4,188,normal,accepted,Návrhy Poslanecké sněmovny na propůjčení nebo udělení státních vyzname,,false
psp:hlasovani:87765,87765,20,298,"""2026-06-04T00:00:00.000Z""",86,16,66,20,188,normal,rejected,Návrhy Poslanecké sněmovny na propůjčení nebo udělení státních vyzname,,false
psp:hlasovani:87766,87766,20,299,"""2026-06-04T00:00:00.000Z""",112,2,55,19,188,normal,accepted,Návrhy Poslanecké sněmovny na propůjčení nebo udělení státních vyzname,,false
psp:hlasovani:87767,87767,20,300,"""2026-06-04T00:00:00.000Z""",82,67,28,11,188,normal,rejected,Návrhy Poslanecké sněmovny na propůjčení nebo udělení státních vyzname,,false
psp:hlasovani:87768,87768,20,301,"""2026-06-04T00:00:00.000Z""",168,2,14,4,188,normal,accepted,Návrhy Poslanecké sněmovny na propůjčení nebo udělení státních vyzname,,false
psp:hlasovani:87769,87769,20,302,"""2026-06-04T00:00:00.000Z""",86,10,62,20,178,normal,rejected,Návrhy Poslanecké sněmovny na propůjčení nebo udělení státních vyzname,,false
psp:hlasovani:87770,87770,20,303,"""2026-06-04T00:00:00.000Z""",170,1,14,3,188,normal,accepted,Návrhy Poslanecké sněmovny na propůjčení nebo udělení státních vyzname,,false
psp:hlasovani:87771,87771,20,304,"""2026-06-04T00:00:00.000Z""",88,24,61,14,187,normal,rejected,Návrhy Poslanecké sněmovny na propůjčení nebo udělení státních vyzname,,false
psp:hlasovani:87772,87772,20,305,"""2026-06-04T00:00:00.000Z""",98,17,59,14,188,normal,accepted,Návrhy Poslanecké sněmovny na propůjčení nebo udělení státních vyzname,,false
psp:hlasovani:87773,87773,20,306,"""2026-06-04T00:00:00.000Z""",174,2,11,1,188,normal,accepted,Návrhy Poslanecké sněmovny na propůjčení nebo udělení státních vyzname,,false
psp:hlasovani:87774,87774,20,307,"""2026-06-04T00:00:00.000Z""",87,25,61,15,188,normal,rejected,Návrhy Poslanecké sněmovny na propůjčení nebo udělení státních vyzname,,false
psp:hlasovani:87775,87775,20,308,"""2026-06-04T00:00:00.000Z""",173,1,11,3,188,normal,accepted,Návrhy Poslanecké sněmovny na propůjčení nebo udělení státních vyzname,,false
psp:hlasovani:87776,87776,20,309,"""2026-06-04T00:00:00.000Z""",175,1,9,3,188,normal,accepted,Návrhy Poslanecké sněmovny na propůjčení nebo udělení státních vyzname,,false
psp:hlasovani:87777,87777,20,310,"""2026-06-04T00:00:00.000Z""",117,2,54,15,188,normal,accepted,Návrhy Poslanecké sněmovny na propůjčení nebo udělení státních vyzname,,false
psp:hlasovani:87778,87778,20,311,"""2026-06-04T00:00:00.000Z""",173,1,7,7,188,normal,accepted,Návrhy Poslanecké sněmovny na propůjčení nebo udělení státních vyzname,,false
psp:hlasovani:87779,87779,20,312,"""2026-06-04T00:00:00.000Z""",172,1,12,3,188,normal,accepted,Návrhy Poslanecké sněmovny na propůjčení nebo udělení státních vyzname,,false
psp:hlasovani:87780,87780,20,313,"""2026-06-04T00:00:00.000Z""",59,55,45,29,188,normal,rejected,Návrhy Poslanecké sněmovny na propůjčení nebo udělení státních vyzname,,false
psp:hlasovani:87781,87781,20,314,"""2026-06-04T00:00:00.000Z""",168,1,16,3,188,normal,accepted,Návrhy Poslanecké sněmovny na propůjčení nebo udělení státních vyzname,,false
psp:hlasovani:87782,87782,20,315,"""2026-06-04T00:00:00.000Z""",98,5,65,12,180,normal,accepted,Návrhy Poslanecké sněmovny na propůjčení nebo udělení státních vyzname,,false
psp:hlasovani:87783,87783,20,316,"""2026-06-04T00:00:00.000Z""",114,2,52,20,188,normal,accepted,Návrhy Poslanecké sněmovny na propůjčení nebo udělení státních vyzname,,false
psp:hlasovani:87784,87784,20,317,"""2026-06-04T00:00:00.000Z""",125,2,50,11,188,normal,accepted,Návrhy Poslanecké sněmovny na propůjčení nebo udělení státních vyzname,,false
psp:hlasovani:87785,87785,20,318,"""2026-06-04T00:00:00.000Z""",173,1,10,4,188,normal,accepted,Návrhy Poslanecké sněmovny na propůjčení nebo udělení státních vyzname,,false
psp:hlasovani:87786,87786,20,319,"""2026-06-04T00:00:00.000Z""",152,1,13,9,175,normal,accepted,Návrhy Poslanecké sněmovny na propůjčení nebo udělení státních vyzname,,false
psp:hlasovani:87787,87787,20,320,"""2026-06-04T00:00:00.000Z""",170,1,12,5,188,normal,accepted,Návrhy Poslanecké sněmovny na propůjčení nebo udělení státních vyzname,,false
psp:hlasovani:87788,87788,20,321,"""2026-06-04T00:00:00.000Z""",100,3,68,16,187,normal,accepted,Návrhy Poslanecké sněmovny na propůjčení nebo udělení státních vyzname,,false
psp:hlasovani:87789,87789,20,322,"""2026-06-04T00:00:00.000Z""",155,3,21,9,188,normal,accepted,Návrhy Poslanecké sněmovny na propůjčení nebo udělení státních vyzname,,false
psp:hlasovani:87790,87790,20,323,"""2026-06-04T00:00:00.000Z""",156,11,15,6,188,normal,accepted,Návrhy Poslanecké sněmovny na propůjčení nebo udělení státních vyzname,,false
psp:hlasovani:87791,87791,20,324,"""2026-06-04T00:00:00.000Z""",118,1,53,16,188,normal,accepted,Návrhy Poslanecké sněmovny na propůjčení nebo udělení státních vyzname,,false
psp:hlasovani:87792,87792,20,325,"""2026-06-04T00:00:00.000Z""",130,1,43,14,188,normal,accepted,Návrhy Poslanecké sněmovny na propůjčení nebo udělení státních vyzname,,false
psp:hlasovani:87793,87793,20,326,"""2026-06-04T00:00:00.000Z""",168,2,14,4,188,normal,accepted,Návrhy Poslanecké sněmovny na propůjčení nebo udělení státních vyzname,,false
psp:hlasovani:87794,87794,20,327,"""2026-06-04T00:00:00.000Z""",175,1,12,0,188,normal,accepted,Návrhy Poslanecké sněmovny na propůjčení nebo udělení státních vyzname,,false
psp:hlasovani:87795,87795,20,328,"""2026-06-04T00:00:00.000Z""",55,19,69,37,180,normal,rejected,Návrhy Poslanecké sněmovny na propůjčení nebo udělení státních vyzname,,false
psp:hlasovani:87796,87796,20,329,"""2026-06-04T00:00:00.000Z""",119,2,50,17,188,normal,accepted,Návrhy Poslanecké sněmovny na propůjčení nebo udělení státních vyzname,,false
psp:hlasovani:87797,87797,20,330,"""2026-06-04T00:00:00.000Z""",166,1,16,5,188,normal,accepted,Návrhy Poslanecké sněmovny na propůjčení nebo udělení státních vyzname,,false
psp:hlasovani:87798,87798,20,331,"""2026-06-04T00:00:00.000Z""",126,17,36,9,188,normal,accepted,Návrhy Poslanecké sněmovny na propůjčení nebo udělení státních vyzname,,false
psp:hlasovani:87799,87799,20,332,"""2026-06-04T00:00:00.000Z""",157,1,21,6,185,normal,accepted,Návrhy Poslanecké sněmovny na propůjčení nebo udělení státních vyzname,,false
psp:hlasovani:87800,87800,20,333,"""2026-06-04T00:00:00.000Z""",85,33,47,17,182,normal,rejected,Návrhy Poslanecké sněmovny na propůjčení nebo udělení státních vyzname,,false
psp:hlasovani:87801,87801,20,334,"""2026-06-04T00:00:00.000Z""",109,1,60,18,188,normal,accepted,Návrhy Poslanecké sněmovny na propůjčení nebo udělení státních vyzname,,false
psp:hlasovani:87802,87802,20,335,"""2026-06-04T00:00:00.000Z""",152,1,26,9,188,normal,accepted,Návrhy Poslanecké sněmovny na propůjčení nebo udělení státních vyzname,,false
psp:hlasovani:87803,87803,20,336,"""2026-06-04T00:00:00.000Z""",172,1,12,3,188,normal,accepted,Návrhy Poslanecké sněmovny na propůjčení nebo udělení státních vyzname,,false
psp:hlasovani:87804,87804,20,337,"""2026-06-04T00:00:00.000Z""",164,2,15,7,188,normal,accepted,Návrhy Poslanecké sněmovny na propůjčení nebo udělení státních vyzname,,false
psp:hlasovani:87805,87805,20,338,"""2026-06-04T00:00:00.000Z""",168,1,16,3,188,normal,accepted,Návrhy Poslanecké sněmovny na propůjčení nebo udělení státních vyzname,,false
psp:hlasovani:87806,87806,20,339,"""2026-06-04T00:00:00.000Z""",96,14,58,20,188,normal,accepted,Návrhy Poslanecké sněmovny na propůjčení nebo udělení státních vyzname,,false
psp:hlasovani:87807,87807,20,340,"""2026-06-04T00:00:00.000Z""",104,1,61,22,188,normal,accepted,Návrhy Poslanecké sněmovny na propůjčení nebo udělení státních vyzname,,false
psp:hlasovani:87808,87808,20,341,"""2026-06-04T00:00:00.000Z""",173,1,12,2,188,normal,accepted,Návrhy Poslanecké sněmovny na propůjčení nebo udělení státních vyzname,,false
psp:hlasovani:87809,87809,20,342,"""2026-06-04T00:00:00.000Z""",167,1,17,3,188,normal,accepted,Návrhy Poslanecké sněmovny na propůjčení nebo udělení státních vyzname,,false
psp:hlasovani:87810,87810,20,343,"""2026-06-04T00:00:00.000Z""",163,1,19,5,188,normal,accepted,Návrhy Poslanecké sněmovny na propůjčení nebo udělení státních vyzname,,false
psp:hlasovani:87811,87811,20,344,"""2026-06-04T00:00:00.000Z""",154,1,21,9,185,normal,accepted,Návrhy Poslanecké sněmovny na propůjčení nebo udělení státních vyzname,,false
psp:hlasovani:87812,87812,20,345,"""2026-06-04T00:00:00.000Z""",180,0,8,0,188,normal,accepted,Návrhy Poslanecké sněmovny na propůjčení nebo udělení státních vyzname,,false
psp:hlasovani:87813,87813,20,346,"""2026-06-05T00:00:00.000Z""",87,46,1,5,139,normal,accepted,Novela z. o rostlinolékařské péči - EU**,,false
psp:hlasovani:87814,87814,20,347,"""2026-06-05T00:00:00.000Z""",134,5,3,3,145,normal,accepted,,,false
psp:hlasovani:87815,87815,20,348,"""2026-06-05T00:00:00.000Z""",3,133,10,20,166,normal,rejected,Návrh na volbu členů Rady České televize,,false
psp:hlasovani:87816,87816,20,349,"""2026-06-05T00:00:00.000Z""",1,129,18,22,170,normal,rejected,Návrh na volbu členů Rady České televize,,false
psp:hlasovani:87817,87817,20,350,"""2026-06-05T00:00:00.000Z""",92,77,0,1,170,normal,accepted,Návrh na volbu členů Rady České televize,,false
psp:hlasovani:87818,87818,20,351,"""2026-06-05T00:00:00.000Z""",1,104,39,26,170,normal,rejected,Návrh na volbu členů Rady České televize,,false
psp:hlasovani:87819,87819,20,352,"""2026-06-05T00:00:00.000Z""",91,78,1,0,170,normal,accepted,Návrh na volbu členů Rady České televize,,false
psp:hlasovani:87820,87820,20,353,"""2026-06-05T00:00:00.000Z""",0,75,58,38,171,normal,rejected,Návrh na volbu členů Rady České televize,,false
psp:hlasovani:87821,87821,20,354,"""2026-06-05T00:00:00.000Z""",0,88,52,31,171,normal,rejected,Návrh na volbu členů Rady České televize,,false
psp:hlasovani:87822,87822,20,355,"""2026-06-05T00:00:00.000Z""",75,22,47,25,169,normal,rejected,Návrh na volbu členů Rady České televize,,false
psp:hlasovani:87823,87823,20,356,"""2026-06-05T00:00:00.000Z""",132,37,1,1,171,normal,accepted,Návrh na volbu členů Rady České televize,,false
psp:hlasovani:87824,87824,20,357,"""2026-06-05T00:00:00.000Z""",1,83,59,28,171,normal,rejected,Návrh na volbu členů Rady České televize,,false
psp:hlasovani:87825,87825,20,358,"""2026-06-05T00:00:00.000Z""",78,5,60,27,170,normal,rejected,Návrh na volbu členů Rady České televize,,false
psp:hlasovani:87826,87826,20,359,"""2026-06-05T00:00:00.000Z""",1,76,66,27,170,normal,rejected,Návrh na volbu členů Rady České televize,,false
psp:hlasovani:87827,87827,20,360,"""2026-06-05T00:00:00.000Z""",3,76,61,31,171,normal,rejected,Návrh na volbu členů Rady České televize,,false
psp:hlasovani:87828,87828,20,361,"""2026-06-05T00:00:00.000Z""",155,6,8,2,171,normal,accepted,Návrh na volbu členů Rady České televize,,false
psp:hlasovani:87829,87829,20,362,"""2026-06-05T00:00:00.000Z""",3,78,61,29,171,normal,rejected,Návrh na volbu členů Rady České televize,,false
psp:hlasovani:87830,87830,20,363,"""2026-06-05T00:00:00.000Z""",0,78,63,30,171,normal,rejected,Návrh na volbu členů Rady České televize,,false
psp:hlasovani:87831,87831,20,364,"""2026-06-05T00:00:00.000Z""",1,57,69,44,171,normal,rejected,Návrh na volbu členů Rady České televize,,false
psp:hlasovani:87832,87832,20,365,"""2026-06-05T00:00:00.000Z""",93,77,1,0,171,normal,accepted,Návrh na volbu členů Rady České televize,,false
psp:hlasovani:87833,87833,20,366,"""2026-06-05T00:00:00.000Z""",91,76,2,2,171,normal,accepted,Návrh na volbu členů Rady České televize,,false
psp:hlasovani:87834,87834,20,367,"""2026-06-05T00:00:00.000Z""",93,78,0,0,171,normal,accepted,Návrh na volbu členů Rady České televize,,false
psp:hlasovani:87835,87835,20,368,"""2026-06-05T00:00:00.000Z""",38,39,64,30,171,normal,rejected,Návrh na volbu členů Rady České televize,,false
psp:hlasovani:87836,87836,22,1,"""2026-06-11T00:00:00.000Z""",134,4,2,0,140,normal,accepted,,,false
psp:hlasovani:87837,87837,22,2,"""2026-06-11T00:00:00.000Z""",66,85,0,0,151,normal,rejected,Pořad schůze,,false
psp:hlasovani:87838,87838,23,1,"""2026-06-11T00:00:00.000Z""",96,2,3,0,101,normal,accepted,,,false
psp:hlasovani:87839,87839,23,2,"""2026-06-11T00:00:00.000Z""",85,34,3,4,126,normal,accepted,Pořad schůze,,false
psp:hlasovani:87840,87840,23,3,"""2026-06-11T00:00:00.000Z""",73,6,10,39,128,normal,accepted,Pořad schůze,,false
psp:hlasovani:87841,87841,23,4,"""2026-06-11T00:00:00.000Z""",22,75,1,4,102,normal,rejected,Novela z. - stavební zákon**,,false
psp:hlasovani:87842,87842,24,1,"""2026-06-23T00:00:00.000Z""",148,1,4,0,153,normal,accepted,,,false
psp:hlasovani:87843,87843,24,2,"""2026-06-23T00:00:00.000Z""",84,64,9,3,160,normal,accepted,Pořad schůze,,false
psp:hlasovani:87844,87844,24,3,"""2026-06-23T00:00:00.000Z""",85,64,0,0,149,normal,accepted,Pořad schůze,,false
psp:hlasovani:87845,87845,24,4,"""2026-06-23T00:00:00.000Z""",148,0,1,1,150,normal,accepted,Pořad schůze,,false
psp:hlasovani:87846,87846,24,5,"""2026-06-23T00:00:00.000Z""",86,60,2,5,153,normal,accepted,Pořad schůze,,false
psp:hlasovani:87847,87847,24,6,"""2026-06-23T00:00:00.000Z""",84,63,3,3,153,normal,accepted,Pořad schůze,,false
psp:hlasovani:87848,87848,24,7,"""2026-06-23T00:00:00.000Z""",86,65,1,1,153,normal,accepted,Pořad schůze,,false
psp:hlasovani:87849,87849,24,8,"""2026-06-23T00:00:00.000Z""",84,64,4,1,153,normal,accepted,Pořad schůze,,false
psp:hlasovani:87850,87850,24,9,"""2026-06-23T00:00:00.000Z""",102,48,3,0,153,normal,accepted,Pořad schůze,,false
psp:hlasovani:87851,87851,24,10,"""2026-06-23T00:00:00.000Z""",85,64,2,2,153,normal,accepted,Pořad schůze,,false
psp:hlasovani:87852,87852,24,11,"""2026-06-23T00:00:00.000Z""",64,84,3,2,153,normal,rejected,Pořad schůze,,false
psp:hlasovani:87853,87853,24,12,"""2026-06-23T00:00:00.000Z""",66,87,0,0,153,normal,rejected,Pořad schůze,,false
psp:hlasovani:87854,87854,24,13,"""2026-06-23T00:00:00.000Z""",67,86,0,0,153,normal,rejected,Pořad schůze,,false
psp:hlasovani:87855,87855,24,14,"""2026-06-23T00:00:00.000Z""",59,88,0,6,153,normal,rejected,Pořad schůze,,false
psp:hlasovani:87856,87856,24,15,"""2026-06-23T00:00:00.000Z""",67,85,1,0,153,normal,rejected,Pořad schůze,,false
psp:hlasovani:87857,87857,24,16,"""2026-06-23T00:00:00.000Z""",67,86,0,0,153,normal,rejected,Pořad schůze,,false
psp:hlasovani:87858,87858,24,17,"""2026-06-23T00:00:00.000Z""",66,85,2,0,153,normal,rejected,Pořad schůze,,false
psp:hlasovani:87859,87859,24,18,"""2026-06-23T00:00:00.000Z""",64,84,3,2,153,normal,rejected,Pořad schůze,,false
psp:hlasovani:87860,87860,24,19,"""2026-06-23T00:00:00.000Z""",68,84,1,0,153,normal,rejected,Pořad schůze,,false
psp:hlasovani:87861,87861,24,20,"""2026-06-23T00:00:00.000Z""",66,85,2,0,153,normal,rejected,Pořad schůze,,false
psp:hlasovani:87862,87862,24,21,"""2026-06-23T00:00:00.000Z""",66,85,2,0,153,normal,rejected,Pořad schůze,,false
psp:hlasovani:87863,87863,24,22,"""2026-06-23T00:00:00.000Z""",66,85,2,0,153,normal,rejected,Pořad schůze,,false
psp:hlasovani:87864,87864,24,23,"""2026-06-23T00:00:00.000Z""",67,85,1,0,153,normal,rejected,Pořad schůze,,false
psp:hlasovani:87865,87865,24,24,"""2026-06-23T00:00:00.000Z""",67,85,1,0,153,normal,rejected,Pořad schůze,,false
psp:hlasovani:87866,87866,24,25,"""2026-06-23T00:00:00.000Z""",67,85,1,0,153,normal,rejected,Pořad schůze,,false
psp:hlasovani:87867,87867,24,26,"""2026-06-23T00:00:00.000Z""",63,85,1,4,153,normal,rejected,Pořad schůze,,false
psp:hlasovani:87868,87868,24,27,"""2026-06-23T00:00:00.000Z""",60,85,1,7,153,normal,rejected,Pořad schůze,,false
psp:hlasovani:87869,87869,24,28,"""2026-06-23T00:00:00.000Z""",66,86,1,0,153,normal,rejected,Pořad schůze,,false
psp:hlasovani:87870,87870,24,29,"""2026-06-23T00:00:00.000Z""",63,87,3,0,153,normal,rejected,Pořad schůze,,false
psp:hlasovani:87871,87871,24,30,"""2026-06-23T00:00:00.000Z""",65,84,4,0,153,normal,rejected,Pořad schůze,,false
psp:hlasovani:87872,87872,24,31,"""2026-06-23T00:00:00.000Z""",67,85,1,0,153,normal,rejected,Pořad schůze,,false
psp:hlasovani:87873,87873,24,32,"""2026-06-23T00:00:00.000Z""",67,86,0,0,153,normal,rejected,Pořad schůze,,false
psp:hlasovani:87874,87874,24,33,"""2026-06-23T00:00:00.000Z""",67,82,4,0,153,normal,rejected,Pořad schůze,,false
psp:hlasovani:87875,87875,24,34,"""2026-06-23T00:00:00.000Z""",66,78,8,1,153,normal,rejected,Pořad schůze,,false
psp:hlasovani:87876,87876,24,35,"""2026-06-23T00:00:00.000Z""",66,83,4,0,153,normal,rejected,Pořad schůze,,false
psp:hlasovani:87877,87877,24,36,"""2026-06-23T00:00:00.000Z""",65,83,4,1,153,normal,rejected,Pořad schůze,,false
psp:hlasovani:87878,87878,24,37,"""2026-06-23T00:00:00.000Z""",63,83,6,1,153,normal,rejected,Pořad schůze,,false
psp:hlasovani:87879,87879,24,38,"""2026-06-23T00:00:00.000Z""",64,83,6,0,153,normal,rejected,Pořad schůze,,false
psp:hlasovani:87880,87880,24,39,"""2026-06-23T00:00:00.000Z""",66,85,2,0,153,normal,rejected,Pořad schůze,,false
psp:hlasovani:87881,87881,24,40,"""2026-06-23T00:00:00.000Z""",66,84,3,0,153,normal,rejected,Pořad schůze,,false
psp:hlasovani:87882,87882,24,41,"""2026-06-23T00:00:00.000Z""",66,84,3,0,153,normal,rejected,Pořad schůze,,false
psp:hlasovani:87883,87883,24,42,"""2026-06-23T00:00:00.000Z""",66,86,1,0,153,normal,rejected,Pořad schůze,,false
psp:hlasovani:87884,87884,24,43,"""2026-06-23T00:00:00.000Z""",66,84,3,0,153,normal,rejected,Pořad schůze,,false
psp:hlasovani:87885,87885,24,44,"""2026-06-23T00:00:00.000Z""",66,85,2,0,153,normal,rejected,Pořad schůze,,false
psp:hlasovani:87886,87886,24,45,"""2026-06-23T00:00:00.000Z""",50,86,10,7,153,normal,rejected,Pořad schůze,,false
psp:hlasovani:87887,87887,24,46,"""2026-06-23T00:00:00.000Z""",65,83,5,0,153,normal,rejected,Pořad schůze,,false
psp:hlasovani:87888,87888,24,47,"""2026-06-23T00:00:00.000Z""",65,84,3,1,153,normal,rejected,Pořad schůze,,false
psp:hlasovani:87889,87889,24,48,"""2026-06-23T00:00:00.000Z""",65,84,3,1,153,normal,rejected,Pořad schůze,,false
psp:hlasovani:87890,87890,24,49,"""2026-06-23T00:00:00.000Z""",62,84,3,4,153,normal,rejected,Pořad schůze,,false
psp:hlasovani:87891,87891,24,50,"""2026-06-23T00:00:00.000Z""",64,85,4,0,153,normal,rejected,Pořad schůze,,false
psp:hlasovani:87892,87892,24,51,"""2026-06-23T00:00:00.000Z""",64,84,5,0,153,normal,rejected,Pořad schůze,,false
psp:hlasovani:87893,87893,24,52,"""2026-06-23T00:00:00.000Z""",82,12,13,46,153,normal,accepted,Pořad schůze,,false
psp:hlasovani:87894,87894,24,53,"""2026-06-24T00:00:00.000Z""",32,79,16,6,133,normal,rejected,Pořad schůze,,false
psp:hlasovani:87895,87895,24,54,"""2026-06-24T00:00:00.000Z""",154,0,0,0,154,normal,accepted,Návrh na změny ve složení orgánů Poslanecké sněmovny,,false
psp:hlasovani:87896,87896,24,55,"""2026-06-24T00:00:00.000Z""",155,0,1,0,156,normal,accepted,Návrh na změny ve složení orgánů Poslanecké sněmovny,,false
psp:hlasovani:87897,87897,24,56,"""2026-06-24T00:00:00.000Z""",143,13,2,0,158,normal,accepted,Návrh na volbu člena Nejvyššího kontrolního úřadu,,false
psp:hlasovani:87898,87898,24,57,"""2026-06-24T00:00:00.000Z""",71,6,11,13,101,normal,accepted,Vl. n. z. o vstupu a pobytu cizinců**,,false
psp:hlasovani:87899,87899,24,58,"""2026-06-24T00:00:00.000Z""",71,31,12,5,119,normal,accepted,Novela z. o někt. opatř. v souv. s ozbrojeným konfliktem - Ukrajina -,,false
psp:hlasovani:87900,87900,24,59,"""2026-06-24T00:00:00.000Z""",130,0,3,0,133,normal,accepted,Novela z. o někt. opatř. v souv. s ozbrojeným konfliktem - Ukrajina -,,false
psp:hlasovani:87901,87901,24,60,"""2026-06-24T00:00:00.000Z""",76,16,26,20,138,normal,accepted,Novela z. o silničním provozu - EU**,,false
psp:hlasovani:87902,87902,24,61,"""2026-06-24T00:00:00.000Z""",105,0,1,0,106,normal,accepted,Novela z. o regulaci reklamy - EU**,,false
psp:hlasovani:87903,87903,24,62,"""2026-06-25T00:00:00.000Z""",106,0,5,14,125,normal,accepted,Pořad schůze,,false
psp:hlasovani:87904,87904,24,63,"""2026-06-25T00:00:00.000Z""",114,0,3,8,125,normal,accepted,Pořad schůze,,false
psp:hlasovani:87905,87905,24,64,"""2026-06-25T00:00:00.000Z""",50,75,3,0,128,normal,rejected,Pořad schůze,,false
psp:hlasovani:87906,87906,24,65,"""2026-06-25T00:00:00.000Z""",52,75,2,0,129,normal,rejected,Pořad schůze,,false
psp:hlasovani:87907,87907,24,66,"""2026-06-25T00:00:00.000Z""",129,0,13,0,142,normal,accepted,Sml. mezi ČR a Tanzanskou repub. o zamezení dvojímu zdanění,,false
psp:hlasovani:87908,87908,24,67,"""2026-06-25T00:00:00.000Z""",125,0,16,0,141,normal,accepted,Sml. mezi ČR a Keňskou republikou o zamezení dvojímu zdanění,,false
psp:hlasovani:87909,87909,24,68,"""2026-06-25T00:00:00.000Z""",125,0,17,0,142,normal,accepted,Sml. mezi ČR a Keňskou republikou o zamezení dvojímu zdanění,,false
psp:hlasovani:87910,87910,24,69,"""2026-06-25T00:00:00.000Z""",132,0,16,0,148,normal,accepted,Sml. mezi ČR a Slovenskou republikou**o policejní spolupráci,,false
psp:hlasovani:87911,87911,24,70,"""2026-06-25T00:00:00.000Z""",124,0,23,0,147,normal,accepted,Sml. mezi ČR a Mongolskem o policejní spolupráci,,false
psp:hlasovani:87912,87912,24,71,"""2026-06-25T00:00:00.000Z""",116,0,32,0,148,normal,accepted,Sml. mezi ČR a SRN o státních hranicích**,,false
psp:hlasovani:87913,87913,24,72,"""2026-06-25T00:00:00.000Z""",120,0,27,1,148,normal,accepted,Sml. mezi ČR a SRN o státních hranicích**,,false
psp:hlasovani:87914,87914,24,73,"""2026-06-25T00:00:00.000Z""",119,0,28,0,147,normal,accepted,Sml.ČR-Malta o zamezení dvojímu zdanění**,,false
psp:hlasovani:87915,87915,24,74,"""2026-06-25T00:00:00.000Z""",68,2,53,26,149,normal,rejected,"Vl. n. z., kterým se mění některé z. v souv.**se smlouvami o fin. služ",,false
psp:hlasovani:87916,87916,24,75,"""2026-06-25T00:00:00.000Z""",123,0,1,0,124,normal,accepted,"Vl. n. z., kterým se mění některé z. v souv.**se smlouvami o fin. služ",,false
psp:hlasovani:87917,87917,24,76,"""2026-06-25T00:00:00.000Z""",80,2,13,31,126,normal,accepted,"Vl. n. z., kterým se mění některé z. v souv.**se smlouvami o fin. služ",,false
psp:hlasovani:87918,87918,24,77,"""2026-06-25T00:00:00.000Z""",67,2,7,23,99,normal,accepted,Novela z. o spotřebitelském úvěru**,,false
psp:hlasovani:87919,87919,24,78,"""2026-06-26T00:00:00.000Z""",47,79,1,1,128,normal,rejected,Pořad schůze,,false
psp:hlasovani:87920,87920,24,79,"""2026-06-26T00:00:00.000Z""",49,79,4,2,134,normal,rejected,Pořad schůze,,false
psp:hlasovani:87921,87921,24,80,"""2026-06-26T00:00:00.000Z""",55,81,1,0,137,normal,rejected,Pořad schůze,,false
psp:hlasovani:87922,87922,24,81,"""2026-06-26T00:00:00.000Z""",46,76,6,10,138,normal,rejected,Pořad schůze,,false
psp:hlasovani:87923,87923,24,82,"""2026-06-26T00:00:00.000Z""",46,76,6,12,140,normal,rejected,Pořad schůze,,false
psp:hlasovani:87924,87924,24,83,"""2026-06-26T00:00:00.000Z""",53,79,5,5,142,normal,rejected,Pořad schůze,,false
psp:hlasovani:87925,87925,24,84,"""2026-06-26T00:00:00.000Z""",45,80,3,14,142,normal,rejected,Pořad schůze,,false
psp:hlasovani:87926,87926,24,85,"""2026-06-26T00:00:00.000Z""",59,80,3,0,142,normal,rejected,Pořad schůze,,false
psp:hlasovani:87927,87927,24,86,"""2026-06-26T00:00:00.000Z""",50,75,6,11,142,normal,rejected,Pořad schůze,,false
psp:hlasovani:87928,87928,24,87,"""2026-06-26T00:00:00.000Z""",56,74,11,1,142,normal,rejected,Pořad schůze,,false
psp:hlasovani:87929,87929,24,88,"""2026-06-26T00:00:00.000Z""",50,81,1,10,142,normal,rejected,Pořad schůze,,false
psp:hlasovani:87930,87930,24,89,"""2026-06-26T00:00:00.000Z""",19,86,5,26,136,normal,rejected,Návrh zákona o státních zaměstnancích**,,false
psp:hlasovani:87931,87931,24,90,"""2026-06-26T00:00:00.000Z""",19,85,7,25,136,normal,rejected,Návrh zákona o státních zaměstnancích**,,false
psp:hlasovani:87932,87932,24,91,"""2026-06-26T00:00:00.000Z""",83,47,0,6,136,normal,accepted,Návrh zákona o státních zaměstnancích**,,false
psp:hlasovani:87933,87933,24,92,"""2026-06-26T00:00:00.000Z""",77,55,11,0,143,normal,accepted,Návrh zákona o státních zaměstnancích**,,false
psp:hlasovani:87934,87934,24,93,"""2026-06-26T00:00:00.000Z""",142,0,3,0,145,normal,accepted,Návrh zákona o státních zaměstnancích**,,false
psp:hlasovani:87935,87935,24,94,"""2026-06-26T00:00:00.000Z""",59,85,1,0,145,normal,rejected,Návrh zákona o státních zaměstnancích**,,false
psp:hlasovani:87936,87936,24,95,"""2026-06-26T00:00:00.000Z""",48,85,2,10,145,normal,rejected,Návrh zákona o státních zaměstnancích**,,false
psp:hlasovani:87937,87937,24,96,"""2026-06-26T00:00:00.000Z""",59,85,1,0,145,normal,rejected,Návrh zákona o státních zaměstnancích**,,false
psp:hlasovani:87938,87938,24,97,"""2026-06-26T00:00:00.000Z""",118,0,9,18,145,normal,accepted,Návrh zákona o státních zaměstnancích**,,false
psp:hlasovani:87939,87939,24,98,"""2026-06-26T00:00:00.000Z""",0,0,144,0,144,normal,rejected,Návrh zákona o státních zaměstnancích**,,false
psp:hlasovani:87940,87940,24,99,"""2026-06-26T00:00:00.000Z""",107,0,12,26,145,normal,accepted,Návrh zákona o státních zaměstnancích**,,false
psp:hlasovani:87941,87941,24,100,"""2026-06-26T00:00:00.000Z""",81,60,4,0,145,normal,accepted,Návrh zákona o státních zaměstnancích**,,false
psp:hlasovani:87942,87942,24,101,"""2026-06-26T00:00:00.000Z""",95,17,8,25,145,normal,accepted,Návrh zákona o státních zaměstnancích**,,false
psp:hlasovani:87943,87943,24,102,"""2026-06-26T00:00:00.000Z""",121,0,13,11,145,normal,accepted,Návrh zákona o státních zaměstnancích**,,false
psp:hlasovani:87944,87944,24,103,"""2026-06-26T00:00:00.000Z""",86,34,9,16,145,normal,accepted,Návrh zákona o státních zaměstnancích**,,false
psp:hlasovani:87945,87945,24,104,"""2026-06-26T00:00:00.000Z""",85,22,13,25,145,normal,accepted,Návrh zákona o státních zaměstnancích**,,false
psp:hlasovani:87946,87946,24,105,"""2026-06-26T00:00:00.000Z""",45,95,4,1,145,normal,rejected,Návrh zákona o státních zaměstnancích**,,false
psp:hlasovani:87947,87947,24,106,"""2026-06-26T00:00:00.000Z""",123,0,9,13,145,normal,accepted,Návrh zákona o státních zaměstnancích**,,false
psp:hlasovani:87948,87948,24,107,"""2026-06-26T00:00:00.000Z""",143,0,2,0,145,normal,accepted,Návrh zákona o státních zaměstnancích**,,false
psp:hlasovani:87949,87949,24,108,"""2026-06-26T00:00:00.000Z""",123,0,11,11,145,normal,accepted,Návrh zákona o státních zaměstnancích**,,false
psp:hlasovani:87950,87950,24,109,"""2026-06-26T00:00:00.000Z""",142,0,3,0,145,normal,accepted,Návrh zákona o státních zaměstnancích**,,false
psp:hlasovani:87951,87951,24,110,"""2026-06-26T00:00:00.000Z""",128,2,5,10,145,normal,accepted,Návrh zákona o státních zaměstnancích**,,false
psp:hlasovani:87952,87952,24,111,"""2026-06-26T00:00:00.000Z""",60,14,52,19,145,normal,rejected,Návrh zákona o státních zaměstnancích**,,false
psp:hlasovani:87953,87953,24,112,"""2026-06-26T00:00:00.000Z""",143,0,2,0,145,normal,accepted,Návrh zákona o státních zaměstnancích**,,false
psp:hlasovani:87954,87954,24,113,"""2026-06-26T00:00:00.000Z""",59,83,3,0,145,normal,rejected,Návrh zákona o státních zaměstnancích**,,false
psp:hlasovani:87955,87955,24,114,"""2026-06-26T00:00:00.000Z""",59,82,4,0,145,normal,rejected,Návrh zákona o státních zaměstnancích**,,false
psp:hlasovani:87956,87956,24,115,"""2026-06-26T00:00:00.000Z""",59,83,2,0,144,normal,rejected,Návrh zákona o státních zaměstnancích**,,false
psp:hlasovani:87957,87957,24,116,"""2026-06-26T00:00:00.000Z""",88,20,12,24,144,normal,accepted,Návrh zákona o státních zaměstnancích**,,false
psp:hlasovani:87958,87958,24,117,"""2026-06-26T00:00:00.000Z""",84,56,3,0,143,normal,accepted,Návrh zákona o státních zaměstnancích**,,false
psp:hlasovani:87959,87959,24,118,"""2026-06-30T00:00:00.000Z""",85,63,2,1,151,normal,accepted,Pořad schůze,,false
psp:hlasovani:87960,87960,24,119,"""2026-06-30T00:00:00.000Z""",162,0,0,1,163,normal,accepted,Pořad schůze,,false
psp:hlasovani:87961,87961,24,120,"""2026-06-30T00:00:00.000Z""",164,0,1,0,165,normal,accepted,Pořad schůze,,false
psp:hlasovani:87962,87962,24,121,"""2026-06-30T00:00:00.000Z""",165,0,1,1,167,normal,accepted,Pořad schůze,,false
psp:hlasovani:87963,87963,24,122,"""2026-06-30T00:00:00.000Z""",144,0,8,15,167,normal,accepted,Pořad schůze,,false
psp:hlasovani:87964,87964,24,123,"""2026-06-30T00:00:00.000Z""",108,1,21,37,167,normal,accepted,Pořad schůze,,false
psp:hlasovani:87965,87965,24,124,"""2026-06-30T00:00:00.000Z""",92,31,12,32,167,normal,accepted,Pořad schůze,,false
psp:hlasovani:87966,87966,24,125,"""2026-06-30T00:00:00.000Z""",93,19,18,37,167,normal,accepted,Pořad schůze,,false
psp:hlasovani:87967,87967,24,126,"""2026-06-30T00:00:00.000Z""",92,22,16,37,167,normal,accepted,Pořad schůze,,false
psp:hlasovani:87968,87968,24,127,"""2026-06-30T00:00:00.000Z""",93,71,2,1,167,normal,accepted,Pořad schůze,,false
psp:hlasovani:87969,87969,24,128,"""2026-06-30T00:00:00.000Z""",94,72,1,0,167,normal,accepted,Pořad schůze,,false
psp:hlasovani:87970,87970,24,129,"""2026-06-30T00:00:00.000Z""",126,20,8,14,168,normal,accepted,Pořad schůze,,false
psp:hlasovani:87971,87971,24,130,"""2026-06-30T00:00:00.000Z""",105,27,10,26,168,normal,accepted,Pořad schůze,,false
psp:hlasovani:87972,87972,24,131,"""2026-06-30T00:00:00.000Z""",156,1,4,7,168,normal,accepted,Pořad schůze,,false
psp:hlasovani:87973,87973,24,132,"""2026-06-30T00:00:00.000Z""",93,75,0,0,168,normal,accepted,Pořad schůze,,false
psp:hlasovani:87974,87974,24,133,"""2026-06-30T00:00:00.000Z""",71,86,7,4,168,normal,rejected,Pořad schůze,,false
psp:hlasovani:87975,87975,24,134,"""2026-06-30T00:00:00.000Z""",55,89,6,18,168,normal,rejected,Pořad schůze,,false
psp:hlasovani:87976,87976,24,135,"""2026-06-30T00:00:00.000Z""",57,87,6,18,168,normal,rejected,Pořad schůze,,false
psp:hlasovani:87977,87977,24,136,"""2026-06-30T00:00:00.000Z""",71,91,3,3,168,normal,rejected,Pořad schůze,,false
psp:hlasovani:87978,87978,24,137,"""2026-06-30T00:00:00.000Z""",75,88,5,0,168,normal,rejected,Pořad schůze,,false
psp:hlasovani:87979,87979,24,138,"""2026-06-30T00:00:00.000Z""",61,88,5,14,168,normal,rejected,Pořad schůze,,false
psp:hlasovani:87980,87980,24,139,"""2026-06-30T00:00:00.000Z""",73,91,4,0,168,normal,rejected,Pořad schůze,,false
psp:hlasovani:87981,87981,24,140,"""2026-06-30T00:00:00.000Z""",75,90,3,0,168,normal,rejected,Pořad schůze,,false
psp:hlasovani:87982,87982,24,141,"""2026-06-30T00:00:00.000Z""",69,87,6,6,168,normal,rejected,Pořad schůze,,false
psp:hlasovani:87983,87983,24,142,"""2026-06-30T00:00:00.000Z""",70,90,3,5,168,normal,rejected,Pořad schůze,,false
psp:hlasovani:87984,87984,24,143,"""2026-06-30T00:00:00.000Z""",72,89,7,0,168,normal,rejected,Pořad schůze,,false
psp:hlasovani:87985,87985,24,144,"""2026-06-30T00:00:00.000Z""",75,88,5,0,168,normal,rejected,Pořad schůze,,false
psp:hlasovani:87986,87986,24,145,"""2026-06-30T00:00:00.000Z""",75,90,3,0,168,normal,rejected,Pořad schůze,,false
psp:hlasovani:87987,87987,24,146,"""2026-06-30T00:00:00.000Z""",73,90,5,0,168,normal,rejected,Pořad schůze,,false
psp:hlasovani:87988,87988,24,147,"""2026-06-30T00:00:00.000Z""",53,90,9,16,168,normal,rejected,Pořad schůze,,false
psp:hlasovani:87989,87989,24,148,"""2026-06-30T00:00:00.000Z""",74,91,3,0,168,normal,rejected,Pořad schůze,,false
psp:hlasovani:87990,87990,24,149,"""2026-06-30T00:00:00.000Z""",69,90,4,5,168,normal,rejected,Pořad schůze,,false
psp:hlasovani:87991,87991,24,150,"""2026-06-30T00:00:00.000Z""",57,88,6,17,168,normal,rejected,Pořad schůze,,false
psp:hlasovani:87992,87992,24,151,"""2026-06-30T00:00:00.000Z""",65,81,7,15,168,normal,rejected,Pořad schůze,,false
psp:hlasovani:87993,87993,24,152,"""2026-06-30T00:00:00.000Z""",55,93,6,14,168,normal,rejected,Pořad schůze,,false
psp:hlasovani:87994,87994,24,153,"""2026-06-30T00:00:00.000Z""",61,90,5,13,169,normal,rejected,Pořad schůze,,false
psp:hlasovani:87995,87995,24,154,"""2026-06-30T00:00:00.000Z""",75,88,5,1,169,normal,rejected,Pořad schůze,,false
psp:hlasovani:87996,87996,24,155,"""2026-06-30T00:00:00.000Z""",76,84,9,0,169,normal,rejected,Pořad schůze,,false
psp:hlasovani:87997,87997,24,156,"""2026-06-30T00:00:00.000Z""",67,84,8,10,169,normal,rejected,Pořad schůze,,false
psp:hlasovani:87998,87998,24,157,"""2026-06-30T00:00:00.000Z""",59,86,11,13,169,normal,rejected,Pořad schůze,,false
psp:hlasovani:87999,87999,24,158,"""2026-06-30T00:00:00.000Z""",62,84,11,12,169,normal,rejected,Pořad schůze,,false
psp:hlasovani:88000,88000,24,159,"""2026-06-30T00:00:00.000Z""",74,84,8,3,169,normal,rejected,Pořad schůze,,false
psp:hlasovani:88001,88001,24,160,"""2026-06-30T00:00:00.000Z""",129,0,1,10,140,normal,accepted,Novela z. o státní sociální podpoře**,,false
psp:hlasovani:88002,88002,24,161,"""2026-06-30T00:00:00.000Z""",121,0,0,0,121,normal,accepted,Novela z. - trestní zákoník**,,false
psp:hlasovani:88003,88003,24,162,"""2026-06-30T00:00:00.000Z""",40,76,3,4,123,normal,rejected,Novela z. - trestní zákoník**,,false
psp:hlasovani:88004,88004,24,163,"""2026-06-30T00:00:00.000Z""",40,74,7,2,123,normal,rejected,Novela z. - trestní zákoník**,,false
psp:hlasovani:88005,88005,24,164,"""2026-07-01T00:00:00.000Z""",27,68,22,1,118,normal,rejected,Novela z. na ochranu zvířat proti týrání**,,false
psp:hlasovani:88006,88006,24,165,"""2026-07-01T00:00:00.000Z""",95,0,23,0,118,normal,accepted,Novela z. na ochranu zvířat proti týrání**,,false
psp:hlasovani:88007,88007,24,166,"""2026-07-01T00:00:00.000Z""",25,63,28,2,118,normal,rejected,Novela z. na ochranu zvířat proti týrání**,,false
psp:hlasovani:88008,88008,24,167,"""2026-07-01T00:00:00.000Z""",22,62,28,6,118,normal,rejected,Novela z. na ochranu zvířat proti týrání**,,false
psp:hlasovani:88009,88009,24,168,"""2026-07-01T00:00:00.000Z""",178,0,1,0,179,normal,accepted,Návrh zákona o státních zaměstnancích - související,,false
psp:hlasovani:88010,88010,24,169,"""2026-07-01T00:00:00.000Z""",81,97,1,0,179,normal,rejected,Návrh zákona o státních zaměstnancích - související,,false
psp:hlasovani:88011,88011,24,170,"""2026-07-01T00:00:00.000Z""",124,1,14,40,179,normal,accepted,Návrh zákona o státních zaměstnancích - související,,false
psp:hlasovani:88012,88012,24,171,"""2026-07-01T00:00:00.000Z""",140,8,8,23,179,normal,accepted,Návrh zákona o státních zaměstnancích - související,,false
psp:hlasovani:88013,88013,24,172,"""2026-07-01T00:00:00.000Z""",170,1,4,4,179,normal,accepted,Návrh zákona o státních zaměstnancích - související,,false
psp:hlasovani:88014,88014,24,173,"""2026-07-01T00:00:00.000Z""",99,42,15,23,179,normal,accepted,Návrh zákona o státních zaměstnancích - související,,false
psp:hlasovani:88015,88015,24,174,"""2026-07-01T00:00:00.000Z""",99,47,14,19,179,normal,accepted,Návrh zákona o státních zaměstnancích - související,,false
psp:hlasovani:88016,88016,24,175,"""2026-07-01T00:00:00.000Z""",56,120,0,3,179,normal,rejected,Návrh zákona o státních zaměstnancích - související,,false
psp:hlasovani:88017,88017,24,176,"""2026-07-01T00:00:00.000Z""",99,14,15,51,179,normal,accepted,Návrh zákona o státních zaměstnancích - související,,false
psp:hlasovani:88018,88018,24,177,"""2026-07-01T00:00:00.000Z""",99,80,0,0,179,normal,accepted,Návrh zákona o státních zaměstnancích - související,,false
psp:hlasovani:88019,88019,24,178,"""2026-07-01T00:00:00.000Z""",122,0,12,45,179,normal,accepted,Návrh zákona o státních zaměstnancích - související,,false
psp:hlasovani:88020,88020,24,179,"""2026-07-01T00:00:00.000Z""",98,59,6,15,178,normal,accepted,Návrh zákona o státních zaměstnancích - související,,false
psp:hlasovani:88021,88021,24,180,"""2026-07-01T00:00:00.000Z""",100,42,13,24,179,normal,accepted,Návrh zákona o státních zaměstnancích - související,,false
psp:hlasovani:88022,88022,24,181,"""2026-07-01T00:00:00.000Z""",98,80,0,0,178,normal,accepted,Návrh zákona o státních zaměstnancích - související,,false
psp:hlasovani:88023,88023,24,182,"""2026-07-01T00:00:00.000Z""",54,120,4,1,179,normal,rejected,Návrh zákona o státních zaměstnancích - související,,false
psp:hlasovani:88024,88024,24,183,"""2026-07-01T00:00:00.000Z""",100,78,0,1,179,normal,accepted,Návrh zákona o státních zaměstnancích - související,,false
psp:hlasovani:88025,88025,24,184,"""2026-07-01T00:00:00.000Z""",155,1,16,2,174,normal,accepted,Návrh zákona o státních zaměstnancích - související,,false
psp:hlasovani:88026,88026,24,185,"""2026-07-01T00:00:00.000Z""",99,75,0,1,175,normal,accepted,Návrh zákona o státních zaměstnancích - související,,false
psp:hlasovani:88027,88027,24,186,"""2026-07-01T00:00:00.000Z""",3,84,14,41,142,normal,rejected,Novela z. o jednacím řádu PS**,,false
psp:hlasovani:88028,88028,24,187,"""2026-07-01T00:00:00.000Z""",3,80,28,36,147,normal,rejected,Novela z. o jednacím řádu PS**,,false
psp:hlasovani:88029,88029,24,188,"""2026-07-01T00:00:00.000Z""",0,82,26,42,150,normal,rejected,Novela z. o jednacím řádu PS**,,false
psp:hlasovani:88030,88030,24,189,"""2026-07-01T00:00:00.000Z""",35,97,9,10,151,normal,rejected,Novela z. o jednacím řádu PS**,,false
psp:hlasovani:88031,88031,24,190,"""2026-07-01T00:00:00.000Z""",126,0,38,0,164,normal,accepted,"Novela z. o látkách, které poškozují**ozonovou vrstvu - EU",,false
psp:hlasovani:88032,88032,24,191,"""2026-07-01T00:00:00.000Z""",30,75,10,21,136,normal,rejected,"Novela z. o látkách, které poškozují**ozonovou vrstvu - EU",,false
psp:hlasovani:88033,88033,24,192,"""2026-07-01T00:00:00.000Z""",73,50,13,1,137,normal,accepted,"Novela z. o látkách, které poškozují**ozonovou vrstvu - EU",,false
psp:hlasovani:88034,88034,24,193,"""2026-07-01T00:00:00.000Z""",118,0,30,0,148,normal,accepted,Novela z. o výrobcích s ukončenou životností - EU**,,false
psp:hlasovani:88035,88035,24,194,"""2026-07-01T00:00:00.000Z""",103,9,29,8,149,normal,accepted,,,false
psp:hlasovani:88036,88036,24,195,"""2026-07-01T00:00:00.000Z""",104,2,31,12,149,normal,accepted,,,false
psp:hlasovani:88037,88037,24,196,"""2026-07-01T00:00:00.000Z""",120,0,0,1,121,normal,accepted,Novela z. - knihovní zákon - EU**,,false
psp:hlasovani:88038,88038,24,197,"""2026-07-02T00:00:00.000Z""",8,2,35,0,45,normal,rejected,Odpověď na písemnou interpelaci**O. Richterové na A. Babiše,,true
psp:hlasovani:88039,88039,24,198,"""2026-07-02T00:00:00.000Z""",45,44,5,2,96,normal,rejected,Odpověď na písemnou interpelaci**O. Richterové na A. Babiše,,false
psp:hlasovani:88040,88040,24,199,"""2026-07-02T00:00:00.000Z""",74,5,17,38,134,normal,accepted,Pořad schůze,,false
psp:hlasovani:88041,88041,24,200,"""2026-07-02T00:00:00.000Z""",124,0,14,0,138,normal,accepted,Pořad schůze,,false
psp:hlasovani:88042,88042,24,201,"""2026-07-02T00:00:00.000Z""",122,0,14,2,138,normal,accepted,Pořad schůze,,false
psp:hlasovani:88043,88043,24,202,"""2026-07-02T00:00:00.000Z""",129,1,15,0,145,normal,accepted,Návrh na stanovení výše odměn členům**KR TA ČR za rok 2025,,false
psp:hlasovani:88044,88044,24,203,"""2026-07-02T00:00:00.000Z""",1,1,153,0,155,normal,rejected,Novela z. o obalech**,,false
psp:hlasovani:88045,88045,24,204,"""2026-07-02T00:00:00.000Z""",41,84,0,7,132,normal,rejected,Novela z. o obalech**,,false
psp:hlasovani:88046,88046,24,205,"""2026-07-02T00:00:00.000Z""",28,90,3,13,134,normal,rejected,Novela z. o obalech**,,false
psp:hlasovani:88047,88047,24,206,"""2026-07-02T00:00:00.000Z""",134,1,1,0,136,normal,accepted,Novela z. o obalech**,,false
psp:hlasovani:88048,88048,24,207,"""2026-07-02T00:00:00.000Z""",56,19,41,21,137,normal,rejected,Novela z. o obalech**,,false
psp:hlasovani:88049,88049,24,208,"""2026-07-02T00:00:00.000Z""",38,29,45,25,137,normal,rejected,Novela z. o obalech**,,false
psp:hlasovani:88050,88050,24,209,"""2026-07-02T00:00:00.000Z""",135,0,3,0,138,normal,accepted,Novela z. o obalech**,,false
psp:hlasovani:88051,88051,24,210,"""2026-07-02T00:00:00.000Z""",106,0,7,10,123,normal,accepted,Novela z. o podnikání na kapitálovém trhu - EU**,,false
psp:hlasovani:88052,88052,24,211,"""2026-07-02T00:00:00.000Z""",54,7,41,24,126,normal,rejected,Novela z. o podnikání na kapitálovém trhu - EU**,,false
psp:hlasovani:88053,88053,24,212,"""2026-07-02T00:00:00.000Z""",50,58,15,3,126,normal,rejected,Novela z. o podnikání na kapitálovém trhu - EU**,,false
psp:hlasovani:88054,88054,24,213,"""2026-07-03T00:00:00.000Z""",70,11,11,22,114,normal,accepted,Pořad schůze,,false
psp:hlasovani:88055,88055,24,214,"""2026-07-03T00:00:00.000Z""",78,10,12,16,116,normal,accepted,Pořad schůze,,false
psp:hlasovani:88056,88056,24,215,"""2026-07-03T00:00:00.000Z""",119,0,2,0,121,normal,accepted,Návrh na změny ve složení orgánů Poslanecké sněmovny,,false
psp:hlasovani:88057,88057,24,216,"""2026-07-03T00:00:00.000Z""",108,0,7,6,121,normal,accepted,Návrh na změny ve složení orgánů Poslanecké sněmovny,,false
psp:hlasovani:88058,88058,24,217,"""2026-07-03T00:00:00.000Z""",133,1,1,0,135,normal,accepted,Novela z. o jednacím řádu PS**,,false
psp:hlasovani:88059,88059,24,218,"""2026-07-03T00:00:00.000Z""",132,0,3,0,135,normal,accepted,Novela z. o jednacím řádu PS**,,false
psp:hlasovani:88060,88060,24,219,"""2026-07-03T00:00:00.000Z""",103,15,11,5,134,normal,accepted,Novela z. o jednacím řádu PS**,,false
psp:hlasovani:88061,88061,24,220,"""2026-07-03T00:00:00.000Z""",44,78,6,8,136,normal,rejected,Novela z. o jednacím řádu PS**,,false
psp:hlasovani:88062,88062,24,221,"""2026-07-03T00:00:00.000Z""",133,1,2,0,136,normal,accepted,Novela z. o jednacím řádu PS**,,false
psp:hlasovani:88063,88063,24,222,"""2026-07-03T00:00:00.000Z""",135,0,1,0,136,normal,accepted,Novela z. o jednacím řádu PS**,,false
psp:hlasovani:88064,88064,24,223,"""2026-07-03T00:00:00.000Z""",22,80,9,25,136,normal,rejected,Novela z. o jednacím řádu PS**,,false
psp:hlasovani:88065,88065,24,224,"""2026-07-03T00:00:00.000Z""",37,80,8,11,136,normal,rejected,Novela z. o jednacím řádu PS**,,false
psp:hlasovani:88066,88066,24,225,"""2026-07-03T00:00:00.000Z""",22,100,7,7,136,normal,rejected,Novela z. o jednacím řádu PS**,,false
psp:hlasovani:88067,88067,24,226,"""2026-07-03T00:00:00.000Z""",22,81,6,27,136,normal,rejected,Novela z. o jednacím řádu PS**,,false
psp:hlasovani:88068,88068,24,227,"""2026-07-03T00:00:00.000Z""",47,48,19,17,131,normal,rejected,Novela z. o jednacím řádu PS**,,false
psp:hlasovani:88069,88069,24,228,"""2026-07-03T00:00:00.000Z""",103,23,2,8,136,normal,accepted,Novela z. o jednacím řádu PS**,,false
psp:hlasovani:88070,88070,24,229,"""2026-07-03T00:00:00.000Z""",89,40,5,2,136,normal,accepted,Novela z. o jednacím řádu PS**,,false
psp:hlasovani:88071,88071,24,230,"""2026-07-03T00:00:00.000Z""",55,79,2,0,136,normal,rejected,Novela z. o jednacím řádu PS**,,false
psp:hlasovani:88072,88072,24,231,"""2026-07-03T00:00:00.000Z""",38,82,1,15,136,normal,rejected,Novela z. o jednacím řádu PS**,,false
psp:hlasovani:88073,88073,24,232,"""2026-07-03T00:00:00.000Z""",133,0,3,0,136,normal,accepted,Novela z. o jednacím řádu PS**,,false
psp:hlasovani:88074,88074,24,233,"""2026-07-03T00:00:00.000Z""",133,0,3,0,136,normal,accepted,Novela z. o jednacím řádu PS**,,false
psp:hlasovani:88075,88075,24,234,"""2026-07-03T00:00:00.000Z""",37,94,3,2,136,normal,rejected,Novela z. o jednacím řádu PS**,,false
psp:hlasovani:88076,88076,24,235,"""2026-07-03T00:00:00.000Z""",43,78,8,7,136,normal,rejected,Novela z. o jednacím řádu PS**,,false
psp:hlasovani:88077,88077,24,236,"""2026-07-03T00:00:00.000Z""",54,80,2,0,136,normal,rejected,Novela z. o jednacím řádu PS**,,false
psp:hlasovani:88078,88078,24,237,"""2026-07-03T00:00:00.000Z""",37,88,8,3,136,normal,rejected,Novela z. o jednacím řádu PS**,,false
psp:hlasovani:88079,88079,24,238,"""2026-07-03T00:00:00.000Z""",29,90,13,4,136,normal,rejected,Novela z. o jednacím řádu PS**,,false
psp:hlasovani:88080,88080,24,239,"""2026-07-03T00:00:00.000Z""",53,81,2,0,136,normal,rejected,Novela z. o jednacím řádu PS**,,false
psp:hlasovani:88081,88081,24,240,"""2026-07-03T00:00:00.000Z""",38,93,2,3,136,normal,rejected,Novela z. o jednacím řádu PS**,,false
psp:hlasovani:88082,88082,24,241,"""2026-07-03T00:00:00.000Z""",52,79,5,0,136,normal,rejected,Novela z. o jednacím řádu PS**,,false
psp:hlasovani:88083,88083,24,242,"""2026-07-03T00:00:00.000Z""",110,12,3,11,136,normal,accepted,Novela z. o jednacím řádu PS**,,false
psp:hlasovani:88084,88084,25,1,"""2026-07-07T00:00:00.000Z""",112,0,3,0,115,normal,accepted,,,false
psp:hlasovani:88085,88085,25,2,"""2026-07-07T00:00:00.000Z""",75,13,30,18,136,normal,accepted,Pořad schůze,,false
psp:hlasovani:88086,88086,25,3,"""2026-07-07T00:00:00.000Z""",95,44,16,16,171,normal,accepted,Vl.n.z. o evidenci tržeb,,false
psp:hlasovani:88087,88087,25,4,"""2026-07-07T00:00:00.000Z""",105,22,16,28,171,normal,accepted,Vl.n.z. o evidenci tržeb,,false
psp:hlasovani:88088,88088,24,243,"""2026-07-07T00:00:00.000Z""",94,54,3,6,157,normal,accepted,Pořad schůze,,false
psp:hlasovani:88089,88089,24,244,"""2026-07-07T00:00:00.000Z""",93,39,29,14,175,normal,accepted,Pořad schůze,,false
psp:hlasovani:88090,88090,24,245,"""2026-07-07T00:00:00.000Z""",67,97,10,0,174,normal,rejected,Pořad schůze,,false
psp:hlasovani:88091,88091,24,246,"""2026-07-07T00:00:00.000Z""",67,99,10,0,176,normal,rejected,Pořad schůze,,false
psp:hlasovani:88092,88092,24,247,"""2026-07-07T00:00:00.000Z""",54,97,16,9,176,normal,rejected,Pořad schůze,,false
psp:hlasovani:88093,88093,24,248,"""2026-07-07T00:00:00.000Z""",57,99,15,5,176,normal,rejected,Pořad schůze,,false
psp:hlasovani:88094,88094,24,249,"""2026-07-07T00:00:00.000Z""",67,98,11,0,176,normal,rejected,Pořad schůze,,false
psp:hlasovani:88095,88095,24,250,"""2026-07-07T00:00:00.000Z""",47,101,15,13,176,normal,rejected,Pořad schůze,,false
psp:hlasovani:88096,88096,24,251,"""2026-07-07T00:00:00.000Z""",37,100,19,20,176,normal,rejected,Pořad schůze,,false
psp:hlasovani:88097,88097,24,252,"""2026-07-07T00:00:00.000Z""",62,98,10,6,176,normal,rejected,Pořad schůze,,false
psp:hlasovani:88098,88098,24,253,"""2026-07-07T00:00:00.000Z""",31,102,20,23,176,normal,rejected,Pořad schůze,,false
psp:hlasovani:88099,88099,24,254,"""2026-07-07T00:00:00.000Z""",51,96,1,1,149,normal,rejected,"Vl.n.z., kt. se mění některé z. v oblasti veřejných rozpočtů",,false
psp:hlasovani:88100,88100,24,255,"""2026-07-07T00:00:00.000Z""",97,51,0,1,149,normal,accepted,"Vl.n.z., kt. se mění některé z. v oblasti veřejných rozpočtů",,false
psp:hlasovani:88101,88101,24,256,"""2026-07-08T00:00:00.000Z""",101,61,0,0,162,normal,accepted,"Vl.n.z., kt. se mění některé z. v oblasti veřejných rozpočtů",,false
psp:hlasovani:88102,88102,24,257,"""2026-07-08T00:00:00.000Z""",29,132,1,2,164,normal,rejected,"Vl.n.z., kt. se mění některé z. v oblasti veřejných rozpočtů",,false
psp:hlasovani:88103,88103,24,258,"""2026-07-08T00:00:00.000Z""",102,62,0,0,164,normal,accepted,"Vl.n.z., kt. se mění některé z. v oblasti veřejných rozpočtů",,false
psp:hlasovani:88104,88104,24,259,"""2026-07-08T00:00:00.000Z""",157,2,5,0,164,normal,accepted,"Vl.n.z., kt. se mění některé z. v oblasti veřejných rozpočtů",,false
psp:hlasovani:88105,88105,24,260,"""2026-07-08T00:00:00.000Z""",101,63,0,0,164,normal,accepted,"Vl.n.z., kt. se mění některé z. v oblasti veřejných rozpočtů",,false
psp:hlasovani:88106,88106,24,261,"""2026-07-08T00:00:00.000Z""",76,12,6,21,115,normal,accepted,Pořad schůze,,false
psp:hlasovani:88107,88107,24,262,"""2026-07-08T00:00:00.000Z""",150,0,2,0,152,normal,accepted,Novela z. o státní sociální podpoře**,,false
psp:hlasovani:88108,88108,24,263,"""2026-07-08T00:00:00.000Z""",64,70,12,7,153,normal,rejected,Novela z. o státní sociální podpoře**,,false
psp:hlasovani:88109,88109,24,264,"""2026-07-08T00:00:00.000Z""",66,72,13,5,156,normal,rejected,Novela z. o státní sociální podpoře**,,false
psp:hlasovani:88110,88110,24,265,"""2026-07-08T00:00:00.000Z""",47,76,13,20,156,normal,rejected,Novela z. o státní sociální podpoře**,,false
psp:hlasovani:88111,88111,24,266,"""2026-07-08T00:00:00.000Z""",50,78,13,16,157,normal,rejected,Novela z. o státní sociální podpoře**,,false
psp:hlasovani:88112,88112,24,267,"""2026-07-08T00:00:00.000Z""",48,76,12,21,157,normal,rejected,Novela z. o státní sociální podpoře**,,false
psp:hlasovani:88113,88113,24,268,"""2026-07-08T00:00:00.000Z""",48,93,14,4,159,normal,rejected,Novela z. o státní sociální podpoře**,,false
psp:hlasovani:88114,88114,24,269,"""2026-07-08T00:00:00.000Z""",71,77,9,2,159,normal,rejected,Novela z. o státní sociální podpoře**,,false
psp:hlasovani:88115,88115,24,270,"""2026-07-08T00:00:00.000Z""",71,81,7,0,159,normal,rejected,Novela z. o státní sociální podpoře**,,false
psp:hlasovani:88116,88116,24,271,"""2026-07-08T00:00:00.000Z""",71,73,14,1,159,normal,rejected,Novela z. o státní sociální podpoře**,,false
psp:hlasovani:88117,88117,24,272,"""2026-07-08T00:00:00.000Z""",51,78,12,18,159,normal,rejected,Novela z. o státní sociální podpoře**,,false
psp:hlasovani:88118,88118,24,273,"""2026-07-08T00:00:00.000Z""",50,75,14,21,160,normal,rejected,Novela z. o státní sociální podpoře**,,false
psp:hlasovani:88119,88119,24,274,"""2026-07-08T00:00:00.000Z""",49,75,16,21,161,normal,rejected,Novela z. o státní sociální podpoře**,,false
psp:hlasovani:88120,88120,24,275,"""2026-07-08T00:00:00.000Z""",68,79,11,3,161,normal,rejected,Novela z. o státní sociální podpoře**,,false
psp:hlasovani:88121,88121,24,276,"""2026-07-08T00:00:00.000Z""",152,0,4,5,161,normal,accepted,Novela z. o státní sociální podpoře**,,false
psp:hlasovani:88122,88122,24,277,"""2026-07-08T00:00:00.000Z""",159,0,3,0,162,normal,accepted,Novela z. o státní sociální podpoře**,,false
psp:hlasovani:88123,88123,24,278,"""2026-07-08T00:00:00.000Z""",64,66,16,16,162,normal,rejected,Novela z. o státní sociální podpoře**,,false
psp:hlasovani:88124,88124,24,279,"""2026-07-08T00:00:00.000Z""",35,77,17,33,162,normal,rejected,Novela z. o státní sociální podpoře**,,false
psp:hlasovani:88125,88125,24,280,"""2026-07-08T00:00:00.000Z""",45,87,11,19,162,normal,rejected,Novela z. o státní sociální podpoře**,,false
psp:hlasovani:88126,88126,24,281,"""2026-07-08T00:00:00.000Z""",57,78,14,13,162,normal,rejected,Novela z. o státní sociální podpoře**,,false
psp:hlasovani:88127,88127,24,282,"""2026-07-08T00:00:00.000Z""",17,75,26,44,162,normal,rejected,Novela z. o státní sociální podpoře**,,false
psp:hlasovani:88128,88128,24,283,"""2026-07-08T00:00:00.000Z""",69,77,15,1,162,normal,rejected,Novela z. o státní sociální podpoře**,,false
psp:hlasovani:88129,88129,24,284,"""2026-07-08T00:00:00.000Z""",70,75,16,1,162,normal,rejected,Novela z. o státní sociální podpoře**,,false
psp:hlasovani:88130,88130,24,285,"""2026-07-08T00:00:00.000Z""",158,0,4,0,162,normal,accepted,Novela z. o státní sociální podpoře**,,false
psp:hlasovani:88131,88131,24,286,"""2026-07-08T00:00:00.000Z""",85,2,70,0,157,normal,accepted,Novela z. - stavební zákon**,,false
psp:hlasovani:88132,88132,26,1,"""2026-07-08T00:00:00.000Z""",124,0,1,1,126,normal,accepted,,,false
psp:hlasovani:88133,88133,26,2,"""2026-07-08T00:00:00.000Z""",76,58,3,2,139,normal,accepted,Pořad schůze,,false
psp:hlasovani:88134,88134,26,3,"""2026-07-08T00:00:00.000Z""",134,0,2,0,136,normal,accepted,Novela z. o pojistném na veřejné zdr. pojištění,,false
psp:hlasovani:88135,88135,26,4,"""2026-07-08T00:00:00.000Z""",62,69,2,3,136,normal,rejected,Novela z. o pojistném na veřejné zdr. pojištění,,false
psp:hlasovani:88136,88136,27,1,"""2026-07-10T00:00:00.000Z""",107,0,2,0,109,normal,accepted,,,false
psp:hlasovani:88137,88137,27,2,"""2026-07-10T00:00:00.000Z""",73,45,3,6,127,normal,accepted,Pořad schůze,,false
psp:hlasovani:88138,88138,27,3,"""2026-07-10T00:00:00.000Z""",59,108,1,2,170,normal,rejected,Novela z. - stavební zákon**,,false
psp:hlasovani:88139,88139,27,4,"""2026-07-10T00:00:00.000Z""",170,0,0,1,171,normal,accepted,Novela z. - stavební zákon**,,false
psp:hlasovani:88140,88140,27,5,"""2026-07-10T00:00:00.000Z""",127,24,8,13,172,normal,accepted,Novela z. - stavební zákon**,,false
psp:hlasovani:88141,88141,27,6,"""2026-07-10T00:00:00.000Z""",131,16,9,17,173,normal,accepted,Novela z. - stavební zákon**,,false
psp:hlasovani:88142,88142,27,7,"""2026-07-10T00:00:00.000Z""",128,17,10,18,173,normal,accepted,Novela z. - stavební zákon**,,false
psp:hlasovani:88143,88143,27,8,"""2026-07-10T00:00:00.000Z""",113,0,20,40,173,normal,accepted,Novela z. - stavební zákon**,,false
psp:hlasovani:88144,88144,27,9,"""2026-07-10T00:00:00.000Z""",140,0,11,22,173,normal,accepted,Novela z. - stavební zákon**,,false
psp:hlasovani:88145,88145,27,10,"""2026-07-10T00:00:00.000Z""",171,0,1,0,172,normal,accepted,Novela z. - stavební zákon**,,false
psp:hlasovani:88146,88146,27,11,"""2026-07-10T00:00:00.000Z""",131,6,10,25,172,normal,accepted,Novela z. - stavební zákon**,,false
psp:hlasovani:88147,88147,27,12,"""2026-07-10T00:00:00.000Z""",108,59,2,3,172,normal,accepted,Novela z. - stavební zákon**,,false
psp:hlasovani:88148,88148,27,13,"""2026-07-10T00:00:00.000Z""",62,87,3,20,172,normal,rejected,Novela z. - stavební zákon**,,false
psp:hlasovani:88149,88149,27,14,"""2026-07-10T00:00:00.000Z""",171,0,1,0,172,normal,accepted,Novela z. - stavební zákon**,,false
psp:hlasovani:88150,88150,27,15,"""2026-07-10T00:00:00.000Z""",143,11,3,15,172,normal,accepted,Novela z. - stavební zákon**,,false
psp:hlasovani:88151,88151,27,16,"""2026-07-10T00:00:00.000Z""",157,1,4,10,172,normal,accepted,Novela z. - stavební zákon**,,false
psp:hlasovani:88152,88152,27,17,"""2026-07-10T00:00:00.000Z""",61,87,1,23,172,normal,rejected,Novela z. - stavební zákon**,,false
psp:hlasovani:88153,88153,27,18,"""2026-07-10T00:00:00.000Z""",58,86,6,22,172,normal,rejected,Novela z. - stavební zákon**,,false
psp:hlasovani:88154,88154,27,19,"""2026-07-10T00:00:00.000Z""",59,87,4,22,172,normal,rejected,Novela z. - stavební zákon**,,false
psp:hlasovani:88155,88155,27,20,"""2026-07-10T00:00:00.000Z""",58,87,3,24,172,normal,rejected,Novela z. - stavební zákon**,,false
psp:hlasovani:88156,88156,27,21,"""2026-07-10T00:00:00.000Z""",59,89,2,22,172,normal,rejected,Novela z. - stavební zákon**,,false
psp:hlasovani:88157,88157,27,22,"""2026-07-10T00:00:00.000Z""",59,107,1,5,172,normal,rejected,Novela z. - stavební zákon**,,false
psp:hlasovani:88158,88158,27,23,"""2026-07-10T00:00:00.000Z""",59,106,3,4,172,normal,rejected,Novela z. - stavební zákon**,,false
psp:hlasovani:88159,88159,27,24,"""2026-07-10T00:00:00.000Z""",62,89,1,20,172,normal,rejected,Novela z. - stavební zákon**,,false
psp:hlasovani:88160,88160,27,25,"""2026-07-10T00:00:00.000Z""",62,90,0,20,172,normal,rejected,Novela z. - stavební zákon**,,false
psp:hlasovani:88161,88161,27,26,"""2026-07-10T00:00:00.000Z""",59,89,3,21,172,normal,rejected,Novela z. - stavební zákon**,,false
psp:hlasovani:88162,88162,27,27,"""2026-07-10T00:00:00.000Z""",167,1,4,0,172,normal,accepted,Novela z. - stavební zákon**,,false
psp:hlasovani:88163,88163,27,28,"""2026-07-10T00:00:00.000Z""",60,87,4,21,172,normal,rejected,Novela z. - stavební zákon**,,false
psp:hlasovani:88164,88164,27,29,"""2026-07-10T00:00:00.000Z""",58,90,4,20,172,normal,rejected,Novela z. - stavební zákon**,,false
psp:hlasovani:88165,88165,27,30,"""2026-07-10T00:00:00.000Z""",114,25,13,20,172,normal,accepted,Novela z. - stavební zákon**,,false
psp:hlasovani:88166,88166,27,31,"""2026-07-10T00:00:00.000Z""",19,108,20,25,172,normal,rejected,Novela z. - stavební zákon**,,false
psp:hlasovani:88167,88167,27,32,"""2026-07-10T00:00:00.000Z""",169,0,3,0,172,normal,accepted,Novela z. - stavební zákon**,,false
psp:hlasovani:88168,88168,27,33,"""2026-07-10T00:00:00.000Z""",58,106,5,3,172,normal,rejected,Novela z. - stavební zákon**,,false
psp:hlasovani:88169,88169,27,34,"""2026-07-10T00:00:00.000Z""",59,107,3,3,172,normal,rejected,Novela z. - stavební zákon**,,false
psp:hlasovani:88170,88170,27,35,"""2026-07-10T00:00:00.000Z""",58,107,4,3,172,normal,rejected,Novela z. - stavební zákon**,,false
psp:hlasovani:88171,88171,27,36,"""2026-07-10T00:00:00.000Z""",124,10,33,5,172,normal,accepted,Novela z. - stavební zákon**,,false
psp:hlasovani:88172,88172,27,37,"""2026-07-10T00:00:00.000Z""",170,0,2,0,172,normal,accepted,Novela z. - stavební zákon**,,false
psp:hlasovani:88173,88173,27,38,"""2026-07-10T00:00:00.000Z""",58,107,6,1,172,normal,rejected,Novela z. - stavební zákon**,,false
psp:hlasovani:88174,88174,27,39,"""2026-07-10T00:00:00.000Z""",36,111,10,15,172,normal,rejected,Novela z. - stavební zákon**,,false
psp:hlasovani:88175,88175,27,40,"""2026-07-10T00:00:00.000Z""",61,105,6,0,172,normal,rejected,Novela z. - stavební zákon**,,false
psp:hlasovani:88176,88176,27,41,"""2026-07-10T00:00:00.000Z""",58,110,3,1,172,normal,rejected,Novela z. - stavební zákon**,,false
psp:hlasovani:88177,88177,27,42,"""2026-07-10T00:00:00.000Z""",28,106,14,24,172,normal,rejected,Novela z. - stavební zákon**,,false
psp:hlasovani:88178,88178,27,43,"""2026-07-10T00:00:00.000Z""",46,108,7,11,172,normal,rejected,Novela z. - stavební zákon**,,false
psp:hlasovani:88179,88179,27,44,"""2026-07-10T00:00:00.000Z""",60,107,3,2,172,normal,rejected,Novela z. - stavební zákon**,,false
psp:hlasovani:88180,88180,27,45,"""2026-07-10T00:00:00.000Z""",46,103,9,14,172,normal,rejected,Novela z. - stavební zákon**,,false
psp:hlasovani:88181,88181,27,46,"""2026-07-10T00:00:00.000Z""",60,109,2,1,172,normal,rejected,Novela z. - stavební zákon**,,false
psp:hlasovani:88182,88182,27,47,"""2026-07-10T00:00:00.000Z""",57,110,2,3,172,normal,rejected,Novela z. - stavební zákon**,,false
psp:hlasovani:88183,88183,27,48,"""2026-07-10T00:00:00.000Z""",48,111,2,11,172,normal,rejected,Novela z. - stavební zákon**,,false
psp:hlasovani:88184,88184,27,49,"""2026-07-10T00:00:00.000Z""",171,1,0,0,172,normal,accepted,Novela z. - stavební zákon**,,false
psp:hlasovani:88185,88185,27,50,"""2026-07-10T00:00:00.000Z""",64,73,10,25,172,normal,rejected,Novela z. - stavební zákon**,,false
psp:hlasovani:88186,88186,27,51,"""2026-07-10T00:00:00.000Z""",59,99,12,2,172,normal,rejected,Novela z. - stavební zákon**,,false
psp:hlasovani:88187,88187,27,52,"""2026-07-10T00:00:00.000Z""",165,1,6,0,172,normal,accepted,Novela z. - stavební zákon**,,false
psp:hlasovani:88188,88188,27,53,"""2026-07-10T00:00:00.000Z""",30,87,6,49,172,normal,rejected,Novela z. - stavební zákon**,,false
psp:hlasovani:88189,88189,27,54,"""2026-07-10T00:00:00.000Z""",58,2,67,45,172,normal,rejected,Novela z. - stavební zákon**,,false
psp:hlasovani:88190,88190,27,55,"""2026-07-10T00:00:00.000Z""",61,104,5,2,172,normal,rejected,Novela z. - stavební zákon**,,false
psp:hlasovani:88191,88191,27,56,"""2026-07-10T00:00:00.000Z""",164,0,1,7,172,normal,accepted,Novela z. - stavební zákon**,,false
psp:hlasovani:88192,88192,27,57,"""2026-07-10T00:00:00.000Z""",81,76,12,3,172,normal,rejected,Novela z. - stavební zákon**,,false
psp:hlasovani:88193,88193,27,58,"""2026-07-10T00:00:00.000Z""",82,80,8,2,172,normal,rejected,Novela z. - stavební zákon**,,false
psp:hlasovani:88194,88194,27,59,"""2026-07-10T00:00:00.000Z""",153,0,10,9,172,normal,accepted,Novela z. - stavební zákon**,,false
psp:hlasovani:88195,88195,27,60,"""2026-07-10T00:00:00.000Z""",168,1,3,0,172,normal,accepted,Novela z. - stavební zákon**,,false
psp:hlasovani:88196,88196,27,61,"""2026-07-10T00:00:00.000Z""",170,0,2,0,172,normal,accepted,Novela z. - stavební zákon**,,false
psp:hlasovani:88197,88197,27,62,"""2026-07-10T00:00:00.000Z""",166,0,6,0,172,normal,accepted,Novela z. - stavební zákon**,,false
psp:hlasovani:88198,88198,27,63,"""2026-07-10T00:00:00.000Z""",97,29,9,37,172,normal,accepted,Novela z. - stavební zákon**,,false
psp:hlasovani:88199,88199,27,64,"""2026-07-10T00:00:00.000Z""",171,0,1,0,172,normal,accepted,Novela z. - stavební zákon**,,false
psp:hlasovani:88200,88200,27,65,"""2026-07-10T00:00:00.000Z""",172,0,0,0,172,normal,accepted,Novela z. - stavební zákon**,,false
psp:hlasovani:88201,88201,27,66,"""2026-07-10T00:00:00.000Z""",153,0,9,10,172,normal,accepted,Novela z. - stavební zákon**,,false
psp:hlasovani:88202,88202,27,67,"""2026-07-10T00:00:00.000Z""",82,0,65,25,172,normal,rejected,Novela z. - stavební zákon**,,false
psp:hlasovani:88203,88203,27,68,"""2026-07-10T00:00:00.000Z""",168,0,3,1,172,normal,accepted,Novela z. - stavební zákon**,,false
psp:hlasovani:88204,88204,27,69,"""2026-07-10T00:00:00.000Z""",43,125,2,2,172,normal,rejected,Novela z. - stavební zákon**,,false
psp:hlasovani:88205,88205,27,70,"""2026-07-10T00:00:00.000Z""",113,25,12,22,172,normal,accepted,Novela z. - stavební zákon**,,false
psp:hlasovani:88206,88206,27,71,"""2026-07-10T00:00:00.000Z""",133,1,16,22,172,normal,accepted,Novela z. - stavební zákon**,,false
psp:hlasovani:88207,88207,27,72,"""2026-07-10T00:00:00.000Z""",7,135,10,20,172,normal,rejected,Novela z. - stavební zákon**,,false
psp:hlasovani:88208,88208,27,73,"""2026-07-10T00:00:00.000Z""",7,141,7,17,172,normal,rejected,Novela z. - stavební zákon**,,false
psp:hlasovani:88209,88209,27,74,"""2026-07-10T00:00:00.000Z""",9,142,5,16,172,normal,rejected,Novela z. - stavební zákon**,,false
psp:hlasovani:88210,88210,27,75,"""2026-07-10T00:00:00.000Z""",22,115,19,16,172,normal,rejected,Novela z. - stavební zákon**,,false
psp:hlasovani:88211,88211,27,76,"""2026-07-10T00:00:00.000Z""",25,119,16,12,172,normal,rejected,Novela z. - stavební zákon**,,false
psp:hlasovani:88212,88212,27,77,"""2026-07-10T00:00:00.000Z""",51,99,6,16,172,normal,rejected,Novela z. - stavební zákon**,,false
psp:hlasovani:88213,88213,27,78,"""2026-07-10T00:00:00.000Z""",64,20,60,28,172,normal,rejected,Novela z. - stavební zákon**,,false
psp:hlasovani:88214,88214,27,79,"""2026-07-10T00:00:00.000Z""",168,1,3,0,172,normal,accepted,Novela z. - stavební zákon**,,false
psp:hlasovani:88215,88215,27,80,"""2026-07-10T00:00:00.000Z""",51,87,13,21,172,normal,rejected,Novela z. - stavební zákon**,,false
psp:hlasovani:88216,88216,27,81,"""2026-07-10T00:00:00.000Z""",50,88,12,22,172,normal,rejected,Novela z. - stavební zákon**,,false
psp:hlasovani:88217,88217,27,82,"""2026-07-10T00:00:00.000Z""",38,80,22,32,172,normal,rejected,Novela z. - stavební zákon**,,false
psp:hlasovani:88218,88218,27,83,"""2026-07-10T00:00:00.000Z""",94,35,10,33,172,normal,accepted,Novela z. - stavební zákon**,,false
psp:hlasovani:88219,88219,27,84,"""2026-07-10T00:00:00.000Z""",107,23,16,26,172,normal,accepted,Novela z. - stavební zákon**,,false
psp:hlasovani:88220,88220,27,85,"""2026-07-10T00:00:00.000Z""",146,2,7,17,172,normal,accepted,Novela z. - stavební zákon**,,false
psp:hlasovani:88221,88221,27,86,"""2026-07-10T00:00:00.000Z""",114,41,13,4,172,normal,accepted,Novela z. - stavební zákon**,,false
psp:hlasovani:88222,88222,27,87,"""2026-07-10T00:00:00.000Z""",106,27,15,24,172,normal,accepted,Novela z. - stavební zákon**,,false
psp:hlasovani:88223,88223,27,88,"""2026-07-10T00:00:00.000Z""",104,25,15,28,172,normal,accepted,Novela z. - stavební zákon**,,false
psp:hlasovani:88224,88224,27,89,"""2026-07-10T00:00:00.000Z""",60,101,7,4,172,normal,rejected,Novela z. - stavební zákon**,,false
psp:hlasovani:88225,88225,27,90,"""2026-07-10T00:00:00.000Z""",56,85,7,24,172,normal,rejected,Novela z. - stavební zákon**,,false
psp:hlasovani:88226,88226,27,91,"""2026-07-10T00:00:00.000Z""",58,88,3,23,172,normal,rejected,Novela z. - stavební zákon**,,false
psp:hlasovani:88227,88227,27,92,"""2026-07-10T00:00:00.000Z""",58,106,4,4,172,normal,rejected,Novela z. - stavební zákon**,,false
psp:hlasovani:88228,88228,27,93,"""2026-07-10T00:00:00.000Z""",49,108,6,9,172,normal,rejected,Novela z. - stavební zákon**,,false
psp:hlasovani:88229,88229,27,94,"""2026-07-10T00:00:00.000Z""",55,109,4,4,172,normal,rejected,Novela z. - stavební zákon**,,false
psp:hlasovani:88230,88230,27,95,"""2026-07-10T00:00:00.000Z""",56,111,3,2,172,normal,rejected,Novela z. - stavební zákon**,,false
psp:hlasovani:88231,88231,27,96,"""2026-07-10T00:00:00.000Z""",43,86,10,33,172,normal,rejected,Novela z. - stavební zákon**,,false
psp:hlasovani:88232,88232,27,97,"""2026-07-10T00:00:00.000Z""",46,112,5,9,172,normal,rejected,Novela z. - stavební zákon**,,false
psp:hlasovani:88233,88233,27,98,"""2026-07-10T00:00:00.000Z""",164,0,5,3,172,normal,accepted,Novela z. - stavební zákon**,,false
psp:hlasovani:88234,88234,27,99,"""2026-07-10T00:00:00.000Z""",107,62,1,2,172,normal,accepted,Novela z. - stavební zákon**,,false
psp:hlasovani:88235,88235,27,100,"""2026-07-10T00:00:00.000Z""",58,87,5,22,172,normal,rejected,Novela z. - stavební zákon**,,false
psp:hlasovani:88236,88236,27,101,"""2026-07-10T00:00:00.000Z""",55,100,13,4,172,normal,rejected,Novela z. - stavební zákon**,,false
psp:hlasovani:88237,88237,27,102,"""2026-07-10T00:00:00.000Z""",56,102,7,7,172,normal,rejected,Novela z. - stavební zákon**,,false
psp:hlasovani:88238,88238,27,103,"""2026-07-10T00:00:00.000Z""",53,109,7,3,172,normal,rejected,Novela z. - stavební zákon**,,false
psp:hlasovani:88239,88239,27,104,"""2026-07-10T00:00:00.000Z""",87,51,13,21,172,normal,accepted,Novela z. - stavební zákon**,,false
psp:hlasovani:88240,88240,27,105,"""2026-07-10T00:00:00.000Z""",86,17,19,50,172,normal,rejected,Novela z. - stavební zákon**,,false
psp:hlasovani:88241,88241,27,106,"""2026-07-10T00:00:00.000Z""",167,0,5,0,172,normal,accepted,Novela z. - stavební zákon**,,false
psp:hlasovani:88242,88242,27,107,"""2026-07-10T00:00:00.000Z""",44,109,6,13,172,normal,rejected,Novela z. - stavební zákon**,,false
psp:hlasovani:88243,88243,27,108,"""2026-07-10T00:00:00.000Z""",46,108,12,6,172,normal,rejected,Novela z. - stavební zákon**,,false
psp:hlasovani:88244,88244,27,109,"""2026-07-10T00:00:00.000Z""",44,86,10,32,172,normal,rejected,Novela z. - stavební zákon**,,false
psp:hlasovani:88245,88245,27,110,"""2026-07-10T00:00:00.000Z""",166,0,4,2,172,normal,accepted,Novela z. - stavební zákon**,,false
psp:hlasovani:88246,88246,27,111,"""2026-07-10T00:00:00.000Z""",137,2,11,19,169,normal,accepted,Novela z. - stavební zákon**,,false
psp:hlasovani:88247,88247,27,112,"""2026-07-10T00:00:00.000Z""",87,41,10,32,170,normal,accepted,Novela z. - stavební zákon**,,false
psp:hlasovani:88248,88248,27,113,"""2026-07-10T00:00:00.000Z""",131,6,17,16,170,normal,accepted,Novela z. - stavební zákon**,,false
psp:hlasovani:88249,88249,27,114,"""2026-07-10T00:00:00.000Z""",15,148,4,3,170,normal,rejected,Novela z. - stavební zákon**,,false
psp:hlasovani:88250,88250,27,115,"""2026-07-10T00:00:00.000Z""",129,8,10,23,170,normal,accepted,Novela z. - stavební zákon**,,false
psp:hlasovani:88251,88251,27,116,"""2026-07-10T00:00:00.000Z""",58,88,4,20,170,normal,rejected,Novela z. - stavební zákon**,,false
psp:hlasovani:88252,88252,27,117,"""2026-07-10T00:00:00.000Z""",88,79,1,2,170,normal,accepted,Novela z. - stavební zákon**,,false
psp:hlasovani:88253,88253,27,118,"""2026-07-10T00:00:00.000Z""",145,0,1,0,146,normal,accepted,"Vl. n. z., kterým se mění některé z. v souv.**se smlouvami o fin. služ",,false
psp:hlasovani:88254,88254,27,119,"""2026-07-10T00:00:00.000Z""",135,0,8,4,147,normal,accepted,"Vl. n. z., kterým se mění některé z. v souv.**se smlouvami o fin. služ",,false
psp:hlasovani:88255,88255,27,120,"""2026-07-10T00:00:00.000Z""",44,12,63,31,150,normal,rejected,"Vl. n. z., kterým se mění některé z. v souv.**se smlouvami o fin. služ",,false
psp:hlasovani:88256,88256,27,121,"""2026-07-10T00:00:00.000Z""",152,0,0,1,153,normal,accepted,"Vl. n. z., kterým se mění některé z. v souv.**se smlouvami o fin. služ",,false
psp:hlasovani:88257,88257,27,122,"""2026-07-10T00:00:00.000Z""",85,4,22,41,152,normal,accepted,,,false
psp:hlasovani:88258,88258,28,1,"""2026-07-14T00:00:00.000Z""",116,0,1,0,117,normal,accepted,,,false
psp:hlasovani:88259,88259,28,2,"""2026-07-14T00:00:00.000Z""",76,42,0,0,118,normal,accepted,Pořad schůze,,false
psp:hlasovani:88260,88260,28,3,"""2026-07-14T00:00:00.000Z""",95,5,22,0,122,normal,accepted,Novela z. o pozemních komunikacích - EU**,,false
psp:hlasovani:88261,88261,28,4,"""2026-07-14T00:00:00.000Z""",45,68,0,0,113,normal,rejected,Novela z. o pozemních komunikacích - EU**,,false
psp:hlasovani:88262,88262,28,5,"""2026-07-14T00:00:00.000Z""",46,67,1,0,114,normal,rejected,Novela z. o pozemních komunikacích - EU**,,false
psp:hlasovani:88263,88263,28,6,"""2026-07-14T00:00:00.000Z""",114,0,0,0,114,normal,accepted,Novela z. o pozemních komunikacích - EU**,,false
psp:hlasovani:88264,88264,28,7,"""2026-07-14T00:00:00.000Z""",69,45,0,0,114,normal,accepted,Novela z. o pozemních komunikacích - EU**,,false
psp:hlasovani:88265,88265,27,123,"""2026-07-14T00:00:00.000Z""",71,42,0,2,115,normal,accepted,Novela z. o mezinárodní spolupráci**při správě daní - EU,,false
psp:hlasovani:88266,88266,27,124,"""2026-07-14T00:00:00.000Z""",47,71,1,0,119,normal,rejected,Novela z. o mezinárodní spolupráci**při správě daní - EU,,false
psp:hlasovani:88267,88267,27,125,"""2026-07-14T00:00:00.000Z""",106,1,13,0,120,normal,accepted,Novela z. o mezinárodní spolupráci**při správě daní - EU,,false
psp:hlasovani:88268,88268,27,126,"""2026-07-14T00:00:00.000Z""",107,0,12,0,119,normal,accepted,Vl.n.z. o uhlíkovém vyrovnání - EU**,,false
psp:hlasovani:88269,88269,27,127,"""2026-07-14T00:00:00.000Z""",108,0,13,0,121,normal,accepted,Vl.n.z. o uhlíkovém vyrovnání - EU**,,false
psp:hlasovani:88270,88270,27,128,"""2026-07-14T00:00:00.000Z""",99,0,20,0,119,normal,accepted,Novela z. o podnikání na kapitálovém trhu - EU**,,false
psp:hlasovani:88271,88271,27,129,"""2026-07-14T00:00:00.000Z""",93,0,29,0,122,normal,accepted,Novela z. o dani z přidané hodnoty - EU**,,false
psp:hlasovani:88272,88272,27,130,"""2026-07-14T00:00:00.000Z""",94,0,27,0,121,normal,accepted,Novela z. o zadávání veřejných zakázek - EU**,,false
psp:hlasovani:88273,88273,25,5,"""2026-07-15T00:00:00.000Z""",20,9,113,7,149,normal,rejected,Vl.n.z. o evidenci tržeb,,false
psp:hlasovani:88274,88274,25,6,"""2026-07-15T00:00:00.000Z""",158,0,1,1,160,normal,accepted,Vl.n.z. o evidenci tržeb,,false
psp:hlasovani:88275,88275,25,7,"""2026-07-15T00:00:00.000Z""",52,84,3,21,160,normal,rejected,Vl.n.z. o evidenci tržeb,,false
psp:hlasovani:88276,88276,25,8,"""2026-07-15T00:00:00.000Z""",159,0,1,0,160,normal,accepted,Vl.n.z. o evidenci tržeb,,false
psp:hlasovani:88277,88277,25,9,"""2026-07-15T00:00:00.000Z""",124,28,2,6,160,normal,accepted,Vl.n.z. o evidenci tržeb,,false
psp:hlasovani:88278,88278,25,10,"""2026-07-15T00:00:00.000Z""",151,0,8,1,160,normal,accepted,Vl.n.z. o evidenci tržeb,,false
psp:hlasovani:88279,88279,25,11,"""2026-07-15T00:00:00.000Z""",52,81,9,18,160,normal,rejected,Vl.n.z. o evidenci tržeb,,false
psp:hlasovani:88280,88280,25,12,"""2026-07-15T00:00:00.000Z""",125,19,5,11,160,normal,accepted,Vl.n.z. o evidenci tržeb,,false
psp:hlasovani:88281,88281,25,13,"""2026-07-15T00:00:00.000Z""",34,87,7,32,160,normal,rejected,Vl.n.z. o evidenci tržeb,,false
psp:hlasovani:88282,88282,25,14,"""2026-07-15T00:00:00.000Z""",138,0,7,15,160,normal,accepted,Vl.n.z. o evidenci tržeb,,false
psp:hlasovani:88283,88283,25,15,"""2026-07-15T00:00:00.000Z""",38,82,8,32,160,normal,rejected,Vl.n.z. o evidenci tržeb,,false
psp:hlasovani:88284,88284,25,16,"""2026-07-15T00:00:00.000Z""",39,80,9,32,160,normal,rejected,Vl.n.z. o evidenci tržeb,,false
psp:hlasovani:88285,88285,25,17,"""2026-07-15T00:00:00.000Z""",39,76,13,32,160,normal,rejected,Vl.n.z. o evidenci tržeb,,false
psp:hlasovani:88286,88286,25,18,"""2026-07-15T00:00:00.000Z""",39,79,11,31,160,normal,rejected,Vl.n.z. o evidenci tržeb,,false
psp:hlasovani:88287,88287,25,19,"""2026-07-15T00:00:00.000Z""",52,80,11,17,160,normal,rejected,Vl.n.z. o evidenci tržeb,,false
psp:hlasovani:88288,88288,25,20,"""2026-07-15T00:00:00.000Z""",52,81,9,18,160,normal,rejected,Vl.n.z. o evidenci tržeb,,false
psp:hlasovani:88289,88289,25,21,"""2026-07-15T00:00:00.000Z""",28,106,6,20,160,normal,rejected,Vl.n.z. o evidenci tržeb,,false
psp:hlasovani:88290,88290,25,22,"""2026-07-15T00:00:00.000Z""",159,0,1,0,160,normal,accepted,Vl.n.z. o evidenci tržeb,,false
psp:hlasovani:88291,88291,25,23,"""2026-07-15T00:00:00.000Z""",54,83,8,15,160,normal,rejected,Vl.n.z. o evidenci tržeb,,false
psp:hlasovani:88292,88292,25,24,"""2026-07-15T00:00:00.000Z""",59,84,3,14,160,normal,rejected,Vl.n.z. o evidenci tržeb,,false
psp:hlasovani:88293,88293,25,25,"""2026-07-15T00:00:00.000Z""",106,0,10,44,160,normal,accepted,Vl.n.z. o evidenci tržeb,,false
psp:hlasovani:88294,88294,25,26,"""2026-07-15T00:00:00.000Z""",43,88,4,25,160,normal,rejected,Vl.n.z. o evidenci tržeb,,false
psp:hlasovani:88295,88295,25,27,"""2026-07-15T00:00:00.000Z""",34,92,6,28,160,normal,rejected,Vl.n.z. o evidenci tržeb,,false
psp:hlasovani:88296,88296,25,28,"""2026-07-15T00:00:00.000Z""",34,91,9,26,160,normal,rejected,Vl.n.z. o evidenci tržeb,,false
psp:hlasovani:88297,88297,25,29,"""2026-07-15T00:00:00.000Z""",73,82,3,2,160,normal,rejected,Vl.n.z. o evidenci tržeb,,false
psp:hlasovani:88298,88298,25,30,"""2026-07-15T00:00:00.000Z""",73,81,4,2,160,normal,rejected,Vl.n.z. o evidenci tržeb,,false
psp:hlasovani:88299,88299,25,31,"""2026-07-15T00:00:00.000Z""",40,102,4,14,160,normal,rejected,Vl.n.z. o evidenci tržeb,,false
psp:hlasovani:88300,88300,25,32,"""2026-07-15T00:00:00.000Z""",73,81,4,2,160,normal,rejected,Vl.n.z. o evidenci tržeb,,false
psp:hlasovani:88301,88301,25,33,"""2026-07-15T00:00:00.000Z""",53,85,8,14,160,normal,rejected,Vl.n.z. o evidenci tržeb,,false
psp:hlasovani:88302,88302,25,34,"""2026-07-15T00:00:00.000Z""",52,84,7,17,160,normal,rejected,Vl.n.z. o evidenci tržeb,,false
psp:hlasovani:88303,88303,25,35,"""2026-07-15T00:00:00.000Z""",56,80,9,15,160,normal,rejected,Vl.n.z. o evidenci tržeb,,false
psp:hlasovani:88304,88304,25,36,"""2026-07-15T00:00:00.000Z""",29,51,37,43,160,normal,rejected,Vl.n.z. o evidenci tržeb,,false
psp:hlasovani:88305,88305,25,37,"""2026-07-15T00:00:00.000Z""",51,92,6,11,160,normal,rejected,Vl.n.z. o evidenci tržeb,,false
psp:hlasovani:88306,88306,25,38,"""2026-07-15T00:00:00.000Z""",50,106,1,3,160,normal,rejected,Vl.n.z. o evidenci tržeb,,false
psp:hlasovani:88307,88307,25,39,"""2026-07-15T00:00:00.000Z""",44,85,10,21,160,normal,rejected,Vl.n.z. o evidenci tržeb,,false
psp:hlasovani:88308,88308,25,40,"""2026-07-15T00:00:00.000Z""",65,66,18,11,160,normal,rejected,Vl.n.z. o evidenci tržeb,,false
psp:hlasovani:88309,88309,25,41,"""2026-07-15T00:00:00.000Z""",72,77,5,6,160,normal,rejected,Vl.n.z. o evidenci tržeb,,false
psp:hlasovani:88310,88310,25,42,"""2026-07-15T00:00:00.000Z""",31,105,8,16,160,normal,rejected,Vl.n.z. o evidenci tržeb,,false
psp:hlasovani:88311,88311,25,43,"""2026-07-15T00:00:00.000Z""",39,98,6,17,160,normal,rejected,Vl.n.z. o evidenci tržeb,,false
psp:hlasovani:88312,88312,25,44,"""2026-07-15T00:00:00.000Z""",28,99,7,26,160,normal,rejected,Vl.n.z. o evidenci tržeb,,false
psp:hlasovani:88313,88313,25,45,"""2026-07-15T00:00:00.000Z""",28,107,6,19,160,normal,rejected,Vl.n.z. o evidenci tržeb,,false
psp:hlasovani:88314,88314,25,46,"""2026-07-15T00:00:00.000Z""",72,86,2,0,160,normal,rejected,Vl.n.z. o evidenci tržeb,,false
psp:hlasovani:88315,88315,25,47,"""2026-07-15T00:00:00.000Z""",28,81,18,33,160,normal,rejected,Vl.n.z. o evidenci tržeb,,false
psp:hlasovani:88316,88316,25,48,"""2026-07-15T00:00:00.000Z""",28,78,21,33,160,normal,rejected,Vl.n.z. o evidenci tržeb,,false
psp:hlasovani:88317,88317,25,49,"""2026-07-15T00:00:00.000Z""",43,81,17,19,160,normal,rejected,Vl.n.z. o evidenci tržeb,,false
psp:hlasovani:88318,88318,25,50,"""2026-07-15T00:00:00.000Z""",44,81,16,19,160,normal,rejected,Vl.n.z. o evidenci tržeb,,false
psp:hlasovani:88319,88319,25,51,"""2026-07-15T00:00:00.000Z""",40,82,17,21,160,normal,rejected,Vl.n.z. o evidenci tržeb,,false
psp:hlasovani:88320,88320,25,52,"""2026-07-15T00:00:00.000Z""",29,81,22,28,160,normal,rejected,Vl.n.z. o evidenci tržeb,,false
psp:hlasovani:88321,88321,25,53,"""2026-07-15T00:00:00.000Z""",31,79,22,28,160,normal,rejected,Vl.n.z. o evidenci tržeb,,false
psp:hlasovani:88322,88322,25,54,"""2026-07-15T00:00:00.000Z""",43,79,19,19,160,normal,rejected,Vl.n.z. o evidenci tržeb,,false
psp:hlasovani:88323,88323,25,55,"""2026-07-15T00:00:00.000Z""",40,81,16,23,160,normal,rejected,Vl.n.z. o evidenci tržeb,,false
psp:hlasovani:88324,88324,25,56,"""2026-07-15T00:00:00.000Z""",38,76,23,23,160,normal,rejected,Vl.n.z. o evidenci tržeb,,false
psp:hlasovani:88325,88325,25,57,"""2026-07-15T00:00:00.000Z""",34,78,22,26,160,normal,rejected,Vl.n.z. o evidenci tržeb,,false
psp:hlasovani:88326,88326,25,58,"""2026-07-15T00:00:00.000Z""",27,80,23,30,160,normal,rejected,Vl.n.z. o evidenci tržeb,,false
psp:hlasovani:88327,88327,25,59,"""2026-07-15T00:00:00.000Z""",33,75,24,28,160,normal,rejected,Vl.n.z. o evidenci tržeb,,false
psp:hlasovani:88328,88328,25,60,"""2026-07-15T00:00:00.000Z""",32,80,21,27,160,normal,rejected,Vl.n.z. o evidenci tržeb,,false
psp:hlasovani:88329,88329,25,61,"""2026-07-15T00:00:00.000Z""",29,80,22,29,160,normal,rejected,Vl.n.z. o evidenci tržeb,,false
psp:hlasovani:88330,88330,25,62,"""2026-07-15T00:00:00.000Z""",28,76,28,28,160,normal,rejected,Vl.n.z. o evidenci tržeb,,false
psp:hlasovani:88331,88331,25,63,"""2026-07-15T00:00:00.000Z""",31,80,23,26,160,normal,rejected,Vl.n.z. o evidenci tržeb,,false
psp:hlasovani:88332,88332,25,64,"""2026-07-15T00:00:00.000Z""",39,76,21,24,160,normal,rejected,Vl.n.z. o evidenci tržeb,,false
psp:hlasovani:88333,88333,25,65,"""2026-07-15T00:00:00.000Z""",33,78,23,26,160,normal,rejected,Vl.n.z. o evidenci tržeb,,false
psp:hlasovani:88334,88334,25,66,"""2026-07-15T00:00:00.000Z""",28,77,30,25,160,normal,rejected,Vl.n.z. o evidenci tržeb,,false
psp:hlasovani:88335,88335,25,67,"""2026-07-15T00:00:00.000Z""",33,79,27,21,160,normal,rejected,Vl.n.z. o evidenci tržeb,,false
psp:hlasovani:88336,88336,25,68,"""2026-07-15T00:00:00.000Z""",33,76,23,28,160,normal,rejected,Vl.n.z. o evidenci tržeb,,false
psp:hlasovani:88337,88337,25,69,"""2026-07-15T00:00:00.000Z""",34,78,25,23,160,normal,rejected,Vl.n.z. o evidenci tržeb,,false
psp:hlasovani:88338,88338,25,70,"""2026-07-15T00:00:00.000Z""",36,78,21,25,160,normal,rejected,Vl.n.z. o evidenci tržeb,,false
psp:hlasovani:88339,88339,25,71,"""2026-07-15T00:00:00.000Z""",31,68,32,28,159,normal,rejected,Vl.n.z. o evidenci tržeb,,false
psp:hlasovani:88340,88340,25,72,"""2026-07-15T00:00:00.000Z""",27,78,28,26,159,normal,rejected,Vl.n.z. o evidenci tržeb,,false
psp:hlasovani:88341,88341,25,73,"""2026-07-15T00:00:00.000Z""",17,75,34,32,158,normal,rejected,Vl.n.z. o evidenci tržeb,,false
psp:hlasovani:88342,88342,25,74,"""2026-07-15T00:00:00.000Z""",35,75,26,22,158,normal,rejected,Vl.n.z. o evidenci tržeb,,false
psp:hlasovani:88343,88343,25,75,"""2026-07-15T00:00:00.000Z""",23,86,24,26,159,normal,rejected,Vl.n.z. o evidenci tržeb,,false
psp:hlasovani:88344,88344,25,76,"""2026-07-15T00:00:00.000Z""",44,67,24,24,159,normal,rejected,Vl.n.z. o evidenci tržeb,,false
psp:hlasovani:88345,88345,25,77,"""2026-07-15T00:00:00.000Z""",35,72,26,26,159,normal,rejected,Vl.n.z. o evidenci tržeb,,false
psp:hlasovani:88346,88346,25,78,"""2026-07-15T00:00:00.000Z""",32,74,29,25,160,normal,rejected,Vl.n.z. o evidenci tržeb,,false
psp:hlasovani:88347,88347,25,79,"""2026-07-15T00:00:00.000Z""",26,74,30,30,160,normal,rejected,Vl.n.z. o evidenci tržeb,,false
psp:hlasovani:88348,88348,25,80,"""2026-07-15T00:00:00.000Z""",27,79,25,28,159,normal,rejected,Vl.n.z. o evidenci tržeb,,false
psp:hlasovani:88349,88349,25,81,"""2026-07-15T00:00:00.000Z""",27,80,23,29,159,normal,rejected,Vl.n.z. o evidenci tržeb,,false
psp:hlasovani:88350,88350,25,82,"""2026-07-15T00:00:00.000Z""",25,78,26,31,160,normal,rejected,Vl.n.z. o evidenci tržeb,,false
psp:hlasovani:88351,88351,25,83,"""2026-07-15T00:00:00.000Z""",31,79,25,25,160,normal,rejected,Vl.n.z. o evidenci tržeb,,false
psp:hlasovani:88352,88352,25,84,"""2026-07-15T00:00:00.000Z""",91,34,16,19,160,normal,accepted,Vl.n.z. o evidenci tržeb,,false
psp:hlasovani:88353,88353,25,85,"""2026-07-15T00:00:00.000Z""",50,84,9,17,160,normal,rejected,Vl.n.z. o evidenci tržeb,,false
psp:hlasovani:88354,88354,25,86,"""2026-07-15T00:00:00.000Z""",70,81,7,2,160,normal,rejected,Vl.n.z. o evidenci tržeb,,false
psp:hlasovani:88355,88355,25,87,"""2026-07-15T00:00:00.000Z""",45,82,13,19,159,normal,rejected,Vl.n.z. o evidenci tržeb,,false
psp:hlasovani:88356,88356,25,88,"""2026-07-15T00:00:00.000Z""",85,49,6,19,159,normal,accepted,Vl.n.z. o evidenci tržeb,,false
